[INFO] Scanning for projects...
[INFO] ------------------------------------------------------------------------
[INFO] Reactor Build Order:
[INFO] 
[INFO] ScFramework backend                                                [pom]
[INFO] ScFramework core contracts                                         [jar]
[INFO] ScFramework auto configuration                                     [jar]
[INFO] ScFramework Spring Boot Starter                                    [jar]
[INFO] ScFramework neutral reference app                                  [jar]
[INFO] ScFramework minimal consumer app                                   [jar]
[INFO] 
[INFO] ----------------< dev.scframework:sc-framework-parent >-----------------
[INFO] Building ScFramework backend 0.1.0-SNAPSHOT                        [1/6]
[INFO]   from pom.xml
[INFO] --------------------------------[ pom ]---------------------------------
[INFO] 
[INFO] --- clean:3.4.1:clean (default-clean) @ sc-framework-parent ---
[INFO] 
[INFO] -------------------< dev.scframework:framework-core >-------------------
[INFO] Building ScFramework core contracts 0.1.0-SNAPSHOT                 [2/6]
[INFO]   from framework-core/pom.xml
[INFO] --------------------------------[ jar ]---------------------------------
[INFO] 
[INFO] --- clean:3.4.1:clean (default-clean) @ framework-core ---
[INFO] Deleting /Users/dk/Work/ScFramework/backend/framework-core/target
[INFO] 
[INFO] --- resources:3.3.1:resources (default-resources) @ framework-core ---
[INFO] skip non existing resourceDirectory /Users/dk/Work/ScFramework/backend/framework-core/src/main/resources
[INFO] skip non existing resourceDirectory /Users/dk/Work/ScFramework/backend/framework-core/src/main/resources
[INFO] 
[INFO] --- compiler:3.14.1:compile (default-compile) @ framework-core ---
[INFO] Recompiling the module because of changed source code.
[INFO] Compiling 6 source files with javac [debug parameters release 21] to target/classes
[INFO] 
[INFO] --- resources:3.3.1:testResources (default-testResources) @ framework-core ---
[INFO] skip non existing resourceDirectory /Users/dk/Work/ScFramework/backend/framework-core/src/test/resources
[INFO] 
[INFO] --- compiler:3.14.1:testCompile (default-testCompile) @ framework-core ---
[INFO] Recompiling the module because of changed dependency.
[INFO] Compiling 2 source files with javac [debug parameters release 21] to target/test-classes
[INFO] 
[INFO] --- surefire:3.5.6:test (default-test) @ framework-core ---
[INFO] Using auto detected provider org.apache.maven.surefire.junitplatform.JUnitPlatformProvider
[INFO] 
[INFO] -------------------------------------------------------
[INFO]  T E S T S
[INFO] -------------------------------------------------------
[INFO] Running dev.scframework.core.ApiErrorTest
[INFO] Tests run: 1, Failures: 0, Errors: 0, Skipped: 0, Time elapsed: 0.017 s -- in dev.scframework.core.ApiErrorTest
[INFO] Running dev.scframework.core.audit.SecurityAuditEventTest
[INFO] Tests run: 2, Failures: 0, Errors: 0, Skipped: 0, Time elapsed: 0.005 s -- in dev.scframework.core.audit.SecurityAuditEventTest
[INFO] 
[INFO] Results:
[INFO] 
[INFO] Tests run: 3, Failures: 0, Errors: 0, Skipped: 0
[INFO] 
[INFO] 
[INFO] --- jar:3.4.2:jar (default-jar) @ framework-core ---
[INFO] Building jar: /Users/dk/Work/ScFramework/backend/framework-core/target/framework-core-0.1.0-SNAPSHOT.jar
[INFO] 
[INFO] --------------< dev.scframework:framework-autoconfigure >---------------
[INFO] Building ScFramework auto configuration 0.1.0-SNAPSHOT             [3/6]
[INFO]   from framework-autoconfigure/pom.xml
[INFO] --------------------------------[ jar ]---------------------------------
[INFO] 
[INFO] --- clean:3.4.1:clean (default-clean) @ framework-autoconfigure ---
[INFO] Deleting /Users/dk/Work/ScFramework/backend/framework-autoconfigure/target
[INFO] 
[INFO] --- resources:3.3.1:resources (default-resources) @ framework-autoconfigure ---
[INFO] Copying 0 resource from src/main/resources to target/classes
[INFO] Copying 1 resource from src/main/resources to target/classes
[INFO] 
[INFO] --- compiler:3.14.1:compile (default-compile) @ framework-autoconfigure ---
[INFO] Recompiling the module because of changed dependency.
[INFO] Compiling 18 source files with javac [debug parameters release 21] to target/classes
[INFO] /Users/dk/Work/ScFramework/backend/framework-autoconfigure/src/main/java/dev/scframework/autoconfigure/ScOpenApiAutoConfiguration.java: /Users/dk/Work/ScFramework/backend/framework-autoconfigure/src/main/java/dev/scframework/autoconfigure/ScOpenApiAutoConfiguration.java uses unchecked or unsafe operations.
[INFO] /Users/dk/Work/ScFramework/backend/framework-autoconfigure/src/main/java/dev/scframework/autoconfigure/ScOpenApiAutoConfiguration.java: Recompile with -Xlint:unchecked for details.
[INFO] 
[INFO] --- resources:3.3.1:testResources (default-testResources) @ framework-autoconfigure ---
[INFO] skip non existing resourceDirectory /Users/dk/Work/ScFramework/backend/framework-autoconfigure/src/test/resources
[INFO] 
[INFO] --- compiler:3.14.1:testCompile (default-testCompile) @ framework-autoconfigure ---
[INFO] Recompiling the module because of changed dependency.
[INFO] Compiling 8 source files with javac [debug parameters release 21] to target/test-classes
[INFO] 
[INFO] --- surefire:3.5.6:test (default-test) @ framework-autoconfigure ---
[INFO] Using auto detected provider org.apache.maven.surefire.junitplatform.JUnitPlatformProvider
[INFO] 
[INFO] -------------------------------------------------------
[INFO]  T E S T S
[INFO] -------------------------------------------------------
[INFO] Running dev.scframework.autoconfigure.RequestIdFilterTest
[INFO] Tests run: 2, Failures: 0, Errors: 0, Skipped: 0, Time elapsed: 0.068 s -- in dev.scframework.autoconfigure.RequestIdFilterTest
[INFO] Running dev.scframework.autoconfigure.SecurityAuditTransactionTest
02:04:45.354 [main] WARN dev.scframework.autoconfigure.audit.AuditWriteDiagnostics -- Security audit write failed; reasonCode=AUDIT_SINK_FAILURE
[INFO] Tests run: 3, Failures: 0, Errors: 0, Skipped: 0, Time elapsed: 0.118 s -- in dev.scframework.autoconfigure.SecurityAuditTransactionTest
[INFO] Running dev.scframework.autoconfigure.FeignConsumerConfigurationTest
[INFO] Tests run: 2, Failures: 0, Errors: 0, Skipped: 0, Time elapsed: 0.085 s -- in dev.scframework.autoconfigure.FeignConsumerConfigurationTest
[INFO] Running dev.scframework.autoconfigure.SecurityOverrideTest
OpenJDK 64-Bit Server VM warning: Sharing is only supported for boot loader classes because bootstrap classpath has been appended
Mockito is currently self-attaching to enable the inline-mock-maker. This will no longer work in future releases of the JDK. Please add Mockito as an agent to your build as described in Mockito's documentation: https://javadoc.io/doc/org.mockito/mockito-core/latest/org.mockito/org/mockito/Mockito.html#0.3
WARNING: A Java agent has been loaded dynamically (/Users/dk/.m2/repository/net/bytebuddy/byte-buddy-agent/1.17.8/byte-buddy-agent-1.17.8.jar)
WARNING: If a serviceability tool is in use, please run with -XX:+EnableDynamicAgentLoading to hide this warning
WARNING: If a serviceability tool is not in use, please run with -Djdk.instrument.traceUsage for more information
WARNING: Dynamic loading of agents will be disallowed by default in a future release
02:04:46.047 [main] WARN org.springframework.boot.web.servlet.context.AnnotationConfigServletWebApplicationContext -- Exception encountered during context initialization - cancelling refresh attempt: org.springframework.beans.factory.BeanCreationException: Error creating bean with name 'scRequiredUserDetailsService' defined in dev.scframework.autoconfigure.ScSecurityAutoConfiguration: Failed to instantiate [org.springframework.security.core.userdetails.UserDetailsService]: Factory method 'scRequiredUserDetailsService' threw exception with message: Supply a UserDetailsService; generated/default passwords are disabled
[INFO] Tests run: 2, Failures: 0, Errors: 0, Skipped: 0, Time elapsed: 0.565 s -- in dev.scframework.autoconfigure.SecurityOverrideTest
[INFO] Running dev.scframework.autoconfigure.AuditAutoConfigurationTest
02:04:46.148 [main] WARN org.springframework.context.annotation.AnnotationConfigApplicationContext -- Exception encountered during context initialization - cancelling refresh attempt: org.springframework.beans.factory.UnsatisfiedDependencyException: Error creating bean with name 'scSecurityAuditPublisher' defined in dev.scframework.autoconfigure.ScAuditAutoConfiguration: Unsatisfied dependency expressed through method 'scSecurityAuditPublisher' parameter 0: No qualifying bean of type 'dev.scframework.core.audit.SecurityAuditSink' available: expected at least 1 bean which qualifies as autowire candidate. Dependency annotations: {}
[INFO] Tests run: 4, Failures: 0, Errors: 0, Skipped: 0, Time elapsed: 0.147 s -- in dev.scframework.autoconfigure.AuditAutoConfigurationTest
[INFO] Running dev.scframework.autoconfigure.HealthReadinessTest
[INFO] Tests run: 1, Failures: 0, Errors: 0, Skipped: 0, Time elapsed: 0.029 s -- in dev.scframework.autoconfigure.HealthReadinessTest
[INFO] Running dev.scframework.autoconfigure.QuerydslAutoConfigurationTest
[INFO] Tests run: 4, Failures: 0, Errors: 0, Skipped: 0, Time elapsed: 0.081 s -- in dev.scframework.autoconfigure.QuerydslAutoConfigurationTest
[INFO] Running dev.scframework.autoconfigure.SecretFileUsersTest
[INFO] Tests run: 2, Failures: 0, Errors: 0, Skipped: 0, Time elapsed: 0.134 s -- in dev.scframework.autoconfigure.SecretFileUsersTest
[INFO] 
[INFO] Results:
[INFO] 
[INFO] Tests run: 20, Failures: 0, Errors: 0, Skipped: 0
[INFO] 
[INFO] 
[INFO] --- jar:3.4.2:jar (default-jar) @ framework-autoconfigure ---
[INFO] Building jar: /Users/dk/Work/ScFramework/backend/framework-autoconfigure/target/framework-autoconfigure-0.1.0-SNAPSHOT.jar
[INFO] 
[INFO] -----------< dev.scframework:framework-spring-boot-starter >------------
[INFO] Building ScFramework Spring Boot Starter 0.1.0-SNAPSHOT            [4/6]
[INFO]   from framework-spring-boot-starter/pom.xml
[INFO] --------------------------------[ jar ]---------------------------------
[INFO] 
[INFO] --- clean:3.4.1:clean (default-clean) @ framework-spring-boot-starter ---
[INFO] Deleting /Users/dk/Work/ScFramework/backend/framework-spring-boot-starter/target
[INFO] 
[INFO] --- resources:3.3.1:resources (default-resources) @ framework-spring-boot-starter ---
[INFO] skip non existing resourceDirectory /Users/dk/Work/ScFramework/backend/framework-spring-boot-starter/src/main/resources
[INFO] skip non existing resourceDirectory /Users/dk/Work/ScFramework/backend/framework-spring-boot-starter/src/main/resources
[INFO] 
[INFO] --- compiler:3.14.1:compile (default-compile) @ framework-spring-boot-starter ---
[INFO] No sources to compile
[INFO] 
[INFO] --- resources:3.3.1:testResources (default-testResources) @ framework-spring-boot-starter ---
[INFO] skip non existing resourceDirectory /Users/dk/Work/ScFramework/backend/framework-spring-boot-starter/src/test/resources
[INFO] 
[INFO] --- compiler:3.14.1:testCompile (default-testCompile) @ framework-spring-boot-starter ---
[INFO] No sources to compile
[INFO] 
[INFO] --- surefire:3.5.6:test (default-test) @ framework-spring-boot-starter ---
[INFO] No tests to run.
[INFO] 
[INFO] --- jar:3.4.2:jar (default-jar) @ framework-spring-boot-starter ---
[WARNING] JAR will be empty - no content was marked for inclusion!
[INFO] Building jar: /Users/dk/Work/ScFramework/backend/framework-spring-boot-starter/target/framework-spring-boot-starter-0.1.0-SNAPSHOT.jar
[INFO] 
[INFO] ------------------< dev.scframework:sc-reference-app >------------------
[INFO] Building ScFramework neutral reference app 0.1.0-SNAPSHOT          [5/6]
[INFO]   from reference-app/pom.xml
[INFO] --------------------------------[ jar ]---------------------------------
[INFO] 
[INFO] --- clean:3.4.1:clean (default-clean) @ sc-reference-app ---
[INFO] Deleting /Users/dk/Work/ScFramework/backend/reference-app/target
[INFO] 
[INFO] --- resources:3.3.1:resources (default-resources) @ sc-reference-app ---
[INFO] Copying 6 resources from src/main/resources to target/classes
[INFO] Copying 16 resources from ../../frontend/apps/reference-app/dist to target/classes/static
[INFO] 
[INFO] --- compiler:3.14.1:compile (default-compile) @ sc-reference-app ---
[INFO] Recompiling the module because of changed dependency.
[INFO] Compiling 44 source files with javac [debug parameters release 21] to target/classes
[INFO] 
[INFO] --- resources:3.3.1:testResources (default-testResources) @ sc-reference-app ---
[INFO] skip non existing resourceDirectory /Users/dk/Work/ScFramework/backend/reference-app/src/test/resources
[INFO] 
[INFO] --- compiler:3.14.1:testCompile (default-testCompile) @ sc-reference-app ---
[INFO] Recompiling the module because of changed dependency.
[INFO] Compiling 9 source files with javac [debug parameters release 21] to target/test-classes
[INFO] 
[INFO] --- surefire:3.5.6:test (default-test) @ sc-reference-app ---
[INFO] Using auto detected provider org.apache.maven.surefire.junitplatform.JUnitPlatformProvider
[INFO] 
[INFO] -------------------------------------------------------
[INFO]  T E S T S
[INFO] -------------------------------------------------------
[INFO] Running dev.scframework.reference.H2PersistenceTest
02:04:48.369 [main] INFO org.flywaydb.core.FlywayExecutor -- Database: jdbc:h2:file:/var/folders/8k/rv4bxj0115g929lrxwybv_r80000gn/T/junit-2246369903313182998/isolated-reference (H2 2.3)
02:04:48.385 [main] INFO org.flywaydb.core.internal.schemahistory.JdbcTableSchemaHistory -- Schema history table "PUBLIC"."flyway_schema_history" does not exist yet
02:04:48.386 [main] INFO org.flywaydb.core.internal.command.DbValidate -- Successfully validated 3 migrations (execution time 00:00.006s)
02:04:48.389 [main] INFO org.flywaydb.core.internal.schemahistory.JdbcTableSchemaHistory -- Creating Schema History table "PUBLIC"."flyway_schema_history" ...
02:04:48.407 [main] INFO org.flywaydb.core.internal.command.DbMigrate -- Current version of schema "PUBLIC": << Empty Schema >>
02:04:48.411 [main] INFO org.flywaydb.core.internal.command.DbMigrate -- Migrating schema "PUBLIC" to version "1 - example baseline"
02:04:48.420 [main] INFO org.flywaydb.core.internal.command.DbMigrate -- Migrating schema "PUBLIC" to version "2 - requirements baseline"
02:04:48.432 [main] INFO org.flywaydb.core.internal.command.DbMigrate -- Migrating schema "PUBLIC" to version "3 - security audit"
02:04:48.439 [main] INFO org.flywaydb.core.internal.command.DbMigrate -- Successfully applied 3 migrations to schema "PUBLIC", now at version v3 (execution time 00:00.014s)
02:04:48.503 [main] INFO org.flywaydb.core.internal.command.DbValidate -- Successfully validated 3 migrations (execution time 00:00.002s)
02:04:48.504 [main] INFO org.flywaydb.core.internal.command.DbMigrate -- Current version of schema "PUBLIC": 3
02:04:48.504 [main] INFO org.flywaydb.core.internal.command.DbMigrate -- Schema "PUBLIC" is up to date. No migration necessary.
[INFO] Tests run: 1, Failures: 0, Errors: 0, Skipped: 0, Time elapsed: 0.417 s -- in dev.scframework.reference.H2PersistenceTest
[INFO] Running dev.scframework.reference.requirements.RequirementIntegrationTest
02:04:48.666 [main] INFO org.springframework.boot.test.context.SpringBootTestContextBootstrapper -- Found @SpringBootConfiguration dev.scframework.reference.ReferenceApplication for test class dev.scframework.reference.requirements.RequirementIntegrationTest

  .   ____          _            __ _ _
 /\\ / ___'_ __ _ _(_)_ __  __ _ \ \ \ \
( ( )\___ | '_ | '_| | '_ \/ _` | \ \ \ \
 \\/  ___)| |_)| | | | | || (_| |  ) ) ) )
  '  |____| .__|_| |_|_| |_\__, | / / / /
 =========|_|==============|___/=/_/_/_/

 :: Spring Boot ::               (v3.5.16)

2026-10-07T02:04:48.881+09:00  INFO [requestId:] 80627 --- [sc-reference-app] [           main] d.s.r.r.RequirementIntegrationTest       : Starting RequirementIntegrationTest using Java 21.0.11 with PID 80627 (started by dk in /Users/dk/Work/ScFramework/backend/reference-app)
2026-10-07T02:04:48.882+09:00  INFO [requestId:] 80627 --- [sc-reference-app] [           main] d.s.r.r.RequirementIntegrationTest       : No active profile set, falling back to 1 default profile: "default"
2026-10-07T02:04:49.252+09:00  INFO [requestId:] 80627 --- [sc-reference-app] [           main] .s.d.r.c.RepositoryConfigurationDelegate : Bootstrapping Spring Data JPA repositories in DEFAULT mode.
2026-10-07T02:04:49.302+09:00  INFO [requestId:] 80627 --- [sc-reference-app] [           main] .s.d.r.c.RepositoryConfigurationDelegate : Finished Spring Data repository scanning in 45 ms. Found 7 JPA repository interfaces.
2026-10-07T02:04:49.388+09:00  INFO [requestId:] 80627 --- [sc-reference-app] [           main] o.s.cloud.context.scope.GenericScope     : BeanFactory id=29524c2e-e3ae-3a43-9eda-07a859e41b35
2026-10-07T02:04:49.493+09:00  INFO [requestId:] 80627 --- [sc-reference-app] [           main] com.zaxxer.hikari.HikariDataSource       : HikariPool-1 - Starting...
2026-10-07T02:04:49.497+09:00  INFO [requestId:] 80627 --- [sc-reference-app] [           main] com.zaxxer.hikari.pool.HikariPool        : HikariPool-1 - Added connection conn6: url=jdbc:h2:mem:requirements-sc-requirements-007-3645326441937933157 user=SA
2026-10-07T02:04:49.498+09:00  INFO [requestId:] 80627 --- [sc-reference-app] [           main] com.zaxxer.hikari.HikariDataSource       : HikariPool-1 - Start completed.
2026-10-07T02:04:49.503+09:00  INFO [requestId:] 80627 --- [sc-reference-app] [           main] org.flywaydb.core.FlywayExecutor         : Database: jdbc:h2:mem:requirements-sc-requirements-007-3645326441937933157 (H2 2.3)
2026-10-07T02:04:49.505+09:00  INFO [requestId:] 80627 --- [sc-reference-app] [           main] o.f.c.i.s.JdbcTableSchemaHistory         : Schema history table "PUBLIC"."flyway_schema_history" does not exist yet
2026-10-07T02:04:49.505+09:00  INFO [requestId:] 80627 --- [sc-reference-app] [           main] o.f.core.internal.command.DbValidate     : Successfully validated 3 migrations (execution time 00:00.001s)
2026-10-07T02:04:49.506+09:00  INFO [requestId:] 80627 --- [sc-reference-app] [           main] o.f.c.i.s.JdbcTableSchemaHistory         : Creating Schema History table "PUBLIC"."flyway_schema_history" ...
2026-10-07T02:04:49.509+09:00  INFO [requestId:] 80627 --- [sc-reference-app] [           main] o.f.core.internal.command.DbMigrate      : Current version of schema "PUBLIC": << Empty Schema >>
2026-10-07T02:04:49.510+09:00  INFO [requestId:] 80627 --- [sc-reference-app] [           main] o.f.core.internal.command.DbMigrate      : Migrating schema "PUBLIC" to version "1 - example baseline"
2026-10-07T02:04:49.516+09:00  INFO [requestId:] 80627 --- [sc-reference-app] [           main] o.f.core.internal.command.DbMigrate      : Migrating schema "PUBLIC" to version "2 - requirements baseline"
2026-10-07T02:04:49.524+09:00  INFO [requestId:] 80627 --- [sc-reference-app] [           main] o.f.core.internal.command.DbMigrate      : Migrating schema "PUBLIC" to version "3 - security audit"
2026-10-07T02:04:49.527+09:00  INFO [requestId:] 80627 --- [sc-reference-app] [           main] o.f.core.internal.command.DbMigrate      : Successfully applied 3 migrations to schema "PUBLIC", now at version v3 (execution time 00:00.009s)
2026-10-07T02:04:49.567+09:00  INFO [requestId:] 80627 --- [sc-reference-app] [           main] o.hibernate.jpa.internal.util.LogHelper  : HHH000204: Processing PersistenceUnitInfo [name: default]
2026-10-07T02:04:49.585+09:00  INFO [requestId:] 80627 --- [sc-reference-app] [           main] org.hibernate.Version                    : HHH000412: Hibernate ORM core version 6.6.53.Final
2026-10-07T02:04:49.597+09:00  INFO [requestId:] 80627 --- [sc-reference-app] [           main] o.h.c.internal.RegionFactoryInitiator    : HHH000026: Second-level cache disabled
2026-10-07T02:04:49.681+09:00  INFO [requestId:] 80627 --- [sc-reference-app] [           main] o.s.o.j.p.SpringPersistenceUnitInfo      : No LoadTimeWeaver setup: ignoring JPA class transformer
2026-10-07T02:04:49.709+09:00  INFO [requestId:] 80627 --- [sc-reference-app] [           main] org.hibernate.orm.connections.pooling    : HHH10001005: Database info:
	Database JDBC URL [Connecting through datasource 'HikariDataSource (HikariPool-1)']
	Database driver: undefined/unknown
	Database version: 2.3.232
	Autocommit mode: undefined/unknown
	Isolation level: undefined/unknown
	Minimum pool size: undefined/unknown
	Maximum pool size: undefined/unknown
2026-10-07T02:04:50.015+09:00  INFO [requestId:] 80627 --- [sc-reference-app] [           main] o.h.e.t.j.p.i.JtaPlatformInitiator       : HHH000489: No JTA platform available (set 'hibernate.transaction.jta.platform' to enable JTA platform integration)
2026-10-07T02:04:50.023+09:00  INFO [requestId:] 80627 --- [sc-reference-app] [           main] j.LocalContainerEntityManagerFactoryBean : Initialized JPA EntityManagerFactory for persistence unit 'default'
2026-10-07T02:04:50.394+09:00  INFO [requestId:] 80627 --- [sc-reference-app] [           main] o.s.b.a.w.s.WelcomePageHandlerMapping    : Adding welcome page: class path resource [static/index.html]
2026-10-07T02:04:50.493+09:00  INFO [requestId:] 80627 --- [sc-reference-app] [           main] r$InitializeUserDetailsManagerConfigurer : Global AuthenticationManager configured with UserDetailsService bean with name referenceUsers
2026-10-07T02:04:50.558+09:00  INFO [requestId:] 80627 --- [sc-reference-app] [           main] o.s.b.a.e.web.EndpointLinksResolver      : Exposing 1 endpoint beneath base path '/actuator'
2026-10-07T02:04:50.649+09:00  INFO [requestId:] 80627 --- [sc-reference-app] [           main] o.s.b.t.m.w.SpringBootMockServletContext : Initializing Spring TestDispatcherServlet ''
2026-10-07T02:04:50.649+09:00  INFO [requestId:] 80627 --- [sc-reference-app] [           main] o.s.t.web.servlet.TestDispatcherServlet  : Initializing Servlet ''
2026-10-07T02:04:50.650+09:00  INFO [requestId:] 80627 --- [sc-reference-app] [           main] o.s.t.web.servlet.TestDispatcherServlet  : Completed initialization in 1 ms
2026-10-07T02:04:50.686+09:00  INFO [requestId:] 80627 --- [sc-reference-app] [           main] d.s.r.r.RequirementIntegrationTest       : Started RequirementIntegrationTest in 1.939 seconds (process running for 2.742)
Mockito is currently self-attaching to enable the inline-mock-maker. This will no longer work in future releases of the JDK. Please add Mockito as an agent to your build as described in Mockito's documentation: https://javadoc.io/doc/org.mockito/mockito-core/latest/org.mockito/org/mockito/Mockito.html#0.3
OpenJDK 64-Bit Server VM warning: Sharing is only supported for boot loader classes because bootstrap classpath has been appended
WARNING: A Java agent has been loaded dynamically (/Users/dk/.m2/repository/net/bytebuddy/byte-buddy-agent/1.17.8/byte-buddy-agent-1.17.8.jar)
WARNING: If a serviceability tool is in use, please run with -XX:+EnableDynamicAgentLoading to hide this warning
WARNING: If a serviceability tool is not in use, please run with -Djdk.instrument.traceUsage for more information
WARNING: Dynamic loading of agents will be disallowed by default in a future release
2026-10-07T02:04:51.857+09:00  WARN [requestId:ced8a1d2-2d70-4fa9-a64a-202b98053ccb] 80627 --- [sc-reference-app] [           main] o.h.engine.jdbc.spi.SqlExceptionHelper   : SQL Error: 23513, SQLState: 23513
2026-10-07T02:04:51.857+09:00 ERROR [requestId:ced8a1d2-2d70-4fa9-a64a-202b98053ccb] 80627 --- [sc-reference-app] [           main] o.h.engine.jdbc.spi.SqlExceptionHelper   : Check constraint violation: "SYNTHETIC_REVIEW_FAILURE: "; SQL statement:
insert into requirement_history (action,actor_id,after_json,before_json,created_at,requirement_id,id) values (?,?,?,?,?,?,default) [23513-232]
2026-10-07T02:04:52.357+09:00  WARN [requestId:c93919a5-7d6a-406e-9381-f17c3e68efc8] 80627 --- [sc-reference-app] [           main] o.h.engine.jdbc.spi.SqlExceptionHelper   : SQL Error: 23513, SQLState: 23513
2026-10-07T02:04:52.357+09:00 ERROR [requestId:c93919a5-7d6a-406e-9381-f17c3e68efc8] 80627 --- [sc-reference-app] [           main] o.h.engine.jdbc.spi.SqlExceptionHelper   : Check constraint violation: "SYNTHETIC_HISTORY_FAILURE: "; SQL statement:
insert into requirement_history (action,actor_id,after_json,before_json,created_at,requirement_id,id) values (?,?,?,?,?,?,default) [23513-232]
2026-10-07T02:04:54.839+09:00  WARN [requestId:40d748d4-c121-46fa-88c4-70a1235910f6] 80627 --- [sc-reference-app] [           main] o.h.engine.jdbc.spi.SqlExceptionHelper   : SQL Error: 23505, SQLState: 23505
2026-10-07T02:04:54.840+09:00 ERROR [requestId:40d748d4-c121-46fa-88c4-70a1235910f6] 80627 --- [sc-reference-app] [           main] o.h.engine.jdbc.spi.SqlExceptionHelper   : Unique index or primary key violation: "PUBLIC.CONSTRAINT_INDEX_E ON PUBLIC.REFERENCE_USER(USERNAME NULLS FIRST) VALUES ( /* 20 */ 'alice' )"; SQL statement:
insert into reference_user (created_at,display_name,password_hash,role,username,id) values (?,?,?,?,?,default) [23505-232]
[INFO] Tests run: 22, Failures: 0, Errors: 0, Skipped: 0, Time elapsed: 13.10 s -- in dev.scframework.reference.requirements.RequirementIntegrationTest
[INFO] Running dev.scframework.reference.requirements.RequirementPersistenceTest
2026-10-07T02:05:01.687+09:00  INFO [requestId:] 80627 --- [sc-reference-app] [           main] org.flywaydb.core.FlywayExecutor         : Database: jdbc:h2:file:/var/folders/8k/rv4bxj0115g929lrxwybv_r80000gn/T/junit-3157676337670256930/upgrade (H2 2.3)
2026-10-07T02:05:01.689+09:00  INFO [requestId:] 80627 --- [sc-reference-app] [           main] o.f.c.i.s.JdbcTableSchemaHistory         : Schema history table "PUBLIC"."flyway_schema_history" does not exist yet
2026-10-07T02:05:01.689+09:00  INFO [requestId:] 80627 --- [sc-reference-app] [           main] o.f.core.internal.command.DbValidate     : Successfully validated 3 migrations (execution time 00:00.000s)
2026-10-07T02:05:01.689+09:00  INFO [requestId:] 80627 --- [sc-reference-app] [           main] o.f.c.i.s.JdbcTableSchemaHistory         : Creating Schema History table "PUBLIC"."flyway_schema_history" ...
2026-10-07T02:05:01.691+09:00  INFO [requestId:] 80627 --- [sc-reference-app] [           main] o.f.core.internal.command.DbMigrate      : Current version of schema "PUBLIC": << Empty Schema >>
2026-10-07T02:05:01.691+09:00  INFO [requestId:] 80627 --- [sc-reference-app] [           main] o.f.core.internal.command.DbMigrate      : Migrating schema "PUBLIC" to version "1 - example baseline"
2026-10-07T02:05:01.692+09:00  INFO [requestId:] 80627 --- [sc-reference-app] [           main] o.f.core.internal.command.DbMigrate      : Successfully applied 1 migration to schema "PUBLIC", now at version v1 (execution time 00:00.000s)
2026-10-07T02:05:01.712+09:00  INFO [requestId:] 80627 --- [sc-reference-app] [           main] org.flywaydb.core.FlywayExecutor         : Database: jdbc:h2:file:/var/folders/8k/rv4bxj0115g929lrxwybv_r80000gn/T/junit-3157676337670256930/upgrade (H2 2.3)
2026-10-07T02:05:01.714+09:00  INFO [requestId:] 80627 --- [sc-reference-app] [           main] o.f.core.internal.command.DbValidate     : Successfully validated 3 migrations (execution time 00:00.000s)
2026-10-07T02:05:01.714+09:00  INFO [requestId:] 80627 --- [sc-reference-app] [           main] o.f.core.internal.command.DbMigrate      : Current version of schema "PUBLIC": 1
2026-10-07T02:05:01.715+09:00  INFO [requestId:] 80627 --- [sc-reference-app] [           main] o.f.core.internal.command.DbMigrate      : Migrating schema "PUBLIC" to version "2 - requirements baseline"
2026-10-07T02:05:01.718+09:00  INFO [requestId:] 80627 --- [sc-reference-app] [           main] o.f.core.internal.command.DbMigrate      : Migrating schema "PUBLIC" to version "3 - security audit"
2026-10-07T02:05:01.719+09:00  INFO [requestId:] 80627 --- [sc-reference-app] [           main] o.f.core.internal.command.DbMigrate      : Successfully applied 2 migrations to schema "PUBLIC", now at version v3 (execution time 00:00.002s)
2026-10-07T02:05:01.765+09:00  INFO [requestId:] 80627 --- [sc-reference-app] [           main] org.flywaydb.core.FlywayExecutor         : Database: jdbc:h2:file:/var/folders/8k/rv4bxj0115g929lrxwybv_r80000gn/T/junit-3157676337670256930/upgrade (H2 2.3)
2026-10-07T02:05:01.766+09:00  INFO [requestId:] 80627 --- [sc-reference-app] [           main] o.f.core.internal.command.DbValidate     : Successfully validated 3 migrations (execution time 00:00.000s)
2026-10-07T02:05:01.766+09:00  INFO [requestId:] 80627 --- [sc-reference-app] [           main] o.f.core.internal.command.DbMigrate      : Current version of schema "PUBLIC": 3
2026-10-07T02:05:01.767+09:00  INFO [requestId:] 80627 --- [sc-reference-app] [           main] o.f.core.internal.command.DbMigrate      : Schema "PUBLIC" is up to date. No migration necessary.
2026-10-07T02:05:01.824+09:00  INFO [requestId:] 80627 --- [sc-reference-app] [           main] org.flywaydb.core.FlywayExecutor         : Database: jdbc:h2:file:/var/folders/8k/rv4bxj0115g929lrxwybv_r80000gn/T/junit-130569287909193267/constraints (H2 2.3)
2026-10-07T02:05:01.824+09:00  INFO [requestId:] 80627 --- [sc-reference-app] [           main] o.f.c.i.s.JdbcTableSchemaHistory         : Schema history table "PUBLIC"."flyway_schema_history" does not exist yet
2026-10-07T02:05:01.825+09:00  INFO [requestId:] 80627 --- [sc-reference-app] [           main] o.f.core.internal.command.DbValidate     : Successfully validated 3 migrations (execution time 00:00.000s)
2026-10-07T02:05:01.825+09:00  INFO [requestId:] 80627 --- [sc-reference-app] [           main] o.f.c.i.s.JdbcTableSchemaHistory         : Creating Schema History table "PUBLIC"."flyway_schema_history" ...
2026-10-07T02:05:01.826+09:00  INFO [requestId:] 80627 --- [sc-reference-app] [           main] o.f.core.internal.command.DbMigrate      : Current version of schema "PUBLIC": << Empty Schema >>
2026-10-07T02:05:01.827+09:00  INFO [requestId:] 80627 --- [sc-reference-app] [           main] o.f.core.internal.command.DbMigrate      : Migrating schema "PUBLIC" to version "1 - example baseline"
2026-10-07T02:05:01.828+09:00  INFO [requestId:] 80627 --- [sc-reference-app] [           main] o.f.core.internal.command.DbMigrate      : Migrating schema "PUBLIC" to version "2 - requirements baseline"
2026-10-07T02:05:01.830+09:00  INFO [requestId:] 80627 --- [sc-reference-app] [           main] o.f.core.internal.command.DbMigrate      : Migrating schema "PUBLIC" to version "3 - security audit"
2026-10-07T02:05:01.831+09:00  INFO [requestId:] 80627 --- [sc-reference-app] [           main] o.f.core.internal.command.DbMigrate      : Successfully applied 3 migrations to schema "PUBLIC", now at version v3 (execution time 00:00.001s)
[INFO] Tests run: 2, Failures: 0, Errors: 0, Skipped: 0, Time elapsed: 0.165 s -- in dev.scframework.reference.requirements.RequirementPersistenceTest
[INFO] Running dev.scframework.reference.requirements.RequirementMixedPersistenceTest
2026-10-07T02:05:01.849+09:00  INFO [requestId:] 80627 --- [sc-reference-app] [           main] .b.t.c.SpringBootTestContextBootstrapper : Found @SpringBootConfiguration dev.scframework.reference.ReferenceApplication for test class dev.scframework.reference.requirements.RequirementMixedPersistenceTest

  .   ____          _            __ _ _
 /\\ / ___'_ __ _ _(_)_ __  __ _ \ \ \ \
( ( )\___ | '_ | '_| | '_ \/ _` | \ \ \ \
 \\/  ___)| |_)| | | | | || (_| |  ) ) ) )
  '  |____| .__|_| |_|_| |_\__, | / / / /
 =========|_|==============|___/=/_/_/_/

 :: Spring Boot ::               (v3.5.16)

2026-10-07T02:05:01.867+09:00  INFO [requestId:] 80627 --- [sc-reference-app] [           main] d.s.r.r.RequirementMixedPersistenceTest  : Starting RequirementMixedPersistenceTest using Java 21.0.11 with PID 80627 (started by dk in /Users/dk/Work/ScFramework/backend/reference-app)
2026-10-07T02:05:01.867+09:00  INFO [requestId:] 80627 --- [sc-reference-app] [           main] d.s.r.r.RequirementMixedPersistenceTest  : No active profile set, falling back to 1 default profile: "default"
2026-10-07T02:05:01.960+09:00  INFO [requestId:] 80627 --- [sc-reference-app] [           main] .s.d.r.c.RepositoryConfigurationDelegate : Bootstrapping Spring Data JPA repositories in DEFAULT mode.
2026-10-07T02:05:01.965+09:00  INFO [requestId:] 80627 --- [sc-reference-app] [           main] .s.d.r.c.RepositoryConfigurationDelegate : Finished Spring Data repository scanning in 4 ms. Found 7 JPA repository interfaces.
2026-10-07T02:05:01.976+09:00  INFO [requestId:] 80627 --- [sc-reference-app] [           main] o.s.cloud.context.scope.GenericScope     : BeanFactory id=0402901a-34fc-3080-a83b-db56be5cb31d
2026-10-07T02:05:01.994+09:00  INFO [requestId:] 80627 --- [sc-reference-app] [           main] com.zaxxer.hikari.HikariDataSource       : HikariPool-2 - Starting...
2026-10-07T02:05:01.995+09:00  INFO [requestId:] 80627 --- [sc-reference-app] [           main] com.zaxxer.hikari.pool.HikariPool        : HikariPool-2 - Added connection conn23: url=jdbc:h2:mem:mixed-sc-mixed-008-14598669720724046050 user=SA
2026-10-07T02:05:01.995+09:00  INFO [requestId:] 80627 --- [sc-reference-app] [           main] com.zaxxer.hikari.HikariDataSource       : HikariPool-2 - Start completed.
2026-10-07T02:05:01.996+09:00  INFO [requestId:] 80627 --- [sc-reference-app] [           main] org.flywaydb.core.FlywayExecutor         : Database: jdbc:h2:mem:mixed-sc-mixed-008-14598669720724046050 (H2 2.3)
2026-10-07T02:05:01.997+09:00  INFO [requestId:] 80627 --- [sc-reference-app] [           main] o.f.c.i.s.JdbcTableSchemaHistory         : Schema history table "PUBLIC"."flyway_schema_history" does not exist yet
2026-10-07T02:05:01.997+09:00  INFO [requestId:] 80627 --- [sc-reference-app] [           main] o.f.core.internal.command.DbValidate     : Successfully validated 3 migrations (execution time 00:00.000s)
2026-10-07T02:05:01.997+09:00  INFO [requestId:] 80627 --- [sc-reference-app] [           main] o.f.c.i.s.JdbcTableSchemaHistory         : Creating Schema History table "PUBLIC"."flyway_schema_history" ...
2026-10-07T02:05:01.998+09:00  INFO [requestId:] 80627 --- [sc-reference-app] [           main] o.f.core.internal.command.DbMigrate      : Current version of schema "PUBLIC": << Empty Schema >>
2026-10-07T02:05:01.999+09:00  INFO [requestId:] 80627 --- [sc-reference-app] [           main] o.f.core.internal.command.DbMigrate      : Migrating schema "PUBLIC" to version "1 - example baseline"
2026-10-07T02:05:02.001+09:00  INFO [requestId:] 80627 --- [sc-reference-app] [           main] o.f.core.internal.command.DbMigrate      : Migrating schema "PUBLIC" to version "2 - requirements baseline"
2026-10-07T02:05:02.003+09:00  INFO [requestId:] 80627 --- [sc-reference-app] [           main] o.f.core.internal.command.DbMigrate      : Migrating schema "PUBLIC" to version "3 - security audit"
2026-10-07T02:05:02.004+09:00  INFO [requestId:] 80627 --- [sc-reference-app] [           main] o.f.core.internal.command.DbMigrate      : Successfully applied 3 migrations to schema "PUBLIC", now at version v3 (execution time 00:00.001s)
2026-10-07T02:05:02.009+09:00  INFO [requestId:] 80627 --- [sc-reference-app] [           main] o.hibernate.jpa.internal.util.LogHelper  : HHH000204: Processing PersistenceUnitInfo [name: default]
2026-10-07T02:05:02.009+09:00  INFO [requestId:] 80627 --- [sc-reference-app] [           main] o.h.c.internal.RegionFactoryInitiator    : HHH000026: Second-level cache disabled
2026-10-07T02:05:02.012+09:00  INFO [requestId:] 80627 --- [sc-reference-app] [           main] o.s.o.j.p.SpringPersistenceUnitInfo      : No LoadTimeWeaver setup: ignoring JPA class transformer
2026-10-07T02:05:02.012+09:00  INFO [requestId:] 80627 --- [sc-reference-app] [           main] org.hibernate.orm.connections.pooling    : HHH10001005: Database info:
	Database JDBC URL [Connecting through datasource 'HikariDataSource (HikariPool-2)']
	Database driver: undefined/unknown
	Database version: 2.3.232
	Autocommit mode: undefined/unknown
	Isolation level: undefined/unknown
	Minimum pool size: undefined/unknown
	Maximum pool size: undefined/unknown
2026-10-07T02:05:02.036+09:00  INFO [requestId:] 80627 --- [sc-reference-app] [           main] o.h.e.t.j.p.i.JtaPlatformInitiator       : HHH000489: No JTA platform available (set 'hibernate.transaction.jta.platform' to enable JTA platform integration)
2026-10-07T02:05:02.037+09:00  INFO [requestId:] 80627 --- [sc-reference-app] [           main] j.LocalContainerEntityManagerFactoryBean : Initialized JPA EntityManagerFactory for persistence unit 'default'
2026-10-07T02:05:02.104+09:00  INFO [requestId:] 80627 --- [sc-reference-app] [           main] o.s.b.a.w.s.WelcomePageHandlerMapping    : Adding welcome page: class path resource [static/index.html]
2026-10-07T02:05:02.120+09:00  INFO [requestId:] 80627 --- [sc-reference-app] [           main] r$InitializeUserDetailsManagerConfigurer : Global AuthenticationManager configured with UserDetailsService bean with name referenceUsers
2026-10-07T02:05:02.131+09:00  INFO [requestId:] 80627 --- [sc-reference-app] [           main] o.s.b.a.e.web.EndpointLinksResolver      : Exposing 1 endpoint beneath base path '/actuator'
2026-10-07T02:05:02.158+09:00  INFO [requestId:] 80627 --- [sc-reference-app] [           main] d.s.r.r.RequirementMixedPersistenceTest  : Started RequirementMixedPersistenceTest in 0.307 seconds (process running for 14.214)
2026-10-07T02:05:02.268+09:00  INFO [requestId:] 80627 --- [sc-reference-app] [           main] j.LocalContainerEntityManagerFactoryBean : Closing JPA EntityManagerFactory for persistence unit 'default'
2026-10-07T02:05:02.269+09:00  INFO [requestId:] 80627 --- [sc-reference-app] [           main] com.zaxxer.hikari.HikariDataSource       : HikariPool-2 - Shutdown initiated...
2026-10-07T02:05:02.422+09:00  INFO [requestId:] 80627 --- [sc-reference-app] [           main] com.zaxxer.hikari.HikariDataSource       : HikariPool-2 - Shutdown completed.
[INFO] Tests run: 4, Failures: 0, Errors: 0, Skipped: 0, Time elapsed: 0.574 s -- in dev.scframework.reference.requirements.RequirementMixedPersistenceTest
[INFO] Running dev.scframework.reference.requirements.RequirementReadMapperTest
[INFO] Tests run: 5, Failures: 0, Errors: 0, Skipped: 0, Time elapsed: 0.009 s -- in dev.scframework.reference.requirements.RequirementReadMapperTest
[INFO] Running dev.scframework.reference.audit.AuditSinkFailureHttpTest
2026-10-07T02:05:02.433+09:00  INFO [requestId:] 80627 --- [sc-reference-app] [           main] t.c.s.AnnotationConfigContextLoaderUtils : Could not detect default configuration classes for test class [dev.scframework.reference.audit.AuditSinkFailureHttpTest]: AuditSinkFailureHttpTest does not declare any static, non-private, non-final, nested classes annotated with @Configuration.
2026-10-07T02:05:02.438+09:00  INFO [requestId:] 80627 --- [sc-reference-app] [           main] .b.t.c.SpringBootTestContextBootstrapper : Found @SpringBootConfiguration dev.scframework.reference.ReferenceApplication for test class dev.scframework.reference.audit.AuditSinkFailureHttpTest

  .   ____          _            __ _ _
 /\\ / ___'_ __ _ _(_)_ __  __ _ \ \ \ \
( ( )\___ | '_ | '_| | '_ \/ _` | \ \ \ \
 \\/  ___)| |_)| | | | | || (_| |  ) ) ) )
  '  |____| .__|_| |_|_| |_\__, | / / / /
 =========|_|==============|___/=/_/_/_/

 :: Spring Boot ::               (v3.5.16)

2026-10-07T02:05:02.452+09:00  INFO [requestId:] 80627 --- [sc-reference-app] [           main] d.s.r.audit.AuditSinkFailureHttpTest     : Starting AuditSinkFailureHttpTest using Java 21.0.11 with PID 80627 (started by dk in /Users/dk/Work/ScFramework/backend/reference-app)
2026-10-07T02:05:02.452+09:00  INFO [requestId:] 80627 --- [sc-reference-app] [           main] d.s.r.audit.AuditSinkFailureHttpTest     : No active profile set, falling back to 1 default profile: "default"
2026-10-07T02:05:02.533+09:00  INFO [requestId:] 80627 --- [sc-reference-app] [           main] .s.d.r.c.RepositoryConfigurationDelegate : Bootstrapping Spring Data JPA repositories in DEFAULT mode.
2026-10-07T02:05:02.538+09:00  INFO [requestId:] 80627 --- [sc-reference-app] [           main] .s.d.r.c.RepositoryConfigurationDelegate : Finished Spring Data repository scanning in 4 ms. Found 7 JPA repository interfaces.
2026-10-07T02:05:02.549+09:00  INFO [requestId:] 80627 --- [sc-reference-app] [           main] o.s.cloud.context.scope.GenericScope     : BeanFactory id=0a83647b-91d3-3b42-bdef-97bd58c96d84
2026-10-07T02:05:02.716+09:00  INFO [requestId:] 80627 --- [sc-reference-app] [           main] com.zaxxer.hikari.HikariDataSource       : HikariPool-3 - Starting...
2026-10-07T02:05:02.718+09:00  INFO [requestId:] 80627 --- [sc-reference-app] [           main] com.zaxxer.hikari.pool.HikariPool        : HikariPool-3 - Added connection conn28: url=jdbc:h2:mem:audit-http-sc-audit-http-14036748066345299734 user=SA
2026-10-07T02:05:02.718+09:00  INFO [requestId:] 80627 --- [sc-reference-app] [           main] com.zaxxer.hikari.HikariDataSource       : HikariPool-3 - Start completed.
2026-10-07T02:05:02.721+09:00  INFO [requestId:] 80627 --- [sc-reference-app] [           main] org.flywaydb.core.FlywayExecutor         : Database: jdbc:h2:mem:audit-http-sc-audit-http-14036748066345299734 (H2 2.3)
2026-10-07T02:05:02.726+09:00  INFO [requestId:] 80627 --- [sc-reference-app] [           main] o.f.c.i.s.JdbcTableSchemaHistory         : Schema history table "PUBLIC"."flyway_schema_history" does not exist yet
2026-10-07T02:05:02.727+09:00  INFO [requestId:] 80627 --- [sc-reference-app] [           main] o.f.core.internal.command.DbValidate     : Successfully validated 3 migrations (execution time 00:00.002s)
2026-10-07T02:05:02.728+09:00  INFO [requestId:] 80627 --- [sc-reference-app] [           main] o.f.c.i.s.JdbcTableSchemaHistory         : Creating Schema History table "PUBLIC"."flyway_schema_history" ...
2026-10-07T02:05:02.735+09:00  INFO [requestId:] 80627 --- [sc-reference-app] [           main] o.f.core.internal.command.DbMigrate      : Current version of schema "PUBLIC": << Empty Schema >>
2026-10-07T02:05:02.739+09:00  INFO [requestId:] 80627 --- [sc-reference-app] [           main] o.f.core.internal.command.DbMigrate      : Migrating schema "PUBLIC" to version "1 - example baseline"
2026-10-07T02:05:02.745+09:00  INFO [requestId:] 80627 --- [sc-reference-app] [           main] o.f.core.internal.command.DbMigrate      : Migrating schema "PUBLIC" to version "2 - requirements baseline"
2026-10-07T02:05:02.758+09:00  INFO [requestId:] 80627 --- [sc-reference-app] [           main] o.f.core.internal.command.DbMigrate      : Migrating schema "PUBLIC" to version "3 - security audit"
2026-10-07T02:05:02.762+09:00  INFO [requestId:] 80627 --- [sc-reference-app] [           main] o.f.core.internal.command.DbMigrate      : Successfully applied 3 migrations to schema "PUBLIC", now at version v3 (execution time 00:00.013s)
2026-10-07T02:05:02.779+09:00  INFO [requestId:] 80627 --- [sc-reference-app] [           main] o.hibernate.jpa.internal.util.LogHelper  : HHH000204: Processing PersistenceUnitInfo [name: default]
2026-10-07T02:05:02.780+09:00  INFO [requestId:] 80627 --- [sc-reference-app] [           main] o.h.c.internal.RegionFactoryInitiator    : HHH000026: Second-level cache disabled
2026-10-07T02:05:02.786+09:00  INFO [requestId:] 80627 --- [sc-reference-app] [           main] o.s.o.j.p.SpringPersistenceUnitInfo      : No LoadTimeWeaver setup: ignoring JPA class transformer
2026-10-07T02:05:02.787+09:00  INFO [requestId:] 80627 --- [sc-reference-app] [           main] org.hibernate.orm.connections.pooling    : HHH10001005: Database info:
	Database JDBC URL [Connecting through datasource 'HikariDataSource (HikariPool-3)']
	Database driver: undefined/unknown
	Database version: 2.3.232
	Autocommit mode: undefined/unknown
	Isolation level: undefined/unknown
	Minimum pool size: undefined/unknown
	Maximum pool size: undefined/unknown
2026-10-07T02:05:02.835+09:00  INFO [requestId:] 80627 --- [sc-reference-app] [           main] o.h.e.t.j.p.i.JtaPlatformInitiator       : HHH000489: No JTA platform available (set 'hibernate.transaction.jta.platform' to enable JTA platform integration)
2026-10-07T02:05:02.836+09:00  INFO [requestId:] 80627 --- [sc-reference-app] [           main] j.LocalContainerEntityManagerFactoryBean : Initialized JPA EntityManagerFactory for persistence unit 'default'
2026-10-07T02:05:02.969+09:00  INFO [requestId:] 80627 --- [sc-reference-app] [           main] o.s.b.a.w.s.WelcomePageHandlerMapping    : Adding welcome page: class path resource [static/index.html]
2026-10-07T02:05:03.015+09:00  INFO [requestId:] 80627 --- [sc-reference-app] [           main] r$InitializeUserDetailsManagerConfigurer : Global AuthenticationManager configured with UserDetailsService bean with name referenceUsers
2026-10-07T02:05:03.032+09:00  INFO [requestId:] 80627 --- [sc-reference-app] [           main] o.s.b.a.e.web.EndpointLinksResolver      : Exposing 1 endpoint beneath base path '/actuator'
2026-10-07T02:05:03.056+09:00  INFO [requestId:] 80627 --- [sc-reference-app] [           main] o.s.b.t.m.w.SpringBootMockServletContext : Initializing Spring TestDispatcherServlet ''
2026-10-07T02:05:03.056+09:00  INFO [requestId:] 80627 --- [sc-reference-app] [           main] o.s.t.web.servlet.TestDispatcherServlet  : Initializing Servlet ''
2026-10-07T02:05:03.056+09:00  INFO [requestId:] 80627 --- [sc-reference-app] [           main] o.s.t.web.servlet.TestDispatcherServlet  : Completed initialization in 0 ms
2026-10-07T02:05:03.077+09:00  INFO [requestId:] 80627 --- [sc-reference-app] [           main] d.s.r.audit.AuditSinkFailureHttpTest     : Started AuditSinkFailureHttpTest in 0.638 seconds (process running for 15.132)
2026-10-07T02:05:03.240+09:00  WARN [requestId:048a77e2-9cdb-400c-988e-894394e9ec13] 80627 --- [sc-reference-app] [           main] d.s.a.audit.AuditWriteDiagnostics        : Security audit write failed; reasonCode=AUDIT_SINK_FAILURE
[INFO] Tests run: 1, Failures: 0, Errors: 0, Skipped: 0, Time elapsed: 0.818 s -- in dev.scframework.reference.audit.AuditSinkFailureHttpTest
[INFO] Running dev.scframework.reference.audit.AuditControllerTest
2026-10-07T02:05:03.254+09:00  INFO [requestId:] 80627 --- [sc-reference-app] [           main] t.c.s.AnnotationConfigContextLoaderUtils : Could not detect default configuration classes for test class [dev.scframework.reference.audit.AuditControllerTest]: AuditControllerTest does not declare any static, non-private, non-final, nested classes annotated with @Configuration.
2026-10-07T02:05:03.256+09:00  INFO [requestId:] 80627 --- [sc-reference-app] [           main] .b.t.c.SpringBootTestContextBootstrapper : Found @SpringBootConfiguration dev.scframework.reference.ReferenceApplication for test class dev.scframework.reference.audit.AuditControllerTest

  .   ____          _            __ _ _
 /\\ / ___'_ __ _ _(_)_ __  __ _ \ \ \ \
( ( )\___ | '_ | '_| | '_ \/ _` | \ \ \ \
 \\/  ___)| |_)| | | | | || (_| |  ) ) ) )
  '  |____| .__|_| |_|_| |_\__, | / / / /
 =========|_|==============|___/=/_/_/_/

 :: Spring Boot ::               (v3.5.16)

2026-10-07T02:05:03.285+09:00  INFO [requestId:] 80627 --- [sc-reference-app] [           main] d.s.reference.audit.AuditControllerTest  : Starting AuditControllerTest using Java 21.0.11 with PID 80627 (started by dk in /Users/dk/Work/ScFramework/backend/reference-app)
2026-10-07T02:05:03.285+09:00  INFO [requestId:] 80627 --- [sc-reference-app] [           main] d.s.reference.audit.AuditControllerTest  : The following 1 profile is active: "dev"
2026-10-07T02:05:03.453+09:00  INFO [requestId:] 80627 --- [sc-reference-app] [           main] .s.d.r.c.RepositoryConfigurationDelegate : Bootstrapping Spring Data JPA repositories in DEFAULT mode.
2026-10-07T02:05:03.459+09:00  INFO [requestId:] 80627 --- [sc-reference-app] [           main] .s.d.r.c.RepositoryConfigurationDelegate : Finished Spring Data repository scanning in 5 ms. Found 7 JPA repository interfaces.
2026-10-07T02:05:03.474+09:00  INFO [requestId:] 80627 --- [sc-reference-app] [           main] o.s.cloud.context.scope.GenericScope     : BeanFactory id=2b8074d4-ee6c-31ad-b144-d01bf46f0352
2026-10-07T02:05:03.499+09:00  INFO [requestId:] 80627 --- [sc-reference-app] [           main] com.zaxxer.hikari.HikariDataSource       : HikariPool-4 - Starting...
2026-10-07T02:05:03.500+09:00  INFO [requestId:] 80627 --- [sc-reference-app] [           main] com.zaxxer.hikari.pool.HikariPool        : HikariPool-4 - Added connection conn33: url=jdbc:h2:mem:reference-audit-sc-reference-audit-6413258934202352959 user=SA
2026-10-07T02:05:03.500+09:00  INFO [requestId:] 80627 --- [sc-reference-app] [           main] com.zaxxer.hikari.HikariDataSource       : HikariPool-4 - Start completed.
2026-10-07T02:05:03.501+09:00  INFO [requestId:] 80627 --- [sc-reference-app] [           main] org.flywaydb.core.FlywayExecutor         : Database: jdbc:h2:mem:reference-audit-sc-reference-audit-6413258934202352959 (H2 2.3)
2026-10-07T02:05:03.504+09:00  INFO [requestId:] 80627 --- [sc-reference-app] [           main] o.f.c.i.s.JdbcTableSchemaHistory         : Schema history table "PUBLIC"."flyway_schema_history" does not exist yet
2026-10-07T02:05:03.504+09:00  INFO [requestId:] 80627 --- [sc-reference-app] [           main] o.f.core.internal.command.DbValidate     : Successfully validated 3 migrations (execution time 00:00.001s)
2026-10-07T02:05:03.504+09:00  INFO [requestId:] 80627 --- [sc-reference-app] [           main] o.f.c.i.s.JdbcTableSchemaHistory         : Creating Schema History table "PUBLIC"."flyway_schema_history" ...
2026-10-07T02:05:03.507+09:00  INFO [requestId:] 80627 --- [sc-reference-app] [           main] o.f.core.internal.command.DbMigrate      : Current version of schema "PUBLIC": << Empty Schema >>
2026-10-07T02:05:03.508+09:00  INFO [requestId:] 80627 --- [sc-reference-app] [           main] o.f.core.internal.command.DbMigrate      : Migrating schema "PUBLIC" to version "1 - example baseline"
2026-10-07T02:05:03.511+09:00  INFO [requestId:] 80627 --- [sc-reference-app] [           main] o.f.core.internal.command.DbMigrate      : Migrating schema "PUBLIC" to version "2 - requirements baseline"
2026-10-07T02:05:03.517+09:00  INFO [requestId:] 80627 --- [sc-reference-app] [           main] o.f.core.internal.command.DbMigrate      : Migrating schema "PUBLIC" to version "3 - security audit"
2026-10-07T02:05:03.520+09:00  INFO [requestId:] 80627 --- [sc-reference-app] [           main] o.f.core.internal.command.DbMigrate      : Successfully applied 3 migrations to schema "PUBLIC", now at version v3 (execution time 00:00.006s)
2026-10-07T02:05:03.526+09:00  INFO [requestId:] 80627 --- [sc-reference-app] [           main] o.hibernate.jpa.internal.util.LogHelper  : HHH000204: Processing PersistenceUnitInfo [name: default]
2026-10-07T02:05:03.527+09:00  INFO [requestId:] 80627 --- [sc-reference-app] [           main] o.h.c.internal.RegionFactoryInitiator    : HHH000026: Second-level cache disabled
2026-10-07T02:05:03.530+09:00  INFO [requestId:] 80627 --- [sc-reference-app] [           main] o.s.o.j.p.SpringPersistenceUnitInfo      : No LoadTimeWeaver setup: ignoring JPA class transformer
2026-10-07T02:05:03.530+09:00  INFO [requestId:] 80627 --- [sc-reference-app] [           main] org.hibernate.orm.connections.pooling    : HHH10001005: Database info:
	Database JDBC URL [Connecting through datasource 'HikariDataSource (HikariPool-4)']
	Database driver: undefined/unknown
	Database version: 2.3.232
	Autocommit mode: undefined/unknown
	Isolation level: undefined/unknown
	Minimum pool size: undefined/unknown
	Maximum pool size: undefined/unknown
2026-10-07T02:05:03.555+09:00  INFO [requestId:] 80627 --- [sc-reference-app] [           main] o.h.e.t.j.p.i.JtaPlatformInitiator       : HHH000489: No JTA platform available (set 'hibernate.transaction.jta.platform' to enable JTA platform integration)
2026-10-07T02:05:03.557+09:00  INFO [requestId:] 80627 --- [sc-reference-app] [           main] j.LocalContainerEntityManagerFactoryBean : Initialized JPA EntityManagerFactory for persistence unit 'default'
2026-10-07T02:05:03.642+09:00  INFO [requestId:] 80627 --- [sc-reference-app] [           main] o.s.b.a.w.s.WelcomePageHandlerMapping    : Adding welcome page: class path resource [static/index.html]
2026-10-07T02:05:03.709+09:00  INFO [requestId:] 80627 --- [sc-reference-app] [           main] r$InitializeUserDetailsManagerConfigurer : Global AuthenticationManager configured with UserDetailsService bean with name referenceUsers
2026-10-07T02:05:03.719+09:00  INFO [requestId:] 80627 --- [sc-reference-app] [           main] o.s.b.a.e.web.EndpointLinksResolver      : Exposing 1 endpoint beneath base path '/actuator'
2026-10-07T02:05:03.757+09:00  INFO [requestId:] 80627 --- [sc-reference-app] [           main] o.s.b.t.m.w.SpringBootMockServletContext : Initializing Spring TestDispatcherServlet ''
2026-10-07T02:05:03.757+09:00  INFO [requestId:] 80627 --- [sc-reference-app] [           main] o.s.t.web.servlet.TestDispatcherServlet  : Initializing Servlet ''
2026-10-07T02:05:03.757+09:00  INFO [requestId:] 80627 --- [sc-reference-app] [           main] o.s.t.web.servlet.TestDispatcherServlet  : Completed initialization in 0 ms
2026-10-07T02:05:03.770+09:00  INFO [requestId:] 80627 --- [sc-reference-app] [           main] d.s.reference.audit.AuditControllerTest  : Started AuditControllerTest in 0.512 seconds (process running for 15.826)
2026-10-07T02:05:04.082+09:00  INFO [requestId:1b52905e-84d4-4c37-b47b-7c5a40f974fd] 80627 --- [sc-reference-app] [           main] o.springdoc.api.AbstractOpenApiResource  : Init duration for springdoc-openapi is: 180 ms
[INFO] Tests run: 4, Failures: 0, Errors: 0, Skipped: 0, Time elapsed: 0.935 s -- in dev.scframework.reference.audit.AuditControllerTest
[INFO] Running dev.scframework.reference.ReferenceIntegrationTest
2026-10-07T02:05:04.189+09:00  INFO [requestId:] 80627 --- [sc-reference-app] [           main] t.c.s.AnnotationConfigContextLoaderUtils : Could not detect default configuration classes for test class [dev.scframework.reference.ReferenceIntegrationTest]: ReferenceIntegrationTest does not declare any static, non-private, non-final, nested classes annotated with @Configuration.
2026-10-07T02:05:04.191+09:00  INFO [requestId:] 80627 --- [sc-reference-app] [           main] .b.t.c.SpringBootTestContextBootstrapper : Found @SpringBootConfiguration dev.scframework.reference.ReferenceApplication for test class dev.scframework.reference.ReferenceIntegrationTest

  .   ____          _            __ _ _
 /\\ / ___'_ __ _ _(_)_ __  __ _ \ \ \ \
( ( )\___ | '_ | '_| | '_ \/ _` | \ \ \ \
 \\/  ___)| |_)| | | | | || (_| |  ) ) ) )
  '  |____| .__|_| |_|_| |_\__, | / / / /
 =========|_|==============|___/=/_/_/_/

 :: Spring Boot ::               (v3.5.16)

2026-10-07T02:05:04.221+09:00  INFO [requestId:] 80627 --- [sc-reference-app] [           main] d.s.reference.ReferenceIntegrationTest   : Starting ReferenceIntegrationTest using Java 21.0.11 with PID 80627 (started by dk in /Users/dk/Work/ScFramework/backend/reference-app)
2026-10-07T02:05:04.221+09:00  INFO [requestId:] 80627 --- [sc-reference-app] [           main] d.s.reference.ReferenceIntegrationTest   : The following 1 profile is active: "dev"
2026-10-07T02:05:04.299+09:00  INFO [requestId:] 80627 --- [sc-reference-app] [           main] .s.d.r.c.RepositoryConfigurationDelegate : Bootstrapping Spring Data JPA repositories in DEFAULT mode.
2026-10-07T02:05:04.303+09:00  INFO [requestId:] 80627 --- [sc-reference-app] [           main] .s.d.r.c.RepositoryConfigurationDelegate : Finished Spring Data repository scanning in 4 ms. Found 7 JPA repository interfaces.
2026-10-07T02:05:04.315+09:00  INFO [requestId:] 80627 --- [sc-reference-app] [           main] o.s.cloud.context.scope.GenericScope     : BeanFactory id=3603f6fe-1f4f-3b46-af28-40fc38a8f8b0
2026-10-07T02:05:04.365+09:00  INFO [requestId:] 80627 --- [sc-reference-app] [           main] o.s.b.w.embedded.tomcat.TomcatWebServer  : Tomcat initialized with port 0 (http)
2026-10-07T02:05:04.371+09:00  INFO [requestId:] 80627 --- [sc-reference-app] [           main] o.apache.catalina.core.StandardService   : Starting service [Tomcat]
2026-10-07T02:05:04.371+09:00  INFO [requestId:] 80627 --- [sc-reference-app] [           main] o.apache.catalina.core.StandardEngine    : Starting Servlet engine: [Apache Tomcat/10.1.55]
2026-10-07T02:05:04.392+09:00  INFO [requestId:] 80627 --- [sc-reference-app] [           main] o.a.c.c.C.[Tomcat].[localhost].[/]       : Initializing Spring embedded WebApplicationContext
2026-10-07T02:05:04.392+09:00  INFO [requestId:] 80627 --- [sc-reference-app] [           main] w.s.c.ServletWebServerApplicationContext : Root WebApplicationContext: initialization completed in 170 ms
2026-10-07T02:05:04.419+09:00  INFO [requestId:] 80627 --- [sc-reference-app] [           main] com.zaxxer.hikari.HikariDataSource       : HikariPool-5 - Starting...
2026-10-07T02:05:04.420+09:00  INFO [requestId:] 80627 --- [sc-reference-app] [           main] com.zaxxer.hikari.pool.HikariPool        : HikariPool-5 - Added connection conn38: url=jdbc:h2:mem:reference-5ff9d52b-21ba-420b-a1b0-97d1e6f2863d user=SA
2026-10-07T02:05:04.420+09:00  INFO [requestId:] 80627 --- [sc-reference-app] [           main] com.zaxxer.hikari.HikariDataSource       : HikariPool-5 - Start completed.
2026-10-07T02:05:04.421+09:00  INFO [requestId:] 80627 --- [sc-reference-app] [           main] org.flywaydb.core.FlywayExecutor         : Database: jdbc:h2:mem:reference-5ff9d52b-21ba-420b-a1b0-97d1e6f2863d (H2 2.3)
2026-10-07T02:05:04.422+09:00  INFO [requestId:] 80627 --- [sc-reference-app] [           main] o.f.c.i.s.JdbcTableSchemaHistory         : Schema history table "PUBLIC"."flyway_schema_history" does not exist yet
2026-10-07T02:05:04.422+09:00  INFO [requestId:] 80627 --- [sc-reference-app] [           main] o.f.core.internal.command.DbValidate     : Successfully validated 3 migrations (execution time 00:00.000s)
2026-10-07T02:05:04.423+09:00  INFO [requestId:] 80627 --- [sc-reference-app] [           main] o.f.c.i.s.JdbcTableSchemaHistory         : Creating Schema History table "PUBLIC"."flyway_schema_history" ...
2026-10-07T02:05:04.425+09:00  INFO [requestId:] 80627 --- [sc-reference-app] [           main] o.f.core.internal.command.DbMigrate      : Current version of schema "PUBLIC": << Empty Schema >>
2026-10-07T02:05:04.426+09:00  INFO [requestId:] 80627 --- [sc-reference-app] [           main] o.f.core.internal.command.DbMigrate      : Migrating schema "PUBLIC" to version "1 - example baseline"
2026-10-07T02:05:04.428+09:00  INFO [requestId:] 80627 --- [sc-reference-app] [           main] o.f.core.internal.command.DbMigrate      : Migrating schema "PUBLIC" to version "2 - requirements baseline"
2026-10-07T02:05:04.431+09:00  INFO [requestId:] 80627 --- [sc-reference-app] [           main] o.f.core.internal.command.DbMigrate      : Migrating schema "PUBLIC" to version "3 - security audit"
2026-10-07T02:05:04.433+09:00  INFO [requestId:] 80627 --- [sc-reference-app] [           main] o.f.core.internal.command.DbMigrate      : Successfully applied 3 migrations to schema "PUBLIC", now at version v3 (execution time 00:00.003s)
2026-10-07T02:05:04.438+09:00  INFO [requestId:] 80627 --- [sc-reference-app] [           main] o.hibernate.jpa.internal.util.LogHelper  : HHH000204: Processing PersistenceUnitInfo [name: default]
2026-10-07T02:05:04.438+09:00  INFO [requestId:] 80627 --- [sc-reference-app] [           main] o.h.c.internal.RegionFactoryInitiator    : HHH000026: Second-level cache disabled
2026-10-07T02:05:04.441+09:00  INFO [requestId:] 80627 --- [sc-reference-app] [           main] o.s.o.j.p.SpringPersistenceUnitInfo      : No LoadTimeWeaver setup: ignoring JPA class transformer
2026-10-07T02:05:04.441+09:00  INFO [requestId:] 80627 --- [sc-reference-app] [           main] org.hibernate.orm.connections.pooling    : HHH10001005: Database info:
	Database JDBC URL [Connecting through datasource 'HikariDataSource (HikariPool-5)']
	Database driver: undefined/unknown
	Database version: 2.3.232
	Autocommit mode: undefined/unknown
	Isolation level: undefined/unknown
	Minimum pool size: undefined/unknown
	Maximum pool size: undefined/unknown
2026-10-07T02:05:04.463+09:00  INFO [requestId:] 80627 --- [sc-reference-app] [           main] o.h.e.t.j.p.i.JtaPlatformInitiator       : HHH000489: No JTA platform available (set 'hibernate.transaction.jta.platform' to enable JTA platform integration)
2026-10-07T02:05:04.464+09:00  INFO [requestId:] 80627 --- [sc-reference-app] [           main] j.LocalContainerEntityManagerFactoryBean : Initialized JPA EntityManagerFactory for persistence unit 'default'
2026-10-07T02:05:04.516+09:00  INFO [requestId:] 80627 --- [sc-reference-app] [           main] o.s.b.a.w.s.WelcomePageHandlerMapping    : Adding welcome page: class path resource [static/index.html]
2026-10-07T02:05:04.535+09:00  INFO [requestId:] 80627 --- [sc-reference-app] [           main] r$InitializeUserDetailsManagerConfigurer : Global AuthenticationManager configured with UserDetailsService bean with name referenceUsers
2026-10-07T02:05:04.544+09:00  INFO [requestId:] 80627 --- [sc-reference-app] [           main] o.s.b.a.e.web.EndpointLinksResolver      : Exposing 1 endpoint beneath base path '/actuator'
2026-10-07T02:05:04.565+09:00  INFO [requestId:] 80627 --- [sc-reference-app] [           main] o.a.c.c.C.[Tomcat].[localhost].[/]       : Initializing Spring TestDispatcherServlet ''
2026-10-07T02:05:04.566+09:00  INFO [requestId:] 80627 --- [sc-reference-app] [           main] o.s.t.web.servlet.TestDispatcherServlet  : Initializing Servlet ''
2026-10-07T02:05:04.566+09:00  INFO [requestId:] 80627 --- [sc-reference-app] [           main] o.s.t.web.servlet.TestDispatcherServlet  : Completed initialization in 0 ms
2026-10-07T02:05:04.634+09:00  INFO [requestId:] 80627 --- [sc-reference-app] [           main] o.s.b.w.embedded.tomcat.TomcatWebServer  : Tomcat started on port 55542 (http) with context path '/'
2026-10-07T02:05:04.644+09:00  INFO [requestId:] 80627 --- [sc-reference-app] [           main] d.s.reference.ReferenceIntegrationTest   : Started ReferenceIntegrationTest in 0.44 seconds (process running for 16.7)
2026-10-07T02:05:04.804+09:00  INFO [requestId:5ea1600f-7e2a-4312-b3c5-d51a7d6ae9eb] 80627 --- [sc-reference-app] [           main] o.springdoc.api.AbstractOpenApiResource  : Init duration for springdoc-openapi is: 92 ms
[INFO] Tests run: 10, Failures: 0, Errors: 0, Skipped: 0, Time elapsed: 2.599 s -- in dev.scframework.reference.ReferenceIntegrationTest
[INFO] Running dev.scframework.reference.reports.RequirementReportIntegrationTest
2026-10-07T02:05:06.792+09:00  INFO [requestId:] 80627 --- [sc-reference-app] [           main] .b.t.c.SpringBootTestContextBootstrapper : Found @SpringBootConfiguration dev.scframework.reference.ReferenceApplication for test class dev.scframework.reference.reports.RequirementReportIntegrationTest

  .   ____          _            __ _ _
 /\\ / ___'_ __ _ _(_)_ __  __ _ \ \ \ \
( ( )\___ | '_ | '_| | '_ \/ _` | \ \ \ \
 \\/  ___)| |_)| | | | | || (_| |  ) ) ) )
  '  |____| .__|_| |_|_| |_\__, | / / / /
 =========|_|==============|___/=/_/_/_/

 :: Spring Boot ::               (v3.5.16)

2026-10-07T02:05:06.803+09:00  INFO [requestId:] 80627 --- [sc-reference-app] [           main] d.s.r.r.RequirementReportIntegrationTest : Starting RequirementReportIntegrationTest using Java 21.0.11 with PID 80627 (started by dk in /Users/dk/Work/ScFramework/backend/reference-app)
2026-10-07T02:05:06.803+09:00  INFO [requestId:] 80627 --- [sc-reference-app] [           main] d.s.r.r.RequirementReportIntegrationTest : No active profile set, falling back to 1 default profile: "default"
2026-10-07T02:05:06.868+09:00  INFO [requestId:] 80627 --- [sc-reference-app] [           main] .s.d.r.c.RepositoryConfigurationDelegate : Bootstrapping Spring Data JPA repositories in DEFAULT mode.
2026-10-07T02:05:06.872+09:00  INFO [requestId:] 80627 --- [sc-reference-app] [           main] .s.d.r.c.RepositoryConfigurationDelegate : Finished Spring Data repository scanning in 3 ms. Found 7 JPA repository interfaces.
2026-10-07T02:05:06.882+09:00  INFO [requestId:] 80627 --- [sc-reference-app] [           main] o.s.cloud.context.scope.GenericScope     : BeanFactory id=0597ffb9-bbe3-3bad-9c0e-56a33a8110a3
2026-10-07T02:05:06.896+09:00  INFO [requestId:] 80627 --- [sc-reference-app] [           main] com.zaxxer.hikari.HikariDataSource       : HikariPool-6 - Starting...
2026-10-07T02:05:06.897+09:00  INFO [requestId:] 80627 --- [sc-reference-app] [           main] com.zaxxer.hikari.pool.HikariPool        : HikariPool-6 - Added connection conn43: url=jdbc:h2:mem:reports-sc-report-009-13070329359475941479 user=SA
2026-10-07T02:05:06.897+09:00  INFO [requestId:] 80627 --- [sc-reference-app] [           main] com.zaxxer.hikari.HikariDataSource       : HikariPool-6 - Start completed.
2026-10-07T02:05:06.898+09:00  INFO [requestId:] 80627 --- [sc-reference-app] [           main] org.flywaydb.core.FlywayExecutor         : Database: jdbc:h2:mem:reports-sc-report-009-13070329359475941479 (H2 2.3)
2026-10-07T02:05:06.899+09:00  INFO [requestId:] 80627 --- [sc-reference-app] [           main] o.f.c.i.s.JdbcTableSchemaHistory         : Schema history table "PUBLIC"."flyway_schema_history" does not exist yet
2026-10-07T02:05:06.899+09:00  INFO [requestId:] 80627 --- [sc-reference-app] [           main] o.f.core.internal.command.DbValidate     : Successfully validated 3 migrations (execution time 00:00.000s)
2026-10-07T02:05:06.899+09:00  INFO [requestId:] 80627 --- [sc-reference-app] [           main] o.f.c.i.s.JdbcTableSchemaHistory         : Creating Schema History table "PUBLIC"."flyway_schema_history" ...
2026-10-07T02:05:06.900+09:00  INFO [requestId:] 80627 --- [sc-reference-app] [           main] o.f.core.internal.command.DbMigrate      : Current version of schema "PUBLIC": << Empty Schema >>
2026-10-07T02:05:06.901+09:00  INFO [requestId:] 80627 --- [sc-reference-app] [           main] o.f.core.internal.command.DbMigrate      : Migrating schema "PUBLIC" to version "1 - example baseline"
2026-10-07T02:05:06.903+09:00  INFO [requestId:] 80627 --- [sc-reference-app] [           main] o.f.core.internal.command.DbMigrate      : Migrating schema "PUBLIC" to version "2 - requirements baseline"
2026-10-07T02:05:06.907+09:00  INFO [requestId:] 80627 --- [sc-reference-app] [           main] o.f.core.internal.command.DbMigrate      : Migrating schema "PUBLIC" to version "3 - security audit"
2026-10-07T02:05:06.908+09:00  INFO [requestId:] 80627 --- [sc-reference-app] [           main] o.f.core.internal.command.DbMigrate      : Successfully applied 3 migrations to schema "PUBLIC", now at version v3 (execution time 00:00.002s)
2026-10-07T02:05:06.912+09:00  INFO [requestId:] 80627 --- [sc-reference-app] [           main] o.hibernate.jpa.internal.util.LogHelper  : HHH000204: Processing PersistenceUnitInfo [name: default]
2026-10-07T02:05:06.913+09:00  INFO [requestId:] 80627 --- [sc-reference-app] [           main] o.h.c.internal.RegionFactoryInitiator    : HHH000026: Second-level cache disabled
2026-10-07T02:05:06.915+09:00  INFO [requestId:] 80627 --- [sc-reference-app] [           main] o.s.o.j.p.SpringPersistenceUnitInfo      : No LoadTimeWeaver setup: ignoring JPA class transformer
2026-10-07T02:05:06.916+09:00  INFO [requestId:] 80627 --- [sc-reference-app] [           main] org.hibernate.orm.connections.pooling    : HHH10001005: Database info:
	Database JDBC URL [Connecting through datasource 'HikariDataSource (HikariPool-6)']
	Database driver: undefined/unknown
	Database version: 2.3.232
	Autocommit mode: undefined/unknown
	Isolation level: undefined/unknown
	Minimum pool size: undefined/unknown
	Maximum pool size: undefined/unknown
2026-10-07T02:05:06.936+09:00  INFO [requestId:] 80627 --- [sc-reference-app] [           main] o.h.e.t.j.p.i.JtaPlatformInitiator       : HHH000489: No JTA platform available (set 'hibernate.transaction.jta.platform' to enable JTA platform integration)
2026-10-07T02:05:06.937+09:00  INFO [requestId:] 80627 --- [sc-reference-app] [           main] j.LocalContainerEntityManagerFactoryBean : Initialized JPA EntityManagerFactory for persistence unit 'default'
2026-10-07T02:05:06.945+09:00  INFO [requestId:] 80627 --- [sc-reference-app] [           main] i.StatisticalLoggingSessionEventListener : Session Metrics {
    0 nanoseconds spent acquiring 0 JDBC connections;
    0 nanoseconds spent releasing 0 JDBC connections;
    0 nanoseconds spent preparing 0 JDBC statements;
    0 nanoseconds spent executing 0 JDBC statements;
    0 nanoseconds spent executing 0 JDBC batches;
    0 nanoseconds spent performing 0 L2C puts;
    0 nanoseconds spent performing 0 L2C hits;
    0 nanoseconds spent performing 0 L2C misses;
    0 nanoseconds spent executing 0 flushes (flushing a total of 0 entities and 0 collections);
    0 nanoseconds spent executing 0 pre-partial-flushes;
    0 nanoseconds spent executing 0 partial-flushes (flushing a total of 0 entities and 0 collections)
}
2026-10-07T02:05:06.945+09:00  INFO [requestId:] 80627 --- [sc-reference-app] [           main] i.StatisticalLoggingSessionEventListener : Session Metrics {
    0 nanoseconds spent acquiring 0 JDBC connections;
    0 nanoseconds spent releasing 0 JDBC connections;
    0 nanoseconds spent preparing 0 JDBC statements;
    0 nanoseconds spent executing 0 JDBC statements;
    0 nanoseconds spent executing 0 JDBC batches;
    0 nanoseconds spent performing 0 L2C puts;
    0 nanoseconds spent performing 0 L2C hits;
    0 nanoseconds spent performing 0 L2C misses;
    0 nanoseconds spent executing 0 flushes (flushing a total of 0 entities and 0 collections);
    0 nanoseconds spent executing 0 pre-partial-flushes;
    0 nanoseconds spent executing 0 partial-flushes (flushing a total of 0 entities and 0 collections)
}
2026-10-07T02:05:06.969+09:00  INFO [requestId:] 80627 --- [sc-reference-app] [           main] i.StatisticalLoggingSessionEventListener : Session Metrics {
    0 nanoseconds spent acquiring 0 JDBC connections;
    0 nanoseconds spent releasing 0 JDBC connections;
    0 nanoseconds spent preparing 0 JDBC statements;
    0 nanoseconds spent executing 0 JDBC statements;
    0 nanoseconds spent executing 0 JDBC batches;
    0 nanoseconds spent performing 0 L2C puts;
    0 nanoseconds spent performing 0 L2C hits;
    0 nanoseconds spent performing 0 L2C misses;
    0 nanoseconds spent executing 0 flushes (flushing a total of 0 entities and 0 collections);
    0 nanoseconds spent executing 0 pre-partial-flushes;
    0 nanoseconds spent executing 0 partial-flushes (flushing a total of 0 entities and 0 collections)
}
2026-10-07T02:05:06.979+09:00  INFO [requestId:] 80627 --- [sc-reference-app] [           main] i.StatisticalLoggingSessionEventListener : Session Metrics {
    0 nanoseconds spent acquiring 0 JDBC connections;
    0 nanoseconds spent releasing 0 JDBC connections;
    0 nanoseconds spent preparing 0 JDBC statements;
    0 nanoseconds spent executing 0 JDBC statements;
    0 nanoseconds spent executing 0 JDBC batches;
    0 nanoseconds spent performing 0 L2C puts;
    0 nanoseconds spent performing 0 L2C hits;
    0 nanoseconds spent performing 0 L2C misses;
    0 nanoseconds spent executing 0 flushes (flushing a total of 0 entities and 0 collections);
    0 nanoseconds spent executing 0 pre-partial-flushes;
    0 nanoseconds spent executing 0 partial-flushes (flushing a total of 0 entities and 0 collections)
}
2026-10-07T02:05:06.981+09:00  INFO [requestId:] 80627 --- [sc-reference-app] [           main] i.StatisticalLoggingSessionEventListener : Session Metrics {
    0 nanoseconds spent acquiring 0 JDBC connections;
    0 nanoseconds spent releasing 0 JDBC connections;
    0 nanoseconds spent preparing 0 JDBC statements;
    0 nanoseconds spent executing 0 JDBC statements;
    0 nanoseconds spent executing 0 JDBC batches;
    0 nanoseconds spent performing 0 L2C puts;
    0 nanoseconds spent performing 0 L2C hits;
    0 nanoseconds spent performing 0 L2C misses;
    0 nanoseconds spent executing 0 flushes (flushing a total of 0 entities and 0 collections);
    0 nanoseconds spent executing 0 pre-partial-flushes;
    0 nanoseconds spent executing 0 partial-flushes (flushing a total of 0 entities and 0 collections)
}
2026-10-07T02:05:06.993+09:00  INFO [requestId:] 80627 --- [sc-reference-app] [           main] o.s.b.a.w.s.WelcomePageHandlerMapping    : Adding welcome page: class path resource [static/index.html]
2026-10-07T02:05:07.008+09:00  INFO [requestId:] 80627 --- [sc-reference-app] [           main] r$InitializeUserDetailsManagerConfigurer : Global AuthenticationManager configured with UserDetailsService bean with name referenceUsers
2026-10-07T02:05:07.017+09:00  INFO [requestId:] 80627 --- [sc-reference-app] [           main] o.s.b.a.e.web.EndpointLinksResolver      : Exposing 1 endpoint beneath base path '/actuator'
2026-10-07T02:05:07.031+09:00  INFO [requestId:] 80627 --- [sc-reference-app] [           main] o.s.b.t.m.w.SpringBootMockServletContext : Initializing Spring TestDispatcherServlet ''
2026-10-07T02:05:07.031+09:00  INFO [requestId:] 80627 --- [sc-reference-app] [           main] o.s.t.web.servlet.TestDispatcherServlet  : Initializing Servlet ''
2026-10-07T02:05:07.032+09:00  INFO [requestId:] 80627 --- [sc-reference-app] [           main] o.s.t.web.servlet.TestDispatcherServlet  : Completed initialization in 1 ms
2026-10-07T02:05:07.041+09:00  INFO [requestId:] 80627 --- [sc-reference-app] [           main] d.s.r.r.RequirementReportIntegrationTest : Started RequirementReportIntegrationTest in 0.248 seconds (process running for 19.097)
2026-10-07T02:05:07.105+09:00  INFO [requestId:] 80627 --- [sc-reference-app] [           main] i.StatisticalLoggingSessionEventListener : Session Metrics {
    6667 nanoseconds spent acquiring 1 JDBC connections;
    0 nanoseconds spent releasing 0 JDBC connections;
    140125 nanoseconds spent preparing 2 JDBC statements;
    215124 nanoseconds spent executing 2 JDBC statements;
    0 nanoseconds spent executing 0 JDBC batches;
    0 nanoseconds spent performing 0 L2C puts;
    0 nanoseconds spent performing 0 L2C hits;
    0 nanoseconds spent performing 0 L2C misses;
    144292 nanoseconds spent executing 2 flushes (flushing a total of 2 entities and 0 collections);
    2792 nanoseconds spent executing 1 pre-partial-flushes;
    1583 nanoseconds spent executing 1 partial-flushes (flushing a total of 0 entities and 0 collections)
}
2026-10-07T02:05:07.108+09:00  INFO [requestId:] 80627 --- [sc-reference-app] [           main] i.StatisticalLoggingSessionEventListener : Session Metrics {
    1667 nanoseconds spent acquiring 1 JDBC connections;
    0 nanoseconds spent releasing 0 JDBC connections;
    47458 nanoseconds spent preparing 1 JDBC statements;
    27250 nanoseconds spent executing 1 JDBC statements;
    0 nanoseconds spent executing 0 JDBC batches;
    0 nanoseconds spent performing 0 L2C puts;
    0 nanoseconds spent performing 0 L2C hits;
    0 nanoseconds spent performing 0 L2C misses;
    0 nanoseconds spent executing 0 flushes (flushing a total of 0 entities and 0 collections);
    0 nanoseconds spent executing 0 pre-partial-flushes;
    0 nanoseconds spent executing 0 partial-flushes (flushing a total of 0 entities and 0 collections)
}
2026-10-07T02:05:07.109+09:00  INFO [requestId:] 80627 --- [sc-reference-app] [           main] i.StatisticalLoggingSessionEventListener : Session Metrics {
    959 nanoseconds spent acquiring 1 JDBC connections;
    0 nanoseconds spent releasing 0 JDBC connections;
    14916 nanoseconds spent preparing 1 JDBC statements;
    6583 nanoseconds spent executing 1 JDBC statements;
    0 nanoseconds spent executing 0 JDBC batches;
    0 nanoseconds spent performing 0 L2C puts;
    0 nanoseconds spent performing 0 L2C hits;
    0 nanoseconds spent performing 0 L2C misses;
    0 nanoseconds spent executing 0 flushes (flushing a total of 0 entities and 0 collections);
    0 nanoseconds spent executing 0 pre-partial-flushes;
    0 nanoseconds spent executing 0 partial-flushes (flushing a total of 0 entities and 0 collections)
}
2026-10-07T02:05:07.173+09:00  INFO [requestId:8b86f045-91dd-4c92-9357-2dd634fcde07] 80627 --- [sc-reference-app] [           main] i.StatisticalLoggingSessionEventListener : Session Metrics {
    5000 nanoseconds spent acquiring 1 JDBC connections;
    0 nanoseconds spent releasing 0 JDBC connections;
    61000 nanoseconds spent preparing 1 JDBC statements;
    61000 nanoseconds spent executing 1 JDBC statements;
    0 nanoseconds spent executing 0 JDBC batches;
    0 nanoseconds spent performing 0 L2C puts;
    0 nanoseconds spent performing 0 L2C hits;
    0 nanoseconds spent performing 0 L2C misses;
    0 nanoseconds spent executing 0 flushes (flushing a total of 0 entities and 0 collections);
    0 nanoseconds spent executing 0 pre-partial-flushes;
    0 nanoseconds spent executing 0 partial-flushes (flushing a total of 0 entities and 0 collections)
}
2026-10-07T02:05:07.233+09:00  INFO [requestId:8b86f045-91dd-4c92-9357-2dd634fcde07] 80627 --- [sc-reference-app] [           main] i.StatisticalLoggingSessionEventListener : Session Metrics {
    5500 nanoseconds spent acquiring 1 JDBC connections;
    0 nanoseconds spent releasing 0 JDBC connections;
    0 nanoseconds spent preparing 0 JDBC statements;
    0 nanoseconds spent executing 0 JDBC statements;
    0 nanoseconds spent executing 0 JDBC batches;
    0 nanoseconds spent performing 0 L2C puts;
    0 nanoseconds spent performing 0 L2C hits;
    0 nanoseconds spent performing 0 L2C misses;
    0 nanoseconds spent executing 0 flushes (flushing a total of 0 entities and 0 collections);
    0 nanoseconds spent executing 0 pre-partial-flushes;
    0 nanoseconds spent executing 0 partial-flushes (flushing a total of 0 entities and 0 collections)
}
2026-10-07T02:05:07.235+09:00  INFO [requestId:20ba5592-60e8-4200-9dd5-aec7e5f07765] 80627 --- [sc-reference-app] [           main] i.StatisticalLoggingSessionEventListener : Session Metrics {
    2792 nanoseconds spent acquiring 1 JDBC connections;
    0 nanoseconds spent releasing 0 JDBC connections;
    48792 nanoseconds spent preparing 1 JDBC statements;
    64167 nanoseconds spent executing 1 JDBC statements;
    0 nanoseconds spent executing 0 JDBC batches;
    0 nanoseconds spent performing 0 L2C puts;
    0 nanoseconds spent performing 0 L2C hits;
    0 nanoseconds spent performing 0 L2C misses;
    0 nanoseconds spent executing 0 flushes (flushing a total of 0 entities and 0 collections);
    0 nanoseconds spent executing 0 pre-partial-flushes;
    0 nanoseconds spent executing 0 partial-flushes (flushing a total of 0 entities and 0 collections)
}
2026-10-07T02:05:07.294+09:00  INFO [requestId:20ba5592-60e8-4200-9dd5-aec7e5f07765] 80627 --- [sc-reference-app] [           main] i.StatisticalLoggingSessionEventListener : Session Metrics {
    4083 nanoseconds spent acquiring 1 JDBC connections;
    0 nanoseconds spent releasing 0 JDBC connections;
    0 nanoseconds spent preparing 0 JDBC statements;
    0 nanoseconds spent executing 0 JDBC statements;
    0 nanoseconds spent executing 0 JDBC batches;
    0 nanoseconds spent performing 0 L2C puts;
    0 nanoseconds spent performing 0 L2C hits;
    0 nanoseconds spent performing 0 L2C misses;
    0 nanoseconds spent executing 0 flushes (flushing a total of 0 entities and 0 collections);
    0 nanoseconds spent executing 0 pre-partial-flushes;
    0 nanoseconds spent executing 0 partial-flushes (flushing a total of 0 entities and 0 collections)
}
2026-10-07T02:05:07.297+09:00  INFO [requestId:85b0b201-b690-4ad9-b255-0b23ad3174c7] 80627 --- [sc-reference-app] [           main] i.StatisticalLoggingSessionEventListener : Session Metrics {
    3541 nanoseconds spent acquiring 1 JDBC connections;
    0 nanoseconds spent releasing 0 JDBC connections;
    55709 nanoseconds spent preparing 1 JDBC statements;
    48958 nanoseconds spent executing 1 JDBC statements;
    0 nanoseconds spent executing 0 JDBC batches;
    0 nanoseconds spent performing 0 L2C puts;
    0 nanoseconds spent performing 0 L2C hits;
    0 nanoseconds spent performing 0 L2C misses;
    0 nanoseconds spent executing 0 flushes (flushing a total of 0 entities and 0 collections);
    0 nanoseconds spent executing 0 pre-partial-flushes;
    0 nanoseconds spent executing 0 partial-flushes (flushing a total of 0 entities and 0 collections)
}
2026-10-07T02:05:07.357+09:00  INFO [requestId:85b0b201-b690-4ad9-b255-0b23ad3174c7] 80627 --- [sc-reference-app] [           main] i.StatisticalLoggingSessionEventListener : Session Metrics {
    5708 nanoseconds spent acquiring 1 JDBC connections;
    0 nanoseconds spent releasing 0 JDBC connections;
    0 nanoseconds spent preparing 0 JDBC statements;
    0 nanoseconds spent executing 0 JDBC statements;
    0 nanoseconds spent executing 0 JDBC batches;
    0 nanoseconds spent performing 0 L2C puts;
    0 nanoseconds spent performing 0 L2C hits;
    0 nanoseconds spent performing 0 L2C misses;
    0 nanoseconds spent executing 0 flushes (flushing a total of 0 entities and 0 collections);
    0 nanoseconds spent executing 0 pre-partial-flushes;
    0 nanoseconds spent executing 0 partial-flushes (flushing a total of 0 entities and 0 collections)
}
2026-10-07T02:05:07.358+09:00  INFO [requestId:cada8999-89b8-47f2-ae0b-6c1986380089] 80627 --- [sc-reference-app] [           main] i.StatisticalLoggingSessionEventListener : Session Metrics {
    2000 nanoseconds spent acquiring 1 JDBC connections;
    0 nanoseconds spent releasing 0 JDBC connections;
    0 nanoseconds spent preparing 0 JDBC statements;
    0 nanoseconds spent executing 0 JDBC statements;
    0 nanoseconds spent executing 0 JDBC batches;
    0 nanoseconds spent performing 0 L2C puts;
    0 nanoseconds spent performing 0 L2C hits;
    0 nanoseconds spent performing 0 L2C misses;
    0 nanoseconds spent executing 0 flushes (flushing a total of 0 entities and 0 collections);
    0 nanoseconds spent executing 0 pre-partial-flushes;
    0 nanoseconds spent executing 0 partial-flushes (flushing a total of 0 entities and 0 collections)
}
2026-10-07T02:05:07.361+09:00  INFO [requestId:30ffda0e-eae5-45ba-af7e-5dd96df77bc1] 80627 --- [sc-reference-app] [           main] i.StatisticalLoggingSessionEventListener : Session Metrics {
    3292 nanoseconds spent acquiring 1 JDBC connections;
    0 nanoseconds spent releasing 0 JDBC connections;
    68584 nanoseconds spent preparing 1 JDBC statements;
    46917 nanoseconds spent executing 1 JDBC statements;
    0 nanoseconds spent executing 0 JDBC batches;
    0 nanoseconds spent performing 0 L2C puts;
    0 nanoseconds spent performing 0 L2C hits;
    0 nanoseconds spent performing 0 L2C misses;
    0 nanoseconds spent executing 0 flushes (flushing a total of 0 entities and 0 collections);
    1500 nanoseconds spent executing 1 pre-partial-flushes;
    1583 nanoseconds spent executing 1 partial-flushes (flushing a total of 0 entities and 0 collections)
}
2026-10-07T02:05:07.390+09:00  INFO [requestId:30ffda0e-eae5-45ba-af7e-5dd96df77bc1] 80627 --- [sc-reference-app] [           main] i.StatisticalLoggingSessionEventListener : Session Metrics {
    2375 nanoseconds spent acquiring 1 JDBC connections;
    0 nanoseconds spent releasing 0 JDBC connections;
    0 nanoseconds spent preparing 0 JDBC statements;
    0 nanoseconds spent executing 0 JDBC statements;
    0 nanoseconds spent executing 0 JDBC batches;
    0 nanoseconds spent performing 0 L2C puts;
    0 nanoseconds spent performing 0 L2C hits;
    0 nanoseconds spent performing 0 L2C misses;
    0 nanoseconds spent executing 0 flushes (flushing a total of 0 entities and 0 collections);
    0 nanoseconds spent executing 0 pre-partial-flushes;
    0 nanoseconds spent executing 0 partial-flushes (flushing a total of 0 entities and 0 collections)
}
2026-10-07T02:05:07.395+09:00  INFO [requestId:e1ceb3aa-68d2-47cf-b3fc-658e09b7cfa5] 80627 --- [sc-reference-app] [           main] i.StatisticalLoggingSessionEventListener : Session Metrics {
    5667 nanoseconds spent acquiring 1 JDBC connections;
    0 nanoseconds spent releasing 0 JDBC connections;
    63209 nanoseconds spent preparing 1 JDBC statements;
    39542 nanoseconds spent executing 1 JDBC statements;
    0 nanoseconds spent executing 0 JDBC batches;
    0 nanoseconds spent performing 0 L2C puts;
    0 nanoseconds spent performing 0 L2C hits;
    0 nanoseconds spent performing 0 L2C misses;
    0 nanoseconds spent executing 0 flushes (flushing a total of 0 entities and 0 collections);
    1750 nanoseconds spent executing 1 pre-partial-flushes;
    1375 nanoseconds spent executing 1 partial-flushes (flushing a total of 0 entities and 0 collections)
}
2026-10-07T02:05:07.396+09:00  INFO [requestId:e1ceb3aa-68d2-47cf-b3fc-658e09b7cfa5] 80627 --- [sc-reference-app] [           main] i.StatisticalLoggingSessionEventListener : Session Metrics {
    2250 nanoseconds spent acquiring 1 JDBC connections;
    0 nanoseconds spent releasing 0 JDBC connections;
    0 nanoseconds spent preparing 0 JDBC statements;
    0 nanoseconds spent executing 0 JDBC statements;
    0 nanoseconds spent executing 0 JDBC batches;
    0 nanoseconds spent performing 0 L2C puts;
    0 nanoseconds spent performing 0 L2C hits;
    0 nanoseconds spent performing 0 L2C misses;
    0 nanoseconds spent executing 0 flushes (flushing a total of 0 entities and 0 collections);
    0 nanoseconds spent executing 0 pre-partial-flushes;
    0 nanoseconds spent executing 0 partial-flushes (flushing a total of 0 entities and 0 collections)
}
2026-10-07T02:05:07.398+09:00  INFO [requestId:637a7906-6e74-40cf-a016-fd2431195365] 80627 --- [sc-reference-app] [           main] i.StatisticalLoggingSessionEventListener : Session Metrics {
    3125 nanoseconds spent acquiring 1 JDBC connections;
    0 nanoseconds spent releasing 0 JDBC connections;
    5917 nanoseconds spent preparing 1 JDBC statements;
    36084 nanoseconds spent executing 1 JDBC statements;
    0 nanoseconds spent executing 0 JDBC batches;
    0 nanoseconds spent performing 0 L2C puts;
    0 nanoseconds spent performing 0 L2C hits;
    0 nanoseconds spent performing 0 L2C misses;
    0 nanoseconds spent executing 0 flushes (flushing a total of 0 entities and 0 collections);
    1708 nanoseconds spent executing 1 pre-partial-flushes;
    1291 nanoseconds spent executing 1 partial-flushes (flushing a total of 0 entities and 0 collections)
}
2026-10-07T02:05:07.402+09:00  INFO [requestId:637a7906-6e74-40cf-a016-fd2431195365] 80627 --- [sc-reference-app] [           main] i.StatisticalLoggingSessionEventListener : Session Metrics {
    3125 nanoseconds spent acquiring 1 JDBC connections;
    0 nanoseconds spent releasing 0 JDBC connections;
    0 nanoseconds spent preparing 0 JDBC statements;
    0 nanoseconds spent executing 0 JDBC statements;
    0 nanoseconds spent executing 0 JDBC batches;
    0 nanoseconds spent performing 0 L2C puts;
    0 nanoseconds spent performing 0 L2C hits;
    0 nanoseconds spent performing 0 L2C misses;
    0 nanoseconds spent executing 0 flushes (flushing a total of 0 entities and 0 collections);
    0 nanoseconds spent executing 0 pre-partial-flushes;
    0 nanoseconds spent executing 0 partial-flushes (flushing a total of 0 entities and 0 collections)
}
2026-10-07T02:05:07.403+09:00  INFO [requestId:00b453c7-bd9b-4470-ae69-5e059ed11b90] 80627 --- [sc-reference-app] [           main] i.StatisticalLoggingSessionEventListener : Session Metrics {
    2667 nanoseconds spent acquiring 1 JDBC connections;
    0 nanoseconds spent releasing 0 JDBC connections;
    3750 nanoseconds spent preparing 1 JDBC statements;
    21167 nanoseconds spent executing 1 JDBC statements;
    0 nanoseconds spent executing 0 JDBC batches;
    0 nanoseconds spent performing 0 L2C puts;
    0 nanoseconds spent performing 0 L2C hits;
    0 nanoseconds spent performing 0 L2C misses;
    0 nanoseconds spent executing 0 flushes (flushing a total of 0 entities and 0 collections);
    1541 nanoseconds spent executing 1 pre-partial-flushes;
    1125 nanoseconds spent executing 1 partial-flushes (flushing a total of 0 entities and 0 collections)
}
2026-10-07T02:05:07.405+09:00  INFO [requestId:00b453c7-bd9b-4470-ae69-5e059ed11b90] 80627 --- [sc-reference-app] [           main] i.StatisticalLoggingSessionEventListener : Session Metrics {
    1584 nanoseconds spent acquiring 1 JDBC connections;
    0 nanoseconds spent releasing 0 JDBC connections;
    0 nanoseconds spent preparing 0 JDBC statements;
    0 nanoseconds spent executing 0 JDBC statements;
    0 nanoseconds spent executing 0 JDBC batches;
    0 nanoseconds spent performing 0 L2C puts;
    0 nanoseconds spent performing 0 L2C hits;
    0 nanoseconds spent performing 0 L2C misses;
    0 nanoseconds spent executing 0 flushes (flushing a total of 0 entities and 0 collections);
    0 nanoseconds spent executing 0 pre-partial-flushes;
    0 nanoseconds spent executing 0 partial-flushes (flushing a total of 0 entities and 0 collections)
}
2026-10-07T02:05:07.406+09:00  INFO [requestId:d0dbc8a0-94f2-425f-a1d7-8f6edcc79a1f] 80627 --- [sc-reference-app] [           main] i.StatisticalLoggingSessionEventListener : Session Metrics {
    1417 nanoseconds spent acquiring 1 JDBC connections;
    0 nanoseconds spent releasing 0 JDBC connections;
    3208 nanoseconds spent preparing 1 JDBC statements;
    26500 nanoseconds spent executing 1 JDBC statements;
    0 nanoseconds spent executing 0 JDBC batches;
    0 nanoseconds spent performing 0 L2C puts;
    0 nanoseconds spent performing 0 L2C hits;
    0 nanoseconds spent performing 0 L2C misses;
    0 nanoseconds spent executing 0 flushes (flushing a total of 0 entities and 0 collections);
    1459 nanoseconds spent executing 1 pre-partial-flushes;
    1208 nanoseconds spent executing 1 partial-flushes (flushing a total of 0 entities and 0 collections)
}
2026-10-07T02:05:07.407+09:00  INFO [requestId:d0dbc8a0-94f2-425f-a1d7-8f6edcc79a1f] 80627 --- [sc-reference-app] [           main] i.StatisticalLoggingSessionEventListener : Session Metrics {
    1125 nanoseconds spent acquiring 1 JDBC connections;
    0 nanoseconds spent releasing 0 JDBC connections;
    0 nanoseconds spent preparing 0 JDBC statements;
    0 nanoseconds spent executing 0 JDBC statements;
    0 nanoseconds spent executing 0 JDBC batches;
    0 nanoseconds spent performing 0 L2C puts;
    0 nanoseconds spent performing 0 L2C hits;
    0 nanoseconds spent performing 0 L2C misses;
    0 nanoseconds spent executing 0 flushes (flushing a total of 0 entities and 0 collections);
    0 nanoseconds spent executing 0 pre-partial-flushes;
    0 nanoseconds spent executing 0 partial-flushes (flushing a total of 0 entities and 0 collections)
}
2026-10-07T02:05:07.411+09:00  INFO [requestId:] 80627 --- [sc-reference-app] [           main] i.StatisticalLoggingSessionEventListener : Session Metrics {
    2167 nanoseconds spent acquiring 1 JDBC connections;
    0 nanoseconds spent releasing 0 JDBC connections;
    44417 nanoseconds spent preparing 1 JDBC statements;
    25167 nanoseconds spent executing 1 JDBC statements;
    0 nanoseconds spent executing 0 JDBC batches;
    0 nanoseconds spent performing 0 L2C puts;
    0 nanoseconds spent performing 0 L2C hits;
    0 nanoseconds spent performing 0 L2C misses;
    0 nanoseconds spent executing 0 flushes (flushing a total of 0 entities and 0 collections);
    0 nanoseconds spent executing 0 pre-partial-flushes;
    0 nanoseconds spent executing 0 partial-flushes (flushing a total of 0 entities and 0 collections)
}
2026-10-07T02:05:07.412+09:00  INFO [requestId:] 80627 --- [sc-reference-app] [           main] i.StatisticalLoggingSessionEventListener : Session Metrics {
    958 nanoseconds spent acquiring 1 JDBC connections;
    0 nanoseconds spent releasing 0 JDBC connections;
    15125 nanoseconds spent preparing 1 JDBC statements;
    7125 nanoseconds spent executing 1 JDBC statements;
    0 nanoseconds spent executing 0 JDBC batches;
    0 nanoseconds spent performing 0 L2C puts;
    0 nanoseconds spent performing 0 L2C hits;
    0 nanoseconds spent performing 0 L2C misses;
    0 nanoseconds spent executing 0 flushes (flushing a total of 0 entities and 0 collections);
    0 nanoseconds spent executing 0 pre-partial-flushes;
    0 nanoseconds spent executing 0 partial-flushes (flushing a total of 0 entities and 0 collections)
}
2026-10-07T02:05:07.414+09:00  INFO [requestId:209b2cef-8a0b-4583-a4ac-80940d6f6493] 80627 --- [sc-reference-app] [           main] i.StatisticalLoggingSessionEventListener : Session Metrics {
    1834 nanoseconds spent acquiring 1 JDBC connections;
    0 nanoseconds spent releasing 0 JDBC connections;
    36542 nanoseconds spent preparing 1 JDBC statements;
    27833 nanoseconds spent executing 1 JDBC statements;
    0 nanoseconds spent executing 0 JDBC batches;
    0 nanoseconds spent performing 0 L2C puts;
    0 nanoseconds spent performing 0 L2C hits;
    0 nanoseconds spent performing 0 L2C misses;
    0 nanoseconds spent executing 0 flushes (flushing a total of 0 entities and 0 collections);
    0 nanoseconds spent executing 0 pre-partial-flushes;
    0 nanoseconds spent executing 0 partial-flushes (flushing a total of 0 entities and 0 collections)
}
2026-10-07T02:05:07.473+09:00  INFO [requestId:209b2cef-8a0b-4583-a4ac-80940d6f6493] 80627 --- [sc-reference-app] [           main] i.StatisticalLoggingSessionEventListener : Session Metrics {
    5250 nanoseconds spent acquiring 1 JDBC connections;
    0 nanoseconds spent releasing 0 JDBC connections;
    0 nanoseconds spent preparing 0 JDBC statements;
    0 nanoseconds spent executing 0 JDBC statements;
    0 nanoseconds spent executing 0 JDBC batches;
    0 nanoseconds spent performing 0 L2C puts;
    0 nanoseconds spent performing 0 L2C hits;
    0 nanoseconds spent performing 0 L2C misses;
    0 nanoseconds spent executing 0 flushes (flushing a total of 0 entities and 0 collections);
    0 nanoseconds spent executing 0 pre-partial-flushes;
    0 nanoseconds spent executing 0 partial-flushes (flushing a total of 0 entities and 0 collections)
}
2026-10-07T02:05:07.475+09:00  INFO [requestId:c7ed5f11-0ae6-4341-bc86-f2870a38ff11] 80627 --- [sc-reference-app] [           main] i.StatisticalLoggingSessionEventListener : Session Metrics {
    3750 nanoseconds spent acquiring 1 JDBC connections;
    0 nanoseconds spent releasing 0 JDBC connections;
    92000 nanoseconds spent preparing 1 JDBC statements;
    45791 nanoseconds spent executing 1 JDBC statements;
    0 nanoseconds spent executing 0 JDBC batches;
    0 nanoseconds spent performing 0 L2C puts;
    0 nanoseconds spent performing 0 L2C hits;
    0 nanoseconds spent performing 0 L2C misses;
    0 nanoseconds spent executing 0 flushes (flushing a total of 0 entities and 0 collections);
    0 nanoseconds spent executing 0 pre-partial-flushes;
    0 nanoseconds spent executing 0 partial-flushes (flushing a total of 0 entities and 0 collections)
}
2026-10-07T02:05:07.532+09:00  INFO [requestId:c7ed5f11-0ae6-4341-bc86-f2870a38ff11] 80627 --- [sc-reference-app] [           main] i.StatisticalLoggingSessionEventListener : Session Metrics {
    3167 nanoseconds spent acquiring 1 JDBC connections;
    0 nanoseconds spent releasing 0 JDBC connections;
    0 nanoseconds spent preparing 0 JDBC statements;
    0 nanoseconds spent executing 0 JDBC statements;
    0 nanoseconds spent executing 0 JDBC batches;
    0 nanoseconds spent performing 0 L2C puts;
    0 nanoseconds spent performing 0 L2C hits;
    0 nanoseconds spent performing 0 L2C misses;
    0 nanoseconds spent executing 0 flushes (flushing a total of 0 entities and 0 collections);
    0 nanoseconds spent executing 0 pre-partial-flushes;
    0 nanoseconds spent executing 0 partial-flushes (flushing a total of 0 entities and 0 collections)
}
2026-10-07T02:05:07.534+09:00  INFO [requestId:a391d381-32ae-48f8-8cde-04059329ad83] 80627 --- [sc-reference-app] [           main] i.StatisticalLoggingSessionEventListener : Session Metrics {
    2625 nanoseconds spent acquiring 1 JDBC connections;
    0 nanoseconds spent releasing 0 JDBC connections;
    62875 nanoseconds spent preparing 1 JDBC statements;
    28792 nanoseconds spent executing 1 JDBC statements;
    0 nanoseconds spent executing 0 JDBC batches;
    0 nanoseconds spent performing 0 L2C puts;
    0 nanoseconds spent performing 0 L2C hits;
    0 nanoseconds spent performing 0 L2C misses;
    0 nanoseconds spent executing 0 flushes (flushing a total of 0 entities and 0 collections);
    0 nanoseconds spent executing 0 pre-partial-flushes;
    0 nanoseconds spent executing 0 partial-flushes (flushing a total of 0 entities and 0 collections)
}
2026-10-07T02:05:07.592+09:00  INFO [requestId:a391d381-32ae-48f8-8cde-04059329ad83] 80627 --- [sc-reference-app] [           main] i.StatisticalLoggingSessionEventListener : Session Metrics {
    2250 nanoseconds spent acquiring 1 JDBC connections;
    0 nanoseconds spent releasing 0 JDBC connections;
    0 nanoseconds spent preparing 0 JDBC statements;
    0 nanoseconds spent executing 0 JDBC statements;
    0 nanoseconds spent executing 0 JDBC batches;
    0 nanoseconds spent performing 0 L2C puts;
    0 nanoseconds spent performing 0 L2C hits;
    0 nanoseconds spent performing 0 L2C misses;
    0 nanoseconds spent executing 0 flushes (flushing a total of 0 entities and 0 collections);
    0 nanoseconds spent executing 0 pre-partial-flushes;
    0 nanoseconds spent executing 0 partial-flushes (flushing a total of 0 entities and 0 collections)
}
2026-10-07T02:05:07.593+09:00  INFO [requestId:7e2592ea-9af5-4674-90d6-197dcc7ea390] 80627 --- [sc-reference-app] [           main] i.StatisticalLoggingSessionEventListener : Session Metrics {
    1584 nanoseconds spent acquiring 1 JDBC connections;
    0 nanoseconds spent releasing 0 JDBC connections;
    36625 nanoseconds spent preparing 1 JDBC statements;
    24208 nanoseconds spent executing 1 JDBC statements;
    0 nanoseconds spent executing 0 JDBC batches;
    0 nanoseconds spent performing 0 L2C puts;
    0 nanoseconds spent performing 0 L2C hits;
    0 nanoseconds spent performing 0 L2C misses;
    0 nanoseconds spent executing 0 flushes (flushing a total of 0 entities and 0 collections);
    1209 nanoseconds spent executing 1 pre-partial-flushes;
    1250 nanoseconds spent executing 1 partial-flushes (flushing a total of 0 entities and 0 collections)
}
2026-10-07T02:05:07.595+09:00  INFO [requestId:7e2592ea-9af5-4674-90d6-197dcc7ea390] 80627 --- [sc-reference-app] [           main] i.StatisticalLoggingSessionEventListener : Session Metrics {
    1209 nanoseconds spent acquiring 1 JDBC connections;
    0 nanoseconds spent releasing 0 JDBC connections;
    0 nanoseconds spent preparing 0 JDBC statements;
    0 nanoseconds spent executing 0 JDBC statements;
    0 nanoseconds spent executing 0 JDBC batches;
    0 nanoseconds spent performing 0 L2C puts;
    0 nanoseconds spent performing 0 L2C hits;
    0 nanoseconds spent performing 0 L2C misses;
    0 nanoseconds spent executing 0 flushes (flushing a total of 0 entities and 0 collections);
    0 nanoseconds spent executing 0 pre-partial-flushes;
    0 nanoseconds spent executing 0 partial-flushes (flushing a total of 0 entities and 0 collections)
}
2026-10-07T02:05:07.596+09:00  INFO [requestId:ae003be3-ae79-438d-8e55-0e42ea68c376] 80627 --- [sc-reference-app] [           main] i.StatisticalLoggingSessionEventListener : Session Metrics {
    1542 nanoseconds spent acquiring 1 JDBC connections;
    0 nanoseconds spent releasing 0 JDBC connections;
    20833 nanoseconds spent preparing 1 JDBC statements;
    13541 nanoseconds spent executing 1 JDBC statements;
    0 nanoseconds spent executing 0 JDBC batches;
    0 nanoseconds spent performing 0 L2C puts;
    0 nanoseconds spent performing 0 L2C hits;
    0 nanoseconds spent performing 0 L2C misses;
    0 nanoseconds spent executing 0 flushes (flushing a total of 0 entities and 0 collections);
    1458 nanoseconds spent executing 1 pre-partial-flushes;
    1167 nanoseconds spent executing 1 partial-flushes (flushing a total of 0 entities and 0 collections)
}
2026-10-07T02:05:07.598+09:00  INFO [requestId:ae003be3-ae79-438d-8e55-0e42ea68c376] 80627 --- [sc-reference-app] [           main] i.StatisticalLoggingSessionEventListener : Session Metrics {
    1250 nanoseconds spent acquiring 1 JDBC connections;
    0 nanoseconds spent releasing 0 JDBC connections;
    0 nanoseconds spent preparing 0 JDBC statements;
    0 nanoseconds spent executing 0 JDBC statements;
    0 nanoseconds spent executing 0 JDBC batches;
    0 nanoseconds spent performing 0 L2C puts;
    0 nanoseconds spent performing 0 L2C hits;
    0 nanoseconds spent performing 0 L2C misses;
    0 nanoseconds spent executing 0 flushes (flushing a total of 0 entities and 0 collections);
    0 nanoseconds spent executing 0 pre-partial-flushes;
    0 nanoseconds spent executing 0 partial-flushes (flushing a total of 0 entities and 0 collections)
}
2026-10-07T02:05:07.599+09:00  INFO [requestId:934a1027-092f-40fc-a315-8ae07c52ba8f] 80627 --- [sc-reference-app] [           main] i.StatisticalLoggingSessionEventListener : Session Metrics {
    1791 nanoseconds spent acquiring 1 JDBC connections;
    0 nanoseconds spent releasing 0 JDBC connections;
    3208 nanoseconds spent preparing 1 JDBC statements;
    21709 nanoseconds spent executing 1 JDBC statements;
    0 nanoseconds spent executing 0 JDBC batches;
    0 nanoseconds spent performing 0 L2C puts;
    0 nanoseconds spent performing 0 L2C hits;
    0 nanoseconds spent performing 0 L2C misses;
    0 nanoseconds spent executing 0 flushes (flushing a total of 0 entities and 0 collections);
    1625 nanoseconds spent executing 1 pre-partial-flushes;
    1000 nanoseconds spent executing 1 partial-flushes (flushing a total of 0 entities and 0 collections)
}
2026-10-07T02:05:07.599+09:00  INFO [requestId:934a1027-092f-40fc-a315-8ae07c52ba8f] 80627 --- [sc-reference-app] [           main] i.StatisticalLoggingSessionEventListener : Session Metrics {
    1209 nanoseconds spent acquiring 1 JDBC connections;
    0 nanoseconds spent releasing 0 JDBC connections;
    0 nanoseconds spent preparing 0 JDBC statements;
    0 nanoseconds spent executing 0 JDBC statements;
    0 nanoseconds spent executing 0 JDBC batches;
    0 nanoseconds spent performing 0 L2C puts;
    0 nanoseconds spent performing 0 L2C hits;
    0 nanoseconds spent performing 0 L2C misses;
    0 nanoseconds spent executing 0 flushes (flushing a total of 0 entities and 0 collections);
    0 nanoseconds spent executing 0 pre-partial-flushes;
    0 nanoseconds spent executing 0 partial-flushes (flushing a total of 0 entities and 0 collections)
}
2026-10-07T02:05:07.600+09:00  INFO [requestId:934a1027-092f-40fc-a315-8ae07c52ba8f] 80627 --- [sc-reference-app] [           main] i.StatisticalLoggingSessionEventListener : Session Metrics {
    2375 nanoseconds spent acquiring 1 JDBC connections;
    0 nanoseconds spent releasing 0 JDBC connections;
    0 nanoseconds spent preparing 0 JDBC statements;
    0 nanoseconds spent executing 0 JDBC statements;
    0 nanoseconds spent executing 0 JDBC batches;
    0 nanoseconds spent performing 0 L2C puts;
    0 nanoseconds spent performing 0 L2C hits;
    0 nanoseconds spent performing 0 L2C misses;
    0 nanoseconds spent executing 0 flushes (flushing a total of 0 entities and 0 collections);
    0 nanoseconds spent executing 0 pre-partial-flushes;
    0 nanoseconds spent executing 0 partial-flushes (flushing a total of 0 entities and 0 collections)
}
2026-10-07T02:05:07.601+09:00  INFO [requestId:e235310b-e05e-42fe-af75-3c90d14ebd39] 80627 --- [sc-reference-app] [           main] i.StatisticalLoggingSessionEventListener : Session Metrics {
    2209 nanoseconds spent acquiring 1 JDBC connections;
    0 nanoseconds spent releasing 0 JDBC connections;
    50541 nanoseconds spent preparing 1 JDBC statements;
    35166 nanoseconds spent executing 1 JDBC statements;
    0 nanoseconds spent executing 0 JDBC batches;
    0 nanoseconds spent performing 0 L2C puts;
    0 nanoseconds spent performing 0 L2C hits;
    0 nanoseconds spent performing 0 L2C misses;
    0 nanoseconds spent executing 0 flushes (flushing a total of 0 entities and 0 collections);
    1167 nanoseconds spent executing 1 pre-partial-flushes;
    1167 nanoseconds spent executing 1 partial-flushes (flushing a total of 0 entities and 0 collections)
}
2026-10-07T02:05:07.602+09:00  INFO [requestId:e235310b-e05e-42fe-af75-3c90d14ebd39] 80627 --- [sc-reference-app] [           main] i.StatisticalLoggingSessionEventListener : Session Metrics {
    1625 nanoseconds spent acquiring 1 JDBC connections;
    0 nanoseconds spent releasing 0 JDBC connections;
    0 nanoseconds spent preparing 0 JDBC statements;
    0 nanoseconds spent executing 0 JDBC statements;
    0 nanoseconds spent executing 0 JDBC batches;
    0 nanoseconds spent performing 0 L2C puts;
    0 nanoseconds spent performing 0 L2C hits;
    0 nanoseconds spent performing 0 L2C misses;
    0 nanoseconds spent executing 0 flushes (flushing a total of 0 entities and 0 collections);
    0 nanoseconds spent executing 0 pre-partial-flushes;
    0 nanoseconds spent executing 0 partial-flushes (flushing a total of 0 entities and 0 collections)
}
2026-10-07T02:05:07.602+09:00  INFO [requestId:e235310b-e05e-42fe-af75-3c90d14ebd39] 80627 --- [sc-reference-app] [           main] i.StatisticalLoggingSessionEventListener : Session Metrics {
    1083 nanoseconds spent acquiring 1 JDBC connections;
    0 nanoseconds spent releasing 0 JDBC connections;
    0 nanoseconds spent preparing 0 JDBC statements;
    0 nanoseconds spent executing 0 JDBC statements;
    0 nanoseconds spent executing 0 JDBC batches;
    0 nanoseconds spent performing 0 L2C puts;
    0 nanoseconds spent performing 0 L2C hits;
    0 nanoseconds spent performing 0 L2C misses;
    0 nanoseconds spent executing 0 flushes (flushing a total of 0 entities and 0 collections);
    0 nanoseconds spent executing 0 pre-partial-flushes;
    0 nanoseconds spent executing 0 partial-flushes (flushing a total of 0 entities and 0 collections)
}
2026-10-07T02:05:07.603+09:00  INFO [requestId:4f1787a5-53e3-4143-a734-12ec3b5885fd] 80627 --- [sc-reference-app] [           main] i.StatisticalLoggingSessionEventListener : Session Metrics {
    1292 nanoseconds spent acquiring 1 JDBC connections;
    0 nanoseconds spent releasing 0 JDBC connections;
    38791 nanoseconds spent preparing 1 JDBC statements;
    17166 nanoseconds spent executing 1 JDBC statements;
    0 nanoseconds spent executing 0 JDBC batches;
    0 nanoseconds spent performing 0 L2C puts;
    0 nanoseconds spent performing 0 L2C hits;
    0 nanoseconds spent performing 0 L2C misses;
    0 nanoseconds spent executing 0 flushes (flushing a total of 0 entities and 0 collections);
    875 nanoseconds spent executing 1 pre-partial-flushes;
    1208 nanoseconds spent executing 1 partial-flushes (flushing a total of 0 entities and 0 collections)
}
2026-10-07T02:05:07.603+09:00  INFO [requestId:4f1787a5-53e3-4143-a734-12ec3b5885fd] 80627 --- [sc-reference-app] [           main] i.StatisticalLoggingSessionEventListener : Session Metrics {
    2166 nanoseconds spent acquiring 1 JDBC connections;
    0 nanoseconds spent releasing 0 JDBC connections;
    0 nanoseconds spent preparing 0 JDBC statements;
    0 nanoseconds spent executing 0 JDBC statements;
    0 nanoseconds spent executing 0 JDBC batches;
    0 nanoseconds spent performing 0 L2C puts;
    0 nanoseconds spent performing 0 L2C hits;
    0 nanoseconds spent performing 0 L2C misses;
    0 nanoseconds spent executing 0 flushes (flushing a total of 0 entities and 0 collections);
    0 nanoseconds spent executing 0 pre-partial-flushes;
    0 nanoseconds spent executing 0 partial-flushes (flushing a total of 0 entities and 0 collections)
}
2026-10-07T02:05:07.604+09:00  INFO [requestId:4f1787a5-53e3-4143-a734-12ec3b5885fd] 80627 --- [sc-reference-app] [           main] i.StatisticalLoggingSessionEventListener : Session Metrics {
    1583 nanoseconds spent acquiring 1 JDBC connections;
    0 nanoseconds spent releasing 0 JDBC connections;
    0 nanoseconds spent preparing 0 JDBC statements;
    0 nanoseconds spent executing 0 JDBC statements;
    0 nanoseconds spent executing 0 JDBC batches;
    0 nanoseconds spent performing 0 L2C puts;
    0 nanoseconds spent performing 0 L2C hits;
    0 nanoseconds spent performing 0 L2C misses;
    0 nanoseconds spent executing 0 flushes (flushing a total of 0 entities and 0 collections);
    0 nanoseconds spent executing 0 pre-partial-flushes;
    0 nanoseconds spent executing 0 partial-flushes (flushing a total of 0 entities and 0 collections)
}
2026-10-07T02:05:07.605+09:00  INFO [requestId:1aba1fc5-3a1b-4ac5-964d-dfa8a5a02c95] 80627 --- [sc-reference-app] [           main] i.StatisticalLoggingSessionEventListener : Session Metrics {
    1875 nanoseconds spent acquiring 1 JDBC connections;
    0 nanoseconds spent releasing 0 JDBC connections;
    36458 nanoseconds spent preparing 1 JDBC statements;
    23208 nanoseconds spent executing 1 JDBC statements;
    0 nanoseconds spent executing 0 JDBC batches;
    0 nanoseconds spent performing 0 L2C puts;
    0 nanoseconds spent performing 0 L2C hits;
    0 nanoseconds spent performing 0 L2C misses;
    0 nanoseconds spent executing 0 flushes (flushing a total of 0 entities and 0 collections);
    1042 nanoseconds spent executing 1 pre-partial-flushes;
    1000 nanoseconds spent executing 1 partial-flushes (flushing a total of 0 entities and 0 collections)
}
2026-10-07T02:05:07.605+09:00  INFO [requestId:1aba1fc5-3a1b-4ac5-964d-dfa8a5a02c95] 80627 --- [sc-reference-app] [           main] i.StatisticalLoggingSessionEventListener : Session Metrics {
    1292 nanoseconds spent acquiring 1 JDBC connections;
    0 nanoseconds spent releasing 0 JDBC connections;
    0 nanoseconds spent preparing 0 JDBC statements;
    0 nanoseconds spent executing 0 JDBC statements;
    0 nanoseconds spent executing 0 JDBC batches;
    0 nanoseconds spent performing 0 L2C puts;
    0 nanoseconds spent performing 0 L2C hits;
    0 nanoseconds spent performing 0 L2C misses;
    0 nanoseconds spent executing 0 flushes (flushing a total of 0 entities and 0 collections);
    0 nanoseconds spent executing 0 pre-partial-flushes;
    0 nanoseconds spent executing 0 partial-flushes (flushing a total of 0 entities and 0 collections)
}
2026-10-07T02:05:07.605+09:00  INFO [requestId:1aba1fc5-3a1b-4ac5-964d-dfa8a5a02c95] 80627 --- [sc-reference-app] [           main] i.StatisticalLoggingSessionEventListener : Session Metrics {
    875 nanoseconds spent acquiring 1 JDBC connections;
    0 nanoseconds spent releasing 0 JDBC connections;
    0 nanoseconds spent preparing 0 JDBC statements;
    0 nanoseconds spent executing 0 JDBC statements;
    0 nanoseconds spent executing 0 JDBC batches;
    0 nanoseconds spent performing 0 L2C puts;
    0 nanoseconds spent performing 0 L2C hits;
    0 nanoseconds spent performing 0 L2C misses;
    0 nanoseconds spent executing 0 flushes (flushing a total of 0 entities and 0 collections);
    0 nanoseconds spent executing 0 pre-partial-flushes;
    0 nanoseconds spent executing 0 partial-flushes (flushing a total of 0 entities and 0 collections)
}
2026-10-07T02:05:07.606+09:00  INFO [requestId:867b7051-14f5-4daa-a2e5-61e58f4f4c28] 80627 --- [sc-reference-app] [           main] i.StatisticalLoggingSessionEventListener : Session Metrics {
    2291 nanoseconds spent acquiring 1 JDBC connections;
    0 nanoseconds spent releasing 0 JDBC connections;
    46500 nanoseconds spent preparing 1 JDBC statements;
    21500 nanoseconds spent executing 1 JDBC statements;
    0 nanoseconds spent executing 0 JDBC batches;
    0 nanoseconds spent performing 0 L2C puts;
    0 nanoseconds spent performing 0 L2C hits;
    0 nanoseconds spent performing 0 L2C misses;
    0 nanoseconds spent executing 0 flushes (flushing a total of 0 entities and 0 collections);
    1416 nanoseconds spent executing 1 pre-partial-flushes;
    1250 nanoseconds spent executing 1 partial-flushes (flushing a total of 0 entities and 0 collections)
}
2026-10-07T02:05:07.607+09:00  INFO [requestId:867b7051-14f5-4daa-a2e5-61e58f4f4c28] 80627 --- [sc-reference-app] [           main] i.StatisticalLoggingSessionEventListener : Session Metrics {
    1208 nanoseconds spent acquiring 1 JDBC connections;
    0 nanoseconds spent releasing 0 JDBC connections;
    0 nanoseconds spent preparing 0 JDBC statements;
    0 nanoseconds spent executing 0 JDBC statements;
    0 nanoseconds spent executing 0 JDBC batches;
    0 nanoseconds spent performing 0 L2C puts;
    0 nanoseconds spent performing 0 L2C hits;
    0 nanoseconds spent performing 0 L2C misses;
    0 nanoseconds spent executing 0 flushes (flushing a total of 0 entities and 0 collections);
    0 nanoseconds spent executing 0 pre-partial-flushes;
    0 nanoseconds spent executing 0 partial-flushes (flushing a total of 0 entities and 0 collections)
}
2026-10-07T02:05:07.607+09:00  INFO [requestId:867b7051-14f5-4daa-a2e5-61e58f4f4c28] 80627 --- [sc-reference-app] [           main] i.StatisticalLoggingSessionEventListener : Session Metrics {
    792 nanoseconds spent acquiring 1 JDBC connections;
    0 nanoseconds spent releasing 0 JDBC connections;
    0 nanoseconds spent preparing 0 JDBC statements;
    0 nanoseconds spent executing 0 JDBC statements;
    0 nanoseconds spent executing 0 JDBC batches;
    0 nanoseconds spent performing 0 L2C puts;
    0 nanoseconds spent performing 0 L2C hits;
    0 nanoseconds spent performing 0 L2C misses;
    0 nanoseconds spent executing 0 flushes (flushing a total of 0 entities and 0 collections);
    0 nanoseconds spent executing 0 pre-partial-flushes;
    0 nanoseconds spent executing 0 partial-flushes (flushing a total of 0 entities and 0 collections)
}
2026-10-07T02:05:07.608+09:00  INFO [requestId:ac488f0a-e54b-42bd-bcec-36fd4a037484] 80627 --- [sc-reference-app] [           main] i.StatisticalLoggingSessionEventListener : Session Metrics {
    1291 nanoseconds spent acquiring 1 JDBC connections;
    0 nanoseconds spent releasing 0 JDBC connections;
    26500 nanoseconds spent preparing 1 JDBC statements;
    13042 nanoseconds spent executing 1 JDBC statements;
    0 nanoseconds spent executing 0 JDBC batches;
    0 nanoseconds spent performing 0 L2C puts;
    0 nanoseconds spent performing 0 L2C hits;
    0 nanoseconds spent performing 0 L2C misses;
    0 nanoseconds spent executing 0 flushes (flushing a total of 0 entities and 0 collections);
    1375 nanoseconds spent executing 1 pre-partial-flushes;
    917 nanoseconds spent executing 1 partial-flushes (flushing a total of 0 entities and 0 collections)
}
2026-10-07T02:05:07.608+09:00  INFO [requestId:ac488f0a-e54b-42bd-bcec-36fd4a037484] 80627 --- [sc-reference-app] [           main] i.StatisticalLoggingSessionEventListener : Session Metrics {
    875 nanoseconds spent acquiring 1 JDBC connections;
    0 nanoseconds spent releasing 0 JDBC connections;
    0 nanoseconds spent preparing 0 JDBC statements;
    0 nanoseconds spent executing 0 JDBC statements;
    0 nanoseconds spent executing 0 JDBC batches;
    0 nanoseconds spent performing 0 L2C puts;
    0 nanoseconds spent performing 0 L2C hits;
    0 nanoseconds spent performing 0 L2C misses;
    0 nanoseconds spent executing 0 flushes (flushing a total of 0 entities and 0 collections);
    0 nanoseconds spent executing 0 pre-partial-flushes;
    0 nanoseconds spent executing 0 partial-flushes (flushing a total of 0 entities and 0 collections)
}
2026-10-07T02:05:07.608+09:00  INFO [requestId:ac488f0a-e54b-42bd-bcec-36fd4a037484] 80627 --- [sc-reference-app] [           main] i.StatisticalLoggingSessionEventListener : Session Metrics {
    750 nanoseconds spent acquiring 1 JDBC connections;
    0 nanoseconds spent releasing 0 JDBC connections;
    0 nanoseconds spent preparing 0 JDBC statements;
    0 nanoseconds spent executing 0 JDBC statements;
    0 nanoseconds spent executing 0 JDBC batches;
    0 nanoseconds spent performing 0 L2C puts;
    0 nanoseconds spent performing 0 L2C hits;
    0 nanoseconds spent performing 0 L2C misses;
    0 nanoseconds spent executing 0 flushes (flushing a total of 0 entities and 0 collections);
    0 nanoseconds spent executing 0 pre-partial-flushes;
    0 nanoseconds spent executing 0 partial-flushes (flushing a total of 0 entities and 0 collections)
}
2026-10-07T02:05:07.609+09:00  INFO [requestId:371643c7-7065-42d9-a166-d32b65715cb0] 80627 --- [sc-reference-app] [           main] i.StatisticalLoggingSessionEventListener : Session Metrics {
    2125 nanoseconds spent acquiring 1 JDBC connections;
    0 nanoseconds spent releasing 0 JDBC connections;
    32958 nanoseconds spent preparing 1 JDBC statements;
    26167 nanoseconds spent executing 1 JDBC statements;
    0 nanoseconds spent executing 0 JDBC batches;
    0 nanoseconds spent performing 0 L2C puts;
    0 nanoseconds spent performing 0 L2C hits;
    0 nanoseconds spent performing 0 L2C misses;
    0 nanoseconds spent executing 0 flushes (flushing a total of 0 entities and 0 collections);
    1958 nanoseconds spent executing 1 pre-partial-flushes;
    917 nanoseconds spent executing 1 partial-flushes (flushing a total of 0 entities and 0 collections)
}
2026-10-07T02:05:07.609+09:00  INFO [requestId:371643c7-7065-42d9-a166-d32b65715cb0] 80627 --- [sc-reference-app] [           main] i.StatisticalLoggingSessionEventListener : Session Metrics {
    2459 nanoseconds spent acquiring 1 JDBC connections;
    0 nanoseconds spent releasing 0 JDBC connections;
    0 nanoseconds spent preparing 0 JDBC statements;
    0 nanoseconds spent executing 0 JDBC statements;
    0 nanoseconds spent executing 0 JDBC batches;
    0 nanoseconds spent performing 0 L2C puts;
    0 nanoseconds spent performing 0 L2C hits;
    0 nanoseconds spent performing 0 L2C misses;
    0 nanoseconds spent executing 0 flushes (flushing a total of 0 entities and 0 collections);
    0 nanoseconds spent executing 0 pre-partial-flushes;
    0 nanoseconds spent executing 0 partial-flushes (flushing a total of 0 entities and 0 collections)
}
2026-10-07T02:05:07.610+09:00  INFO [requestId:371643c7-7065-42d9-a166-d32b65715cb0] 80627 --- [sc-reference-app] [           main] i.StatisticalLoggingSessionEventListener : Session Metrics {
    2208 nanoseconds spent acquiring 1 JDBC connections;
    0 nanoseconds spent releasing 0 JDBC connections;
    0 nanoseconds spent preparing 0 JDBC statements;
    0 nanoseconds spent executing 0 JDBC statements;
    0 nanoseconds spent executing 0 JDBC batches;
    0 nanoseconds spent performing 0 L2C puts;
    0 nanoseconds spent performing 0 L2C hits;
    0 nanoseconds spent performing 0 L2C misses;
    0 nanoseconds spent executing 0 flushes (flushing a total of 0 entities and 0 collections);
    0 nanoseconds spent executing 0 pre-partial-flushes;
    0 nanoseconds spent executing 0 partial-flushes (flushing a total of 0 entities and 0 collections)
}
2026-10-07T02:05:07.611+09:00  INFO [requestId:5627f449-2a36-409d-b563-251b32fe65f4] 80627 --- [sc-reference-app] [           main] i.StatisticalLoggingSessionEventListener : Session Metrics {
    1625 nanoseconds spent acquiring 1 JDBC connections;
    0 nanoseconds spent releasing 0 JDBC connections;
    29000 nanoseconds spent preparing 1 JDBC statements;
    23958 nanoseconds spent executing 1 JDBC statements;
    0 nanoseconds spent executing 0 JDBC batches;
    0 nanoseconds spent performing 0 L2C puts;
    0 nanoseconds spent performing 0 L2C hits;
    0 nanoseconds spent performing 0 L2C misses;
    0 nanoseconds spent executing 0 flushes (flushing a total of 0 entities and 0 collections);
    792 nanoseconds spent executing 1 pre-partial-flushes;
    1250 nanoseconds spent executing 1 partial-flushes (flushing a total of 0 entities and 0 collections)
}
2026-10-07T02:05:07.611+09:00  INFO [requestId:5627f449-2a36-409d-b563-251b32fe65f4] 80627 --- [sc-reference-app] [           main] i.StatisticalLoggingSessionEventListener : Session Metrics {
    917 nanoseconds spent acquiring 1 JDBC connections;
    0 nanoseconds spent releasing 0 JDBC connections;
    0 nanoseconds spent preparing 0 JDBC statements;
    0 nanoseconds spent executing 0 JDBC statements;
    0 nanoseconds spent executing 0 JDBC batches;
    0 nanoseconds spent performing 0 L2C puts;
    0 nanoseconds spent performing 0 L2C hits;
    0 nanoseconds spent performing 0 L2C misses;
    0 nanoseconds spent executing 0 flushes (flushing a total of 0 entities and 0 collections);
    0 nanoseconds spent executing 0 pre-partial-flushes;
    0 nanoseconds spent executing 0 partial-flushes (flushing a total of 0 entities and 0 collections)
}
2026-10-07T02:05:07.611+09:00  INFO [requestId:5627f449-2a36-409d-b563-251b32fe65f4] 80627 --- [sc-reference-app] [           main] i.StatisticalLoggingSessionEventListener : Session Metrics {
    1125 nanoseconds spent acquiring 1 JDBC connections;
    0 nanoseconds spent releasing 0 JDBC connections;
    0 nanoseconds spent preparing 0 JDBC statements;
    0 nanoseconds spent executing 0 JDBC statements;
    0 nanoseconds spent executing 0 JDBC batches;
    0 nanoseconds spent performing 0 L2C puts;
    0 nanoseconds spent performing 0 L2C hits;
    0 nanoseconds spent performing 0 L2C misses;
    0 nanoseconds spent executing 0 flushes (flushing a total of 0 entities and 0 collections);
    0 nanoseconds spent executing 0 pre-partial-flushes;
    0 nanoseconds spent executing 0 partial-flushes (flushing a total of 0 entities and 0 collections)
}
2026-10-07T02:05:07.612+09:00  INFO [requestId:d943a5dc-55e6-4e87-bb09-99bea75c6231] 80627 --- [sc-reference-app] [           main] i.StatisticalLoggingSessionEventListener : Session Metrics {
    2416 nanoseconds spent acquiring 1 JDBC connections;
    0 nanoseconds spent releasing 0 JDBC connections;
    36459 nanoseconds spent preparing 1 JDBC statements;
    33375 nanoseconds spent executing 1 JDBC statements;
    0 nanoseconds spent executing 0 JDBC batches;
    0 nanoseconds spent performing 0 L2C puts;
    0 nanoseconds spent performing 0 L2C hits;
    0 nanoseconds spent performing 0 L2C misses;
    0 nanoseconds spent executing 0 flushes (flushing a total of 0 entities and 0 collections);
    1583 nanoseconds spent executing 1 pre-partial-flushes;
    1416 nanoseconds spent executing 1 partial-flushes (flushing a total of 0 entities and 0 collections)
}
2026-10-07T02:05:07.612+09:00  INFO [requestId:d943a5dc-55e6-4e87-bb09-99bea75c6231] 80627 --- [sc-reference-app] [           main] i.StatisticalLoggingSessionEventListener : Session Metrics {
    1417 nanoseconds spent acquiring 1 JDBC connections;
    0 nanoseconds spent releasing 0 JDBC connections;
    0 nanoseconds spent preparing 0 JDBC statements;
    0 nanoseconds spent executing 0 JDBC statements;
    0 nanoseconds spent executing 0 JDBC batches;
    0 nanoseconds spent performing 0 L2C puts;
    0 nanoseconds spent performing 0 L2C hits;
    0 nanoseconds spent performing 0 L2C misses;
    0 nanoseconds spent executing 0 flushes (flushing a total of 0 entities and 0 collections);
    0 nanoseconds spent executing 0 pre-partial-flushes;
    0 nanoseconds spent executing 0 partial-flushes (flushing a total of 0 entities and 0 collections)
}
2026-10-07T02:05:07.612+09:00  INFO [requestId:d943a5dc-55e6-4e87-bb09-99bea75c6231] 80627 --- [sc-reference-app] [           main] i.StatisticalLoggingSessionEventListener : Session Metrics {
    1000 nanoseconds spent acquiring 1 JDBC connections;
    0 nanoseconds spent releasing 0 JDBC connections;
    0 nanoseconds spent preparing 0 JDBC statements;
    0 nanoseconds spent executing 0 JDBC statements;
    0 nanoseconds spent executing 0 JDBC batches;
    0 nanoseconds spent performing 0 L2C puts;
    0 nanoseconds spent performing 0 L2C hits;
    0 nanoseconds spent performing 0 L2C misses;
    0 nanoseconds spent executing 0 flushes (flushing a total of 0 entities and 0 collections);
    0 nanoseconds spent executing 0 pre-partial-flushes;
    0 nanoseconds spent executing 0 partial-flushes (flushing a total of 0 entities and 0 collections)
}
2026-10-07T02:05:07.613+09:00  INFO [requestId:5a119fdc-ad57-4993-89b3-020ae4113d12] 80627 --- [sc-reference-app] [           main] i.StatisticalLoggingSessionEventListener : Session Metrics {
    2791 nanoseconds spent acquiring 1 JDBC connections;
    0 nanoseconds spent releasing 0 JDBC connections;
    30083 nanoseconds spent preparing 1 JDBC statements;
    18625 nanoseconds spent executing 1 JDBC statements;
    0 nanoseconds spent executing 0 JDBC batches;
    0 nanoseconds spent performing 0 L2C puts;
    0 nanoseconds spent performing 0 L2C hits;
    0 nanoseconds spent performing 0 L2C misses;
    0 nanoseconds spent executing 0 flushes (flushing a total of 0 entities and 0 collections);
    1291 nanoseconds spent executing 1 pre-partial-flushes;
    1167 nanoseconds spent executing 1 partial-flushes (flushing a total of 0 entities and 0 collections)
}
2026-10-07T02:05:07.614+09:00  INFO [requestId:5a119fdc-ad57-4993-89b3-020ae4113d12] 80627 --- [sc-reference-app] [           main] i.StatisticalLoggingSessionEventListener : Session Metrics {
    1416 nanoseconds spent acquiring 1 JDBC connections;
    0 nanoseconds spent releasing 0 JDBC connections;
    0 nanoseconds spent preparing 0 JDBC statements;
    0 nanoseconds spent executing 0 JDBC statements;
    0 nanoseconds spent executing 0 JDBC batches;
    0 nanoseconds spent performing 0 L2C puts;
    0 nanoseconds spent performing 0 L2C hits;
    0 nanoseconds spent performing 0 L2C misses;
    0 nanoseconds spent executing 0 flushes (flushing a total of 0 entities and 0 collections);
    0 nanoseconds spent executing 0 pre-partial-flushes;
    0 nanoseconds spent executing 0 partial-flushes (flushing a total of 0 entities and 0 collections)
}
2026-10-07T02:05:07.614+09:00  INFO [requestId:5a119fdc-ad57-4993-89b3-020ae4113d12] 80627 --- [sc-reference-app] [           main] i.StatisticalLoggingSessionEventListener : Session Metrics {
    1125 nanoseconds spent acquiring 1 JDBC connections;
    0 nanoseconds spent releasing 0 JDBC connections;
    0 nanoseconds spent preparing 0 JDBC statements;
    0 nanoseconds spent executing 0 JDBC statements;
    0 nanoseconds spent executing 0 JDBC batches;
    0 nanoseconds spent performing 0 L2C puts;
    0 nanoseconds spent performing 0 L2C hits;
    0 nanoseconds spent performing 0 L2C misses;
    0 nanoseconds spent executing 0 flushes (flushing a total of 0 entities and 0 collections);
    0 nanoseconds spent executing 0 pre-partial-flushes;
    0 nanoseconds spent executing 0 partial-flushes (flushing a total of 0 entities and 0 collections)
}
2026-10-07T02:05:07.617+09:00  INFO [requestId:759dab4b-0cf2-4466-86a3-564957bc6fe2] 80627 --- [sc-reference-app] [           main] i.StatisticalLoggingSessionEventListener : Session Metrics {
    1125 nanoseconds spent acquiring 1 JDBC connections;
    0 nanoseconds spent releasing 0 JDBC connections;
    0 nanoseconds spent preparing 0 JDBC statements;
    0 nanoseconds spent executing 0 JDBC statements;
    0 nanoseconds spent executing 0 JDBC batches;
    0 nanoseconds spent performing 0 L2C puts;
    0 nanoseconds spent performing 0 L2C hits;
    0 nanoseconds spent performing 0 L2C misses;
    0 nanoseconds spent executing 0 flushes (flushing a total of 0 entities and 0 collections);
    0 nanoseconds spent executing 0 pre-partial-flushes;
    0 nanoseconds spent executing 0 partial-flushes (flushing a total of 0 entities and 0 collections)
}
2026-10-07T02:05:07.621+09:00  INFO [requestId:] 80627 --- [sc-reference-app] [           main] i.StatisticalLoggingSessionEventListener : Session Metrics {
    1500 nanoseconds spent acquiring 1 JDBC connections;
    0 nanoseconds spent releasing 0 JDBC connections;
    36084 nanoseconds spent preparing 1 JDBC statements;
    18166 nanoseconds spent executing 1 JDBC statements;
    0 nanoseconds spent executing 0 JDBC batches;
    0 nanoseconds spent performing 0 L2C puts;
    0 nanoseconds spent performing 0 L2C hits;
    0 nanoseconds spent performing 0 L2C misses;
    0 nanoseconds spent executing 0 flushes (flushing a total of 0 entities and 0 collections);
    0 nanoseconds spent executing 0 pre-partial-flushes;
    0 nanoseconds spent executing 0 partial-flushes (flushing a total of 0 entities and 0 collections)
}
2026-10-07T02:05:07.621+09:00  INFO [requestId:] 80627 --- [sc-reference-app] [           main] i.StatisticalLoggingSessionEventListener : Session Metrics {
    708 nanoseconds spent acquiring 1 JDBC connections;
    0 nanoseconds spent releasing 0 JDBC connections;
    10542 nanoseconds spent preparing 1 JDBC statements;
    4750 nanoseconds spent executing 1 JDBC statements;
    0 nanoseconds spent executing 0 JDBC batches;
    0 nanoseconds spent performing 0 L2C puts;
    0 nanoseconds spent performing 0 L2C hits;
    0 nanoseconds spent performing 0 L2C misses;
    0 nanoseconds spent executing 0 flushes (flushing a total of 0 entities and 0 collections);
    0 nanoseconds spent executing 0 pre-partial-flushes;
    0 nanoseconds spent executing 0 partial-flushes (flushing a total of 0 entities and 0 collections)
}
2026-10-07T02:05:07.624+09:00  INFO [requestId:ad3d2e43-6994-4729-9a84-2ebc3a4be329] 80627 --- [sc-reference-app] [           main] i.StatisticalLoggingSessionEventListener : Session Metrics {
    2166 nanoseconds spent acquiring 1 JDBC connections;
    0 nanoseconds spent releasing 0 JDBC connections;
    37375 nanoseconds spent preparing 1 JDBC statements;
    20791 nanoseconds spent executing 1 JDBC statements;
    0 nanoseconds spent executing 0 JDBC batches;
    0 nanoseconds spent performing 0 L2C puts;
    0 nanoseconds spent performing 0 L2C hits;
    0 nanoseconds spent performing 0 L2C misses;
    0 nanoseconds spent executing 0 flushes (flushing a total of 0 entities and 0 collections);
    0 nanoseconds spent executing 0 pre-partial-flushes;
    0 nanoseconds spent executing 0 partial-flushes (flushing a total of 0 entities and 0 collections)
}
2026-10-07T02:05:07.682+09:00  INFO [requestId:ad3d2e43-6994-4729-9a84-2ebc3a4be329] 80627 --- [sc-reference-app] [           main] i.StatisticalLoggingSessionEventListener : Session Metrics {
    3875 nanoseconds spent acquiring 1 JDBC connections;
    0 nanoseconds spent releasing 0 JDBC connections;
    0 nanoseconds spent preparing 0 JDBC statements;
    0 nanoseconds spent executing 0 JDBC statements;
    0 nanoseconds spent executing 0 JDBC batches;
    0 nanoseconds spent performing 0 L2C puts;
    0 nanoseconds spent performing 0 L2C hits;
    0 nanoseconds spent performing 0 L2C misses;
    0 nanoseconds spent executing 0 flushes (flushing a total of 0 entities and 0 collections);
    0 nanoseconds spent executing 0 pre-partial-flushes;
    0 nanoseconds spent executing 0 partial-flushes (flushing a total of 0 entities and 0 collections)
}
2026-10-07T02:05:07.683+09:00  INFO [requestId:6930a7cc-cf00-4ebc-a136-b6bfdb409275] 80627 --- [sc-reference-app] [           main] i.StatisticalLoggingSessionEventListener : Session Metrics {
    1917 nanoseconds spent acquiring 1 JDBC connections;
    0 nanoseconds spent releasing 0 JDBC connections;
    46583 nanoseconds spent preparing 1 JDBC statements;
    26125 nanoseconds spent executing 1 JDBC statements;
    0 nanoseconds spent executing 0 JDBC batches;
    0 nanoseconds spent performing 0 L2C puts;
    0 nanoseconds spent performing 0 L2C hits;
    0 nanoseconds spent performing 0 L2C misses;
    0 nanoseconds spent executing 0 flushes (flushing a total of 0 entities and 0 collections);
    0 nanoseconds spent executing 0 pre-partial-flushes;
    0 nanoseconds spent executing 0 partial-flushes (flushing a total of 0 entities and 0 collections)
}
2026-10-07T02:05:07.741+09:00  INFO [requestId:6930a7cc-cf00-4ebc-a136-b6bfdb409275] 80627 --- [sc-reference-app] [           main] i.StatisticalLoggingSessionEventListener : Session Metrics {
    3542 nanoseconds spent acquiring 1 JDBC connections;
    0 nanoseconds spent releasing 0 JDBC connections;
    0 nanoseconds spent preparing 0 JDBC statements;
    0 nanoseconds spent executing 0 JDBC statements;
    0 nanoseconds spent executing 0 JDBC batches;
    0 nanoseconds spent performing 0 L2C puts;
    0 nanoseconds spent performing 0 L2C hits;
    0 nanoseconds spent performing 0 L2C misses;
    0 nanoseconds spent executing 0 flushes (flushing a total of 0 entities and 0 collections);
    0 nanoseconds spent executing 0 pre-partial-flushes;
    0 nanoseconds spent executing 0 partial-flushes (flushing a total of 0 entities and 0 collections)
}
2026-10-07T02:05:07.742+09:00  INFO [requestId:6eb5677e-5160-4d86-bec4-43702900bfc9] 80627 --- [sc-reference-app] [           main] i.StatisticalLoggingSessionEventListener : Session Metrics {
    3041 nanoseconds spent acquiring 1 JDBC connections;
    0 nanoseconds spent releasing 0 JDBC connections;
    45000 nanoseconds spent preparing 1 JDBC statements;
    29208 nanoseconds spent executing 1 JDBC statements;
    0 nanoseconds spent executing 0 JDBC batches;
    0 nanoseconds spent performing 0 L2C puts;
    0 nanoseconds spent performing 0 L2C hits;
    0 nanoseconds spent performing 0 L2C misses;
    0 nanoseconds spent executing 0 flushes (flushing a total of 0 entities and 0 collections);
    0 nanoseconds spent executing 0 pre-partial-flushes;
    0 nanoseconds spent executing 0 partial-flushes (flushing a total of 0 entities and 0 collections)
}
2026-10-07T02:05:07.800+09:00  INFO [requestId:6eb5677e-5160-4d86-bec4-43702900bfc9] 80627 --- [sc-reference-app] [           main] i.StatisticalLoggingSessionEventListener : Session Metrics {
    3541 nanoseconds spent acquiring 1 JDBC connections;
    0 nanoseconds spent releasing 0 JDBC connections;
    0 nanoseconds spent preparing 0 JDBC statements;
    0 nanoseconds spent executing 0 JDBC statements;
    0 nanoseconds spent executing 0 JDBC batches;
    0 nanoseconds spent performing 0 L2C puts;
    0 nanoseconds spent performing 0 L2C hits;
    0 nanoseconds spent performing 0 L2C misses;
    0 nanoseconds spent executing 0 flushes (flushing a total of 0 entities and 0 collections);
    0 nanoseconds spent executing 0 pre-partial-flushes;
    0 nanoseconds spent executing 0 partial-flushes (flushing a total of 0 entities and 0 collections)
}
2026-10-07T02:05:07.802+09:00  INFO [requestId:] 80627 --- [sc-reference-app] [           main] i.StatisticalLoggingSessionEventListener : Session Metrics {
    6250 nanoseconds spent acquiring 1 JDBC connections;
    0 nanoseconds spent releasing 0 JDBC connections;
    0 nanoseconds spent preparing 0 JDBC statements;
    0 nanoseconds spent executing 0 JDBC statements;
    0 nanoseconds spent executing 0 JDBC batches;
    0 nanoseconds spent performing 0 L2C puts;
    0 nanoseconds spent performing 0 L2C hits;
    0 nanoseconds spent performing 0 L2C misses;
    0 nanoseconds spent executing 0 flushes (flushing a total of 0 entities and 0 collections);
    0 nanoseconds spent executing 0 pre-partial-flushes;
    0 nanoseconds spent executing 0 partial-flushes (flushing a total of 0 entities and 0 collections)
}
2026-10-07T02:05:07.803+09:00  INFO [requestId:] 80627 --- [sc-reference-app] [pool-6-thread-1] i.StatisticalLoggingSessionEventListener : Session Metrics {
    5875 nanoseconds spent acquiring 1 JDBC connections;
    0 nanoseconds spent releasing 0 JDBC connections;
    0 nanoseconds spent preparing 0 JDBC statements;
    0 nanoseconds spent executing 0 JDBC statements;
    0 nanoseconds spent executing 0 JDBC batches;
    0 nanoseconds spent performing 0 L2C puts;
    0 nanoseconds spent performing 0 L2C hits;
    0 nanoseconds spent performing 0 L2C misses;
    0 nanoseconds spent executing 0 flushes (flushing a total of 0 entities and 0 collections);
    0 nanoseconds spent executing 0 pre-partial-flushes;
    0 nanoseconds spent executing 0 partial-flushes (flushing a total of 0 entities and 0 collections)
}
2026-10-07T02:05:07.804+09:00  INFO [requestId:] 80627 --- [sc-reference-app] [           main] i.StatisticalLoggingSessionEventListener : Session Metrics {
    2208 nanoseconds spent acquiring 1 JDBC connections;
    0 nanoseconds spent releasing 0 JDBC connections;
    0 nanoseconds spent preparing 0 JDBC statements;
    0 nanoseconds spent executing 0 JDBC statements;
    0 nanoseconds spent executing 0 JDBC batches;
    0 nanoseconds spent performing 0 L2C puts;
    0 nanoseconds spent performing 0 L2C hits;
    0 nanoseconds spent performing 0 L2C misses;
    0 nanoseconds spent executing 0 flushes (flushing a total of 0 entities and 0 collections);
    0 nanoseconds spent executing 0 pre-partial-flushes;
    0 nanoseconds spent executing 0 partial-flushes (flushing a total of 0 entities and 0 collections)
}
2026-10-07T02:05:07.808+09:00  INFO [requestId:] 80627 --- [sc-reference-app] [           main] i.StatisticalLoggingSessionEventListener : Session Metrics {
    1292 nanoseconds spent acquiring 1 JDBC connections;
    0 nanoseconds spent releasing 0 JDBC connections;
    28708 nanoseconds spent preparing 1 JDBC statements;
    31834 nanoseconds spent executing 1 JDBC statements;
    0 nanoseconds spent executing 0 JDBC batches;
    0 nanoseconds spent performing 0 L2C puts;
    0 nanoseconds spent performing 0 L2C hits;
    0 nanoseconds spent performing 0 L2C misses;
    0 nanoseconds spent executing 0 flushes (flushing a total of 0 entities and 0 collections);
    0 nanoseconds spent executing 0 pre-partial-flushes;
    0 nanoseconds spent executing 0 partial-flushes (flushing a total of 0 entities and 0 collections)
}
2026-10-07T02:05:07.808+09:00  INFO [requestId:] 80627 --- [sc-reference-app] [           main] i.StatisticalLoggingSessionEventListener : Session Metrics {
    791 nanoseconds spent acquiring 1 JDBC connections;
    0 nanoseconds spent releasing 0 JDBC connections;
    10750 nanoseconds spent preparing 1 JDBC statements;
    5583 nanoseconds spent executing 1 JDBC statements;
    0 nanoseconds spent executing 0 JDBC batches;
    0 nanoseconds spent performing 0 L2C puts;
    0 nanoseconds spent performing 0 L2C hits;
    0 nanoseconds spent performing 0 L2C misses;
    0 nanoseconds spent executing 0 flushes (flushing a total of 0 entities and 0 collections);
    0 nanoseconds spent executing 0 pre-partial-flushes;
    0 nanoseconds spent executing 0 partial-flushes (flushing a total of 0 entities and 0 collections)
}
2026-10-07T02:05:07.810+09:00  INFO [requestId:ad801dad-7922-4677-bae2-52cb6c7624b8] 80627 --- [sc-reference-app] [           main] i.StatisticalLoggingSessionEventListener : Session Metrics {
    3125 nanoseconds spent acquiring 1 JDBC connections;
    0 nanoseconds spent releasing 0 JDBC connections;
    37750 nanoseconds spent preparing 1 JDBC statements;
    25583 nanoseconds spent executing 1 JDBC statements;
    0 nanoseconds spent executing 0 JDBC batches;
    0 nanoseconds spent performing 0 L2C puts;
    0 nanoseconds spent performing 0 L2C hits;
    0 nanoseconds spent performing 0 L2C misses;
    0 nanoseconds spent executing 0 flushes (flushing a total of 0 entities and 0 collections);
    0 nanoseconds spent executing 0 pre-partial-flushes;
    0 nanoseconds spent executing 0 partial-flushes (flushing a total of 0 entities and 0 collections)
}
2026-10-07T02:05:07.868+09:00  INFO [requestId:ad801dad-7922-4677-bae2-52cb6c7624b8] 80627 --- [sc-reference-app] [           main] i.StatisticalLoggingSessionEventListener : Session Metrics {
    2708 nanoseconds spent acquiring 1 JDBC connections;
    0 nanoseconds spent releasing 0 JDBC connections;
    0 nanoseconds spent preparing 0 JDBC statements;
    0 nanoseconds spent executing 0 JDBC statements;
    0 nanoseconds spent executing 0 JDBC batches;
    0 nanoseconds spent performing 0 L2C puts;
    0 nanoseconds spent performing 0 L2C hits;
    0 nanoseconds spent performing 0 L2C misses;
    0 nanoseconds spent executing 0 flushes (flushing a total of 0 entities and 0 collections);
    0 nanoseconds spent executing 0 pre-partial-flushes;
    0 nanoseconds spent executing 0 partial-flushes (flushing a total of 0 entities and 0 collections)
}
2026-10-07T02:05:07.870+09:00  INFO [requestId:3cb5718c-171f-4895-9430-47c616325755] 80627 --- [sc-reference-app] [           main] i.StatisticalLoggingSessionEventListener : Session Metrics {
    2750 nanoseconds spent acquiring 1 JDBC connections;
    0 nanoseconds spent releasing 0 JDBC connections;
    58791 nanoseconds spent preparing 1 JDBC statements;
    27000 nanoseconds spent executing 1 JDBC statements;
    0 nanoseconds spent executing 0 JDBC batches;
    0 nanoseconds spent performing 0 L2C puts;
    0 nanoseconds spent performing 0 L2C hits;
    0 nanoseconds spent performing 0 L2C misses;
    0 nanoseconds spent executing 0 flushes (flushing a total of 0 entities and 0 collections);
    0 nanoseconds spent executing 0 pre-partial-flushes;
    0 nanoseconds spent executing 0 partial-flushes (flushing a total of 0 entities and 0 collections)
}
2026-10-07T02:05:07.927+09:00  INFO [requestId:3cb5718c-171f-4895-9430-47c616325755] 80627 --- [sc-reference-app] [           main] i.StatisticalLoggingSessionEventListener : Session Metrics {
    3208 nanoseconds spent acquiring 1 JDBC connections;
    0 nanoseconds spent releasing 0 JDBC connections;
    0 nanoseconds spent preparing 0 JDBC statements;
    0 nanoseconds spent executing 0 JDBC statements;
    0 nanoseconds spent executing 0 JDBC batches;
    0 nanoseconds spent performing 0 L2C puts;
    0 nanoseconds spent performing 0 L2C hits;
    0 nanoseconds spent performing 0 L2C misses;
    0 nanoseconds spent executing 0 flushes (flushing a total of 0 entities and 0 collections);
    0 nanoseconds spent executing 0 pre-partial-flushes;
    0 nanoseconds spent executing 0 partial-flushes (flushing a total of 0 entities and 0 collections)
}
2026-10-07T02:05:07.929+09:00  INFO [requestId:a429e4a1-42f7-4c76-b0c9-d7dc1f06300c] 80627 --- [sc-reference-app] [           main] i.StatisticalLoggingSessionEventListener : Session Metrics {
    2291 nanoseconds spent acquiring 1 JDBC connections;
    0 nanoseconds spent releasing 0 JDBC connections;
    54875 nanoseconds spent preparing 1 JDBC statements;
    28333 nanoseconds spent executing 1 JDBC statements;
    0 nanoseconds spent executing 0 JDBC batches;
    0 nanoseconds spent performing 0 L2C puts;
    0 nanoseconds spent performing 0 L2C hits;
    0 nanoseconds spent performing 0 L2C misses;
    0 nanoseconds spent executing 0 flushes (flushing a total of 0 entities and 0 collections);
    0 nanoseconds spent executing 0 pre-partial-flushes;
    0 nanoseconds spent executing 0 partial-flushes (flushing a total of 0 entities and 0 collections)
}
2026-10-07T02:05:07.986+09:00  INFO [requestId:a429e4a1-42f7-4c76-b0c9-d7dc1f06300c] 80627 --- [sc-reference-app] [           main] i.StatisticalLoggingSessionEventListener : Session Metrics {
    2000 nanoseconds spent acquiring 1 JDBC connections;
    0 nanoseconds spent releasing 0 JDBC connections;
    0 nanoseconds spent preparing 0 JDBC statements;
    0 nanoseconds spent executing 0 JDBC statements;
    0 nanoseconds spent executing 0 JDBC batches;
    0 nanoseconds spent performing 0 L2C puts;
    0 nanoseconds spent performing 0 L2C hits;
    0 nanoseconds spent performing 0 L2C misses;
    0 nanoseconds spent executing 0 flushes (flushing a total of 0 entities and 0 collections);
    0 nanoseconds spent executing 0 pre-partial-flushes;
    0 nanoseconds spent executing 0 partial-flushes (flushing a total of 0 entities and 0 collections)
}
2026-10-07T02:05:07.988+09:00  INFO [requestId:32eff36b-6f71-468e-a4a0-f53e36cd51a6] 80627 --- [sc-reference-app] [           main] i.StatisticalLoggingSessionEventListener : Session Metrics {
    1667 nanoseconds spent acquiring 1 JDBC connections;
    0 nanoseconds spent releasing 0 JDBC connections;
    40292 nanoseconds spent preparing 1 JDBC statements;
    22542 nanoseconds spent executing 1 JDBC statements;
    0 nanoseconds spent executing 0 JDBC batches;
    0 nanoseconds spent performing 0 L2C puts;
    0 nanoseconds spent performing 0 L2C hits;
    0 nanoseconds spent performing 0 L2C misses;
    0 nanoseconds spent executing 0 flushes (flushing a total of 0 entities and 0 collections);
    2500 nanoseconds spent executing 1 pre-partial-flushes;
    1500 nanoseconds spent executing 1 partial-flushes (flushing a total of 0 entities and 0 collections)
}
2026-10-07T02:05:07.990+09:00  INFO [requestId:32eff36b-6f71-468e-a4a0-f53e36cd51a6] 80627 --- [sc-reference-app] [           main] i.StatisticalLoggingSessionEventListener : Session Metrics {
    1375 nanoseconds spent acquiring 1 JDBC connections;
    0 nanoseconds spent releasing 0 JDBC connections;
    0 nanoseconds spent preparing 0 JDBC statements;
    0 nanoseconds spent executing 0 JDBC statements;
    0 nanoseconds spent executing 0 JDBC batches;
    0 nanoseconds spent performing 0 L2C puts;
    0 nanoseconds spent performing 0 L2C hits;
    0 nanoseconds spent performing 0 L2C misses;
    0 nanoseconds spent executing 0 flushes (flushing a total of 0 entities and 0 collections);
    0 nanoseconds spent executing 0 pre-partial-flushes;
    0 nanoseconds spent executing 0 partial-flushes (flushing a total of 0 entities and 0 collections)
}
2026-10-07T02:05:07.991+09:00  INFO [requestId:93107ea8-31de-4f4d-8c14-fbf156595bb2] 80627 --- [sc-reference-app] [           main] i.StatisticalLoggingSessionEventListener : Session Metrics {
    3000 nanoseconds spent acquiring 1 JDBC connections;
    0 nanoseconds spent releasing 0 JDBC connections;
    36625 nanoseconds spent preparing 1 JDBC statements;
    19416 nanoseconds spent executing 1 JDBC statements;
    0 nanoseconds spent executing 0 JDBC batches;
    0 nanoseconds spent performing 0 L2C puts;
    0 nanoseconds spent performing 0 L2C hits;
    0 nanoseconds spent performing 0 L2C misses;
    0 nanoseconds spent executing 0 flushes (flushing a total of 0 entities and 0 collections);
    1875 nanoseconds spent executing 1 pre-partial-flushes;
    1250 nanoseconds spent executing 1 partial-flushes (flushing a total of 0 entities and 0 collections)
}
2026-10-07T02:05:07.995+09:00  INFO [requestId:93107ea8-31de-4f4d-8c14-fbf156595bb2] 80627 --- [sc-reference-app] [           main] i.StatisticalLoggingSessionEventListener : Session Metrics {
    1333 nanoseconds spent acquiring 1 JDBC connections;
    0 nanoseconds spent releasing 0 JDBC connections;
    271124 nanoseconds spent preparing 4 JDBC statements;
    135666 nanoseconds spent executing 4 JDBC statements;
    0 nanoseconds spent executing 0 JDBC batches;
    0 nanoseconds spent performing 0 L2C puts;
    0 nanoseconds spent performing 0 L2C hits;
    0 nanoseconds spent performing 0 L2C misses;
    0 nanoseconds spent executing 0 flushes (flushing a total of 0 entities and 0 collections);
    4957 nanoseconds spent executing 4 pre-partial-flushes;
    4167 nanoseconds spent executing 4 partial-flushes (flushing a total of 0 entities and 0 collections)
}
2026-10-07T02:05:07.997+09:00  INFO [requestId:6f551009-a285-4165-96f5-9d984aa5f7d4] 80627 --- [sc-reference-app] [           main] i.StatisticalLoggingSessionEventListener : Session Metrics {
    2416 nanoseconds spent acquiring 1 JDBC connections;
    0 nanoseconds spent releasing 0 JDBC connections;
    4208 nanoseconds spent preparing 1 JDBC statements;
    14542 nanoseconds spent executing 1 JDBC statements;
    0 nanoseconds spent executing 0 JDBC batches;
    0 nanoseconds spent performing 0 L2C puts;
    0 nanoseconds spent performing 0 L2C hits;
    0 nanoseconds spent performing 0 L2C misses;
    0 nanoseconds spent executing 0 flushes (flushing a total of 0 entities and 0 collections);
    875 nanoseconds spent executing 1 pre-partial-flushes;
    1416 nanoseconds spent executing 1 partial-flushes (flushing a total of 0 entities and 0 collections)
}
2026-10-07T02:05:07.999+09:00  INFO [requestId:6f551009-a285-4165-96f5-9d984aa5f7d4] 80627 --- [sc-reference-app] [           main] i.StatisticalLoggingSessionEventListener : Session Metrics {
    2666 nanoseconds spent acquiring 1 JDBC connections;
    0 nanoseconds spent releasing 0 JDBC connections;
    0 nanoseconds spent preparing 0 JDBC statements;
    0 nanoseconds spent executing 0 JDBC statements;
    0 nanoseconds spent executing 0 JDBC batches;
    0 nanoseconds spent performing 0 L2C puts;
    0 nanoseconds spent performing 0 L2C hits;
    0 nanoseconds spent performing 0 L2C misses;
    0 nanoseconds spent executing 0 flushes (flushing a total of 0 entities and 0 collections);
    0 nanoseconds spent executing 0 pre-partial-flushes;
    0 nanoseconds spent executing 0 partial-flushes (flushing a total of 0 entities and 0 collections)
}
2026-10-07T02:05:08.001+09:00  INFO [requestId:15751cca-fd99-440c-b535-12762b30db34] 80627 --- [sc-reference-app] [           main] i.StatisticalLoggingSessionEventListener : Session Metrics {
    2875 nanoseconds spent acquiring 1 JDBC connections;
    0 nanoseconds spent releasing 0 JDBC connections;
    8250 nanoseconds spent preparing 1 JDBC statements;
    27459 nanoseconds spent executing 1 JDBC statements;
    0 nanoseconds spent executing 0 JDBC batches;
    0 nanoseconds spent performing 0 L2C puts;
    0 nanoseconds spent performing 0 L2C hits;
    0 nanoseconds spent performing 0 L2C misses;
    0 nanoseconds spent executing 0 flushes (flushing a total of 0 entities and 0 collections);
    1292 nanoseconds spent executing 1 pre-partial-flushes;
    1459 nanoseconds spent executing 1 partial-flushes (flushing a total of 0 entities and 0 collections)
}
2026-10-07T02:05:08.004+09:00  INFO [requestId:15751cca-fd99-440c-b535-12762b30db34] 80627 --- [sc-reference-app] [           main] i.StatisticalLoggingSessionEventListener : Session Metrics {
    1834 nanoseconds spent acquiring 1 JDBC connections;
    0 nanoseconds spent releasing 0 JDBC connections;
    208960 nanoseconds spent preparing 4 JDBC statements;
    143874 nanoseconds spent executing 4 JDBC statements;
    0 nanoseconds spent executing 0 JDBC batches;
    0 nanoseconds spent performing 0 L2C puts;
    0 nanoseconds spent performing 0 L2C hits;
    0 nanoseconds spent performing 0 L2C misses;
    0 nanoseconds spent executing 0 flushes (flushing a total of 0 entities and 0 collections);
    4417 nanoseconds spent executing 4 pre-partial-flushes;
    16458 nanoseconds spent executing 4 partial-flushes (flushing a total of 0 entities and 0 collections)
}
2026-10-07T02:05:08.004+09:00  INFO [requestId:c013a827-ebd4-4778-8f32-4a1a77530365] 80627 --- [sc-reference-app] [           main] i.StatisticalLoggingSessionEventListener : Session Metrics {
    2542 nanoseconds spent acquiring 1 JDBC connections;
    0 nanoseconds spent releasing 0 JDBC connections;
    2042 nanoseconds spent preparing 1 JDBC statements;
    8291 nanoseconds spent executing 1 JDBC statements;
    0 nanoseconds spent executing 0 JDBC batches;
    0 nanoseconds spent performing 0 L2C puts;
    0 nanoseconds spent performing 0 L2C hits;
    0 nanoseconds spent performing 0 L2C misses;
    0 nanoseconds spent executing 0 flushes (flushing a total of 0 entities and 0 collections);
    1042 nanoseconds spent executing 1 pre-partial-flushes;
    834 nanoseconds spent executing 1 partial-flushes (flushing a total of 0 entities and 0 collections)
}
2026-10-07T02:05:08.006+09:00  INFO [requestId:c013a827-ebd4-4778-8f32-4a1a77530365] 80627 --- [sc-reference-app] [           main] i.StatisticalLoggingSessionEventListener : Session Metrics {
    1291 nanoseconds spent acquiring 1 JDBC connections;
    0 nanoseconds spent releasing 0 JDBC connections;
    0 nanoseconds spent preparing 0 JDBC statements;
    0 nanoseconds spent executing 0 JDBC statements;
    0 nanoseconds spent executing 0 JDBC batches;
    0 nanoseconds spent performing 0 L2C puts;
    0 nanoseconds spent performing 0 L2C hits;
    0 nanoseconds spent performing 0 L2C misses;
    0 nanoseconds spent executing 0 flushes (flushing a total of 0 entities and 0 collections);
    0 nanoseconds spent executing 0 pre-partial-flushes;
    0 nanoseconds spent executing 0 partial-flushes (flushing a total of 0 entities and 0 collections)
}
2026-10-07T02:05:08.007+09:00  INFO [requestId:b1c77b34-70b6-4433-b336-add1fe372707] 80627 --- [sc-reference-app] [           main] i.StatisticalLoggingSessionEventListener : Session Metrics {
    1708 nanoseconds spent acquiring 1 JDBC connections;
    0 nanoseconds spent releasing 0 JDBC connections;
    2792 nanoseconds spent preparing 1 JDBC statements;
    49459 nanoseconds spent executing 1 JDBC statements;
    0 nanoseconds spent executing 0 JDBC batches;
    0 nanoseconds spent performing 0 L2C puts;
    0 nanoseconds spent performing 0 L2C hits;
    0 nanoseconds spent performing 0 L2C misses;
    0 nanoseconds spent executing 0 flushes (flushing a total of 0 entities and 0 collections);
    1416 nanoseconds spent executing 1 pre-partial-flushes;
    1417 nanoseconds spent executing 1 partial-flushes (flushing a total of 0 entities and 0 collections)
}
2026-10-07T02:05:08.008+09:00  INFO [requestId:b1c77b34-70b6-4433-b336-add1fe372707] 80627 --- [sc-reference-app] [           main] i.StatisticalLoggingSessionEventListener : Session Metrics {
    1667 nanoseconds spent acquiring 1 JDBC connections;
    0 nanoseconds spent releasing 0 JDBC connections;
    44751 nanoseconds spent preparing 4 JDBC statements;
    148793 nanoseconds spent executing 4 JDBC statements;
    0 nanoseconds spent executing 0 JDBC batches;
    0 nanoseconds spent performing 0 L2C puts;
    0 nanoseconds spent performing 0 L2C hits;
    0 nanoseconds spent performing 0 L2C misses;
    0 nanoseconds spent executing 0 flushes (flushing a total of 0 entities and 0 collections);
    5957 nanoseconds spent executing 4 pre-partial-flushes;
    7876 nanoseconds spent executing 4 partial-flushes (flushing a total of 0 entities and 0 collections)
}
2026-10-07T02:05:08.009+09:00  INFO [requestId:062f8c00-1bca-49b8-87c5-17d0010aac72] 80627 --- [sc-reference-app] [           main] i.StatisticalLoggingSessionEventListener : Session Metrics {
    1292 nanoseconds spent acquiring 1 JDBC connections;
    0 nanoseconds spent releasing 0 JDBC connections;
    2834 nanoseconds spent preparing 1 JDBC statements;
    12041 nanoseconds spent executing 1 JDBC statements;
    0 nanoseconds spent executing 0 JDBC batches;
    0 nanoseconds spent performing 0 L2C puts;
    0 nanoseconds spent performing 0 L2C hits;
    0 nanoseconds spent performing 0 L2C misses;
    0 nanoseconds spent executing 0 flushes (flushing a total of 0 entities and 0 collections);
    875 nanoseconds spent executing 1 pre-partial-flushes;
    709 nanoseconds spent executing 1 partial-flushes (flushing a total of 0 entities and 0 collections)
}
2026-10-07T02:05:08.011+09:00  INFO [requestId:062f8c00-1bca-49b8-87c5-17d0010aac72] 80627 --- [sc-reference-app] [           main] i.StatisticalLoggingSessionEventListener : Session Metrics {
    875 nanoseconds spent acquiring 1 JDBC connections;
    0 nanoseconds spent releasing 0 JDBC connections;
    0 nanoseconds spent preparing 0 JDBC statements;
    0 nanoseconds spent executing 0 JDBC statements;
    0 nanoseconds spent executing 0 JDBC batches;
    0 nanoseconds spent performing 0 L2C puts;
    0 nanoseconds spent performing 0 L2C hits;
    0 nanoseconds spent performing 0 L2C misses;
    0 nanoseconds spent executing 0 flushes (flushing a total of 0 entities and 0 collections);
    0 nanoseconds spent executing 0 pre-partial-flushes;
    0 nanoseconds spent executing 0 partial-flushes (flushing a total of 0 entities and 0 collections)
}
2026-10-07T02:05:08.012+09:00  INFO [requestId:df7ee4c4-dd09-4bad-b815-3be70670c024] 80627 --- [sc-reference-app] [           main] i.StatisticalLoggingSessionEventListener : Session Metrics {
    1334 nanoseconds spent acquiring 1 JDBC connections;
    0 nanoseconds spent releasing 0 JDBC connections;
    2583 nanoseconds spent preparing 1 JDBC statements;
    19459 nanoseconds spent executing 1 JDBC statements;
    0 nanoseconds spent executing 0 JDBC batches;
    0 nanoseconds spent performing 0 L2C puts;
    0 nanoseconds spent performing 0 L2C hits;
    0 nanoseconds spent performing 0 L2C misses;
    0 nanoseconds spent executing 0 flushes (flushing a total of 0 entities and 0 collections);
    834 nanoseconds spent executing 1 pre-partial-flushes;
    792 nanoseconds spent executing 1 partial-flushes (flushing a total of 0 entities and 0 collections)
}
2026-10-07T02:05:08.013+09:00  INFO [requestId:df7ee4c4-dd09-4bad-b815-3be70670c024] 80627 --- [sc-reference-app] [           main] i.StatisticalLoggingSessionEventListener : Session Metrics {
    917 nanoseconds spent acquiring 1 JDBC connections;
    0 nanoseconds spent releasing 0 JDBC connections;
    6791 nanoseconds spent preparing 4 JDBC statements;
    143290 nanoseconds spent executing 4 JDBC statements;
    0 nanoseconds spent executing 0 JDBC batches;
    0 nanoseconds spent performing 0 L2C puts;
    0 nanoseconds spent performing 0 L2C hits;
    0 nanoseconds spent performing 0 L2C misses;
    0 nanoseconds spent executing 0 flushes (flushing a total of 0 entities and 0 collections);
    3875 nanoseconds spent executing 4 pre-partial-flushes;
    2791 nanoseconds spent executing 4 partial-flushes (flushing a total of 0 entities and 0 collections)
}
2026-10-07T02:05:08.014+09:00  INFO [requestId:69763d2d-016c-473f-9f6d-07b3d8483737] 80627 --- [sc-reference-app] [           main] i.StatisticalLoggingSessionEventListener : Session Metrics {
    2709 nanoseconds spent acquiring 1 JDBC connections;
    0 nanoseconds spent releasing 0 JDBC connections;
    2708 nanoseconds spent preparing 1 JDBC statements;
    13583 nanoseconds spent executing 1 JDBC statements;
    0 nanoseconds spent executing 0 JDBC batches;
    0 nanoseconds spent performing 0 L2C puts;
    0 nanoseconds spent performing 0 L2C hits;
    0 nanoseconds spent performing 0 L2C misses;
    0 nanoseconds spent executing 0 flushes (flushing a total of 0 entities and 0 collections);
    1000 nanoseconds spent executing 1 pre-partial-flushes;
    1125 nanoseconds spent executing 1 partial-flushes (flushing a total of 0 entities and 0 collections)
}
2026-10-07T02:05:08.016+09:00  INFO [requestId:69763d2d-016c-473f-9f6d-07b3d8483737] 80627 --- [sc-reference-app] [           main] i.StatisticalLoggingSessionEventListener : Session Metrics {
    1875 nanoseconds spent acquiring 1 JDBC connections;
    0 nanoseconds spent releasing 0 JDBC connections;
    0 nanoseconds spent preparing 0 JDBC statements;
    0 nanoseconds spent executing 0 JDBC statements;
    0 nanoseconds spent executing 0 JDBC batches;
    0 nanoseconds spent performing 0 L2C puts;
    0 nanoseconds spent performing 0 L2C hits;
    0 nanoseconds spent performing 0 L2C misses;
    0 nanoseconds spent executing 0 flushes (flushing a total of 0 entities and 0 collections);
    0 nanoseconds spent executing 0 pre-partial-flushes;
    0 nanoseconds spent executing 0 partial-flushes (flushing a total of 0 entities and 0 collections)
}
2026-10-07T02:05:08.017+09:00  INFO [requestId:94d9c91a-75a3-4ecf-8376-c2bf1d45391c] 80627 --- [sc-reference-app] [           main] i.StatisticalLoggingSessionEventListener : Session Metrics {
    2708 nanoseconds spent acquiring 1 JDBC connections;
    0 nanoseconds spent releasing 0 JDBC connections;
    2958 nanoseconds spent preparing 1 JDBC statements;
    25709 nanoseconds spent executing 1 JDBC statements;
    0 nanoseconds spent executing 0 JDBC batches;
    0 nanoseconds spent performing 0 L2C puts;
    0 nanoseconds spent performing 0 L2C hits;
    0 nanoseconds spent performing 0 L2C misses;
    0 nanoseconds spent executing 0 flushes (flushing a total of 0 entities and 0 collections);
    1042 nanoseconds spent executing 1 pre-partial-flushes;
    1041 nanoseconds spent executing 1 partial-flushes (flushing a total of 0 entities and 0 collections)
}
2026-10-07T02:05:08.017+09:00  INFO [requestId:94d9c91a-75a3-4ecf-8376-c2bf1d45391c] 80627 --- [sc-reference-app] [           main] i.StatisticalLoggingSessionEventListener : Session Metrics {
    2334 nanoseconds spent acquiring 1 JDBC connections;
    0 nanoseconds spent releasing 0 JDBC connections;
    3499 nanoseconds spent preparing 2 JDBC statements;
    72208 nanoseconds spent executing 2 JDBC statements;
    0 nanoseconds spent executing 0 JDBC batches;
    0 nanoseconds spent performing 0 L2C puts;
    0 nanoseconds spent performing 0 L2C hits;
    0 nanoseconds spent performing 0 L2C misses;
    0 nanoseconds spent executing 0 flushes (flushing a total of 0 entities and 0 collections);
    1500 nanoseconds spent executing 2 pre-partial-flushes;
    1458 nanoseconds spent executing 2 partial-flushes (flushing a total of 0 entities and 0 collections)
}
2026-10-07T02:05:08.018+09:00  INFO [requestId:7701107b-a859-4d4c-8882-a89831325952] 80627 --- [sc-reference-app] [           main] i.StatisticalLoggingSessionEventListener : Session Metrics {
    1250 nanoseconds spent acquiring 1 JDBC connections;
    0 nanoseconds spent releasing 0 JDBC connections;
    3209 nanoseconds spent preparing 1 JDBC statements;
    13125 nanoseconds spent executing 1 JDBC statements;
    0 nanoseconds spent executing 0 JDBC batches;
    0 nanoseconds spent performing 0 L2C puts;
    0 nanoseconds spent performing 0 L2C hits;
    0 nanoseconds spent performing 0 L2C misses;
    0 nanoseconds spent executing 0 flushes (flushing a total of 0 entities and 0 collections);
    1292 nanoseconds spent executing 1 pre-partial-flushes;
    1209 nanoseconds spent executing 1 partial-flushes (flushing a total of 0 entities and 0 collections)
}
2026-10-07T02:05:08.020+09:00  INFO [requestId:7701107b-a859-4d4c-8882-a89831325952] 80627 --- [sc-reference-app] [           main] i.StatisticalLoggingSessionEventListener : Session Metrics {
    2417 nanoseconds spent acquiring 1 JDBC connections;
    0 nanoseconds spent releasing 0 JDBC connections;
    0 nanoseconds spent preparing 0 JDBC statements;
    0 nanoseconds spent executing 0 JDBC statements;
    0 nanoseconds spent executing 0 JDBC batches;
    0 nanoseconds spent performing 0 L2C puts;
    0 nanoseconds spent performing 0 L2C hits;
    0 nanoseconds spent performing 0 L2C misses;
    0 nanoseconds spent executing 0 flushes (flushing a total of 0 entities and 0 collections);
    0 nanoseconds spent executing 0 pre-partial-flushes;
    0 nanoseconds spent executing 0 partial-flushes (flushing a total of 0 entities and 0 collections)
}
2026-10-07T02:05:08.021+09:00  INFO [requestId:50fbbaf5-187a-4f62-816d-13dad7f977c2] 80627 --- [sc-reference-app] [           main] i.StatisticalLoggingSessionEventListener : Session Metrics {
    1583 nanoseconds spent acquiring 1 JDBC connections;
    0 nanoseconds spent releasing 0 JDBC connections;
    3458 nanoseconds spent preparing 1 JDBC statements;
    15625 nanoseconds spent executing 1 JDBC statements;
    0 nanoseconds spent executing 0 JDBC batches;
    0 nanoseconds spent performing 0 L2C puts;
    0 nanoseconds spent performing 0 L2C hits;
    0 nanoseconds spent performing 0 L2C misses;
    0 nanoseconds spent executing 0 flushes (flushing a total of 0 entities and 0 collections);
    709 nanoseconds spent executing 1 pre-partial-flushes;
    1166 nanoseconds spent executing 1 partial-flushes (flushing a total of 0 entities and 0 collections)
}
2026-10-07T02:05:08.023+09:00  INFO [requestId:50fbbaf5-187a-4f62-816d-13dad7f977c2] 80627 --- [sc-reference-app] [           main] i.StatisticalLoggingSessionEventListener : Session Metrics {
    1083 nanoseconds spent acquiring 1 JDBC connections;
    0 nanoseconds spent releasing 0 JDBC connections;
    131124 nanoseconds spent preparing 4 JDBC statements;
    75957 nanoseconds spent executing 4 JDBC statements;
    0 nanoseconds spent executing 0 JDBC batches;
    0 nanoseconds spent performing 0 L2C puts;
    0 nanoseconds spent performing 0 L2C hits;
    0 nanoseconds spent performing 0 L2C misses;
    0 nanoseconds spent executing 0 flushes (flushing a total of 0 entities and 0 collections);
    2791 nanoseconds spent executing 4 pre-partial-flushes;
    3501 nanoseconds spent executing 4 partial-flushes (flushing a total of 0 entities and 0 collections)
}
2026-10-07T02:05:08.024+09:00  INFO [requestId:8a6b5dd2-c72b-4155-83c1-4c41ebe5394c] 80627 --- [sc-reference-app] [           main] i.StatisticalLoggingSessionEventListener : Session Metrics {
    2458 nanoseconds spent acquiring 1 JDBC connections;
    0 nanoseconds spent releasing 0 JDBC connections;
    2167 nanoseconds spent preparing 1 JDBC statements;
    9875 nanoseconds spent executing 1 JDBC statements;
    0 nanoseconds spent executing 0 JDBC batches;
    0 nanoseconds spent performing 0 L2C puts;
    0 nanoseconds spent performing 0 L2C hits;
    0 nanoseconds spent performing 0 L2C misses;
    0 nanoseconds spent executing 0 flushes (flushing a total of 0 entities and 0 collections);
    1166 nanoseconds spent executing 1 pre-partial-flushes;
    667 nanoseconds spent executing 1 partial-flushes (flushing a total of 0 entities and 0 collections)
}
2026-10-07T02:05:08.025+09:00  INFO [requestId:8a6b5dd2-c72b-4155-83c1-4c41ebe5394c] 80627 --- [sc-reference-app] [           main] i.StatisticalLoggingSessionEventListener : Session Metrics {
    1292 nanoseconds spent acquiring 1 JDBC connections;
    0 nanoseconds spent releasing 0 JDBC connections;
    0 nanoseconds spent preparing 0 JDBC statements;
    0 nanoseconds spent executing 0 JDBC statements;
    0 nanoseconds spent executing 0 JDBC batches;
    0 nanoseconds spent performing 0 L2C puts;
    0 nanoseconds spent performing 0 L2C hits;
    0 nanoseconds spent performing 0 L2C misses;
    0 nanoseconds spent executing 0 flushes (flushing a total of 0 entities and 0 collections);
    0 nanoseconds spent executing 0 pre-partial-flushes;
    0 nanoseconds spent executing 0 partial-flushes (flushing a total of 0 entities and 0 collections)
}
2026-10-07T02:05:08.026+09:00  INFO [requestId:12f3a323-80f7-4199-87ad-67b38f4b7f3e] 80627 --- [sc-reference-app] [           main] i.StatisticalLoggingSessionEventListener : Session Metrics {
    1916 nanoseconds spent acquiring 1 JDBC connections;
    0 nanoseconds spent releasing 0 JDBC connections;
    3042 nanoseconds spent preparing 1 JDBC statements;
    15125 nanoseconds spent executing 1 JDBC statements;
    0 nanoseconds spent executing 0 JDBC batches;
    0 nanoseconds spent performing 0 L2C puts;
    0 nanoseconds spent performing 0 L2C hits;
    0 nanoseconds spent performing 0 L2C misses;
    0 nanoseconds spent executing 0 flushes (flushing a total of 0 entities and 0 collections);
    1250 nanoseconds spent executing 1 pre-partial-flushes;
    1042 nanoseconds spent executing 1 partial-flushes (flushing a total of 0 entities and 0 collections)
}
2026-10-07T02:05:08.029+09:00  INFO [requestId:12f3a323-80f7-4199-87ad-67b38f4b7f3e] 80627 --- [sc-reference-app] [           main] i.StatisticalLoggingSessionEventListener : Session Metrics {
    2333 nanoseconds spent acquiring 1 JDBC connections;
    0 nanoseconds spent releasing 0 JDBC connections;
    86334 nanoseconds spent preparing 4 JDBC statements;
    89332 nanoseconds spent executing 4 JDBC statements;
    0 nanoseconds spent executing 0 JDBC batches;
    0 nanoseconds spent performing 0 L2C puts;
    0 nanoseconds spent performing 0 L2C hits;
    0 nanoseconds spent performing 0 L2C misses;
    0 nanoseconds spent executing 0 flushes (flushing a total of 0 entities and 0 collections);
    3875 nanoseconds spent executing 4 pre-partial-flushes;
    3417 nanoseconds spent executing 4 partial-flushes (flushing a total of 0 entities and 0 collections)
}
2026-10-07T02:05:08.030+09:00  INFO [requestId:d9364c71-e35b-44f2-88f4-1ef39c6ad023] 80627 --- [sc-reference-app] [           main] i.StatisticalLoggingSessionEventListener : Session Metrics {
    1833 nanoseconds spent acquiring 1 JDBC connections;
    0 nanoseconds spent releasing 0 JDBC connections;
    2083 nanoseconds spent preparing 1 JDBC statements;
    8500 nanoseconds spent executing 1 JDBC statements;
    0 nanoseconds spent executing 0 JDBC batches;
    0 nanoseconds spent performing 0 L2C puts;
    0 nanoseconds spent performing 0 L2C hits;
    0 nanoseconds spent performing 0 L2C misses;
    0 nanoseconds spent executing 0 flushes (flushing a total of 0 entities and 0 collections);
    1000 nanoseconds spent executing 1 pre-partial-flushes;
    625 nanoseconds spent executing 1 partial-flushes (flushing a total of 0 entities and 0 collections)
}
2026-10-07T02:05:08.030+09:00  INFO [requestId:d9364c71-e35b-44f2-88f4-1ef39c6ad023] 80627 --- [sc-reference-app] [           main] i.StatisticalLoggingSessionEventListener : Session Metrics {
    1292 nanoseconds spent acquiring 1 JDBC connections;
    0 nanoseconds spent releasing 0 JDBC connections;
    0 nanoseconds spent preparing 0 JDBC statements;
    0 nanoseconds spent executing 0 JDBC statements;
    0 nanoseconds spent executing 0 JDBC batches;
    0 nanoseconds spent performing 0 L2C puts;
    0 nanoseconds spent performing 0 L2C hits;
    0 nanoseconds spent performing 0 L2C misses;
    0 nanoseconds spent executing 0 flushes (flushing a total of 0 entities and 0 collections);
    0 nanoseconds spent executing 0 pre-partial-flushes;
    0 nanoseconds spent executing 0 partial-flushes (flushing a total of 0 entities and 0 collections)
}
2026-10-07T02:05:08.031+09:00  INFO [requestId:2adc0ce4-7811-4223-9a8c-e82feb716e15] 80627 --- [sc-reference-app] [           main] i.StatisticalLoggingSessionEventListener : Session Metrics {
    2125 nanoseconds spent acquiring 1 JDBC connections;
    0 nanoseconds spent releasing 0 JDBC connections;
    2333 nanoseconds spent preparing 1 JDBC statements;
    17250 nanoseconds spent executing 1 JDBC statements;
    0 nanoseconds spent executing 0 JDBC batches;
    0 nanoseconds spent performing 0 L2C puts;
    0 nanoseconds spent performing 0 L2C hits;
    0 nanoseconds spent performing 0 L2C misses;
    0 nanoseconds spent executing 0 flushes (flushing a total of 0 entities and 0 collections);
    792 nanoseconds spent executing 1 pre-partial-flushes;
    1000 nanoseconds spent executing 1 partial-flushes (flushing a total of 0 entities and 0 collections)
}
2026-10-07T02:05:08.031+09:00  INFO [requestId:2adc0ce4-7811-4223-9a8c-e82feb716e15] 80627 --- [sc-reference-app] [           main] i.StatisticalLoggingSessionEventListener : Session Metrics {
    1250 nanoseconds spent acquiring 1 JDBC connections;
    0 nanoseconds spent releasing 0 JDBC connections;
    2416 nanoseconds spent preparing 2 JDBC statements;
    26125 nanoseconds spent executing 2 JDBC statements;
    0 nanoseconds spent executing 0 JDBC batches;
    0 nanoseconds spent performing 0 L2C puts;
    0 nanoseconds spent performing 0 L2C hits;
    0 nanoseconds spent performing 0 L2C misses;
    0 nanoseconds spent executing 0 flushes (flushing a total of 0 entities and 0 collections);
    1125 nanoseconds spent executing 2 pre-partial-flushes;
    1166 nanoseconds spent executing 2 partial-flushes (flushing a total of 0 entities and 0 collections)
}
2026-10-07T02:05:08.032+09:00  INFO [requestId:ee68e151-2587-41b9-86d0-0c758e0a0588] 80627 --- [sc-reference-app] [           main] i.StatisticalLoggingSessionEventListener : Session Metrics {
    2375 nanoseconds spent acquiring 1 JDBC connections;
    0 nanoseconds spent releasing 0 JDBC connections;
    2125 nanoseconds spent preparing 1 JDBC statements;
    9917 nanoseconds spent executing 1 JDBC statements;
    0 nanoseconds spent executing 0 JDBC batches;
    0 nanoseconds spent performing 0 L2C puts;
    0 nanoseconds spent performing 0 L2C hits;
    0 nanoseconds spent performing 0 L2C misses;
    0 nanoseconds spent executing 0 flushes (flushing a total of 0 entities and 0 collections);
    958 nanoseconds spent executing 1 pre-partial-flushes;
    792 nanoseconds spent executing 1 partial-flushes (flushing a total of 0 entities and 0 collections)
}
2026-10-07T02:05:08.034+09:00  INFO [requestId:ee68e151-2587-41b9-86d0-0c758e0a0588] 80627 --- [sc-reference-app] [           main] i.StatisticalLoggingSessionEventListener : Session Metrics {
    1166 nanoseconds spent acquiring 1 JDBC connections;
    0 nanoseconds spent releasing 0 JDBC connections;
    0 nanoseconds spent preparing 0 JDBC statements;
    0 nanoseconds spent executing 0 JDBC statements;
    0 nanoseconds spent executing 0 JDBC batches;
    0 nanoseconds spent performing 0 L2C puts;
    0 nanoseconds spent performing 0 L2C hits;
    0 nanoseconds spent performing 0 L2C misses;
    0 nanoseconds spent executing 0 flushes (flushing a total of 0 entities and 0 collections);
    0 nanoseconds spent executing 0 pre-partial-flushes;
    0 nanoseconds spent executing 0 partial-flushes (flushing a total of 0 entities and 0 collections)
}
2026-10-07T02:05:08.034+09:00  INFO [requestId:722c13cb-cc48-4fac-8d55-eca2d16df34d] 80627 --- [sc-reference-app] [           main] i.StatisticalLoggingSessionEventListener : Session Metrics {
    2042 nanoseconds spent acquiring 1 JDBC connections;
    0 nanoseconds spent releasing 0 JDBC connections;
    2375 nanoseconds spent preparing 1 JDBC statements;
    20000 nanoseconds spent executing 1 JDBC statements;
    0 nanoseconds spent executing 0 JDBC batches;
    0 nanoseconds spent performing 0 L2C puts;
    0 nanoseconds spent performing 0 L2C hits;
    0 nanoseconds spent performing 0 L2C misses;
    0 nanoseconds spent executing 0 flushes (flushing a total of 0 entities and 0 collections);
    708 nanoseconds spent executing 1 pre-partial-flushes;
    1250 nanoseconds spent executing 1 partial-flushes (flushing a total of 0 entities and 0 collections)
}
2026-10-07T02:05:08.036+09:00  INFO [requestId:722c13cb-cc48-4fac-8d55-eca2d16df34d] 80627 --- [sc-reference-app] [           main] i.StatisticalLoggingSessionEventListener : Session Metrics {
    1541 nanoseconds spent acquiring 1 JDBC connections;
    0 nanoseconds spent releasing 0 JDBC connections;
    154125 nanoseconds spent preparing 4 JDBC statements;
    82791 nanoseconds spent executing 4 JDBC statements;
    0 nanoseconds spent executing 0 JDBC batches;
    0 nanoseconds spent performing 0 L2C puts;
    0 nanoseconds spent performing 0 L2C hits;
    0 nanoseconds spent performing 0 L2C misses;
    0 nanoseconds spent executing 0 flushes (flushing a total of 0 entities and 0 collections);
    3207 nanoseconds spent executing 4 pre-partial-flushes;
    3458 nanoseconds spent executing 4 partial-flushes (flushing a total of 0 entities and 0 collections)
}
2026-10-07T02:05:08.037+09:00  INFO [requestId:3bb8f718-96fb-46ea-bd82-60ccda10702c] 80627 --- [sc-reference-app] [           main] i.StatisticalLoggingSessionEventListener : Session Metrics {
    1209 nanoseconds spent acquiring 1 JDBC connections;
    0 nanoseconds spent releasing 0 JDBC connections;
    1833 nanoseconds spent preparing 1 JDBC statements;
    8417 nanoseconds spent executing 1 JDBC statements;
    0 nanoseconds spent executing 0 JDBC batches;
    0 nanoseconds spent performing 0 L2C puts;
    0 nanoseconds spent performing 0 L2C hits;
    0 nanoseconds spent performing 0 L2C misses;
    0 nanoseconds spent executing 0 flushes (flushing a total of 0 entities and 0 collections);
    792 nanoseconds spent executing 1 pre-partial-flushes;
    750 nanoseconds spent executing 1 partial-flushes (flushing a total of 0 entities and 0 collections)
}
2026-10-07T02:05:08.038+09:00  INFO [requestId:3bb8f718-96fb-46ea-bd82-60ccda10702c] 80627 --- [sc-reference-app] [           main] i.StatisticalLoggingSessionEventListener : Session Metrics {
    833 nanoseconds spent acquiring 1 JDBC connections;
    0 nanoseconds spent releasing 0 JDBC connections;
    0 nanoseconds spent preparing 0 JDBC statements;
    0 nanoseconds spent executing 0 JDBC statements;
    0 nanoseconds spent executing 0 JDBC batches;
    0 nanoseconds spent performing 0 L2C puts;
    0 nanoseconds spent performing 0 L2C hits;
    0 nanoseconds spent performing 0 L2C misses;
    0 nanoseconds spent executing 0 flushes (flushing a total of 0 entities and 0 collections);
    0 nanoseconds spent executing 0 pre-partial-flushes;
    0 nanoseconds spent executing 0 partial-flushes (flushing a total of 0 entities and 0 collections)
}
2026-10-07T02:05:08.039+09:00  INFO [requestId:6a7d0f0f-e567-4cfc-958a-294d5997bb0c] 80627 --- [sc-reference-app] [           main] i.StatisticalLoggingSessionEventListener : Session Metrics {
    3250 nanoseconds spent acquiring 1 JDBC connections;
    0 nanoseconds spent releasing 0 JDBC connections;
    2209 nanoseconds spent preparing 1 JDBC statements;
    14000 nanoseconds spent executing 1 JDBC statements;
    0 nanoseconds spent executing 0 JDBC batches;
    0 nanoseconds spent performing 0 L2C puts;
    0 nanoseconds spent performing 0 L2C hits;
    0 nanoseconds spent performing 0 L2C misses;
    0 nanoseconds spent executing 0 flushes (flushing a total of 0 entities and 0 collections);
    1291 nanoseconds spent executing 1 pre-partial-flushes;
    1000 nanoseconds spent executing 1 partial-flushes (flushing a total of 0 entities and 0 collections)
}
2026-10-07T02:05:08.041+09:00  INFO [requestId:6a7d0f0f-e567-4cfc-958a-294d5997bb0c] 80627 --- [sc-reference-app] [           main] i.StatisticalLoggingSessionEventListener : Session Metrics {
    1291 nanoseconds spent acquiring 1 JDBC connections;
    0 nanoseconds spent releasing 0 JDBC connections;
    95250 nanoseconds spent preparing 2 JDBC statements;
    45125 nanoseconds spent executing 2 JDBC statements;
    0 nanoseconds spent executing 0 JDBC batches;
    0 nanoseconds spent performing 0 L2C puts;
    0 nanoseconds spent performing 0 L2C hits;
    0 nanoseconds spent performing 0 L2C misses;
    0 nanoseconds spent executing 0 flushes (flushing a total of 0 entities and 0 collections);
    1833 nanoseconds spent executing 2 pre-partial-flushes;
    1666 nanoseconds spent executing 2 partial-flushes (flushing a total of 0 entities and 0 collections)
}
2026-10-07T02:05:08.042+09:00  INFO [requestId:cabdddae-c40f-4cd1-a224-8aba5f62c907] 80627 --- [sc-reference-app] [           main] i.StatisticalLoggingSessionEventListener : Session Metrics {
    2459 nanoseconds spent acquiring 1 JDBC connections;
    0 nanoseconds spent releasing 0 JDBC connections;
    3084 nanoseconds spent preparing 1 JDBC statements;
    24125 nanoseconds spent executing 1 JDBC statements;
    0 nanoseconds spent executing 0 JDBC batches;
    0 nanoseconds spent performing 0 L2C puts;
    0 nanoseconds spent performing 0 L2C hits;
    0 nanoseconds spent performing 0 L2C misses;
    0 nanoseconds spent executing 0 flushes (flushing a total of 0 entities and 0 collections);
    1000 nanoseconds spent executing 1 pre-partial-flushes;
    875 nanoseconds spent executing 1 partial-flushes (flushing a total of 0 entities and 0 collections)
}
2026-10-07T02:05:08.044+09:00  INFO [requestId:cabdddae-c40f-4cd1-a224-8aba5f62c907] 80627 --- [sc-reference-app] [           main] i.StatisticalLoggingSessionEventListener : Session Metrics {
    1583 nanoseconds spent acquiring 1 JDBC connections;
    0 nanoseconds spent releasing 0 JDBC connections;
    0 nanoseconds spent preparing 0 JDBC statements;
    0 nanoseconds spent executing 0 JDBC statements;
    0 nanoseconds spent executing 0 JDBC batches;
    0 nanoseconds spent performing 0 L2C puts;
    0 nanoseconds spent performing 0 L2C hits;
    0 nanoseconds spent performing 0 L2C misses;
    0 nanoseconds spent executing 0 flushes (flushing a total of 0 entities and 0 collections);
    0 nanoseconds spent executing 0 pre-partial-flushes;
    0 nanoseconds spent executing 0 partial-flushes (flushing a total of 0 entities and 0 collections)
}
2026-10-07T02:05:08.044+09:00  INFO [requestId:9c75e0bf-d052-4451-9d5f-fe4aba920e4f] 80627 --- [sc-reference-app] [           main] i.StatisticalLoggingSessionEventListener : Session Metrics {
    2041 nanoseconds spent acquiring 1 JDBC connections;
    0 nanoseconds spent releasing 0 JDBC connections;
    2209 nanoseconds spent preparing 1 JDBC statements;
    12916 nanoseconds spent executing 1 JDBC statements;
    0 nanoseconds spent executing 0 JDBC batches;
    0 nanoseconds spent performing 0 L2C puts;
    0 nanoseconds spent performing 0 L2C hits;
    0 nanoseconds spent performing 0 L2C misses;
    0 nanoseconds spent executing 0 flushes (flushing a total of 0 entities and 0 collections);
    1042 nanoseconds spent executing 1 pre-partial-flushes;
    959 nanoseconds spent executing 1 partial-flushes (flushing a total of 0 entities and 0 collections)
}
2026-10-07T02:05:08.047+09:00  INFO [requestId:9c75e0bf-d052-4451-9d5f-fe4aba920e4f] 80627 --- [sc-reference-app] [           main] i.StatisticalLoggingSessionEventListener : Session Metrics {
    1250 nanoseconds spent acquiring 1 JDBC connections;
    0 nanoseconds spent releasing 0 JDBC connections;
    144833 nanoseconds spent preparing 4 JDBC statements;
    115874 nanoseconds spent executing 4 JDBC statements;
    0 nanoseconds spent executing 0 JDBC batches;
    0 nanoseconds spent performing 0 L2C puts;
    0 nanoseconds spent performing 0 L2C hits;
    0 nanoseconds spent performing 0 L2C misses;
    0 nanoseconds spent executing 0 flushes (flushing a total of 0 entities and 0 collections);
    3042 nanoseconds spent executing 4 pre-partial-flushes;
    3084 nanoseconds spent executing 4 partial-flushes (flushing a total of 0 entities and 0 collections)
}
2026-10-07T02:05:08.048+09:00  INFO [requestId:673ef9a9-fb04-45d1-b397-3407b6cd624b] 80627 --- [sc-reference-app] [           main] i.StatisticalLoggingSessionEventListener : Session Metrics {
    3041 nanoseconds spent acquiring 1 JDBC connections;
    0 nanoseconds spent releasing 0 JDBC connections;
    1958 nanoseconds spent preparing 1 JDBC statements;
    8417 nanoseconds spent executing 1 JDBC statements;
    0 nanoseconds spent executing 0 JDBC batches;
    0 nanoseconds spent performing 0 L2C puts;
    0 nanoseconds spent performing 0 L2C hits;
    0 nanoseconds spent performing 0 L2C misses;
    0 nanoseconds spent executing 0 flushes (flushing a total of 0 entities and 0 collections);
    833 nanoseconds spent executing 1 pre-partial-flushes;
    833 nanoseconds spent executing 1 partial-flushes (flushing a total of 0 entities and 0 collections)
}
2026-10-07T02:05:08.049+09:00  INFO [requestId:673ef9a9-fb04-45d1-b397-3407b6cd624b] 80627 --- [sc-reference-app] [           main] i.StatisticalLoggingSessionEventListener : Session Metrics {
    5833 nanoseconds spent acquiring 1 JDBC connections;
    0 nanoseconds spent releasing 0 JDBC connections;
    0 nanoseconds spent preparing 0 JDBC statements;
    0 nanoseconds spent executing 0 JDBC statements;
    0 nanoseconds spent executing 0 JDBC batches;
    0 nanoseconds spent performing 0 L2C puts;
    0 nanoseconds spent performing 0 L2C hits;
    0 nanoseconds spent performing 0 L2C misses;
    0 nanoseconds spent executing 0 flushes (flushing a total of 0 entities and 0 collections);
    0 nanoseconds spent executing 0 pre-partial-flushes;
    0 nanoseconds spent executing 0 partial-flushes (flushing a total of 0 entities and 0 collections)
}
2026-10-07T02:05:08.050+09:00  INFO [requestId:46943e0f-cf3c-47a2-815f-ff3cc3792038] 80627 --- [sc-reference-app] [           main] i.StatisticalLoggingSessionEventListener : Session Metrics {
    1709 nanoseconds spent acquiring 1 JDBC connections;
    0 nanoseconds spent releasing 0 JDBC connections;
    1666 nanoseconds spent preparing 1 JDBC statements;
    15959 nanoseconds spent executing 1 JDBC statements;
    0 nanoseconds spent executing 0 JDBC batches;
    0 nanoseconds spent performing 0 L2C puts;
    0 nanoseconds spent performing 0 L2C hits;
    0 nanoseconds spent performing 0 L2C misses;
    0 nanoseconds spent executing 0 flushes (flushing a total of 0 entities and 0 collections);
    958 nanoseconds spent executing 1 pre-partial-flushes;
    625 nanoseconds spent executing 1 partial-flushes (flushing a total of 0 entities and 0 collections)
}
2026-10-07T02:05:08.051+09:00  INFO [requestId:46943e0f-cf3c-47a2-815f-ff3cc3792038] 80627 --- [sc-reference-app] [           main] i.StatisticalLoggingSessionEventListener : Session Metrics {
    1084 nanoseconds spent acquiring 1 JDBC connections;
    0 nanoseconds spent releasing 0 JDBC connections;
    123458 nanoseconds spent preparing 4 JDBC statements;
    96542 nanoseconds spent executing 4 JDBC statements;
    0 nanoseconds spent executing 0 JDBC batches;
    0 nanoseconds spent performing 0 L2C puts;
    0 nanoseconds spent performing 0 L2C hits;
    0 nanoseconds spent performing 0 L2C misses;
    0 nanoseconds spent executing 0 flushes (flushing a total of 0 entities and 0 collections);
    4457 nanoseconds spent executing 4 pre-partial-flushes;
    2876 nanoseconds spent executing 4 partial-flushes (flushing a total of 0 entities and 0 collections)
}
2026-10-07T02:05:08.052+09:00  INFO [requestId:f06fb460-c95f-4a9f-9952-357a4d9f933d] 80627 --- [sc-reference-app] [           main] i.StatisticalLoggingSessionEventListener : Session Metrics {
    1750 nanoseconds spent acquiring 1 JDBC connections;
    0 nanoseconds spent releasing 0 JDBC connections;
    2000 nanoseconds spent preparing 1 JDBC statements;
    16292 nanoseconds spent executing 1 JDBC statements;
    0 nanoseconds spent executing 0 JDBC batches;
    0 nanoseconds spent performing 0 L2C puts;
    0 nanoseconds spent performing 0 L2C hits;
    0 nanoseconds spent performing 0 L2C misses;
    0 nanoseconds spent executing 0 flushes (flushing a total of 0 entities and 0 collections);
    833 nanoseconds spent executing 1 pre-partial-flushes;
    750 nanoseconds spent executing 1 partial-flushes (flushing a total of 0 entities and 0 collections)
}
2026-10-07T02:05:08.053+09:00  INFO [requestId:f06fb460-c95f-4a9f-9952-357a4d9f933d] 80627 --- [sc-reference-app] [           main] i.StatisticalLoggingSessionEventListener : Session Metrics {
    2208 nanoseconds spent acquiring 1 JDBC connections;
    0 nanoseconds spent releasing 0 JDBC connections;
    0 nanoseconds spent preparing 0 JDBC statements;
    0 nanoseconds spent executing 0 JDBC statements;
    0 nanoseconds spent executing 0 JDBC batches;
    0 nanoseconds spent performing 0 L2C puts;
    0 nanoseconds spent performing 0 L2C hits;
    0 nanoseconds spent performing 0 L2C misses;
    0 nanoseconds spent executing 0 flushes (flushing a total of 0 entities and 0 collections);
    0 nanoseconds spent executing 0 pre-partial-flushes;
    0 nanoseconds spent executing 0 partial-flushes (flushing a total of 0 entities and 0 collections)
}
2026-10-07T02:05:08.054+09:00  INFO [requestId:6521fe5f-3e39-4744-bff2-cfaf8bc08995] 80627 --- [sc-reference-app] [           main] i.StatisticalLoggingSessionEventListener : Session Metrics {
    1500 nanoseconds spent acquiring 1 JDBC connections;
    0 nanoseconds spent releasing 0 JDBC connections;
    2208 nanoseconds spent preparing 1 JDBC statements;
    12459 nanoseconds spent executing 1 JDBC statements;
    0 nanoseconds spent executing 0 JDBC batches;
    0 nanoseconds spent performing 0 L2C puts;
    0 nanoseconds spent performing 0 L2C hits;
    0 nanoseconds spent performing 0 L2C misses;
    0 nanoseconds spent executing 0 flushes (flushing a total of 0 entities and 0 collections);
    917 nanoseconds spent executing 1 pre-partial-flushes;
    708 nanoseconds spent executing 1 partial-flushes (flushing a total of 0 entities and 0 collections)
}
2026-10-07T02:05:08.056+09:00  INFO [requestId:6521fe5f-3e39-4744-bff2-cfaf8bc08995] 80627 --- [sc-reference-app] [           main] i.StatisticalLoggingSessionEventListener : Session Metrics {
    792 nanoseconds spent acquiring 1 JDBC connections;
    0 nanoseconds spent releasing 0 JDBC connections;
    110124 nanoseconds spent preparing 4 JDBC statements;
    78084 nanoseconds spent executing 4 JDBC statements;
    0 nanoseconds spent executing 0 JDBC batches;
    0 nanoseconds spent performing 0 L2C puts;
    0 nanoseconds spent performing 0 L2C hits;
    0 nanoseconds spent performing 0 L2C misses;
    0 nanoseconds spent executing 0 flushes (flushing a total of 0 entities and 0 collections);
    2500 nanoseconds spent executing 4 pre-partial-flushes;
    2917 nanoseconds spent executing 4 partial-flushes (flushing a total of 0 entities and 0 collections)
}
2026-10-07T02:05:08.057+09:00  INFO [requestId:a275ba05-08c7-473b-8fd1-d22f3b62f527] 80627 --- [sc-reference-app] [           main] i.StatisticalLoggingSessionEventListener : Session Metrics {
    1208 nanoseconds spent acquiring 1 JDBC connections;
    0 nanoseconds spent releasing 0 JDBC connections;
    1625 nanoseconds spent preparing 1 JDBC statements;
    16625 nanoseconds spent executing 1 JDBC statements;
    0 nanoseconds spent executing 0 JDBC batches;
    0 nanoseconds spent performing 0 L2C puts;
    0 nanoseconds spent performing 0 L2C hits;
    0 nanoseconds spent performing 0 L2C misses;
    0 nanoseconds spent executing 0 flushes (flushing a total of 0 entities and 0 collections);
    833 nanoseconds spent executing 1 pre-partial-flushes;
    792 nanoseconds spent executing 1 partial-flushes (flushing a total of 0 entities and 0 collections)
}
2026-10-07T02:05:08.058+09:00  INFO [requestId:a275ba05-08c7-473b-8fd1-d22f3b62f527] 80627 --- [sc-reference-app] [           main] i.StatisticalLoggingSessionEventListener : Session Metrics {
    2333 nanoseconds spent acquiring 1 JDBC connections;
    0 nanoseconds spent releasing 0 JDBC connections;
    0 nanoseconds spent preparing 0 JDBC statements;
    0 nanoseconds spent executing 0 JDBC statements;
    0 nanoseconds spent executing 0 JDBC batches;
    0 nanoseconds spent performing 0 L2C puts;
    0 nanoseconds spent performing 0 L2C hits;
    0 nanoseconds spent performing 0 L2C misses;
    0 nanoseconds spent executing 0 flushes (flushing a total of 0 entities and 0 collections);
    0 nanoseconds spent executing 0 pre-partial-flushes;
    0 nanoseconds spent executing 0 partial-flushes (flushing a total of 0 entities and 0 collections)
}
2026-10-07T02:05:08.059+09:00  INFO [requestId:0ebd18d7-8c75-4233-8e4d-b239b4067738] 80627 --- [sc-reference-app] [           main] i.StatisticalLoggingSessionEventListener : Session Metrics {
    1500 nanoseconds spent acquiring 1 JDBC connections;
    0 nanoseconds spent releasing 0 JDBC connections;
    2000 nanoseconds spent preparing 1 JDBC statements;
    11167 nanoseconds spent executing 1 JDBC statements;
    0 nanoseconds spent executing 0 JDBC batches;
    0 nanoseconds spent performing 0 L2C puts;
    0 nanoseconds spent performing 0 L2C hits;
    0 nanoseconds spent performing 0 L2C misses;
    0 nanoseconds spent executing 0 flushes (flushing a total of 0 entities and 0 collections);
    833 nanoseconds spent executing 1 pre-partial-flushes;
    625 nanoseconds spent executing 1 partial-flushes (flushing a total of 0 entities and 0 collections)
}
2026-10-07T02:05:08.061+09:00  INFO [requestId:0ebd18d7-8c75-4233-8e4d-b239b4067738] 80627 --- [sc-reference-app] [           main] i.StatisticalLoggingSessionEventListener : Session Metrics {
    834 nanoseconds spent acquiring 1 JDBC connections;
    0 nanoseconds spent releasing 0 JDBC connections;
    151542 nanoseconds spent preparing 4 JDBC statements;
    161168 nanoseconds spent executing 4 JDBC statements;
    0 nanoseconds spent executing 0 JDBC batches;
    0 nanoseconds spent performing 0 L2C puts;
    0 nanoseconds spent performing 0 L2C hits;
    0 nanoseconds spent performing 0 L2C misses;
    0 nanoseconds spent executing 0 flushes (flushing a total of 0 entities and 0 collections);
    3000 nanoseconds spent executing 4 pre-partial-flushes;
    2792 nanoseconds spent executing 4 partial-flushes (flushing a total of 0 entities and 0 collections)
}
2026-10-07T02:05:08.062+09:00  INFO [requestId:f744c798-0d67-4131-af59-5152b37b4f99] 80627 --- [sc-reference-app] [           main] i.StatisticalLoggingSessionEventListener : Session Metrics {
    2875 nanoseconds spent acquiring 1 JDBC connections;
    0 nanoseconds spent releasing 0 JDBC connections;
    2750 nanoseconds spent preparing 1 JDBC statements;
    23291 nanoseconds spent executing 1 JDBC statements;
    0 nanoseconds spent executing 0 JDBC batches;
    0 nanoseconds spent performing 0 L2C puts;
    0 nanoseconds spent performing 0 L2C hits;
    0 nanoseconds spent performing 0 L2C misses;
    0 nanoseconds spent executing 0 flushes (flushing a total of 0 entities and 0 collections);
    30250 nanoseconds spent executing 1 pre-partial-flushes;
    47583 nanoseconds spent executing 1 partial-flushes (flushing a total of 0 entities and 0 collections)
}
2026-10-07T02:05:08.063+09:00  INFO [requestId:f744c798-0d67-4131-af59-5152b37b4f99] 80627 --- [sc-reference-app] [           main] i.StatisticalLoggingSessionEventListener : Session Metrics {
    1875 nanoseconds spent acquiring 1 JDBC connections;
    0 nanoseconds spent releasing 0 JDBC connections;
    0 nanoseconds spent preparing 0 JDBC statements;
    0 nanoseconds spent executing 0 JDBC statements;
    0 nanoseconds spent executing 0 JDBC batches;
    0 nanoseconds spent performing 0 L2C puts;
    0 nanoseconds spent performing 0 L2C hits;
    0 nanoseconds spent performing 0 L2C misses;
    0 nanoseconds spent executing 0 flushes (flushing a total of 0 entities and 0 collections);
    0 nanoseconds spent executing 0 pre-partial-flushes;
    0 nanoseconds spent executing 0 partial-flushes (flushing a total of 0 entities and 0 collections)
}
2026-10-07T02:05:08.063+09:00  INFO [requestId:9b725725-652d-4726-958d-892765856c17] 80627 --- [sc-reference-app] [           main] i.StatisticalLoggingSessionEventListener : Session Metrics {
    1917 nanoseconds spent acquiring 1 JDBC connections;
    0 nanoseconds spent releasing 0 JDBC connections;
    1917 nanoseconds spent preparing 1 JDBC statements;
    19458 nanoseconds spent executing 1 JDBC statements;
    0 nanoseconds spent executing 0 JDBC batches;
    0 nanoseconds spent performing 0 L2C puts;
    0 nanoseconds spent performing 0 L2C hits;
    0 nanoseconds spent performing 0 L2C misses;
    0 nanoseconds spent executing 0 flushes (flushing a total of 0 entities and 0 collections);
    4542 nanoseconds spent executing 1 pre-partial-flushes;
    5416 nanoseconds spent executing 1 partial-flushes (flushing a total of 0 entities and 0 collections)
}
2026-10-07T02:05:08.064+09:00  INFO [requestId:9b725725-652d-4726-958d-892765856c17] 80627 --- [sc-reference-app] [           main] i.StatisticalLoggingSessionEventListener : Session Metrics {
    1125 nanoseconds spent acquiring 1 JDBC connections;
    0 nanoseconds spent releasing 0 JDBC connections;
    4165 nanoseconds spent preparing 4 JDBC statements;
    130625 nanoseconds spent executing 4 JDBC statements;
    0 nanoseconds spent executing 0 JDBC batches;
    0 nanoseconds spent performing 0 L2C puts;
    0 nanoseconds spent performing 0 L2C hits;
    0 nanoseconds spent performing 0 L2C misses;
    0 nanoseconds spent executing 0 flushes (flushing a total of 0 entities and 0 collections);
    1001 nanoseconds spent executing 4 pre-partial-flushes;
    1333 nanoseconds spent executing 4 partial-flushes (flushing a total of 0 entities and 0 collections)
}
2026-10-07T02:05:08.065+09:00  INFO [requestId:ba35054c-41d8-4881-9487-38b3256e245e] 80627 --- [sc-reference-app] [           main] i.StatisticalLoggingSessionEventListener : Session Metrics {
    1334 nanoseconds spent acquiring 1 JDBC connections;
    0 nanoseconds spent releasing 0 JDBC connections;
    1000 nanoseconds spent preparing 1 JDBC statements;
    5250 nanoseconds spent executing 1 JDBC statements;
    0 nanoseconds spent executing 0 JDBC batches;
    0 nanoseconds spent performing 0 L2C puts;
    0 nanoseconds spent performing 0 L2C hits;
    0 nanoseconds spent performing 0 L2C misses;
    0 nanoseconds spent executing 0 flushes (flushing a total of 0 entities and 0 collections);
    208 nanoseconds spent executing 1 pre-partial-flushes;
    250 nanoseconds spent executing 1 partial-flushes (flushing a total of 0 entities and 0 collections)
}
2026-10-07T02:05:08.066+09:00  INFO [requestId:ba35054c-41d8-4881-9487-38b3256e245e] 80627 --- [sc-reference-app] [           main] i.StatisticalLoggingSessionEventListener : Session Metrics {
    833 nanoseconds spent acquiring 1 JDBC connections;
    0 nanoseconds spent releasing 0 JDBC connections;
    0 nanoseconds spent preparing 0 JDBC statements;
    0 nanoseconds spent executing 0 JDBC statements;
    0 nanoseconds spent executing 0 JDBC batches;
    0 nanoseconds spent performing 0 L2C puts;
    0 nanoseconds spent performing 0 L2C hits;
    0 nanoseconds spent performing 0 L2C misses;
    0 nanoseconds spent executing 0 flushes (flushing a total of 0 entities and 0 collections);
    0 nanoseconds spent executing 0 pre-partial-flushes;
    0 nanoseconds spent executing 0 partial-flushes (flushing a total of 0 entities and 0 collections)
}
2026-10-07T02:05:08.067+09:00  INFO [requestId:0ab1a60b-9191-4fd7-8a9e-fa02ba0ddcf7] 80627 --- [sc-reference-app] [           main] i.StatisticalLoggingSessionEventListener : Session Metrics {
    1167 nanoseconds spent acquiring 1 JDBC connections;
    0 nanoseconds spent releasing 0 JDBC connections;
    1459 nanoseconds spent preparing 1 JDBC statements;
    10542 nanoseconds spent executing 1 JDBC statements;
    0 nanoseconds spent executing 0 JDBC batches;
    0 nanoseconds spent performing 0 L2C puts;
    0 nanoseconds spent performing 0 L2C hits;
    0 nanoseconds spent performing 0 L2C misses;
    0 nanoseconds spent executing 0 flushes (flushing a total of 0 entities and 0 collections);
    375 nanoseconds spent executing 1 pre-partial-flushes;
    375 nanoseconds spent executing 1 partial-flushes (flushing a total of 0 entities and 0 collections)
}
2026-10-07T02:05:08.068+09:00  INFO [requestId:0ab1a60b-9191-4fd7-8a9e-fa02ba0ddcf7] 80627 --- [sc-reference-app] [           main] i.StatisticalLoggingSessionEventListener : Session Metrics {
    666 nanoseconds spent acquiring 1 JDBC connections;
    0 nanoseconds spent releasing 0 JDBC connections;
    5416 nanoseconds spent preparing 4 JDBC statements;
    142707 nanoseconds spent executing 4 JDBC statements;
    0 nanoseconds spent executing 0 JDBC batches;
    0 nanoseconds spent performing 0 L2C puts;
    0 nanoseconds spent performing 0 L2C hits;
    0 nanoseconds spent performing 0 L2C misses;
    0 nanoseconds spent executing 0 flushes (flushing a total of 0 entities and 0 collections);
    1458 nanoseconds spent executing 4 pre-partial-flushes;
    1416 nanoseconds spent executing 4 partial-flushes (flushing a total of 0 entities and 0 collections)
}
2026-10-07T02:05:08.068+09:00  INFO [requestId:80dc024d-f006-4be4-95c9-7955b447336a] 80627 --- [sc-reference-app] [           main] i.StatisticalLoggingSessionEventListener : Session Metrics {
    2416 nanoseconds spent acquiring 1 JDBC connections;
    0 nanoseconds spent releasing 0 JDBC connections;
    2459 nanoseconds spent preparing 1 JDBC statements;
    9625 nanoseconds spent executing 1 JDBC statements;
    0 nanoseconds spent executing 0 JDBC batches;
    0 nanoseconds spent performing 0 L2C puts;
    0 nanoseconds spent performing 0 L2C hits;
    0 nanoseconds spent performing 0 L2C misses;
    0 nanoseconds spent executing 0 flushes (flushing a total of 0 entities and 0 collections);
    542 nanoseconds spent executing 1 pre-partial-flushes;
    500 nanoseconds spent executing 1 partial-flushes (flushing a total of 0 entities and 0 collections)
}
2026-10-07T02:05:08.069+09:00  INFO [requestId:80dc024d-f006-4be4-95c9-7955b447336a] 80627 --- [sc-reference-app] [           main] i.StatisticalLoggingSessionEventListener : Session Metrics {
    791 nanoseconds spent acquiring 1 JDBC connections;
    0 nanoseconds spent releasing 0 JDBC connections;
    0 nanoseconds spent preparing 0 JDBC statements;
    0 nanoseconds spent executing 0 JDBC statements;
    0 nanoseconds spent executing 0 JDBC batches;
    0 nanoseconds spent performing 0 L2C puts;
    0 nanoseconds spent performing 0 L2C hits;
    0 nanoseconds spent performing 0 L2C misses;
    0 nanoseconds spent executing 0 flushes (flushing a total of 0 entities and 0 collections);
    0 nanoseconds spent executing 0 pre-partial-flushes;
    0 nanoseconds spent executing 0 partial-flushes (flushing a total of 0 entities and 0 collections)
}
2026-10-07T02:05:08.070+09:00  INFO [requestId:f473d213-ace8-46c1-881c-e41e2f058cc7] 80627 --- [sc-reference-app] [           main] i.StatisticalLoggingSessionEventListener : Session Metrics {
    1166 nanoseconds spent acquiring 1 JDBC connections;
    0 nanoseconds spent releasing 0 JDBC connections;
    1334 nanoseconds spent preparing 1 JDBC statements;
    9667 nanoseconds spent executing 1 JDBC statements;
    0 nanoseconds spent executing 0 JDBC batches;
    0 nanoseconds spent performing 0 L2C puts;
    0 nanoseconds spent performing 0 L2C hits;
    0 nanoseconds spent performing 0 L2C misses;
    0 nanoseconds spent executing 0 flushes (flushing a total of 0 entities and 0 collections);
    416 nanoseconds spent executing 1 pre-partial-flushes;
    334 nanoseconds spent executing 1 partial-flushes (flushing a total of 0 entities and 0 collections)
}
2026-10-07T02:05:08.070+09:00  INFO [requestId:f473d213-ace8-46c1-881c-e41e2f058cc7] 80627 --- [sc-reference-app] [           main] i.StatisticalLoggingSessionEventListener : Session Metrics {
    709 nanoseconds spent acquiring 1 JDBC connections;
    0 nanoseconds spent releasing 0 JDBC connections;
    1500 nanoseconds spent preparing 2 JDBC statements;
    79750 nanoseconds spent executing 2 JDBC statements;
    0 nanoseconds spent executing 0 JDBC batches;
    0 nanoseconds spent performing 0 L2C puts;
    0 nanoseconds spent performing 0 L2C hits;
    0 nanoseconds spent performing 0 L2C misses;
    0 nanoseconds spent executing 0 flushes (flushing a total of 0 entities and 0 collections);
    291 nanoseconds spent executing 2 pre-partial-flushes;
    417 nanoseconds spent executing 2 partial-flushes (flushing a total of 0 entities and 0 collections)
}
2026-10-07T02:05:08.071+09:00  INFO [requestId:db8a4a01-eb5d-462d-947c-f6ed09e3f6b0] 80627 --- [sc-reference-app] [           main] i.StatisticalLoggingSessionEventListener : Session Metrics {
    917 nanoseconds spent acquiring 1 JDBC connections;
    0 nanoseconds spent releasing 0 JDBC connections;
    1208 nanoseconds spent preparing 1 JDBC statements;
    5000 nanoseconds spent executing 1 JDBC statements;
    0 nanoseconds spent executing 0 JDBC batches;
    0 nanoseconds spent performing 0 L2C puts;
    0 nanoseconds spent performing 0 L2C hits;
    0 nanoseconds spent performing 0 L2C misses;
    0 nanoseconds spent executing 0 flushes (flushing a total of 0 entities and 0 collections);
    208 nanoseconds spent executing 1 pre-partial-flushes;
    250 nanoseconds spent executing 1 partial-flushes (flushing a total of 0 entities and 0 collections)
}
2026-10-07T02:05:08.072+09:00  INFO [requestId:db8a4a01-eb5d-462d-947c-f6ed09e3f6b0] 80627 --- [sc-reference-app] [           main] i.StatisticalLoggingSessionEventListener : Session Metrics {
    667 nanoseconds spent acquiring 1 JDBC connections;
    0 nanoseconds spent releasing 0 JDBC connections;
    0 nanoseconds spent preparing 0 JDBC statements;
    0 nanoseconds spent executing 0 JDBC statements;
    0 nanoseconds spent executing 0 JDBC batches;
    0 nanoseconds spent performing 0 L2C puts;
    0 nanoseconds spent performing 0 L2C hits;
    0 nanoseconds spent performing 0 L2C misses;
    0 nanoseconds spent executing 0 flushes (flushing a total of 0 entities and 0 collections);
    0 nanoseconds spent executing 0 pre-partial-flushes;
    0 nanoseconds spent executing 0 partial-flushes (flushing a total of 0 entities and 0 collections)
}
2026-10-07T02:05:08.073+09:00  INFO [requestId:05e262b5-3060-487d-90fb-7a29b7abad82] 80627 --- [sc-reference-app] [           main] i.StatisticalLoggingSessionEventListener : Session Metrics {
    1875 nanoseconds spent acquiring 1 JDBC connections;
    0 nanoseconds spent releasing 0 JDBC connections;
    3417 nanoseconds spent preparing 1 JDBC statements;
    22500 nanoseconds spent executing 1 JDBC statements;
    0 nanoseconds spent executing 0 JDBC batches;
    0 nanoseconds spent performing 0 L2C puts;
    0 nanoseconds spent performing 0 L2C hits;
    0 nanoseconds spent performing 0 L2C misses;
    0 nanoseconds spent executing 0 flushes (flushing a total of 0 entities and 0 collections);
    459 nanoseconds spent executing 1 pre-partial-flushes;
    1458 nanoseconds spent executing 1 partial-flushes (flushing a total of 0 entities and 0 collections)
}
2026-10-07T02:05:08.075+09:00  INFO [requestId:05e262b5-3060-487d-90fb-7a29b7abad82] 80627 --- [sc-reference-app] [           main] i.StatisticalLoggingSessionEventListener : Session Metrics {
    1666 nanoseconds spent acquiring 1 JDBC connections;
    0 nanoseconds spent releasing 0 JDBC connections;
    114708 nanoseconds spent preparing 4 JDBC statements;
    53293 nanoseconds spent executing 4 JDBC statements;
    0 nanoseconds spent executing 0 JDBC batches;
    0 nanoseconds spent performing 0 L2C puts;
    0 nanoseconds spent performing 0 L2C hits;
    0 nanoseconds spent performing 0 L2C misses;
    0 nanoseconds spent executing 0 flushes (flushing a total of 0 entities and 0 collections);
    1001 nanoseconds spent executing 4 pre-partial-flushes;
    1042 nanoseconds spent executing 4 partial-flushes (flushing a total of 0 entities and 0 collections)
}
2026-10-07T02:05:08.075+09:00  INFO [requestId:7f5e8ebb-cdcf-4ed2-8213-3c969d2f5161] 80627 --- [sc-reference-app] [           main] i.StatisticalLoggingSessionEventListener : Session Metrics {
    1333 nanoseconds spent acquiring 1 JDBC connections;
    0 nanoseconds spent releasing 0 JDBC connections;
    1209 nanoseconds spent preparing 1 JDBC statements;
    5334 nanoseconds spent executing 1 JDBC statements;
    0 nanoseconds spent executing 0 JDBC batches;
    0 nanoseconds spent performing 0 L2C puts;
    0 nanoseconds spent performing 0 L2C hits;
    0 nanoseconds spent performing 0 L2C misses;
    0 nanoseconds spent executing 0 flushes (flushing a total of 0 entities and 0 collections);
    209 nanoseconds spent executing 1 pre-partial-flushes;
    250 nanoseconds spent executing 1 partial-flushes (flushing a total of 0 entities and 0 collections)
}
2026-10-07T02:05:08.076+09:00  INFO [requestId:7f5e8ebb-cdcf-4ed2-8213-3c969d2f5161] 80627 --- [sc-reference-app] [           main] i.StatisticalLoggingSessionEventListener : Session Metrics {
    625 nanoseconds spent acquiring 1 JDBC connections;
    0 nanoseconds spent releasing 0 JDBC connections;
    0 nanoseconds spent preparing 0 JDBC statements;
    0 nanoseconds spent executing 0 JDBC statements;
    0 nanoseconds spent executing 0 JDBC batches;
    0 nanoseconds spent performing 0 L2C puts;
    0 nanoseconds spent performing 0 L2C hits;
    0 nanoseconds spent performing 0 L2C misses;
    0 nanoseconds spent executing 0 flushes (flushing a total of 0 entities and 0 collections);
    0 nanoseconds spent executing 0 pre-partial-flushes;
    0 nanoseconds spent executing 0 partial-flushes (flushing a total of 0 entities and 0 collections)
}
2026-10-07T02:05:08.077+09:00  INFO [requestId:0cd98d1f-ba5f-44f7-90a8-c0e794c8a30d] 80627 --- [sc-reference-app] [           main] i.StatisticalLoggingSessionEventListener : Session Metrics {
    917 nanoseconds spent acquiring 1 JDBC connections;
    0 nanoseconds spent releasing 0 JDBC connections;
    1417 nanoseconds spent preparing 1 JDBC statements;
    8000 nanoseconds spent executing 1 JDBC statements;
    0 nanoseconds spent executing 0 JDBC batches;
    0 nanoseconds spent performing 0 L2C puts;
    0 nanoseconds spent performing 0 L2C hits;
    0 nanoseconds spent performing 0 L2C misses;
    0 nanoseconds spent executing 0 flushes (flushing a total of 0 entities and 0 collections);
    375 nanoseconds spent executing 1 pre-partial-flushes;
    333 nanoseconds spent executing 1 partial-flushes (flushing a total of 0 entities and 0 collections)
}
2026-10-07T02:05:08.078+09:00  INFO [requestId:0cd98d1f-ba5f-44f7-90a8-c0e794c8a30d] 80627 --- [sc-reference-app] [           main] i.StatisticalLoggingSessionEventListener : Session Metrics {
    916 nanoseconds spent acquiring 1 JDBC connections;
    0 nanoseconds spent releasing 0 JDBC connections;
    100334 nanoseconds spent preparing 4 JDBC statements;
    44084 nanoseconds spent executing 4 JDBC statements;
    0 nanoseconds spent executing 0 JDBC batches;
    0 nanoseconds spent performing 0 L2C puts;
    0 nanoseconds spent performing 0 L2C hits;
    0 nanoseconds spent performing 0 L2C misses;
    0 nanoseconds spent executing 0 flushes (flushing a total of 0 entities and 0 collections);
    1374 nanoseconds spent executing 4 pre-partial-flushes;
    1500 nanoseconds spent executing 4 partial-flushes (flushing a total of 0 entities and 0 collections)
}
2026-10-07T02:05:08.079+09:00  INFO [requestId:96489275-d281-40e6-b5cb-5c89c74641ef] 80627 --- [sc-reference-app] [           main] i.StatisticalLoggingSessionEventListener : Session Metrics {
    2375 nanoseconds spent acquiring 1 JDBC connections;
    0 nanoseconds spent releasing 0 JDBC connections;
    2042 nanoseconds spent preparing 1 JDBC statements;
    7208 nanoseconds spent executing 1 JDBC statements;
    0 nanoseconds spent executing 0 JDBC batches;
    0 nanoseconds spent performing 0 L2C puts;
    0 nanoseconds spent performing 0 L2C hits;
    0 nanoseconds spent performing 0 L2C misses;
    0 nanoseconds spent executing 0 flushes (flushing a total of 0 entities and 0 collections);
    291 nanoseconds spent executing 1 pre-partial-flushes;
    375 nanoseconds spent executing 1 partial-flushes (flushing a total of 0 entities and 0 collections)
}
2026-10-07T02:05:08.079+09:00  INFO [requestId:96489275-d281-40e6-b5cb-5c89c74641ef] 80627 --- [sc-reference-app] [           main] i.StatisticalLoggingSessionEventListener : Session Metrics {
    875 nanoseconds spent acquiring 1 JDBC connections;
    0 nanoseconds spent releasing 0 JDBC connections;
    0 nanoseconds spent preparing 0 JDBC statements;
    0 nanoseconds spent executing 0 JDBC statements;
    0 nanoseconds spent executing 0 JDBC batches;
    0 nanoseconds spent performing 0 L2C puts;
    0 nanoseconds spent performing 0 L2C hits;
    0 nanoseconds spent performing 0 L2C misses;
    0 nanoseconds spent executing 0 flushes (flushing a total of 0 entities and 0 collections);
    0 nanoseconds spent executing 0 pre-partial-flushes;
    0 nanoseconds spent executing 0 partial-flushes (flushing a total of 0 entities and 0 collections)
}
2026-10-07T02:05:08.080+09:00  INFO [requestId:5ad3cedc-2854-42f5-9ecd-815cf08d887a] 80627 --- [sc-reference-app] [           main] i.StatisticalLoggingSessionEventListener : Session Metrics {
    833 nanoseconds spent acquiring 1 JDBC connections;
    0 nanoseconds spent releasing 0 JDBC connections;
    1292 nanoseconds spent preparing 1 JDBC statements;
    9459 nanoseconds spent executing 1 JDBC statements;
    0 nanoseconds spent executing 0 JDBC batches;
    0 nanoseconds spent performing 0 L2C puts;
    0 nanoseconds spent performing 0 L2C hits;
    0 nanoseconds spent performing 0 L2C misses;
    0 nanoseconds spent executing 0 flushes (flushing a total of 0 entities and 0 collections);
    250 nanoseconds spent executing 1 pre-partial-flushes;
    375 nanoseconds spent executing 1 partial-flushes (flushing a total of 0 entities and 0 collections)
}
2026-10-07T02:05:08.080+09:00  INFO [requestId:5ad3cedc-2854-42f5-9ecd-815cf08d887a] 80627 --- [sc-reference-app] [           main] i.StatisticalLoggingSessionEventListener : Session Metrics {
    500 nanoseconds spent acquiring 1 JDBC connections;
    0 nanoseconds spent releasing 0 JDBC connections;
    4750 nanoseconds spent preparing 2 JDBC statements;
    52541 nanoseconds spent executing 2 JDBC statements;
    0 nanoseconds spent executing 0 JDBC batches;
    0 nanoseconds spent performing 0 L2C puts;
    0 nanoseconds spent performing 0 L2C hits;
    0 nanoseconds spent performing 0 L2C misses;
    0 nanoseconds spent executing 0 flushes (flushing a total of 0 entities and 0 collections);
    334 nanoseconds spent executing 2 pre-partial-flushes;
    501 nanoseconds spent executing 2 partial-flushes (flushing a total of 0 entities and 0 collections)
}
2026-10-07T02:05:08.081+09:00  INFO [requestId:59ffb20a-23eb-4abe-9c73-a28f50c15c94] 80627 --- [sc-reference-app] [           main] i.StatisticalLoggingSessionEventListener : Session Metrics {
    1875 nanoseconds spent acquiring 1 JDBC connections;
    0 nanoseconds spent releasing 0 JDBC connections;
    2209 nanoseconds spent preparing 1 JDBC statements;
    12125 nanoseconds spent executing 1 JDBC statements;
    0 nanoseconds spent executing 0 JDBC batches;
    0 nanoseconds spent performing 0 L2C puts;
    0 nanoseconds spent performing 0 L2C hits;
    0 nanoseconds spent performing 0 L2C misses;
    0 nanoseconds spent executing 0 flushes (flushing a total of 0 entities and 0 collections);
    458 nanoseconds spent executing 1 pre-partial-flushes;
    583 nanoseconds spent executing 1 partial-flushes (flushing a total of 0 entities and 0 collections)
}
2026-10-07T02:05:08.082+09:00  INFO [requestId:59ffb20a-23eb-4abe-9c73-a28f50c15c94] 80627 --- [sc-reference-app] [           main] i.StatisticalLoggingSessionEventListener : Session Metrics {
    833 nanoseconds spent acquiring 1 JDBC connections;
    0 nanoseconds spent releasing 0 JDBC connections;
    0 nanoseconds spent preparing 0 JDBC statements;
    0 nanoseconds spent executing 0 JDBC statements;
    0 nanoseconds spent executing 0 JDBC batches;
    0 nanoseconds spent performing 0 L2C puts;
    0 nanoseconds spent performing 0 L2C hits;
    0 nanoseconds spent performing 0 L2C misses;
    0 nanoseconds spent executing 0 flushes (flushing a total of 0 entities and 0 collections);
    0 nanoseconds spent executing 0 pre-partial-flushes;
    0 nanoseconds spent executing 0 partial-flushes (flushing a total of 0 entities and 0 collections)
}
2026-10-07T02:05:08.083+09:00  INFO [requestId:e76e014f-8a02-4000-8820-a9286baab4b3] 80627 --- [sc-reference-app] [           main] i.StatisticalLoggingSessionEventListener : Session Metrics {
    1625 nanoseconds spent acquiring 1 JDBC connections;
    0 nanoseconds spent releasing 0 JDBC connections;
    2208 nanoseconds spent preparing 1 JDBC statements;
    12667 nanoseconds spent executing 1 JDBC statements;
    0 nanoseconds spent executing 0 JDBC batches;
    0 nanoseconds spent performing 0 L2C puts;
    0 nanoseconds spent performing 0 L2C hits;
    0 nanoseconds spent performing 0 L2C misses;
    0 nanoseconds spent executing 0 flushes (flushing a total of 0 entities and 0 collections);
    583 nanoseconds spent executing 1 pre-partial-flushes;
    417 nanoseconds spent executing 1 partial-flushes (flushing a total of 0 entities and 0 collections)
}
2026-10-07T02:05:08.085+09:00  INFO [requestId:e76e014f-8a02-4000-8820-a9286baab4b3] 80627 --- [sc-reference-app] [           main] i.StatisticalLoggingSessionEventListener : Session Metrics {
    833 nanoseconds spent acquiring 1 JDBC connections;
    0 nanoseconds spent releasing 0 JDBC connections;
    124125 nanoseconds spent preparing 4 JDBC statements;
    66999 nanoseconds spent executing 4 JDBC statements;
    0 nanoseconds spent executing 0 JDBC batches;
    0 nanoseconds spent performing 0 L2C puts;
    0 nanoseconds spent performing 0 L2C hits;
    0 nanoseconds spent performing 0 L2C misses;
    0 nanoseconds spent executing 0 flushes (flushing a total of 0 entities and 0 collections);
    1459 nanoseconds spent executing 4 pre-partial-flushes;
    1708 nanoseconds spent executing 4 partial-flushes (flushing a total of 0 entities and 0 collections)
}
2026-10-07T02:05:08.086+09:00  INFO [requestId:b333f2a2-9f77-42ea-9792-f1b85eb78fa7] 80627 --- [sc-reference-app] [           main] i.StatisticalLoggingSessionEventListener : Session Metrics {
    1875 nanoseconds spent acquiring 1 JDBC connections;
    0 nanoseconds spent releasing 0 JDBC connections;
    1959 nanoseconds spent preparing 1 JDBC statements;
    6959 nanoseconds spent executing 1 JDBC statements;
    0 nanoseconds spent executing 0 JDBC batches;
    0 nanoseconds spent performing 0 L2C puts;
    0 nanoseconds spent performing 0 L2C hits;
    0 nanoseconds spent performing 0 L2C misses;
    0 nanoseconds spent executing 0 flushes (flushing a total of 0 entities and 0 collections);
    333 nanoseconds spent executing 1 pre-partial-flushes;
    334 nanoseconds spent executing 1 partial-flushes (flushing a total of 0 entities and 0 collections)
}
2026-10-07T02:05:08.087+09:00  INFO [requestId:b333f2a2-9f77-42ea-9792-f1b85eb78fa7] 80627 --- [sc-reference-app] [           main] i.StatisticalLoggingSessionEventListener : Session Metrics {
    833 nanoseconds spent acquiring 1 JDBC connections;
    0 nanoseconds spent releasing 0 JDBC connections;
    0 nanoseconds spent preparing 0 JDBC statements;
    0 nanoseconds spent executing 0 JDBC statements;
    0 nanoseconds spent executing 0 JDBC batches;
    0 nanoseconds spent performing 0 L2C puts;
    0 nanoseconds spent performing 0 L2C hits;
    0 nanoseconds spent performing 0 L2C misses;
    0 nanoseconds spent executing 0 flushes (flushing a total of 0 entities and 0 collections);
    0 nanoseconds spent executing 0 pre-partial-flushes;
    0 nanoseconds spent executing 0 partial-flushes (flushing a total of 0 entities and 0 collections)
}
2026-10-07T02:05:08.087+09:00  INFO [requestId:ed586ab6-c3b7-494d-abc8-a3578bdd53bc] 80627 --- [sc-reference-app] [           main] i.StatisticalLoggingSessionEventListener : Session Metrics {
    1792 nanoseconds spent acquiring 1 JDBC connections;
    0 nanoseconds spent releasing 0 JDBC connections;
    2333 nanoseconds spent preparing 1 JDBC statements;
    14709 nanoseconds spent executing 1 JDBC statements;
    0 nanoseconds spent executing 0 JDBC batches;
    0 nanoseconds spent performing 0 L2C puts;
    0 nanoseconds spent performing 0 L2C hits;
    0 nanoseconds spent performing 0 L2C misses;
    0 nanoseconds spent executing 0 flushes (flushing a total of 0 entities and 0 collections);
    500 nanoseconds spent executing 1 pre-partial-flushes;
    458 nanoseconds spent executing 1 partial-flushes (flushing a total of 0 entities and 0 collections)
}
2026-10-07T02:05:08.089+09:00  INFO [requestId:ed586ab6-c3b7-494d-abc8-a3578bdd53bc] 80627 --- [sc-reference-app] [           main] i.StatisticalLoggingSessionEventListener : Session Metrics {
    875 nanoseconds spent acquiring 1 JDBC connections;
    0 nanoseconds spent releasing 0 JDBC connections;
    83875 nanoseconds spent preparing 2 JDBC statements;
    34667 nanoseconds spent executing 2 JDBC statements;
    0 nanoseconds spent executing 0 JDBC batches;
    0 nanoseconds spent performing 0 L2C puts;
    0 nanoseconds spent performing 0 L2C hits;
    0 nanoseconds spent performing 0 L2C misses;
    0 nanoseconds spent executing 0 flushes (flushing a total of 0 entities and 0 collections);
    625 nanoseconds spent executing 2 pre-partial-flushes;
    875 nanoseconds spent executing 2 partial-flushes (flushing a total of 0 entities and 0 collections)
}
2026-10-07T02:05:08.089+09:00  INFO [requestId:2a343b69-fac6-4bc5-bb78-89f19f80ea55] 80627 --- [sc-reference-app] [           main] i.StatisticalLoggingSessionEventListener : Session Metrics {
    1209 nanoseconds spent acquiring 1 JDBC connections;
    0 nanoseconds spent releasing 0 JDBC connections;
    1917 nanoseconds spent preparing 1 JDBC statements;
    6416 nanoseconds spent executing 1 JDBC statements;
    0 nanoseconds spent executing 0 JDBC batches;
    0 nanoseconds spent performing 0 L2C puts;
    0 nanoseconds spent performing 0 L2C hits;
    0 nanoseconds spent performing 0 L2C misses;
    0 nanoseconds spent executing 0 flushes (flushing a total of 0 entities and 0 collections);
    292 nanoseconds spent executing 1 pre-partial-flushes;
    166 nanoseconds spent executing 1 partial-flushes (flushing a total of 0 entities and 0 collections)
}
2026-10-07T02:05:08.095+09:00  INFO [requestId:2a343b69-fac6-4bc5-bb78-89f19f80ea55] 80627 --- [sc-reference-app] [           main] i.StatisticalLoggingSessionEventListener : Session Metrics {
    833 nanoseconds spent acquiring 1 JDBC connections;
    0 nanoseconds spent releasing 0 JDBC connections;
    0 nanoseconds spent preparing 0 JDBC statements;
    0 nanoseconds spent executing 0 JDBC statements;
    0 nanoseconds spent executing 0 JDBC batches;
    0 nanoseconds spent performing 0 L2C puts;
    0 nanoseconds spent performing 0 L2C hits;
    0 nanoseconds spent performing 0 L2C misses;
    0 nanoseconds spent executing 0 flushes (flushing a total of 0 entities and 0 collections);
    0 nanoseconds spent executing 0 pre-partial-flushes;
    0 nanoseconds spent executing 0 partial-flushes (flushing a total of 0 entities and 0 collections)
}
2026-10-07T02:05:08.097+09:00  INFO [requestId:13e54c43-e8bc-489d-aeb8-7a840c0a7284] 80627 --- [sc-reference-app] [           main] i.StatisticalLoggingSessionEventListener : Session Metrics {
    8584 nanoseconds spent acquiring 1 JDBC connections;
    0 nanoseconds spent releasing 0 JDBC connections;
    8667 nanoseconds spent preparing 1 JDBC statements;
    31000 nanoseconds spent executing 1 JDBC statements;
    0 nanoseconds spent executing 0 JDBC batches;
    0 nanoseconds spent performing 0 L2C puts;
    0 nanoseconds spent performing 0 L2C hits;
    0 nanoseconds spent performing 0 L2C misses;
    0 nanoseconds spent executing 0 flushes (flushing a total of 0 entities and 0 collections);
    1500 nanoseconds spent executing 1 pre-partial-flushes;
    917 nanoseconds spent executing 1 partial-flushes (flushing a total of 0 entities and 0 collections)
}
2026-10-07T02:05:08.100+09:00  INFO [requestId:13e54c43-e8bc-489d-aeb8-7a840c0a7284] 80627 --- [sc-reference-app] [           main] i.StatisticalLoggingSessionEventListener : Session Metrics {
    1166 nanoseconds spent acquiring 1 JDBC connections;
    0 nanoseconds spent releasing 0 JDBC connections;
    184626 nanoseconds spent preparing 4 JDBC statements;
    173999 nanoseconds spent executing 4 JDBC statements;
    0 nanoseconds spent executing 0 JDBC batches;
    0 nanoseconds spent performing 0 L2C puts;
    0 nanoseconds spent performing 0 L2C hits;
    0 nanoseconds spent performing 0 L2C misses;
    0 nanoseconds spent executing 0 flushes (flushing a total of 0 entities and 0 collections);
    1458 nanoseconds spent executing 4 pre-partial-flushes;
    1750 nanoseconds spent executing 4 partial-flushes (flushing a total of 0 entities and 0 collections)
}
2026-10-07T02:05:08.101+09:00  INFO [requestId:f7f89ad8-6b5b-40fa-9dcb-3561d3b05125] 80627 --- [sc-reference-app] [           main] i.StatisticalLoggingSessionEventListener : Session Metrics {
    2458 nanoseconds spent acquiring 1 JDBC connections;
    0 nanoseconds spent releasing 0 JDBC connections;
    2292 nanoseconds spent preparing 1 JDBC statements;
    9292 nanoseconds spent executing 1 JDBC statements;
    0 nanoseconds spent executing 0 JDBC batches;
    0 nanoseconds spent performing 0 L2C puts;
    0 nanoseconds spent performing 0 L2C hits;
    0 nanoseconds spent performing 0 L2C misses;
    0 nanoseconds spent executing 0 flushes (flushing a total of 0 entities and 0 collections);
    584 nanoseconds spent executing 1 pre-partial-flushes;
    458 nanoseconds spent executing 1 partial-flushes (flushing a total of 0 entities and 0 collections)
}
2026-10-07T02:05:08.102+09:00  INFO [requestId:f7f89ad8-6b5b-40fa-9dcb-3561d3b05125] 80627 --- [sc-reference-app] [           main] i.StatisticalLoggingSessionEventListener : Session Metrics {
    875 nanoseconds spent acquiring 1 JDBC connections;
    0 nanoseconds spent releasing 0 JDBC connections;
    0 nanoseconds spent preparing 0 JDBC statements;
    0 nanoseconds spent executing 0 JDBC statements;
    0 nanoseconds spent executing 0 JDBC batches;
    0 nanoseconds spent performing 0 L2C puts;
    0 nanoseconds spent performing 0 L2C hits;
    0 nanoseconds spent performing 0 L2C misses;
    0 nanoseconds spent executing 0 flushes (flushing a total of 0 entities and 0 collections);
    0 nanoseconds spent executing 0 pre-partial-flushes;
    0 nanoseconds spent executing 0 partial-flushes (flushing a total of 0 entities and 0 collections)
}
2026-10-07T02:05:08.103+09:00  INFO [requestId:6b60f09e-f14f-4355-aa93-1cb769cd91ee] 80627 --- [sc-reference-app] [           main] i.StatisticalLoggingSessionEventListener : Session Metrics {
    917 nanoseconds spent acquiring 1 JDBC connections;
    0 nanoseconds spent releasing 0 JDBC connections;
    2542 nanoseconds spent preparing 1 JDBC statements;
    10583 nanoseconds spent executing 1 JDBC statements;
    0 nanoseconds spent executing 0 JDBC batches;
    0 nanoseconds spent performing 0 L2C puts;
    0 nanoseconds spent performing 0 L2C hits;
    0 nanoseconds spent performing 0 L2C misses;
    0 nanoseconds spent executing 0 flushes (flushing a total of 0 entities and 0 collections);
    375 nanoseconds spent executing 1 pre-partial-flushes;
    625 nanoseconds spent executing 1 partial-flushes (flushing a total of 0 entities and 0 collections)
}
2026-10-07T02:05:08.104+09:00  INFO [requestId:6b60f09e-f14f-4355-aa93-1cb769cd91ee] 80627 --- [sc-reference-app] [           main] i.StatisticalLoggingSessionEventListener : Session Metrics {
    1834 nanoseconds spent acquiring 1 JDBC connections;
    0 nanoseconds spent releasing 0 JDBC connections;
    122040 nanoseconds spent preparing 4 JDBC statements;
    74250 nanoseconds spent executing 4 JDBC statements;
    0 nanoseconds spent executing 0 JDBC batches;
    0 nanoseconds spent performing 0 L2C puts;
    0 nanoseconds spent performing 0 L2C hits;
    0 nanoseconds spent performing 0 L2C misses;
    0 nanoseconds spent executing 0 flushes (flushing a total of 0 entities and 0 collections);
    1210 nanoseconds spent executing 4 pre-partial-flushes;
    1291 nanoseconds spent executing 4 partial-flushes (flushing a total of 0 entities and 0 collections)
}
2026-10-07T02:05:08.105+09:00  INFO [requestId:83e4fbc3-c1cd-4626-9af5-199c5d9c3968] 80627 --- [sc-reference-app] [           main] i.StatisticalLoggingSessionEventListener : Session Metrics {
    1917 nanoseconds spent acquiring 1 JDBC connections;
    0 nanoseconds spent releasing 0 JDBC connections;
    1875 nanoseconds spent preparing 1 JDBC statements;
    12875 nanoseconds spent executing 1 JDBC statements;
    0 nanoseconds spent executing 0 JDBC batches;
    0 nanoseconds spent performing 0 L2C puts;
    0 nanoseconds spent performing 0 L2C hits;
    0 nanoseconds spent performing 0 L2C misses;
    0 nanoseconds spent executing 0 flushes (flushing a total of 0 entities and 0 collections);
    333 nanoseconds spent executing 1 pre-partial-flushes;
    375 nanoseconds spent executing 1 partial-flushes (flushing a total of 0 entities and 0 collections)
}
2026-10-07T02:05:08.105+09:00  INFO [requestId:83e4fbc3-c1cd-4626-9af5-199c5d9c3968] 80627 --- [sc-reference-app] [           main] i.StatisticalLoggingSessionEventListener : Session Metrics {
    875 nanoseconds spent acquiring 1 JDBC connections;
    0 nanoseconds spent releasing 0 JDBC connections;
    0 nanoseconds spent preparing 0 JDBC statements;
    0 nanoseconds spent executing 0 JDBC statements;
    0 nanoseconds spent executing 0 JDBC batches;
    0 nanoseconds spent performing 0 L2C puts;
    0 nanoseconds spent performing 0 L2C hits;
    0 nanoseconds spent performing 0 L2C misses;
    0 nanoseconds spent executing 0 flushes (flushing a total of 0 entities and 0 collections);
    0 nanoseconds spent executing 0 pre-partial-flushes;
    0 nanoseconds spent executing 0 partial-flushes (flushing a total of 0 entities and 0 collections)
}
2026-10-07T02:05:08.106+09:00  INFO [requestId:b00b97d8-bedb-4eb9-9878-d4a2b27489d3] 80627 --- [sc-reference-app] [           main] i.StatisticalLoggingSessionEventListener : Session Metrics {
    1542 nanoseconds spent acquiring 1 JDBC connections;
    0 nanoseconds spent releasing 0 JDBC connections;
    2333 nanoseconds spent preparing 1 JDBC statements;
    15916 nanoseconds spent executing 1 JDBC statements;
    0 nanoseconds spent executing 0 JDBC batches;
    0 nanoseconds spent performing 0 L2C puts;
    0 nanoseconds spent performing 0 L2C hits;
    0 nanoseconds spent performing 0 L2C misses;
    0 nanoseconds spent executing 0 flushes (flushing a total of 0 entities and 0 collections);
    375 nanoseconds spent executing 1 pre-partial-flushes;
    500 nanoseconds spent executing 1 partial-flushes (flushing a total of 0 entities and 0 collections)
}
2026-10-07T02:05:08.107+09:00  INFO [requestId:b00b97d8-bedb-4eb9-9878-d4a2b27489d3] 80627 --- [sc-reference-app] [           main] i.StatisticalLoggingSessionEventListener : Session Metrics {
    875 nanoseconds spent acquiring 1 JDBC connections;
    0 nanoseconds spent releasing 0 JDBC connections;
    35709 nanoseconds spent preparing 4 JDBC statements;
    58750 nanoseconds spent executing 4 JDBC statements;
    0 nanoseconds spent executing 0 JDBC batches;
    0 nanoseconds spent performing 0 L2C puts;
    0 nanoseconds spent performing 0 L2C hits;
    0 nanoseconds spent performing 0 L2C misses;
    0 nanoseconds spent executing 0 flushes (flushing a total of 0 entities and 0 collections);
    667 nanoseconds spent executing 4 pre-partial-flushes;
    1168 nanoseconds spent executing 4 partial-flushes (flushing a total of 0 entities and 0 collections)
}
2026-10-07T02:05:08.107+09:00  INFO [requestId:57491222-9c8b-46d4-8ebe-e96000e82d2d] 80627 --- [sc-reference-app] [           main] i.StatisticalLoggingSessionEventListener : Session Metrics {
    1791 nanoseconds spent acquiring 1 JDBC connections;
    0 nanoseconds spent releasing 0 JDBC connections;
    1041 nanoseconds spent preparing 1 JDBC statements;
    5000 nanoseconds spent executing 1 JDBC statements;
    0 nanoseconds spent executing 0 JDBC batches;
    0 nanoseconds spent performing 0 L2C puts;
    0 nanoseconds spent performing 0 L2C hits;
    0 nanoseconds spent performing 0 L2C misses;
    0 nanoseconds spent executing 0 flushes (flushing a total of 0 entities and 0 collections);
    208 nanoseconds spent executing 1 pre-partial-flushes;
    333 nanoseconds spent executing 1 partial-flushes (flushing a total of 0 entities and 0 collections)
}
2026-10-07T02:05:08.109+09:00  INFO [requestId:57491222-9c8b-46d4-8ebe-e96000e82d2d] 80627 --- [sc-reference-app] [           main] i.StatisticalLoggingSessionEventListener : Session Metrics {
    708 nanoseconds spent acquiring 1 JDBC connections;
    0 nanoseconds spent releasing 0 JDBC connections;
    0 nanoseconds spent preparing 0 JDBC statements;
    0 nanoseconds spent executing 0 JDBC statements;
    0 nanoseconds spent executing 0 JDBC batches;
    0 nanoseconds spent performing 0 L2C puts;
    0 nanoseconds spent performing 0 L2C hits;
    0 nanoseconds spent performing 0 L2C misses;
    0 nanoseconds spent executing 0 flushes (flushing a total of 0 entities and 0 collections);
    0 nanoseconds spent executing 0 pre-partial-flushes;
    0 nanoseconds spent executing 0 partial-flushes (flushing a total of 0 entities and 0 collections)
}
2026-10-07T02:05:08.109+09:00  INFO [requestId:cd3cd593-ab5e-4296-81a0-bbc15813e318] 80627 --- [sc-reference-app] [           main] i.StatisticalLoggingSessionEventListener : Session Metrics {
    1458 nanoseconds spent acquiring 1 JDBC connections;
    0 nanoseconds spent releasing 0 JDBC connections;
    1709 nanoseconds spent preparing 1 JDBC statements;
    11125 nanoseconds spent executing 1 JDBC statements;
    0 nanoseconds spent executing 0 JDBC batches;
    0 nanoseconds spent performing 0 L2C puts;
    0 nanoseconds spent performing 0 L2C hits;
    0 nanoseconds spent performing 0 L2C misses;
    0 nanoseconds spent executing 0 flushes (flushing a total of 0 entities and 0 collections);
    500 nanoseconds spent executing 1 pre-partial-flushes;
    375 nanoseconds spent executing 1 partial-flushes (flushing a total of 0 entities and 0 collections)
}
2026-10-07T02:05:08.110+09:00  INFO [requestId:cd3cd593-ab5e-4296-81a0-bbc15813e318] 80627 --- [sc-reference-app] [           main] i.StatisticalLoggingSessionEventListener : Session Metrics {
    625 nanoseconds spent acquiring 1 JDBC connections;
    0 nanoseconds spent releasing 0 JDBC connections;
    89249 nanoseconds spent preparing 2 JDBC statements;
    61126 nanoseconds spent executing 2 JDBC statements;
    0 nanoseconds spent executing 0 JDBC batches;
    0 nanoseconds spent performing 0 L2C puts;
    0 nanoseconds spent performing 0 L2C hits;
    0 nanoseconds spent performing 0 L2C misses;
    0 nanoseconds spent executing 0 flushes (flushing a total of 0 entities and 0 collections);
    416 nanoseconds spent executing 2 pre-partial-flushes;
    458 nanoseconds spent executing 2 partial-flushes (flushing a total of 0 entities and 0 collections)
}
2026-10-07T02:05:08.110+09:00  INFO [requestId:839c5077-f0fe-42e9-8eb7-43c8ff5a4032] 80627 --- [sc-reference-app] [           main] i.StatisticalLoggingSessionEventListener : Session Metrics {
    833 nanoseconds spent acquiring 1 JDBC connections;
    0 nanoseconds spent releasing 0 JDBC connections;
    916 nanoseconds spent preparing 1 JDBC statements;
    4583 nanoseconds spent executing 1 JDBC statements;
    0 nanoseconds spent executing 0 JDBC batches;
    0 nanoseconds spent performing 0 L2C puts;
    0 nanoseconds spent performing 0 L2C hits;
    0 nanoseconds spent performing 0 L2C misses;
    0 nanoseconds spent executing 0 flushes (flushing a total of 0 entities and 0 collections);
    208 nanoseconds spent executing 1 pre-partial-flushes;
    292 nanoseconds spent executing 1 partial-flushes (flushing a total of 0 entities and 0 collections)
}
2026-10-07T02:05:08.116+09:00  INFO [requestId:839c5077-f0fe-42e9-8eb7-43c8ff5a4032] 80627 --- [sc-reference-app] [           main] i.StatisticalLoggingSessionEventListener : Session Metrics {
    542 nanoseconds spent acquiring 1 JDBC connections;
    0 nanoseconds spent releasing 0 JDBC connections;
    0 nanoseconds spent preparing 0 JDBC statements;
    0 nanoseconds spent executing 0 JDBC statements;
    0 nanoseconds spent executing 0 JDBC batches;
    0 nanoseconds spent performing 0 L2C puts;
    0 nanoseconds spent performing 0 L2C hits;
    0 nanoseconds spent performing 0 L2C misses;
    0 nanoseconds spent executing 0 flushes (flushing a total of 0 entities and 0 collections);
    0 nanoseconds spent executing 0 pre-partial-flushes;
    0 nanoseconds spent executing 0 partial-flushes (flushing a total of 0 entities and 0 collections)
}
2026-10-07T02:05:08.117+09:00  INFO [requestId:113ef861-6bf4-4472-9598-c18156fcf4a4] 80627 --- [sc-reference-app] [           main] i.StatisticalLoggingSessionEventListener : Session Metrics {
    6916 nanoseconds spent acquiring 1 JDBC connections;
    0 nanoseconds spent releasing 0 JDBC connections;
    6917 nanoseconds spent preparing 1 JDBC statements;
    37584 nanoseconds spent executing 1 JDBC statements;
    0 nanoseconds spent executing 0 JDBC batches;
    0 nanoseconds spent performing 0 L2C puts;
    0 nanoseconds spent performing 0 L2C hits;
    0 nanoseconds spent performing 0 L2C misses;
    0 nanoseconds spent executing 0 flushes (flushing a total of 0 entities and 0 collections);
    1291 nanoseconds spent executing 1 pre-partial-flushes;
    1208 nanoseconds spent executing 1 partial-flushes (flushing a total of 0 entities and 0 collections)
}
2026-10-07T02:05:08.118+09:00  INFO [requestId:113ef861-6bf4-4472-9598-c18156fcf4a4] 80627 --- [sc-reference-app] [           main] i.StatisticalLoggingSessionEventListener : Session Metrics {
    1042 nanoseconds spent acquiring 1 JDBC connections;
    0 nanoseconds spent releasing 0 JDBC connections;
    2500 nanoseconds spent preparing 2 JDBC statements;
    148750 nanoseconds spent executing 2 JDBC statements;
    0 nanoseconds spent executing 0 JDBC batches;
    0 nanoseconds spent performing 0 L2C puts;
    0 nanoseconds spent performing 0 L2C hits;
    0 nanoseconds spent performing 0 L2C misses;
    0 nanoseconds spent executing 0 flushes (flushing a total of 0 entities and 0 collections);
    333 nanoseconds spent executing 2 pre-partial-flushes;
    500 nanoseconds spent executing 2 partial-flushes (flushing a total of 0 entities and 0 collections)
}
2026-10-07T02:05:08.119+09:00  INFO [requestId:725587d0-8df2-48b4-aca5-fe57737ffb75] 80627 --- [sc-reference-app] [           main] i.StatisticalLoggingSessionEventListener : Session Metrics {
    1167 nanoseconds spent acquiring 1 JDBC connections;
    0 nanoseconds spent releasing 0 JDBC connections;
    1166 nanoseconds spent preparing 1 JDBC statements;
    6708 nanoseconds spent executing 1 JDBC statements;
    0 nanoseconds spent executing 0 JDBC batches;
    0 nanoseconds spent performing 0 L2C puts;
    0 nanoseconds spent performing 0 L2C hits;
    0 nanoseconds spent performing 0 L2C misses;
    0 nanoseconds spent executing 0 flushes (flushing a total of 0 entities and 0 collections);
    167 nanoseconds spent executing 1 pre-partial-flushes;
    334 nanoseconds spent executing 1 partial-flushes (flushing a total of 0 entities and 0 collections)
}
2026-10-07T02:05:08.120+09:00  INFO [requestId:725587d0-8df2-48b4-aca5-fe57737ffb75] 80627 --- [sc-reference-app] [           main] i.StatisticalLoggingSessionEventListener : Session Metrics {
    625 nanoseconds spent acquiring 1 JDBC connections;
    0 nanoseconds spent releasing 0 JDBC connections;
    0 nanoseconds spent preparing 0 JDBC statements;
    0 nanoseconds spent executing 0 JDBC statements;
    0 nanoseconds spent executing 0 JDBC batches;
    0 nanoseconds spent performing 0 L2C puts;
    0 nanoseconds spent performing 0 L2C hits;
    0 nanoseconds spent performing 0 L2C misses;
    0 nanoseconds spent executing 0 flushes (flushing a total of 0 entities and 0 collections);
    0 nanoseconds spent executing 0 pre-partial-flushes;
    0 nanoseconds spent executing 0 partial-flushes (flushing a total of 0 entities and 0 collections)
}
2026-10-07T02:05:08.120+09:00  INFO [requestId:b1c70c75-f49c-4cc8-b8fb-5860d5505bf4] 80627 --- [sc-reference-app] [           main] i.StatisticalLoggingSessionEventListener : Session Metrics {
    1083 nanoseconds spent acquiring 1 JDBC connections;
    0 nanoseconds spent releasing 0 JDBC connections;
    2583 nanoseconds spent preparing 1 JDBC statements;
    14917 nanoseconds spent executing 1 JDBC statements;
    0 nanoseconds spent executing 0 JDBC batches;
    0 nanoseconds spent performing 0 L2C puts;
    0 nanoseconds spent performing 0 L2C hits;
    0 nanoseconds spent performing 0 L2C misses;
    0 nanoseconds spent executing 0 flushes (flushing a total of 0 entities and 0 collections);
    375 nanoseconds spent executing 1 pre-partial-flushes;
    667 nanoseconds spent executing 1 partial-flushes (flushing a total of 0 entities and 0 collections)
}
2026-10-07T02:05:08.121+09:00  INFO [requestId:b1c70c75-f49c-4cc8-b8fb-5860d5505bf4] 80627 --- [sc-reference-app] [           main] i.StatisticalLoggingSessionEventListener : Session Metrics {
    1083 nanoseconds spent acquiring 1 JDBC connections;
    0 nanoseconds spent releasing 0 JDBC connections;
    2043 nanoseconds spent preparing 2 JDBC statements;
    137708 nanoseconds spent executing 2 JDBC statements;
    0 nanoseconds spent executing 0 JDBC batches;
    0 nanoseconds spent performing 0 L2C puts;
    0 nanoseconds spent performing 0 L2C hits;
    0 nanoseconds spent performing 0 L2C misses;
    0 nanoseconds spent executing 0 flushes (flushing a total of 0 entities and 0 collections);
    374 nanoseconds spent executing 2 pre-partial-flushes;
    417 nanoseconds spent executing 2 partial-flushes (flushing a total of 0 entities and 0 collections)
}
2026-10-07T02:05:08.122+09:00  INFO [requestId:9276c12d-e35f-4a5a-a1f4-abdd53fcc0a9] 80627 --- [sc-reference-app] [           main] i.StatisticalLoggingSessionEventListener : Session Metrics {
    1125 nanoseconds spent acquiring 1 JDBC connections;
    0 nanoseconds spent releasing 0 JDBC connections;
    1584 nanoseconds spent preparing 1 JDBC statements;
    6000 nanoseconds spent executing 1 JDBC statements;
    0 nanoseconds spent executing 0 JDBC batches;
    0 nanoseconds spent performing 0 L2C puts;
    0 nanoseconds spent performing 0 L2C hits;
    0 nanoseconds spent performing 0 L2C misses;
    0 nanoseconds spent executing 0 flushes (flushing a total of 0 entities and 0 collections);
    209 nanoseconds spent executing 1 pre-partial-flushes;
    291 nanoseconds spent executing 1 partial-flushes (flushing a total of 0 entities and 0 collections)
}
2026-10-07T02:05:08.123+09:00  INFO [requestId:9276c12d-e35f-4a5a-a1f4-abdd53fcc0a9] 80627 --- [sc-reference-app] [           main] i.StatisticalLoggingSessionEventListener : Session Metrics {
    625 nanoseconds spent acquiring 1 JDBC connections;
    0 nanoseconds spent releasing 0 JDBC connections;
    0 nanoseconds spent preparing 0 JDBC statements;
    0 nanoseconds spent executing 0 JDBC statements;
    0 nanoseconds spent executing 0 JDBC batches;
    0 nanoseconds spent performing 0 L2C puts;
    0 nanoseconds spent performing 0 L2C hits;
    0 nanoseconds spent performing 0 L2C misses;
    0 nanoseconds spent executing 0 flushes (flushing a total of 0 entities and 0 collections);
    0 nanoseconds spent executing 0 pre-partial-flushes;
    0 nanoseconds spent executing 0 partial-flushes (flushing a total of 0 entities and 0 collections)
}
2026-10-07T02:05:08.124+09:00  INFO [requestId:81e89c9f-d81a-4e1f-99d3-5f2ac4caceed] 80627 --- [sc-reference-app] [           main] i.StatisticalLoggingSessionEventListener : Session Metrics {
    2708 nanoseconds spent acquiring 1 JDBC connections;
    0 nanoseconds spent releasing 0 JDBC connections;
    2250 nanoseconds spent preparing 1 JDBC statements;
    16292 nanoseconds spent executing 1 JDBC statements;
    0 nanoseconds spent executing 0 JDBC batches;
    0 nanoseconds spent performing 0 L2C puts;
    0 nanoseconds spent performing 0 L2C hits;
    0 nanoseconds spent performing 0 L2C misses;
    0 nanoseconds spent executing 0 flushes (flushing a total of 0 entities and 0 collections);
    583 nanoseconds spent executing 1 pre-partial-flushes;
    667 nanoseconds spent executing 1 partial-flushes (flushing a total of 0 entities and 0 collections)
}
2026-10-07T02:05:08.124+09:00  INFO [requestId:81e89c9f-d81a-4e1f-99d3-5f2ac4caceed] 80627 --- [sc-reference-app] [           main] i.StatisticalLoggingSessionEventListener : Session Metrics {
    1667 nanoseconds spent acquiring 1 JDBC connections;
    0 nanoseconds spent releasing 0 JDBC connections;
    2167 nanoseconds spent preparing 2 JDBC statements;
    100084 nanoseconds spent executing 2 JDBC statements;
    0 nanoseconds spent executing 0 JDBC batches;
    0 nanoseconds spent performing 0 L2C puts;
    0 nanoseconds spent performing 0 L2C hits;
    0 nanoseconds spent performing 0 L2C misses;
    0 nanoseconds spent executing 0 flushes (flushing a total of 0 entities and 0 collections);
    500 nanoseconds spent executing 2 pre-partial-flushes;
    459 nanoseconds spent executing 2 partial-flushes (flushing a total of 0 entities and 0 collections)
}
2026-10-07T02:05:08.125+09:00  INFO [requestId:de707fed-45ff-4d43-bb0a-8e62c64be769] 80627 --- [sc-reference-app] [           main] i.StatisticalLoggingSessionEventListener : Session Metrics {
    5625 nanoseconds spent acquiring 1 JDBC connections;
    0 nanoseconds spent releasing 0 JDBC connections;
    833 nanoseconds spent preparing 1 JDBC statements;
    3666 nanoseconds spent executing 1 JDBC statements;
    0 nanoseconds spent executing 0 JDBC batches;
    0 nanoseconds spent performing 0 L2C puts;
    0 nanoseconds spent performing 0 L2C hits;
    0 nanoseconds spent performing 0 L2C misses;
    0 nanoseconds spent executing 0 flushes (flushing a total of 0 entities and 0 collections);
    167 nanoseconds spent executing 1 pre-partial-flushes;
    250 nanoseconds spent executing 1 partial-flushes (flushing a total of 0 entities and 0 collections)
}
2026-10-07T02:05:08.126+09:00  INFO [requestId:de707fed-45ff-4d43-bb0a-8e62c64be769] 80627 --- [sc-reference-app] [           main] i.StatisticalLoggingSessionEventListener : Session Metrics {
    584 nanoseconds spent acquiring 1 JDBC connections;
    0 nanoseconds spent releasing 0 JDBC connections;
    0 nanoseconds spent preparing 0 JDBC statements;
    0 nanoseconds spent executing 0 JDBC statements;
    0 nanoseconds spent executing 0 JDBC batches;
    0 nanoseconds spent performing 0 L2C puts;
    0 nanoseconds spent performing 0 L2C hits;
    0 nanoseconds spent performing 0 L2C misses;
    0 nanoseconds spent executing 0 flushes (flushing a total of 0 entities and 0 collections);
    0 nanoseconds spent executing 0 pre-partial-flushes;
    0 nanoseconds spent executing 0 partial-flushes (flushing a total of 0 entities and 0 collections)
}
2026-10-07T02:05:08.127+09:00  INFO [requestId:4ce7452c-333d-475f-89a4-556fd2fb0bfb] 80627 --- [sc-reference-app] [           main] i.StatisticalLoggingSessionEventListener : Session Metrics {
    2500 nanoseconds spent acquiring 1 JDBC connections;
    0 nanoseconds spent releasing 0 JDBC connections;
    3292 nanoseconds spent preparing 1 JDBC statements;
    21625 nanoseconds spent executing 1 JDBC statements;
    0 nanoseconds spent executing 0 JDBC batches;
    0 nanoseconds spent performing 0 L2C puts;
    0 nanoseconds spent performing 0 L2C hits;
    0 nanoseconds spent performing 0 L2C misses;
    0 nanoseconds spent executing 0 flushes (flushing a total of 0 entities and 0 collections);
    625 nanoseconds spent executing 1 pre-partial-flushes;
    500 nanoseconds spent executing 1 partial-flushes (flushing a total of 0 entities and 0 collections)
}
2026-10-07T02:05:08.128+09:00  INFO [requestId:4ce7452c-333d-475f-89a4-556fd2fb0bfb] 80627 --- [sc-reference-app] [           main] i.StatisticalLoggingSessionEventListener : Session Metrics {
    1042 nanoseconds spent acquiring 1 JDBC connections;
    0 nanoseconds spent releasing 0 JDBC connections;
    129792 nanoseconds spent preparing 4 JDBC statements;
    67793 nanoseconds spent executing 4 JDBC statements;
    0 nanoseconds spent executing 0 JDBC batches;
    0 nanoseconds spent performing 0 L2C puts;
    0 nanoseconds spent performing 0 L2C hits;
    0 nanoseconds spent performing 0 L2C misses;
    0 nanoseconds spent executing 0 flushes (flushing a total of 0 entities and 0 collections);
    1000 nanoseconds spent executing 4 pre-partial-flushes;
    1293 nanoseconds spent executing 4 partial-flushes (flushing a total of 0 entities and 0 collections)
}
2026-10-07T02:05:08.128+09:00  INFO [requestId:627ec2d0-c8a4-420b-819e-f1e2a04fea71] 80627 --- [sc-reference-app] [           main] i.StatisticalLoggingSessionEventListener : Session Metrics {
    1375 nanoseconds spent acquiring 1 JDBC connections;
    0 nanoseconds spent releasing 0 JDBC connections;
    1791 nanoseconds spent preparing 1 JDBC statements;
    5292 nanoseconds spent executing 1 JDBC statements;
    0 nanoseconds spent executing 0 JDBC batches;
    0 nanoseconds spent performing 0 L2C puts;
    0 nanoseconds spent performing 0 L2C hits;
    0 nanoseconds spent performing 0 L2C misses;
    0 nanoseconds spent executing 0 flushes (flushing a total of 0 entities and 0 collections);
    333 nanoseconds spent executing 1 pre-partial-flushes;
    292 nanoseconds spent executing 1 partial-flushes (flushing a total of 0 entities and 0 collections)
}
2026-10-07T02:05:08.129+09:00  INFO [requestId:627ec2d0-c8a4-420b-819e-f1e2a04fea71] 80627 --- [sc-reference-app] [           main] i.StatisticalLoggingSessionEventListener : Session Metrics {
    1041 nanoseconds spent acquiring 1 JDBC connections;
    0 nanoseconds spent releasing 0 JDBC connections;
    0 nanoseconds spent preparing 0 JDBC statements;
    0 nanoseconds spent executing 0 JDBC statements;
    0 nanoseconds spent executing 0 JDBC batches;
    0 nanoseconds spent performing 0 L2C puts;
    0 nanoseconds spent performing 0 L2C hits;
    0 nanoseconds spent performing 0 L2C misses;
    0 nanoseconds spent executing 0 flushes (flushing a total of 0 entities and 0 collections);
    0 nanoseconds spent executing 0 pre-partial-flushes;
    0 nanoseconds spent executing 0 partial-flushes (flushing a total of 0 entities and 0 collections)
}
2026-10-07T02:05:08.130+09:00  INFO [requestId:9ff2d49d-73c5-4101-b819-5abb1d58e351] 80627 --- [sc-reference-app] [           main] i.StatisticalLoggingSessionEventListener : Session Metrics {
    1083 nanoseconds spent acquiring 1 JDBC connections;
    0 nanoseconds spent releasing 0 JDBC connections;
    1875 nanoseconds spent preparing 1 JDBC statements;
    10042 nanoseconds spent executing 1 JDBC statements;
    0 nanoseconds spent executing 0 JDBC batches;
    0 nanoseconds spent performing 0 L2C puts;
    0 nanoseconds spent performing 0 L2C hits;
    0 nanoseconds spent performing 0 L2C misses;
    0 nanoseconds spent executing 0 flushes (flushing a total of 0 entities and 0 collections);
    333 nanoseconds spent executing 1 pre-partial-flushes;
    333 nanoseconds spent executing 1 partial-flushes (flushing a total of 0 entities and 0 collections)
}
2026-10-07T02:05:08.130+09:00  INFO [requestId:9ff2d49d-73c5-4101-b819-5abb1d58e351] 80627 --- [sc-reference-app] [           main] i.StatisticalLoggingSessionEventListener : Session Metrics {
    708 nanoseconds spent acquiring 1 JDBC connections;
    0 nanoseconds spent releasing 0 JDBC connections;
    57791 nanoseconds spent preparing 2 JDBC statements;
    21000 nanoseconds spent executing 2 JDBC statements;
    0 nanoseconds spent executing 0 JDBC batches;
    0 nanoseconds spent performing 0 L2C puts;
    0 nanoseconds spent performing 0 L2C hits;
    0 nanoseconds spent performing 0 L2C misses;
    0 nanoseconds spent executing 0 flushes (flushing a total of 0 entities and 0 collections);
    334 nanoseconds spent executing 2 pre-partial-flushes;
    375 nanoseconds spent executing 2 partial-flushes (flushing a total of 0 entities and 0 collections)
}
2026-10-07T02:05:08.131+09:00  INFO [requestId:4cdf854e-9000-4a83-acad-787a08dfb2c0] 80627 --- [sc-reference-app] [           main] i.StatisticalLoggingSessionEventListener : Session Metrics {
    958 nanoseconds spent acquiring 1 JDBC connections;
    0 nanoseconds spent releasing 0 JDBC connections;
    1042 nanoseconds spent preparing 1 JDBC statements;
    4375 nanoseconds spent executing 1 JDBC statements;
    0 nanoseconds spent executing 0 JDBC batches;
    0 nanoseconds spent performing 0 L2C puts;
    0 nanoseconds spent performing 0 L2C hits;
    0 nanoseconds spent performing 0 L2C misses;
    0 nanoseconds spent executing 0 flushes (flushing a total of 0 entities and 0 collections);
    209 nanoseconds spent executing 1 pre-partial-flushes;
    333 nanoseconds spent executing 1 partial-flushes (flushing a total of 0 entities and 0 collections)
}
2026-10-07T02:05:08.131+09:00  INFO [requestId:4cdf854e-9000-4a83-acad-787a08dfb2c0] 80627 --- [sc-reference-app] [           main] i.StatisticalLoggingSessionEventListener : Session Metrics {
    667 nanoseconds spent acquiring 1 JDBC connections;
    0 nanoseconds spent releasing 0 JDBC connections;
    0 nanoseconds spent preparing 0 JDBC statements;
    0 nanoseconds spent executing 0 JDBC statements;
    0 nanoseconds spent executing 0 JDBC batches;
    0 nanoseconds spent performing 0 L2C puts;
    0 nanoseconds spent performing 0 L2C hits;
    0 nanoseconds spent performing 0 L2C misses;
    0 nanoseconds spent executing 0 flushes (flushing a total of 0 entities and 0 collections);
    0 nanoseconds spent executing 0 pre-partial-flushes;
    0 nanoseconds spent executing 0 partial-flushes (flushing a total of 0 entities and 0 collections)
}
2026-10-07T02:05:08.131+09:00  INFO [requestId:d3b6ac73-8226-4d14-8ef1-d9548f00b266] 80627 --- [sc-reference-app] [           main] i.StatisticalLoggingSessionEventListener : Session Metrics {
    875 nanoseconds spent acquiring 1 JDBC connections;
    0 nanoseconds spent releasing 0 JDBC connections;
    1083 nanoseconds spent preparing 1 JDBC statements;
    7500 nanoseconds spent executing 1 JDBC statements;
    0 nanoseconds spent executing 0 JDBC batches;
    0 nanoseconds spent performing 0 L2C puts;
    0 nanoseconds spent performing 0 L2C hits;
    0 nanoseconds spent performing 0 L2C misses;
    0 nanoseconds spent executing 0 flushes (flushing a total of 0 entities and 0 collections);
    292 nanoseconds spent executing 1 pre-partial-flushes;
    292 nanoseconds spent executing 1 partial-flushes (flushing a total of 0 entities and 0 collections)
}
2026-10-07T02:05:08.132+09:00  INFO [requestId:d3b6ac73-8226-4d14-8ef1-d9548f00b266] 80627 --- [sc-reference-app] [           main] i.StatisticalLoggingSessionEventListener : Session Metrics {
    500 nanoseconds spent acquiring 1 JDBC connections;
    0 nanoseconds spent releasing 0 JDBC connections;
    1500 nanoseconds spent preparing 2 JDBC statements;
    16167 nanoseconds spent executing 2 JDBC statements;
    0 nanoseconds spent executing 0 JDBC batches;
    0 nanoseconds spent performing 0 L2C puts;
    0 nanoseconds spent performing 0 L2C hits;
    0 nanoseconds spent performing 0 L2C misses;
    0 nanoseconds spent executing 0 flushes (flushing a total of 0 entities and 0 collections);
    292 nanoseconds spent executing 2 pre-partial-flushes;
    417 nanoseconds spent executing 2 partial-flushes (flushing a total of 0 entities and 0 collections)
}
2026-10-07T02:05:08.132+09:00  INFO [requestId:5a5f3136-ca03-44da-ba2c-154c5f3210b3] 80627 --- [sc-reference-app] [           main] i.StatisticalLoggingSessionEventListener : Session Metrics {
    1000 nanoseconds spent acquiring 1 JDBC connections;
    0 nanoseconds spent releasing 0 JDBC connections;
    667 nanoseconds spent preparing 1 JDBC statements;
    3291 nanoseconds spent executing 1 JDBC statements;
    0 nanoseconds spent executing 0 JDBC batches;
    0 nanoseconds spent performing 0 L2C puts;
    0 nanoseconds spent performing 0 L2C hits;
    0 nanoseconds spent performing 0 L2C misses;
    0 nanoseconds spent executing 0 flushes (flushing a total of 0 entities and 0 collections);
    250 nanoseconds spent executing 1 pre-partial-flushes;
    208 nanoseconds spent executing 1 partial-flushes (flushing a total of 0 entities and 0 collections)
}
2026-10-07T02:05:08.133+09:00  INFO [requestId:5a5f3136-ca03-44da-ba2c-154c5f3210b3] 80627 --- [sc-reference-app] [           main] i.StatisticalLoggingSessionEventListener : Session Metrics {
    541 nanoseconds spent acquiring 1 JDBC connections;
    0 nanoseconds spent releasing 0 JDBC connections;
    0 nanoseconds spent preparing 0 JDBC statements;
    0 nanoseconds spent executing 0 JDBC statements;
    0 nanoseconds spent executing 0 JDBC batches;
    0 nanoseconds spent performing 0 L2C puts;
    0 nanoseconds spent performing 0 L2C hits;
    0 nanoseconds spent performing 0 L2C misses;
    0 nanoseconds spent executing 0 flushes (flushing a total of 0 entities and 0 collections);
    0 nanoseconds spent executing 0 pre-partial-flushes;
    0 nanoseconds spent executing 0 partial-flushes (flushing a total of 0 entities and 0 collections)
}
2026-10-07T02:05:08.134+09:00  INFO [requestId:2f9f2504-43f9-4fb5-9abe-985e71ae00fd] 80627 --- [sc-reference-app] [           main] i.StatisticalLoggingSessionEventListener : Session Metrics {
    958 nanoseconds spent acquiring 1 JDBC connections;
    0 nanoseconds spent releasing 0 JDBC connections;
    4125 nanoseconds spent preparing 1 JDBC statements;
    18000 nanoseconds spent executing 1 JDBC statements;
    0 nanoseconds spent executing 0 JDBC batches;
    0 nanoseconds spent performing 0 L2C puts;
    0 nanoseconds spent performing 0 L2C hits;
    0 nanoseconds spent performing 0 L2C misses;
    0 nanoseconds spent executing 0 flushes (flushing a total of 0 entities and 0 collections);
    500 nanoseconds spent executing 1 pre-partial-flushes;
    500 nanoseconds spent executing 1 partial-flushes (flushing a total of 0 entities and 0 collections)
}
2026-10-07T02:05:08.135+09:00  INFO [requestId:2f9f2504-43f9-4fb5-9abe-985e71ae00fd] 80627 --- [sc-reference-app] [           main] i.StatisticalLoggingSessionEventListener : Session Metrics {
    1583 nanoseconds spent acquiring 1 JDBC connections;
    0 nanoseconds spent releasing 0 JDBC connections;
    125750 nanoseconds spent preparing 4 JDBC statements;
    75251 nanoseconds spent executing 4 JDBC statements;
    0 nanoseconds spent executing 0 JDBC batches;
    0 nanoseconds spent performing 0 L2C puts;
    0 nanoseconds spent performing 0 L2C hits;
    0 nanoseconds spent performing 0 L2C misses;
    0 nanoseconds spent executing 0 flushes (flushing a total of 0 entities and 0 collections);
    1624 nanoseconds spent executing 4 pre-partial-flushes;
    1499 nanoseconds spent executing 4 partial-flushes (flushing a total of 0 entities and 0 collections)
}
2026-10-07T02:05:08.136+09:00  INFO [requestId:8c77757d-65d3-4072-a954-1e1ff3029eb7] 80627 --- [sc-reference-app] [           main] i.StatisticalLoggingSessionEventListener : Session Metrics {
    2708 nanoseconds spent acquiring 1 JDBC connections;
    0 nanoseconds spent releasing 0 JDBC connections;
    5083 nanoseconds spent preparing 1 JDBC statements;
    7208 nanoseconds spent executing 1 JDBC statements;
    0 nanoseconds spent executing 0 JDBC batches;
    0 nanoseconds spent performing 0 L2C puts;
    0 nanoseconds spent performing 0 L2C hits;
    0 nanoseconds spent performing 0 L2C misses;
    0 nanoseconds spent executing 0 flushes (flushing a total of 0 entities and 0 collections);
    334 nanoseconds spent executing 1 pre-partial-flushes;
    375 nanoseconds spent executing 1 partial-flushes (flushing a total of 0 entities and 0 collections)
}
2026-10-07T02:05:08.137+09:00  INFO [requestId:8c77757d-65d3-4072-a954-1e1ff3029eb7] 80627 --- [sc-reference-app] [           main] i.StatisticalLoggingSessionEventListener : Session Metrics {
    1042 nanoseconds spent acquiring 1 JDBC connections;
    0 nanoseconds spent releasing 0 JDBC connections;
    0 nanoseconds spent preparing 0 JDBC statements;
    0 nanoseconds spent executing 0 JDBC statements;
    0 nanoseconds spent executing 0 JDBC batches;
    0 nanoseconds spent performing 0 L2C puts;
    0 nanoseconds spent performing 0 L2C hits;
    0 nanoseconds spent performing 0 L2C misses;
    0 nanoseconds spent executing 0 flushes (flushing a total of 0 entities and 0 collections);
    0 nanoseconds spent executing 0 pre-partial-flushes;
    0 nanoseconds spent executing 0 partial-flushes (flushing a total of 0 entities and 0 collections)
}
2026-10-07T02:05:08.137+09:00  INFO [requestId:1fc6b43b-b156-425e-a145-bb618f4ad70e] 80627 --- [sc-reference-app] [           main] i.StatisticalLoggingSessionEventListener : Session Metrics {
    1250 nanoseconds spent acquiring 1 JDBC connections;
    0 nanoseconds spent releasing 0 JDBC connections;
    1833 nanoseconds spent preparing 1 JDBC statements;
    14750 nanoseconds spent executing 1 JDBC statements;
    0 nanoseconds spent executing 0 JDBC batches;
    0 nanoseconds spent performing 0 L2C puts;
    0 nanoseconds spent performing 0 L2C hits;
    0 nanoseconds spent performing 0 L2C misses;
    0 nanoseconds spent executing 0 flushes (flushing a total of 0 entities and 0 collections);
    375 nanoseconds spent executing 1 pre-partial-flushes;
    375 nanoseconds spent executing 1 partial-flushes (flushing a total of 0 entities and 0 collections)
}
2026-10-07T02:05:08.138+09:00  INFO [requestId:1fc6b43b-b156-425e-a145-bb618f4ad70e] 80627 --- [sc-reference-app] [           main] i.StatisticalLoggingSessionEventListener : Session Metrics {
    750 nanoseconds spent acquiring 1 JDBC connections;
    0 nanoseconds spent releasing 0 JDBC connections;
    47792 nanoseconds spent preparing 2 JDBC statements;
    24792 nanoseconds spent executing 2 JDBC statements;
    0 nanoseconds spent executing 0 JDBC batches;
    0 nanoseconds spent performing 0 L2C puts;
    0 nanoseconds spent performing 0 L2C hits;
    0 nanoseconds spent performing 0 L2C misses;
    0 nanoseconds spent executing 0 flushes (flushing a total of 0 entities and 0 collections);
    376 nanoseconds spent executing 2 pre-partial-flushes;
    417 nanoseconds spent executing 2 partial-flushes (flushing a total of 0 entities and 0 collections)
}
2026-10-07T02:05:08.138+09:00  INFO [requestId:33a8037f-e557-4060-a153-0976100371fd] 80627 --- [sc-reference-app] [           main] i.StatisticalLoggingSessionEventListener : Session Metrics {
    1083 nanoseconds spent acquiring 1 JDBC connections;
    0 nanoseconds spent releasing 0 JDBC connections;
    1125 nanoseconds spent preparing 1 JDBC statements;
    4584 nanoseconds spent executing 1 JDBC statements;
    0 nanoseconds spent executing 0 JDBC batches;
    0 nanoseconds spent performing 0 L2C puts;
    0 nanoseconds spent performing 0 L2C hits;
    0 nanoseconds spent performing 0 L2C misses;
    0 nanoseconds spent executing 0 flushes (flushing a total of 0 entities and 0 collections);
    291 nanoseconds spent executing 1 pre-partial-flushes;
    333 nanoseconds spent executing 1 partial-flushes (flushing a total of 0 entities and 0 collections)
}
2026-10-07T02:05:08.140+09:00  INFO [requestId:33a8037f-e557-4060-a153-0976100371fd] 80627 --- [sc-reference-app] [           main] i.StatisticalLoggingSessionEventListener : Session Metrics {
    542 nanoseconds spent acquiring 1 JDBC connections;
    0 nanoseconds spent releasing 0 JDBC connections;
    0 nanoseconds spent preparing 0 JDBC statements;
    0 nanoseconds spent executing 0 JDBC statements;
    0 nanoseconds spent executing 0 JDBC batches;
    0 nanoseconds spent performing 0 L2C puts;
    0 nanoseconds spent performing 0 L2C hits;
    0 nanoseconds spent performing 0 L2C misses;
    0 nanoseconds spent executing 0 flushes (flushing a total of 0 entities and 0 collections);
    0 nanoseconds spent executing 0 pre-partial-flushes;
    0 nanoseconds spent executing 0 partial-flushes (flushing a total of 0 entities and 0 collections)
}
2026-10-07T02:05:08.140+09:00  INFO [requestId:c65487af-de89-48e5-ad65-d5617d29bc76] 80627 --- [sc-reference-app] [           main] i.StatisticalLoggingSessionEventListener : Session Metrics {
    2125 nanoseconds spent acquiring 1 JDBC connections;
    0 nanoseconds spent releasing 0 JDBC connections;
    2458 nanoseconds spent preparing 1 JDBC statements;
    17041 nanoseconds spent executing 1 JDBC statements;
    0 nanoseconds spent executing 0 JDBC batches;
    0 nanoseconds spent performing 0 L2C puts;
    0 nanoseconds spent performing 0 L2C hits;
    0 nanoseconds spent performing 0 L2C misses;
    0 nanoseconds spent executing 0 flushes (flushing a total of 0 entities and 0 collections);
    500 nanoseconds spent executing 1 pre-partial-flushes;
    500 nanoseconds spent executing 1 partial-flushes (flushing a total of 0 entities and 0 collections)
}
2026-10-07T02:05:08.141+09:00  INFO [requestId:c65487af-de89-48e5-ad65-d5617d29bc76] 80627 --- [sc-reference-app] [           main] i.StatisticalLoggingSessionEventListener : Session Metrics {
    875 nanoseconds spent acquiring 1 JDBC connections;
    0 nanoseconds spent releasing 0 JDBC connections;
    122917 nanoseconds spent preparing 4 JDBC statements;
    100001 nanoseconds spent executing 4 JDBC statements;
    0 nanoseconds spent executing 0 JDBC batches;
    0 nanoseconds spent performing 0 L2C puts;
    0 nanoseconds spent performing 0 L2C hits;
    0 nanoseconds spent performing 0 L2C misses;
    0 nanoseconds spent executing 0 flushes (flushing a total of 0 entities and 0 collections);
    832 nanoseconds spent executing 4 pre-partial-flushes;
    1166 nanoseconds spent executing 4 partial-flushes (flushing a total of 0 entities and 0 collections)
}
2026-10-07T02:05:08.142+09:00  INFO [requestId:818aab59-e2aa-43e2-a1ff-5c4d6211deb1] 80627 --- [sc-reference-app] [           main] i.StatisticalLoggingSessionEventListener : Session Metrics {
    1250 nanoseconds spent acquiring 1 JDBC connections;
    0 nanoseconds spent releasing 0 JDBC connections;
    1500 nanoseconds spent preparing 1 JDBC statements;
    5334 nanoseconds spent executing 1 JDBC statements;
    0 nanoseconds spent executing 0 JDBC batches;
    0 nanoseconds spent performing 0 L2C puts;
    0 nanoseconds spent performing 0 L2C hits;
    0 nanoseconds spent performing 0 L2C misses;
    0 nanoseconds spent executing 0 flushes (flushing a total of 0 entities and 0 collections);
    250 nanoseconds spent executing 1 pre-partial-flushes;
    209 nanoseconds spent executing 1 partial-flushes (flushing a total of 0 entities and 0 collections)
}
2026-10-07T02:05:08.143+09:00  INFO [requestId:818aab59-e2aa-43e2-a1ff-5c4d6211deb1] 80627 --- [sc-reference-app] [           main] i.StatisticalLoggingSessionEventListener : Session Metrics {
    625 nanoseconds spent acquiring 1 JDBC connections;
    0 nanoseconds spent releasing 0 JDBC connections;
    0 nanoseconds spent preparing 0 JDBC statements;
    0 nanoseconds spent executing 0 JDBC statements;
    0 nanoseconds spent executing 0 JDBC batches;
    0 nanoseconds spent performing 0 L2C puts;
    0 nanoseconds spent performing 0 L2C hits;
    0 nanoseconds spent performing 0 L2C misses;
    0 nanoseconds spent executing 0 flushes (flushing a total of 0 entities and 0 collections);
    0 nanoseconds spent executing 0 pre-partial-flushes;
    0 nanoseconds spent executing 0 partial-flushes (flushing a total of 0 entities and 0 collections)
}
2026-10-07T02:05:08.143+09:00  INFO [requestId:4221f273-837d-4642-a707-58535353333b] 80627 --- [sc-reference-app] [           main] i.StatisticalLoggingSessionEventListener : Session Metrics {
    1458 nanoseconds spent acquiring 1 JDBC connections;
    0 nanoseconds spent releasing 0 JDBC connections;
    2333 nanoseconds spent preparing 1 JDBC statements;
    13375 nanoseconds spent executing 1 JDBC statements;
    0 nanoseconds spent executing 0 JDBC batches;
    0 nanoseconds spent performing 0 L2C puts;
    0 nanoseconds spent performing 0 L2C hits;
    0 nanoseconds spent performing 0 L2C misses;
    0 nanoseconds spent executing 0 flushes (flushing a total of 0 entities and 0 collections);
    542 nanoseconds spent executing 1 pre-partial-flushes;
    458 nanoseconds spent executing 1 partial-flushes (flushing a total of 0 entities and 0 collections)
}
2026-10-07T02:05:08.144+09:00  INFO [requestId:4221f273-837d-4642-a707-58535353333b] 80627 --- [sc-reference-app] [           main] i.StatisticalLoggingSessionEventListener : Session Metrics {
    792 nanoseconds spent acquiring 1 JDBC connections;
    0 nanoseconds spent releasing 0 JDBC connections;
    90125 nanoseconds spent preparing 4 JDBC statements;
    56376 nanoseconds spent executing 4 JDBC statements;
    0 nanoseconds spent executing 0 JDBC batches;
    0 nanoseconds spent performing 0 L2C puts;
    0 nanoseconds spent performing 0 L2C hits;
    0 nanoseconds spent performing 0 L2C misses;
    0 nanoseconds spent executing 0 flushes (flushing a total of 0 entities and 0 collections);
    1001 nanoseconds spent executing 4 pre-partial-flushes;
    958 nanoseconds spent executing 4 partial-flushes (flushing a total of 0 entities and 0 collections)
}
2026-10-07T02:05:08.147+09:00  INFO [requestId:] 80627 --- [sc-reference-app] [           main] i.StatisticalLoggingSessionEventListener : Session Metrics {
    1042 nanoseconds spent acquiring 1 JDBC connections;
    0 nanoseconds spent releasing 0 JDBC connections;
    24125 nanoseconds spent preparing 1 JDBC statements;
    15583 nanoseconds spent executing 1 JDBC statements;
    0 nanoseconds spent executing 0 JDBC batches;
    0 nanoseconds spent performing 0 L2C puts;
    0 nanoseconds spent performing 0 L2C hits;
    0 nanoseconds spent performing 0 L2C misses;
    0 nanoseconds spent executing 0 flushes (flushing a total of 0 entities and 0 collections);
    0 nanoseconds spent executing 0 pre-partial-flushes;
    0 nanoseconds spent executing 0 partial-flushes (flushing a total of 0 entities and 0 collections)
}
2026-10-07T02:05:08.148+09:00  INFO [requestId:] 80627 --- [sc-reference-app] [           main] i.StatisticalLoggingSessionEventListener : Session Metrics {
    833 nanoseconds spent acquiring 1 JDBC connections;
    0 nanoseconds spent releasing 0 JDBC connections;
    22166 nanoseconds spent preparing 1 JDBC statements;
    13083 nanoseconds spent executing 1 JDBC statements;
    0 nanoseconds spent executing 0 JDBC batches;
    0 nanoseconds spent performing 0 L2C puts;
    0 nanoseconds spent performing 0 L2C hits;
    0 nanoseconds spent performing 0 L2C misses;
    0 nanoseconds spent executing 0 flushes (flushing a total of 0 entities and 0 collections);
    0 nanoseconds spent executing 0 pre-partial-flushes;
    0 nanoseconds spent executing 0 partial-flushes (flushing a total of 0 entities and 0 collections)
}
2026-10-07T02:05:08.149+09:00  INFO [requestId:ab0b181b-cce2-4dde-9e8d-72163d252552] 80627 --- [sc-reference-app] [           main] i.StatisticalLoggingSessionEventListener : Session Metrics {
    1458 nanoseconds spent acquiring 1 JDBC connections;
    0 nanoseconds spent releasing 0 JDBC connections;
    23666 nanoseconds spent preparing 1 JDBC statements;
    26583 nanoseconds spent executing 1 JDBC statements;
    0 nanoseconds spent executing 0 JDBC batches;
    0 nanoseconds spent performing 0 L2C puts;
    0 nanoseconds spent performing 0 L2C hits;
    0 nanoseconds spent performing 0 L2C misses;
    0 nanoseconds spent executing 0 flushes (flushing a total of 0 entities and 0 collections);
    0 nanoseconds spent executing 0 pre-partial-flushes;
    0 nanoseconds spent executing 0 partial-flushes (flushing a total of 0 entities and 0 collections)
}
2026-10-07T02:05:08.207+09:00  INFO [requestId:ab0b181b-cce2-4dde-9e8d-72163d252552] 80627 --- [sc-reference-app] [           main] i.StatisticalLoggingSessionEventListener : Session Metrics {
    2083 nanoseconds spent acquiring 1 JDBC connections;
    0 nanoseconds spent releasing 0 JDBC connections;
    0 nanoseconds spent preparing 0 JDBC statements;
    0 nanoseconds spent executing 0 JDBC statements;
    0 nanoseconds spent executing 0 JDBC batches;
    0 nanoseconds spent performing 0 L2C puts;
    0 nanoseconds spent performing 0 L2C hits;
    0 nanoseconds spent performing 0 L2C misses;
    0 nanoseconds spent executing 0 flushes (flushing a total of 0 entities and 0 collections);
    0 nanoseconds spent executing 0 pre-partial-flushes;
    0 nanoseconds spent executing 0 partial-flushes (flushing a total of 0 entities and 0 collections)
}
2026-10-07T02:05:08.208+09:00  INFO [requestId:c24584e7-078a-428a-a165-986ef3cc5f1b] 80627 --- [sc-reference-app] [           main] i.StatisticalLoggingSessionEventListener : Session Metrics {
    1333 nanoseconds spent acquiring 1 JDBC connections;
    0 nanoseconds spent releasing 0 JDBC connections;
    35792 nanoseconds spent preparing 1 JDBC statements;
    16125 nanoseconds spent executing 1 JDBC statements;
    0 nanoseconds spent executing 0 JDBC batches;
    0 nanoseconds spent performing 0 L2C puts;
    0 nanoseconds spent performing 0 L2C hits;
    0 nanoseconds spent performing 0 L2C misses;
    0 nanoseconds spent executing 0 flushes (flushing a total of 0 entities and 0 collections);
    0 nanoseconds spent executing 0 pre-partial-flushes;
    0 nanoseconds spent executing 0 partial-flushes (flushing a total of 0 entities and 0 collections)
}
2026-10-07T02:05:08.265+09:00  INFO [requestId:c24584e7-078a-428a-a165-986ef3cc5f1b] 80627 --- [sc-reference-app] [           main] i.StatisticalLoggingSessionEventListener : Session Metrics {
    1375 nanoseconds spent acquiring 1 JDBC connections;
    0 nanoseconds spent releasing 0 JDBC connections;
    0 nanoseconds spent preparing 0 JDBC statements;
    0 nanoseconds spent executing 0 JDBC statements;
    0 nanoseconds spent executing 0 JDBC batches;
    0 nanoseconds spent performing 0 L2C puts;
    0 nanoseconds spent performing 0 L2C hits;
    0 nanoseconds spent performing 0 L2C misses;
    0 nanoseconds spent executing 0 flushes (flushing a total of 0 entities and 0 collections);
    0 nanoseconds spent executing 0 pre-partial-flushes;
    0 nanoseconds spent executing 0 partial-flushes (flushing a total of 0 entities and 0 collections)
}
2026-10-07T02:05:08.265+09:00  INFO [requestId:5e09527d-f3b5-46eb-b442-3f739b307510] 80627 --- [sc-reference-app] [           main] i.StatisticalLoggingSessionEventListener : Session Metrics {
    1125 nanoseconds spent acquiring 1 JDBC connections;
    0 nanoseconds spent releasing 0 JDBC connections;
    30042 nanoseconds spent preparing 1 JDBC statements;
    16750 nanoseconds spent executing 1 JDBC statements;
    0 nanoseconds spent executing 0 JDBC batches;
    0 nanoseconds spent performing 0 L2C puts;
    0 nanoseconds spent performing 0 L2C hits;
    0 nanoseconds spent performing 0 L2C misses;
    0 nanoseconds spent executing 0 flushes (flushing a total of 0 entities and 0 collections);
    0 nanoseconds spent executing 0 pre-partial-flushes;
    0 nanoseconds spent executing 0 partial-flushes (flushing a total of 0 entities and 0 collections)
}
2026-10-07T02:05:08.322+09:00  INFO [requestId:5e09527d-f3b5-46eb-b442-3f739b307510] 80627 --- [sc-reference-app] [           main] i.StatisticalLoggingSessionEventListener : Session Metrics {
    2208 nanoseconds spent acquiring 1 JDBC connections;
    0 nanoseconds spent releasing 0 JDBC connections;
    0 nanoseconds spent preparing 0 JDBC statements;
    0 nanoseconds spent executing 0 JDBC statements;
    0 nanoseconds spent executing 0 JDBC batches;
    0 nanoseconds spent performing 0 L2C puts;
    0 nanoseconds spent performing 0 L2C hits;
    0 nanoseconds spent performing 0 L2C misses;
    0 nanoseconds spent executing 0 flushes (flushing a total of 0 entities and 0 collections);
    0 nanoseconds spent executing 0 pre-partial-flushes;
    0 nanoseconds spent executing 0 partial-flushes (flushing a total of 0 entities and 0 collections)
}
2026-10-07T02:05:08.523+09:00  INFO [requestId:] 80627 --- [sc-reference-app] [           main] i.StatisticalLoggingSessionEventListener : Session Metrics {
    5708 nanoseconds spent acquiring 1 JDBC connections;
    0 nanoseconds spent releasing 0 JDBC connections;
    0 nanoseconds spent preparing 0 JDBC statements;
    0 nanoseconds spent executing 0 JDBC statements;
    0 nanoseconds spent executing 0 JDBC batches;
    0 nanoseconds spent performing 0 L2C puts;
    0 nanoseconds spent performing 0 L2C hits;
    0 nanoseconds spent performing 0 L2C misses;
    0 nanoseconds spent executing 0 flushes (flushing a total of 0 entities and 0 collections);
    0 nanoseconds spent executing 0 pre-partial-flushes;
    0 nanoseconds spent executing 0 partial-flushes (flushing a total of 0 entities and 0 collections)
}
2026-10-07T02:05:08.556+09:00  INFO [requestId:] 80627 --- [sc-reference-app] [           main] i.StatisticalLoggingSessionEventListener : Session Metrics {
    3959 nanoseconds spent acquiring 1 JDBC connections;
    0 nanoseconds spent releasing 0 JDBC connections;
    0 nanoseconds spent preparing 0 JDBC statements;
    0 nanoseconds spent executing 0 JDBC statements;
    0 nanoseconds spent executing 0 JDBC batches;
    0 nanoseconds spent performing 0 L2C puts;
    0 nanoseconds spent performing 0 L2C hits;
    0 nanoseconds spent performing 0 L2C misses;
    0 nanoseconds spent executing 0 flushes (flushing a total of 0 entities and 0 collections);
    0 nanoseconds spent executing 0 pre-partial-flushes;
    0 nanoseconds spent executing 0 partial-flushes (flushing a total of 0 entities and 0 collections)
}
2026-10-07T02:05:08.586+09:00  INFO [requestId:] 80627 --- [sc-reference-app] [           main] i.StatisticalLoggingSessionEventListener : Session Metrics {
    1500 nanoseconds spent acquiring 1 JDBC connections;
    0 nanoseconds spent releasing 0 JDBC connections;
    0 nanoseconds spent preparing 0 JDBC statements;
    0 nanoseconds spent executing 0 JDBC statements;
    0 nanoseconds spent executing 0 JDBC batches;
    0 nanoseconds spent performing 0 L2C puts;
    0 nanoseconds spent performing 0 L2C hits;
    0 nanoseconds spent performing 0 L2C misses;
    0 nanoseconds spent executing 0 flushes (flushing a total of 0 entities and 0 collections);
    0 nanoseconds spent executing 0 pre-partial-flushes;
    0 nanoseconds spent executing 0 partial-flushes (flushing a total of 0 entities and 0 collections)
}
2026-10-07T02:05:08.624+09:00  INFO [requestId:] 80627 --- [sc-reference-app] [           main] i.StatisticalLoggingSessionEventListener : Session Metrics {
    1334 nanoseconds spent acquiring 1 JDBC connections;
    0 nanoseconds spent releasing 0 JDBC connections;
    0 nanoseconds spent preparing 0 JDBC statements;
    0 nanoseconds spent executing 0 JDBC statements;
    0 nanoseconds spent executing 0 JDBC batches;
    0 nanoseconds spent performing 0 L2C puts;
    0 nanoseconds spent performing 0 L2C hits;
    0 nanoseconds spent performing 0 L2C misses;
    0 nanoseconds spent executing 0 flushes (flushing a total of 0 entities and 0 collections);
    0 nanoseconds spent executing 0 pre-partial-flushes;
    0 nanoseconds spent executing 0 partial-flushes (flushing a total of 0 entities and 0 collections)
}
2026-10-07T02:05:08.663+09:00  INFO [requestId:] 80627 --- [sc-reference-app] [           main] i.StatisticalLoggingSessionEventListener : Session Metrics {
    2208 nanoseconds spent acquiring 1 JDBC connections;
    0 nanoseconds spent releasing 0 JDBC connections;
    0 nanoseconds spent preparing 0 JDBC statements;
    0 nanoseconds spent executing 0 JDBC statements;
    0 nanoseconds spent executing 0 JDBC batches;
    0 nanoseconds spent performing 0 L2C puts;
    0 nanoseconds spent performing 0 L2C hits;
    0 nanoseconds spent performing 0 L2C misses;
    0 nanoseconds spent executing 0 flushes (flushing a total of 0 entities and 0 collections);
    0 nanoseconds spent executing 0 pre-partial-flushes;
    0 nanoseconds spent executing 0 partial-flushes (flushing a total of 0 entities and 0 collections)
}
2026-10-07T02:05:08.669+09:00  INFO [requestId:] 80627 --- [sc-reference-app] [           main] i.StatisticalLoggingSessionEventListener : Session Metrics {
    3458 nanoseconds spent acquiring 1 JDBC connections;
    0 nanoseconds spent releasing 0 JDBC connections;
    0 nanoseconds spent preparing 0 JDBC statements;
    0 nanoseconds spent executing 0 JDBC statements;
    0 nanoseconds spent executing 0 JDBC batches;
    0 nanoseconds spent performing 0 L2C puts;
    0 nanoseconds spent performing 0 L2C hits;
    0 nanoseconds spent performing 0 L2C misses;
    0 nanoseconds spent executing 0 flushes (flushing a total of 0 entities and 0 collections);
    0 nanoseconds spent executing 0 pre-partial-flushes;
    0 nanoseconds spent executing 0 partial-flushes (flushing a total of 0 entities and 0 collections)
}
2026-10-07T02:05:08.833+09:00  INFO [requestId:] 80627 --- [sc-reference-app] [           main] i.StatisticalLoggingSessionEventListener : Session Metrics {
    1917 nanoseconds spent acquiring 1 JDBC connections;
    0 nanoseconds spent releasing 0 JDBC connections;
    74583 nanoseconds spent preparing 1 JDBC statements;
    40291 nanoseconds spent executing 1 JDBC statements;
    0 nanoseconds spent executing 0 JDBC batches;
    0 nanoseconds spent performing 0 L2C puts;
    0 nanoseconds spent performing 0 L2C hits;
    0 nanoseconds spent performing 0 L2C misses;
    0 nanoseconds spent executing 0 flushes (flushing a total of 0 entities and 0 collections);
    0 nanoseconds spent executing 0 pre-partial-flushes;
    0 nanoseconds spent executing 0 partial-flushes (flushing a total of 0 entities and 0 collections)
}
2026-10-07T02:05:08.833+09:00  INFO [requestId:] 80627 --- [sc-reference-app] [           main] i.StatisticalLoggingSessionEventListener : Session Metrics {
    750 nanoseconds spent acquiring 1 JDBC connections;
    0 nanoseconds spent releasing 0 JDBC connections;
    13500 nanoseconds spent preparing 1 JDBC statements;
    7958 nanoseconds spent executing 1 JDBC statements;
    0 nanoseconds spent executing 0 JDBC batches;
    0 nanoseconds spent performing 0 L2C puts;
    0 nanoseconds spent performing 0 L2C hits;
    0 nanoseconds spent performing 0 L2C misses;
    0 nanoseconds spent executing 0 flushes (flushing a total of 0 entities and 0 collections);
    0 nanoseconds spent executing 0 pre-partial-flushes;
    0 nanoseconds spent executing 0 partial-flushes (flushing a total of 0 entities and 0 collections)
}
2026-10-07T02:05:08.835+09:00  INFO [requestId:913a1c5d-9fdd-4e3d-bed6-d07199d58b26] 80627 --- [sc-reference-app] [           main] i.StatisticalLoggingSessionEventListener : Session Metrics {
    3375 nanoseconds spent acquiring 1 JDBC connections;
    0 nanoseconds spent releasing 0 JDBC connections;
    37584 nanoseconds spent preparing 1 JDBC statements;
    18875 nanoseconds spent executing 1 JDBC statements;
    0 nanoseconds spent executing 0 JDBC batches;
    0 nanoseconds spent performing 0 L2C puts;
    0 nanoseconds spent performing 0 L2C hits;
    0 nanoseconds spent performing 0 L2C misses;
    0 nanoseconds spent executing 0 flushes (flushing a total of 0 entities and 0 collections);
    0 nanoseconds spent executing 0 pre-partial-flushes;
    0 nanoseconds spent executing 0 partial-flushes (flushing a total of 0 entities and 0 collections)
}
2026-10-07T02:05:08.893+09:00  INFO [requestId:913a1c5d-9fdd-4e3d-bed6-d07199d58b26] 80627 --- [sc-reference-app] [           main] i.StatisticalLoggingSessionEventListener : Session Metrics {
    3333 nanoseconds spent acquiring 1 JDBC connections;
    0 nanoseconds spent releasing 0 JDBC connections;
    0 nanoseconds spent preparing 0 JDBC statements;
    0 nanoseconds spent executing 0 JDBC statements;
    0 nanoseconds spent executing 0 JDBC batches;
    0 nanoseconds spent performing 0 L2C puts;
    0 nanoseconds spent performing 0 L2C hits;
    0 nanoseconds spent performing 0 L2C misses;
    0 nanoseconds spent executing 0 flushes (flushing a total of 0 entities and 0 collections);
    0 nanoseconds spent executing 0 pre-partial-flushes;
    0 nanoseconds spent executing 0 partial-flushes (flushing a total of 0 entities and 0 collections)
}
2026-10-07T02:05:08.894+09:00  INFO [requestId:1d20cb88-13b4-4109-8700-9be93747a9e8] 80627 --- [sc-reference-app] [           main] i.StatisticalLoggingSessionEventListener : Session Metrics {
    1709 nanoseconds spent acquiring 1 JDBC connections;
    0 nanoseconds spent releasing 0 JDBC connections;
    44167 nanoseconds spent preparing 1 JDBC statements;
    22541 nanoseconds spent executing 1 JDBC statements;
    0 nanoseconds spent executing 0 JDBC batches;
    0 nanoseconds spent performing 0 L2C puts;
    0 nanoseconds spent performing 0 L2C hits;
    0 nanoseconds spent performing 0 L2C misses;
    0 nanoseconds spent executing 0 flushes (flushing a total of 0 entities and 0 collections);
    0 nanoseconds spent executing 0 pre-partial-flushes;
    0 nanoseconds spent executing 0 partial-flushes (flushing a total of 0 entities and 0 collections)
}
2026-10-07T02:05:08.951+09:00  INFO [requestId:1d20cb88-13b4-4109-8700-9be93747a9e8] 80627 --- [sc-reference-app] [           main] i.StatisticalLoggingSessionEventListener : Session Metrics {
    2209 nanoseconds spent acquiring 1 JDBC connections;
    0 nanoseconds spent releasing 0 JDBC connections;
    0 nanoseconds spent preparing 0 JDBC statements;
    0 nanoseconds spent executing 0 JDBC statements;
    0 nanoseconds spent executing 0 JDBC batches;
    0 nanoseconds spent performing 0 L2C puts;
    0 nanoseconds spent performing 0 L2C hits;
    0 nanoseconds spent performing 0 L2C misses;
    0 nanoseconds spent executing 0 flushes (flushing a total of 0 entities and 0 collections);
    0 nanoseconds spent executing 0 pre-partial-flushes;
    0 nanoseconds spent executing 0 partial-flushes (flushing a total of 0 entities and 0 collections)
}
2026-10-07T02:05:08.951+09:00  INFO [requestId:1c590999-d669-43db-864e-5f935d122312] 80627 --- [sc-reference-app] [           main] i.StatisticalLoggingSessionEventListener : Session Metrics {
    1167 nanoseconds spent acquiring 1 JDBC connections;
    0 nanoseconds spent releasing 0 JDBC connections;
    33959 nanoseconds spent preparing 1 JDBC statements;
    16833 nanoseconds spent executing 1 JDBC statements;
    0 nanoseconds spent executing 0 JDBC batches;
    0 nanoseconds spent performing 0 L2C puts;
    0 nanoseconds spent performing 0 L2C hits;
    0 nanoseconds spent performing 0 L2C misses;
    0 nanoseconds spent executing 0 flushes (flushing a total of 0 entities and 0 collections);
    0 nanoseconds spent executing 0 pre-partial-flushes;
    0 nanoseconds spent executing 0 partial-flushes (flushing a total of 0 entities and 0 collections)
}
2026-10-07T02:05:09.008+09:00  INFO [requestId:1c590999-d669-43db-864e-5f935d122312] 80627 --- [sc-reference-app] [           main] i.StatisticalLoggingSessionEventListener : Session Metrics {
    4167 nanoseconds spent acquiring 1 JDBC connections;
    0 nanoseconds spent releasing 0 JDBC connections;
    0 nanoseconds spent preparing 0 JDBC statements;
    0 nanoseconds spent executing 0 JDBC statements;
    0 nanoseconds spent executing 0 JDBC batches;
    0 nanoseconds spent performing 0 L2C puts;
    0 nanoseconds spent performing 0 L2C hits;
    0 nanoseconds spent performing 0 L2C misses;
    0 nanoseconds spent executing 0 flushes (flushing a total of 0 entities and 0 collections);
    0 nanoseconds spent executing 0 pre-partial-flushes;
    0 nanoseconds spent executing 0 partial-flushes (flushing a total of 0 entities and 0 collections)
}
2026-10-07T02:05:09.009+09:00  INFO [requestId:b0c75259-fa1a-4f93-8be4-060e2869d5e8] 80627 --- [sc-reference-app] [           main] i.StatisticalLoggingSessionEventListener : Session Metrics {
    1333 nanoseconds spent acquiring 1 JDBC connections;
    0 nanoseconds spent releasing 0 JDBC connections;
    44667 nanoseconds spent preparing 1 JDBC statements;
    24417 nanoseconds spent executing 1 JDBC statements;
    0 nanoseconds spent executing 0 JDBC batches;
    0 nanoseconds spent performing 0 L2C puts;
    0 nanoseconds spent performing 0 L2C hits;
    0 nanoseconds spent performing 0 L2C misses;
    0 nanoseconds spent executing 0 flushes (flushing a total of 0 entities and 0 collections);
    1500 nanoseconds spent executing 1 pre-partial-flushes;
    959 nanoseconds spent executing 1 partial-flushes (flushing a total of 0 entities and 0 collections)
}
2026-10-07T02:05:09.010+09:00  INFO [requestId:b0c75259-fa1a-4f93-8be4-060e2869d5e8] 80627 --- [sc-reference-app] [           main] i.StatisticalLoggingSessionEventListener : Session Metrics {
    1042 nanoseconds spent acquiring 1 JDBC connections;
    0 nanoseconds spent releasing 0 JDBC connections;
    0 nanoseconds spent preparing 0 JDBC statements;
    0 nanoseconds spent executing 0 JDBC statements;
    0 nanoseconds spent executing 0 JDBC batches;
    0 nanoseconds spent performing 0 L2C puts;
    0 nanoseconds spent performing 0 L2C hits;
    0 nanoseconds spent performing 0 L2C misses;
    0 nanoseconds spent executing 0 flushes (flushing a total of 0 entities and 0 collections);
    0 nanoseconds spent executing 0 pre-partial-flushes;
    0 nanoseconds spent executing 0 partial-flushes (flushing a total of 0 entities and 0 collections)
}
2026-10-07T02:05:09.013+09:00  INFO [requestId:] 80627 --- [sc-reference-app] [           main] i.StatisticalLoggingSessionEventListener : Session Metrics {
    1042 nanoseconds spent acquiring 1 JDBC connections;
    0 nanoseconds spent releasing 0 JDBC connections;
    23417 nanoseconds spent preparing 1 JDBC statements;
    12541 nanoseconds spent executing 1 JDBC statements;
    0 nanoseconds spent executing 0 JDBC batches;
    0 nanoseconds spent performing 0 L2C puts;
    0 nanoseconds spent performing 0 L2C hits;
    0 nanoseconds spent performing 0 L2C misses;
    0 nanoseconds spent executing 0 flushes (flushing a total of 0 entities and 0 collections);
    0 nanoseconds spent executing 0 pre-partial-flushes;
    0 nanoseconds spent executing 0 partial-flushes (flushing a total of 0 entities and 0 collections)
}
2026-10-07T02:05:09.014+09:00  INFO [requestId:] 80627 --- [sc-reference-app] [           main] i.StatisticalLoggingSessionEventListener : Session Metrics {
    584 nanoseconds spent acquiring 1 JDBC connections;
    0 nanoseconds spent releasing 0 JDBC connections;
    9209 nanoseconds spent preparing 1 JDBC statements;
    7750 nanoseconds spent executing 1 JDBC statements;
    0 nanoseconds spent executing 0 JDBC batches;
    0 nanoseconds spent performing 0 L2C puts;
    0 nanoseconds spent performing 0 L2C hits;
    0 nanoseconds spent performing 0 L2C misses;
    0 nanoseconds spent executing 0 flushes (flushing a total of 0 entities and 0 collections);
    0 nanoseconds spent executing 0 pre-partial-flushes;
    0 nanoseconds spent executing 0 partial-flushes (flushing a total of 0 entities and 0 collections)
}
2026-10-07T02:05:09.015+09:00  INFO [requestId:c54379c3-65d9-48cd-9c2f-f98b51659603] 80627 --- [sc-reference-app] [           main] i.StatisticalLoggingSessionEventListener : Session Metrics {
    1000 nanoseconds spent acquiring 1 JDBC connections;
    0 nanoseconds spent releasing 0 JDBC connections;
    18750 nanoseconds spent preparing 1 JDBC statements;
    11792 nanoseconds spent executing 1 JDBC statements;
    0 nanoseconds spent executing 0 JDBC batches;
    0 nanoseconds spent performing 0 L2C puts;
    0 nanoseconds spent performing 0 L2C hits;
    0 nanoseconds spent performing 0 L2C misses;
    0 nanoseconds spent executing 0 flushes (flushing a total of 0 entities and 0 collections);
    0 nanoseconds spent executing 0 pre-partial-flushes;
    0 nanoseconds spent executing 0 partial-flushes (flushing a total of 0 entities and 0 collections)
}
2026-10-07T02:05:09.071+09:00  INFO [requestId:c54379c3-65d9-48cd-9c2f-f98b51659603] 80627 --- [sc-reference-app] [           main] i.StatisticalLoggingSessionEventListener : Session Metrics {
    2709 nanoseconds spent acquiring 1 JDBC connections;
    0 nanoseconds spent releasing 0 JDBC connections;
    0 nanoseconds spent preparing 0 JDBC statements;
    0 nanoseconds spent executing 0 JDBC statements;
    0 nanoseconds spent executing 0 JDBC batches;
    0 nanoseconds spent performing 0 L2C puts;
    0 nanoseconds spent performing 0 L2C hits;
    0 nanoseconds spent performing 0 L2C misses;
    0 nanoseconds spent executing 0 flushes (flushing a total of 0 entities and 0 collections);
    0 nanoseconds spent executing 0 pre-partial-flushes;
    0 nanoseconds spent executing 0 partial-flushes (flushing a total of 0 entities and 0 collections)
}
2026-10-07T02:05:09.072+09:00  INFO [requestId:16dbfbb2-2205-4fe0-8da0-6a9080ae5fb5] 80627 --- [sc-reference-app] [           main] i.StatisticalLoggingSessionEventListener : Session Metrics {
    1500 nanoseconds spent acquiring 1 JDBC connections;
    0 nanoseconds spent releasing 0 JDBC connections;
    39041 nanoseconds spent preparing 1 JDBC statements;
    18333 nanoseconds spent executing 1 JDBC statements;
    0 nanoseconds spent executing 0 JDBC batches;
    0 nanoseconds spent performing 0 L2C puts;
    0 nanoseconds spent performing 0 L2C hits;
    0 nanoseconds spent performing 0 L2C misses;
    0 nanoseconds spent executing 0 flushes (flushing a total of 0 entities and 0 collections);
    0 nanoseconds spent executing 0 pre-partial-flushes;
    0 nanoseconds spent executing 0 partial-flushes (flushing a total of 0 entities and 0 collections)
}
2026-10-07T02:05:09.129+09:00  INFO [requestId:16dbfbb2-2205-4fe0-8da0-6a9080ae5fb5] 80627 --- [sc-reference-app] [           main] i.StatisticalLoggingSessionEventListener : Session Metrics {
    10333 nanoseconds spent acquiring 1 JDBC connections;
    0 nanoseconds spent releasing 0 JDBC connections;
    0 nanoseconds spent preparing 0 JDBC statements;
    0 nanoseconds spent executing 0 JDBC statements;
    0 nanoseconds spent executing 0 JDBC batches;
    0 nanoseconds spent performing 0 L2C puts;
    0 nanoseconds spent performing 0 L2C hits;
    0 nanoseconds spent performing 0 L2C misses;
    0 nanoseconds spent executing 0 flushes (flushing a total of 0 entities and 0 collections);
    0 nanoseconds spent executing 0 pre-partial-flushes;
    0 nanoseconds spent executing 0 partial-flushes (flushing a total of 0 entities and 0 collections)
}
2026-10-07T02:05:09.130+09:00  INFO [requestId:a0557e23-0ca4-44a3-8056-ba0c87e337b4] 80627 --- [sc-reference-app] [           main] i.StatisticalLoggingSessionEventListener : Session Metrics {
    4291 nanoseconds spent acquiring 1 JDBC connections;
    0 nanoseconds spent releasing 0 JDBC connections;
    44042 nanoseconds spent preparing 1 JDBC statements;
    18083 nanoseconds spent executing 1 JDBC statements;
    0 nanoseconds spent executing 0 JDBC batches;
    0 nanoseconds spent performing 0 L2C puts;
    0 nanoseconds spent performing 0 L2C hits;
    0 nanoseconds spent performing 0 L2C misses;
    0 nanoseconds spent executing 0 flushes (flushing a total of 0 entities and 0 collections);
    0 nanoseconds spent executing 0 pre-partial-flushes;
    0 nanoseconds spent executing 0 partial-flushes (flushing a total of 0 entities and 0 collections)
}
2026-10-07T02:05:09.187+09:00  INFO [requestId:a0557e23-0ca4-44a3-8056-ba0c87e337b4] 80627 --- [sc-reference-app] [           main] i.StatisticalLoggingSessionEventListener : Session Metrics {
    1959 nanoseconds spent acquiring 1 JDBC connections;
    0 nanoseconds spent releasing 0 JDBC connections;
    0 nanoseconds spent preparing 0 JDBC statements;
    0 nanoseconds spent executing 0 JDBC statements;
    0 nanoseconds spent executing 0 JDBC batches;
    0 nanoseconds spent performing 0 L2C puts;
    0 nanoseconds spent performing 0 L2C hits;
    0 nanoseconds spent performing 0 L2C misses;
    0 nanoseconds spent executing 0 flushes (flushing a total of 0 entities and 0 collections);
    0 nanoseconds spent executing 0 pre-partial-flushes;
    0 nanoseconds spent executing 0 partial-flushes (flushing a total of 0 entities and 0 collections)
}
2026-10-07T02:05:09.188+09:00  INFO [requestId:0d5abdcb-8dc5-4f9b-a5f2-54035908f99a] 80627 --- [sc-reference-app] [           main] i.StatisticalLoggingSessionEventListener : Session Metrics {
    1250 nanoseconds spent acquiring 1 JDBC connections;
    0 nanoseconds spent releasing 0 JDBC connections;
    0 nanoseconds spent preparing 0 JDBC statements;
    0 nanoseconds spent executing 0 JDBC statements;
    0 nanoseconds spent executing 0 JDBC batches;
    0 nanoseconds spent performing 0 L2C puts;
    0 nanoseconds spent performing 0 L2C hits;
    0 nanoseconds spent performing 0 L2C misses;
    0 nanoseconds spent executing 0 flushes (flushing a total of 0 entities and 0 collections);
    0 nanoseconds spent executing 0 pre-partial-flushes;
    0 nanoseconds spent executing 0 partial-flushes (flushing a total of 0 entities and 0 collections)
}
2026-10-07T02:05:09.193+09:00  INFO [requestId:] 80627 --- [sc-reference-app] [           main] i.StatisticalLoggingSessionEventListener : Session Metrics {
    2291 nanoseconds spent acquiring 1 JDBC connections;
    0 nanoseconds spent releasing 0 JDBC connections;
    34792 nanoseconds spent preparing 1 JDBC statements;
    17959 nanoseconds spent executing 1 JDBC statements;
    0 nanoseconds spent executing 0 JDBC batches;
    0 nanoseconds spent performing 0 L2C puts;
    0 nanoseconds spent performing 0 L2C hits;
    0 nanoseconds spent performing 0 L2C misses;
    0 nanoseconds spent executing 0 flushes (flushing a total of 0 entities and 0 collections);
    0 nanoseconds spent executing 0 pre-partial-flushes;
    0 nanoseconds spent executing 0 partial-flushes (flushing a total of 0 entities and 0 collections)
}
2026-10-07T02:05:09.193+09:00  INFO [requestId:] 80627 --- [sc-reference-app] [           main] i.StatisticalLoggingSessionEventListener : Session Metrics {
    500 nanoseconds spent acquiring 1 JDBC connections;
    0 nanoseconds spent releasing 0 JDBC connections;
    9125 nanoseconds spent preparing 1 JDBC statements;
    5250 nanoseconds spent executing 1 JDBC statements;
    0 nanoseconds spent executing 0 JDBC batches;
    0 nanoseconds spent performing 0 L2C puts;
    0 nanoseconds spent performing 0 L2C hits;
    0 nanoseconds spent performing 0 L2C misses;
    0 nanoseconds spent executing 0 flushes (flushing a total of 0 entities and 0 collections);
    0 nanoseconds spent executing 0 pre-partial-flushes;
    0 nanoseconds spent executing 0 partial-flushes (flushing a total of 0 entities and 0 collections)
}
2026-10-07T02:05:09.194+09:00  INFO [requestId:3c96564d-9fdb-4809-96dd-ef52e0489c87] 80627 --- [sc-reference-app] [           main] i.StatisticalLoggingSessionEventListener : Session Metrics {
    709 nanoseconds spent acquiring 1 JDBC connections;
    0 nanoseconds spent releasing 0 JDBC connections;
    15458 nanoseconds spent preparing 1 JDBC statements;
    8375 nanoseconds spent executing 1 JDBC statements;
    0 nanoseconds spent executing 0 JDBC batches;
    0 nanoseconds spent performing 0 L2C puts;
    0 nanoseconds spent performing 0 L2C hits;
    0 nanoseconds spent performing 0 L2C misses;
    0 nanoseconds spent executing 0 flushes (flushing a total of 0 entities and 0 collections);
    0 nanoseconds spent executing 0 pre-partial-flushes;
    0 nanoseconds spent executing 0 partial-flushes (flushing a total of 0 entities and 0 collections)
}
2026-10-07T02:05:09.251+09:00  INFO [requestId:3c96564d-9fdb-4809-96dd-ef52e0489c87] 80627 --- [sc-reference-app] [           main] i.StatisticalLoggingSessionEventListener : Session Metrics {
    1083 nanoseconds spent acquiring 1 JDBC connections;
    0 nanoseconds spent releasing 0 JDBC connections;
    0 nanoseconds spent preparing 0 JDBC statements;
    0 nanoseconds spent executing 0 JDBC statements;
    0 nanoseconds spent executing 0 JDBC batches;
    0 nanoseconds spent performing 0 L2C puts;
    0 nanoseconds spent performing 0 L2C hits;
    0 nanoseconds spent performing 0 L2C misses;
    0 nanoseconds spent executing 0 flushes (flushing a total of 0 entities and 0 collections);
    0 nanoseconds spent executing 0 pre-partial-flushes;
    0 nanoseconds spent executing 0 partial-flushes (flushing a total of 0 entities and 0 collections)
}
2026-10-07T02:05:09.252+09:00  INFO [requestId:b71fe354-9886-43db-a8f1-0a2c830af749] 80627 --- [sc-reference-app] [           main] i.StatisticalLoggingSessionEventListener : Session Metrics {
    917 nanoseconds spent acquiring 1 JDBC connections;
    0 nanoseconds spent releasing 0 JDBC connections;
    23125 nanoseconds spent preparing 1 JDBC statements;
    13875 nanoseconds spent executing 1 JDBC statements;
    0 nanoseconds spent executing 0 JDBC batches;
    0 nanoseconds spent performing 0 L2C puts;
    0 nanoseconds spent performing 0 L2C hits;
    0 nanoseconds spent performing 0 L2C misses;
    0 nanoseconds spent executing 0 flushes (flushing a total of 0 entities and 0 collections);
    0 nanoseconds spent executing 0 pre-partial-flushes;
    0 nanoseconds spent executing 0 partial-flushes (flushing a total of 0 entities and 0 collections)
}
2026-10-07T02:05:09.309+09:00  INFO [requestId:b71fe354-9886-43db-a8f1-0a2c830af749] 80627 --- [sc-reference-app] [           main] i.StatisticalLoggingSessionEventListener : Session Metrics {
    1542 nanoseconds spent acquiring 1 JDBC connections;
    0 nanoseconds spent releasing 0 JDBC connections;
    0 nanoseconds spent preparing 0 JDBC statements;
    0 nanoseconds spent executing 0 JDBC statements;
    0 nanoseconds spent executing 0 JDBC batches;
    0 nanoseconds spent performing 0 L2C puts;
    0 nanoseconds spent performing 0 L2C hits;
    0 nanoseconds spent performing 0 L2C misses;
    0 nanoseconds spent executing 0 flushes (flushing a total of 0 entities and 0 collections);
    0 nanoseconds spent executing 0 pre-partial-flushes;
    0 nanoseconds spent executing 0 partial-flushes (flushing a total of 0 entities and 0 collections)
}
2026-10-07T02:05:09.309+09:00  INFO [requestId:42cedd65-18dc-44c7-bff7-d317622d8551] 80627 --- [sc-reference-app] [           main] i.StatisticalLoggingSessionEventListener : Session Metrics {
    1583 nanoseconds spent acquiring 1 JDBC connections;
    0 nanoseconds spent releasing 0 JDBC connections;
    31875 nanoseconds spent preparing 1 JDBC statements;
    18125 nanoseconds spent executing 1 JDBC statements;
    0 nanoseconds spent executing 0 JDBC batches;
    0 nanoseconds spent performing 0 L2C puts;
    0 nanoseconds spent performing 0 L2C hits;
    0 nanoseconds spent performing 0 L2C misses;
    0 nanoseconds spent executing 0 flushes (flushing a total of 0 entities and 0 collections);
    0 nanoseconds spent executing 0 pre-partial-flushes;
    0 nanoseconds spent executing 0 partial-flushes (flushing a total of 0 entities and 0 collections)
}
2026-10-07T02:05:09.368+09:00  INFO [requestId:42cedd65-18dc-44c7-bff7-d317622d8551] 80627 --- [sc-reference-app] [           main] i.StatisticalLoggingSessionEventListener : Session Metrics {
    2083 nanoseconds spent acquiring 1 JDBC connections;
    0 nanoseconds spent releasing 0 JDBC connections;
    0 nanoseconds spent preparing 0 JDBC statements;
    0 nanoseconds spent executing 0 JDBC statements;
    0 nanoseconds spent executing 0 JDBC batches;
    0 nanoseconds spent performing 0 L2C puts;
    0 nanoseconds spent performing 0 L2C hits;
    0 nanoseconds spent performing 0 L2C misses;
    0 nanoseconds spent executing 0 flushes (flushing a total of 0 entities and 0 collections);
    0 nanoseconds spent executing 0 pre-partial-flushes;
    0 nanoseconds spent executing 0 partial-flushes (flushing a total of 0 entities and 0 collections)
}
2026-10-07T02:05:09.369+09:00  INFO [requestId:b761acca-939e-4696-b08a-b101cfa6bc4e] 80627 --- [sc-reference-app] [           main] i.StatisticalLoggingSessionEventListener : Session Metrics {
    1041 nanoseconds spent acquiring 1 JDBC connections;
    0 nanoseconds spent releasing 0 JDBC connections;
    35292 nanoseconds spent preparing 1 JDBC statements;
    16292 nanoseconds spent executing 1 JDBC statements;
    0 nanoseconds spent executing 0 JDBC batches;
    0 nanoseconds spent performing 0 L2C puts;
    0 nanoseconds spent performing 0 L2C hits;
    0 nanoseconds spent performing 0 L2C misses;
    0 nanoseconds spent executing 0 flushes (flushing a total of 0 entities and 0 collections);
    833 nanoseconds spent executing 1 pre-partial-flushes;
    625 nanoseconds spent executing 1 partial-flushes (flushing a total of 0 entities and 0 collections)
}
2026-10-07T02:05:09.370+09:00  INFO [requestId:b761acca-939e-4696-b08a-b101cfa6bc4e] 80627 --- [sc-reference-app] [           main] i.StatisticalLoggingSessionEventListener : Session Metrics {
    875 nanoseconds spent acquiring 1 JDBC connections;
    0 nanoseconds spent releasing 0 JDBC connections;
    0 nanoseconds spent preparing 0 JDBC statements;
    0 nanoseconds spent executing 0 JDBC statements;
    0 nanoseconds spent executing 0 JDBC batches;
    0 nanoseconds spent performing 0 L2C puts;
    0 nanoseconds spent performing 0 L2C hits;
    0 nanoseconds spent performing 0 L2C misses;
    0 nanoseconds spent executing 0 flushes (flushing a total of 0 entities and 0 collections);
    0 nanoseconds spent executing 0 pre-partial-flushes;
    0 nanoseconds spent executing 0 partial-flushes (flushing a total of 0 entities and 0 collections)
}
2026-10-07T02:05:09.371+09:00  INFO [requestId:6155db6e-3615-4ffe-9921-89c101c98a0f] 80627 --- [sc-reference-app] [           main] i.StatisticalLoggingSessionEventListener : Session Metrics {
    1292 nanoseconds spent acquiring 1 JDBC connections;
    0 nanoseconds spent releasing 0 JDBC connections;
    15542 nanoseconds spent preparing 1 JDBC statements;
    10083 nanoseconds spent executing 1 JDBC statements;
    0 nanoseconds spent executing 0 JDBC batches;
    0 nanoseconds spent performing 0 L2C puts;
    0 nanoseconds spent performing 0 L2C hits;
    0 nanoseconds spent performing 0 L2C misses;
    0 nanoseconds spent executing 0 flushes (flushing a total of 0 entities and 0 collections);
    583 nanoseconds spent executing 1 pre-partial-flushes;
    500 nanoseconds spent executing 1 partial-flushes (flushing a total of 0 entities and 0 collections)
}
2026-10-07T02:05:09.371+09:00  INFO [requestId:6155db6e-3615-4ffe-9921-89c101c98a0f] 80627 --- [sc-reference-app] [           main] i.StatisticalLoggingSessionEventListener : Session Metrics {
    666 nanoseconds spent acquiring 1 JDBC connections;
    0 nanoseconds spent releasing 0 JDBC connections;
    0 nanoseconds spent preparing 0 JDBC statements;
    0 nanoseconds spent executing 0 JDBC statements;
    0 nanoseconds spent executing 0 JDBC batches;
    0 nanoseconds spent performing 0 L2C puts;
    0 nanoseconds spent performing 0 L2C hits;
    0 nanoseconds spent performing 0 L2C misses;
    0 nanoseconds spent executing 0 flushes (flushing a total of 0 entities and 0 collections);
    0 nanoseconds spent executing 0 pre-partial-flushes;
    0 nanoseconds spent executing 0 partial-flushes (flushing a total of 0 entities and 0 collections)
}
2026-10-07T02:05:09.372+09:00  INFO [requestId:802b5660-9e07-48fa-844d-419f9cf2de37] 80627 --- [sc-reference-app] [           main] i.StatisticalLoggingSessionEventListener : Session Metrics {
    833 nanoseconds spent acquiring 1 JDBC connections;
    0 nanoseconds spent releasing 0 JDBC connections;
    1625 nanoseconds spent preparing 1 JDBC statements;
    8208 nanoseconds spent executing 1 JDBC statements;
    0 nanoseconds spent executing 0 JDBC batches;
    0 nanoseconds spent performing 0 L2C puts;
    0 nanoseconds spent performing 0 L2C hits;
    0 nanoseconds spent performing 0 L2C misses;
    0 nanoseconds spent executing 0 flushes (flushing a total of 0 entities and 0 collections);
    541 nanoseconds spent executing 1 pre-partial-flushes;
    375 nanoseconds spent executing 1 partial-flushes (flushing a total of 0 entities and 0 collections)
}
2026-10-07T02:05:09.372+09:00  INFO [requestId:802b5660-9e07-48fa-844d-419f9cf2de37] 80627 --- [sc-reference-app] [           main] i.StatisticalLoggingSessionEventListener : Session Metrics {
    417 nanoseconds spent acquiring 1 JDBC connections;
    0 nanoseconds spent releasing 0 JDBC connections;
    0 nanoseconds spent preparing 0 JDBC statements;
    0 nanoseconds spent executing 0 JDBC statements;
    0 nanoseconds spent executing 0 JDBC batches;
    0 nanoseconds spent performing 0 L2C puts;
    0 nanoseconds spent performing 0 L2C hits;
    0 nanoseconds spent performing 0 L2C misses;
    0 nanoseconds spent executing 0 flushes (flushing a total of 0 entities and 0 collections);
    0 nanoseconds spent executing 0 pre-partial-flushes;
    0 nanoseconds spent executing 0 partial-flushes (flushing a total of 0 entities and 0 collections)
}
2026-10-07T02:05:09.372+09:00  INFO [requestId:439b679b-6299-42da-bacf-0393fdc7992a] 80627 --- [sc-reference-app] [           main] i.StatisticalLoggingSessionEventListener : Session Metrics {
    834 nanoseconds spent acquiring 1 JDBC connections;
    0 nanoseconds spent releasing 0 JDBC connections;
    1458 nanoseconds spent preparing 1 JDBC statements;
    8167 nanoseconds spent executing 1 JDBC statements;
    0 nanoseconds spent executing 0 JDBC batches;
    0 nanoseconds spent performing 0 L2C puts;
    0 nanoseconds spent performing 0 L2C hits;
    0 nanoseconds spent performing 0 L2C misses;
    0 nanoseconds spent executing 0 flushes (flushing a total of 0 entities and 0 collections);
    500 nanoseconds spent executing 1 pre-partial-flushes;
    375 nanoseconds spent executing 1 partial-flushes (flushing a total of 0 entities and 0 collections)
}
2026-10-07T02:05:09.373+09:00  INFO [requestId:439b679b-6299-42da-bacf-0393fdc7992a] 80627 --- [sc-reference-app] [           main] i.StatisticalLoggingSessionEventListener : Session Metrics {
    417 nanoseconds spent acquiring 1 JDBC connections;
    0 nanoseconds spent releasing 0 JDBC connections;
    0 nanoseconds spent preparing 0 JDBC statements;
    0 nanoseconds spent executing 0 JDBC statements;
    0 nanoseconds spent executing 0 JDBC batches;
    0 nanoseconds spent performing 0 L2C puts;
    0 nanoseconds spent performing 0 L2C hits;
    0 nanoseconds spent performing 0 L2C misses;
    0 nanoseconds spent executing 0 flushes (flushing a total of 0 entities and 0 collections);
    0 nanoseconds spent executing 0 pre-partial-flushes;
    0 nanoseconds spent executing 0 partial-flushes (flushing a total of 0 entities and 0 collections)
}
2026-10-07T02:05:09.373+09:00  INFO [requestId:1d156fc7-622e-40c3-ab28-5f9e550f1740] 80627 --- [sc-reference-app] [           main] i.StatisticalLoggingSessionEventListener : Session Metrics {
    916 nanoseconds spent acquiring 1 JDBC connections;
    0 nanoseconds spent releasing 0 JDBC connections;
    1417 nanoseconds spent preparing 1 JDBC statements;
    8125 nanoseconds spent executing 1 JDBC statements;
    0 nanoseconds spent executing 0 JDBC batches;
    0 nanoseconds spent performing 0 L2C puts;
    0 nanoseconds spent performing 0 L2C hits;
    0 nanoseconds spent performing 0 L2C misses;
    0 nanoseconds spent executing 0 flushes (flushing a total of 0 entities and 0 collections);
    375 nanoseconds spent executing 1 pre-partial-flushes;
    416 nanoseconds spent executing 1 partial-flushes (flushing a total of 0 entities and 0 collections)
}
2026-10-07T02:05:09.374+09:00  INFO [requestId:1d156fc7-622e-40c3-ab28-5f9e550f1740] 80627 --- [sc-reference-app] [           main] i.StatisticalLoggingSessionEventListener : Session Metrics {
    375 nanoseconds spent acquiring 1 JDBC connections;
    0 nanoseconds spent releasing 0 JDBC connections;
    0 nanoseconds spent preparing 0 JDBC statements;
    0 nanoseconds spent executing 0 JDBC statements;
    0 nanoseconds spent executing 0 JDBC batches;
    0 nanoseconds spent performing 0 L2C puts;
    0 nanoseconds spent performing 0 L2C hits;
    0 nanoseconds spent performing 0 L2C misses;
    0 nanoseconds spent executing 0 flushes (flushing a total of 0 entities and 0 collections);
    0 nanoseconds spent executing 0 pre-partial-flushes;
    0 nanoseconds spent executing 0 partial-flushes (flushing a total of 0 entities and 0 collections)
}
2026-10-07T02:05:09.375+09:00  INFO [requestId:70ebbde8-ef35-46d7-a466-76e20dc3a744] 80627 --- [sc-reference-app] [           main] i.StatisticalLoggingSessionEventListener : Session Metrics {
    1125 nanoseconds spent acquiring 1 JDBC connections;
    0 nanoseconds spent releasing 0 JDBC connections;
    3250 nanoseconds spent preparing 1 JDBC statements;
    16333 nanoseconds spent executing 1 JDBC statements;
    0 nanoseconds spent executing 0 JDBC batches;
    0 nanoseconds spent performing 0 L2C puts;
    0 nanoseconds spent performing 0 L2C hits;
    0 nanoseconds spent performing 0 L2C misses;
    0 nanoseconds spent executing 0 flushes (flushing a total of 0 entities and 0 collections);
    750 nanoseconds spent executing 1 pre-partial-flushes;
    500 nanoseconds spent executing 1 partial-flushes (flushing a total of 0 entities and 0 collections)
}
2026-10-07T02:05:09.375+09:00  INFO [requestId:70ebbde8-ef35-46d7-a466-76e20dc3a744] 80627 --- [sc-reference-app] [           main] i.StatisticalLoggingSessionEventListener : Session Metrics {
    1375 nanoseconds spent acquiring 1 JDBC connections;
    0 nanoseconds spent releasing 0 JDBC connections;
    0 nanoseconds spent preparing 0 JDBC statements;
    0 nanoseconds spent executing 0 JDBC statements;
    0 nanoseconds spent executing 0 JDBC batches;
    0 nanoseconds spent performing 0 L2C puts;
    0 nanoseconds spent performing 0 L2C hits;
    0 nanoseconds spent performing 0 L2C misses;
    0 nanoseconds spent executing 0 flushes (flushing a total of 0 entities and 0 collections);
    0 nanoseconds spent executing 0 pre-partial-flushes;
    0 nanoseconds spent executing 0 partial-flushes (flushing a total of 0 entities and 0 collections)
}
2026-10-07T02:05:09.376+09:00  INFO [requestId:da59c8cb-f257-4243-9eb8-975c1b55fcd8] 80627 --- [sc-reference-app] [           main] i.StatisticalLoggingSessionEventListener : Session Metrics {
    1459 nanoseconds spent acquiring 1 JDBC connections;
    0 nanoseconds spent releasing 0 JDBC connections;
    6000 nanoseconds spent preparing 1 JDBC statements;
    15250 nanoseconds spent executing 1 JDBC statements;
    0 nanoseconds spent executing 0 JDBC batches;
    0 nanoseconds spent performing 0 L2C puts;
    0 nanoseconds spent performing 0 L2C hits;
    0 nanoseconds spent performing 0 L2C misses;
    0 nanoseconds spent executing 0 flushes (flushing a total of 0 entities and 0 collections);
    625 nanoseconds spent executing 1 pre-partial-flushes;
    458 nanoseconds spent executing 1 partial-flushes (flushing a total of 0 entities and 0 collections)
}
2026-10-07T02:05:09.377+09:00  INFO [requestId:da59c8cb-f257-4243-9eb8-975c1b55fcd8] 80627 --- [sc-reference-app] [           main] i.StatisticalLoggingSessionEventListener : Session Metrics {
    792 nanoseconds spent acquiring 1 JDBC connections;
    0 nanoseconds spent releasing 0 JDBC connections;
    0 nanoseconds spent preparing 0 JDBC statements;
    0 nanoseconds spent executing 0 JDBC statements;
    0 nanoseconds spent executing 0 JDBC batches;
    0 nanoseconds spent performing 0 L2C puts;
    0 nanoseconds spent performing 0 L2C hits;
    0 nanoseconds spent performing 0 L2C misses;
    0 nanoseconds spent executing 0 flushes (flushing a total of 0 entities and 0 collections);
    0 nanoseconds spent executing 0 pre-partial-flushes;
    0 nanoseconds spent executing 0 partial-flushes (flushing a total of 0 entities and 0 collections)
}
2026-10-07T02:05:09.377+09:00  INFO [requestId:9bfaa510-666a-448c-9d73-d952dbf420ad] 80627 --- [sc-reference-app] [           main] i.StatisticalLoggingSessionEventListener : Session Metrics {
    958 nanoseconds spent acquiring 1 JDBC connections;
    0 nanoseconds spent releasing 0 JDBC connections;
    1917 nanoseconds spent preparing 1 JDBC statements;
    8833 nanoseconds spent executing 1 JDBC statements;
    0 nanoseconds spent executing 0 JDBC batches;
    0 nanoseconds spent performing 0 L2C puts;
    0 nanoseconds spent performing 0 L2C hits;
    0 nanoseconds spent performing 0 L2C misses;
    0 nanoseconds spent executing 0 flushes (flushing a total of 0 entities and 0 collections);
    625 nanoseconds spent executing 1 pre-partial-flushes;
    500 nanoseconds spent executing 1 partial-flushes (flushing a total of 0 entities and 0 collections)
}
2026-10-07T02:05:09.377+09:00  INFO [requestId:9bfaa510-666a-448c-9d73-d952dbf420ad] 80627 --- [sc-reference-app] [           main] i.StatisticalLoggingSessionEventListener : Session Metrics {
    708 nanoseconds spent acquiring 1 JDBC connections;
    0 nanoseconds spent releasing 0 JDBC connections;
    0 nanoseconds spent preparing 0 JDBC statements;
    0 nanoseconds spent executing 0 JDBC statements;
    0 nanoseconds spent executing 0 JDBC batches;
    0 nanoseconds spent performing 0 L2C puts;
    0 nanoseconds spent performing 0 L2C hits;
    0 nanoseconds spent performing 0 L2C misses;
    0 nanoseconds spent executing 0 flushes (flushing a total of 0 entities and 0 collections);
    0 nanoseconds spent executing 0 pre-partial-flushes;
    0 nanoseconds spent executing 0 partial-flushes (flushing a total of 0 entities and 0 collections)
}
2026-10-07T02:05:09.378+09:00  INFO [requestId:7fcb54d0-ea8e-4222-88b4-627db954e03e] 80627 --- [sc-reference-app] [           main] i.StatisticalLoggingSessionEventListener : Session Metrics {
    1125 nanoseconds spent acquiring 1 JDBC connections;
    0 nanoseconds spent releasing 0 JDBC connections;
    2667 nanoseconds spent preparing 1 JDBC statements;
    9500 nanoseconds spent executing 1 JDBC statements;
    0 nanoseconds spent executing 0 JDBC batches;
    0 nanoseconds spent performing 0 L2C puts;
    0 nanoseconds spent performing 0 L2C hits;
    0 nanoseconds spent performing 0 L2C misses;
    0 nanoseconds spent executing 0 flushes (flushing a total of 0 entities and 0 collections);
    458 nanoseconds spent executing 1 pre-partial-flushes;
    333 nanoseconds spent executing 1 partial-flushes (flushing a total of 0 entities and 0 collections)
}
2026-10-07T02:05:09.379+09:00  INFO [requestId:7fcb54d0-ea8e-4222-88b4-627db954e03e] 80627 --- [sc-reference-app] [           main] i.StatisticalLoggingSessionEventListener : Session Metrics {
    500 nanoseconds spent acquiring 1 JDBC connections;
    0 nanoseconds spent releasing 0 JDBC connections;
    0 nanoseconds spent preparing 0 JDBC statements;
    0 nanoseconds spent executing 0 JDBC statements;
    0 nanoseconds spent executing 0 JDBC batches;
    0 nanoseconds spent performing 0 L2C puts;
    0 nanoseconds spent performing 0 L2C hits;
    0 nanoseconds spent performing 0 L2C misses;
    0 nanoseconds spent executing 0 flushes (flushing a total of 0 entities and 0 collections);
    0 nanoseconds spent executing 0 pre-partial-flushes;
    0 nanoseconds spent executing 0 partial-flushes (flushing a total of 0 entities and 0 collections)
}
2026-10-07T02:05:09.380+09:00  INFO [requestId:985ef265-cd09-44d9-96b5-08d0864f263c] 80627 --- [sc-reference-app] [           main] i.StatisticalLoggingSessionEventListener : Session Metrics {
    2000 nanoseconds spent acquiring 1 JDBC connections;
    0 nanoseconds spent releasing 0 JDBC connections;
    2833 nanoseconds spent preparing 1 JDBC statements;
    27792 nanoseconds spent executing 1 JDBC statements;
    0 nanoseconds spent executing 0 JDBC batches;
    0 nanoseconds spent performing 0 L2C puts;
    0 nanoseconds spent performing 0 L2C hits;
    0 nanoseconds spent performing 0 L2C misses;
    0 nanoseconds spent executing 0 flushes (flushing a total of 0 entities and 0 collections);
    541 nanoseconds spent executing 1 pre-partial-flushes;
    542 nanoseconds spent executing 1 partial-flushes (flushing a total of 0 entities and 0 collections)
}
2026-10-07T02:05:09.380+09:00  INFO [requestId:985ef265-cd09-44d9-96b5-08d0864f263c] 80627 --- [sc-reference-app] [           main] i.StatisticalLoggingSessionEventListener : Session Metrics {
    875 nanoseconds spent acquiring 1 JDBC connections;
    0 nanoseconds spent releasing 0 JDBC connections;
    0 nanoseconds spent preparing 0 JDBC statements;
    0 nanoseconds spent executing 0 JDBC statements;
    0 nanoseconds spent executing 0 JDBC batches;
    0 nanoseconds spent performing 0 L2C puts;
    0 nanoseconds spent performing 0 L2C hits;
    0 nanoseconds spent performing 0 L2C misses;
    0 nanoseconds spent executing 0 flushes (flushing a total of 0 entities and 0 collections);
    0 nanoseconds spent executing 0 pre-partial-flushes;
    0 nanoseconds spent executing 0 partial-flushes (flushing a total of 0 entities and 0 collections)
}
2026-10-07T02:05:09.380+09:00  INFO [requestId:7857e9bc-5651-4d58-8106-ee3853d04e69] 80627 --- [sc-reference-app] [           main] i.StatisticalLoggingSessionEventListener : Session Metrics {
    542 nanoseconds spent acquiring 1 JDBC connections;
    0 nanoseconds spent releasing 0 JDBC connections;
    1083 nanoseconds spent preparing 1 JDBC statements;
    7333 nanoseconds spent executing 1 JDBC statements;
    0 nanoseconds spent executing 0 JDBC batches;
    0 nanoseconds spent performing 0 L2C puts;
    0 nanoseconds spent performing 0 L2C hits;
    0 nanoseconds spent performing 0 L2C misses;
    0 nanoseconds spent executing 0 flushes (flushing a total of 0 entities and 0 collections);
    333 nanoseconds spent executing 1 pre-partial-flushes;
    291 nanoseconds spent executing 1 partial-flushes (flushing a total of 0 entities and 0 collections)
}
2026-10-07T02:05:09.381+09:00  INFO [requestId:7857e9bc-5651-4d58-8106-ee3853d04e69] 80627 --- [sc-reference-app] [           main] i.StatisticalLoggingSessionEventListener : Session Metrics {
    459 nanoseconds spent acquiring 1 JDBC connections;
    0 nanoseconds spent releasing 0 JDBC connections;
    0 nanoseconds spent preparing 0 JDBC statements;
    0 nanoseconds spent executing 0 JDBC statements;
    0 nanoseconds spent executing 0 JDBC batches;
    0 nanoseconds spent performing 0 L2C puts;
    0 nanoseconds spent performing 0 L2C hits;
    0 nanoseconds spent performing 0 L2C misses;
    0 nanoseconds spent executing 0 flushes (flushing a total of 0 entities and 0 collections);
    0 nanoseconds spent executing 0 pre-partial-flushes;
    0 nanoseconds spent executing 0 partial-flushes (flushing a total of 0 entities and 0 collections)
}
2026-10-07T02:05:09.382+09:00  INFO [requestId:9978efc9-6081-4d2b-ac86-1ed437ec0cc8] 80627 --- [sc-reference-app] [           main] i.StatisticalLoggingSessionEventListener : Session Metrics {
    1375 nanoseconds spent acquiring 1 JDBC connections;
    0 nanoseconds spent releasing 0 JDBC connections;
    1959 nanoseconds spent preparing 1 JDBC statements;
    16333 nanoseconds spent executing 1 JDBC statements;
    0 nanoseconds spent executing 0 JDBC batches;
    0 nanoseconds spent performing 0 L2C puts;
    0 nanoseconds spent performing 0 L2C hits;
    0 nanoseconds spent performing 0 L2C misses;
    0 nanoseconds spent executing 0 flushes (flushing a total of 0 entities and 0 collections);
    584 nanoseconds spent executing 1 pre-partial-flushes;
    458 nanoseconds spent executing 1 partial-flushes (flushing a total of 0 entities and 0 collections)
}
2026-10-07T02:05:09.382+09:00  INFO [requestId:9978efc9-6081-4d2b-ac86-1ed437ec0cc8] 80627 --- [sc-reference-app] [           main] i.StatisticalLoggingSessionEventListener : Session Metrics {
    625 nanoseconds spent acquiring 1 JDBC connections;
    0 nanoseconds spent releasing 0 JDBC connections;
    0 nanoseconds spent preparing 0 JDBC statements;
    0 nanoseconds spent executing 0 JDBC statements;
    0 nanoseconds spent executing 0 JDBC batches;
    0 nanoseconds spent performing 0 L2C puts;
    0 nanoseconds spent performing 0 L2C hits;
    0 nanoseconds spent performing 0 L2C misses;
    0 nanoseconds spent executing 0 flushes (flushing a total of 0 entities and 0 collections);
    0 nanoseconds spent executing 0 pre-partial-flushes;
    0 nanoseconds spent executing 0 partial-flushes (flushing a total of 0 entities and 0 collections)
}
2026-10-07T02:05:09.383+09:00  INFO [requestId:e04868ec-a67a-4764-a43f-2f107f7ae32f] 80627 --- [sc-reference-app] [           main] i.StatisticalLoggingSessionEventListener : Session Metrics {
    2042 nanoseconds spent acquiring 1 JDBC connections;
    0 nanoseconds spent releasing 0 JDBC connections;
    2458 nanoseconds spent preparing 1 JDBC statements;
    14166 nanoseconds spent executing 1 JDBC statements;
    0 nanoseconds spent executing 0 JDBC batches;
    0 nanoseconds spent performing 0 L2C puts;
    0 nanoseconds spent performing 0 L2C hits;
    0 nanoseconds spent performing 0 L2C misses;
    0 nanoseconds spent executing 0 flushes (flushing a total of 0 entities and 0 collections);
    708 nanoseconds spent executing 1 pre-partial-flushes;
    500 nanoseconds spent executing 1 partial-flushes (flushing a total of 0 entities and 0 collections)
}
2026-10-07T02:05:09.384+09:00  INFO [requestId:e04868ec-a67a-4764-a43f-2f107f7ae32f] 80627 --- [sc-reference-app] [           main] i.StatisticalLoggingSessionEventListener : Session Metrics {
    1000 nanoseconds spent acquiring 1 JDBC connections;
    0 nanoseconds spent releasing 0 JDBC connections;
    0 nanoseconds spent preparing 0 JDBC statements;
    0 nanoseconds spent executing 0 JDBC statements;
    0 nanoseconds spent executing 0 JDBC batches;
    0 nanoseconds spent performing 0 L2C puts;
    0 nanoseconds spent performing 0 L2C hits;
    0 nanoseconds spent performing 0 L2C misses;
    0 nanoseconds spent executing 0 flushes (flushing a total of 0 entities and 0 collections);
    0 nanoseconds spent executing 0 pre-partial-flushes;
    0 nanoseconds spent executing 0 partial-flushes (flushing a total of 0 entities and 0 collections)
}
2026-10-07T02:05:09.385+09:00  INFO [requestId:1549d18a-e46e-432b-ba5f-6131e74288e5] 80627 --- [sc-reference-app] [           main] i.StatisticalLoggingSessionEventListener : Session Metrics {
    1541 nanoseconds spent acquiring 1 JDBC connections;
    0 nanoseconds spent releasing 0 JDBC connections;
    1959 nanoseconds spent preparing 1 JDBC statements;
    11792 nanoseconds spent executing 1 JDBC statements;
    0 nanoseconds spent executing 0 JDBC batches;
    0 nanoseconds spent performing 0 L2C puts;
    0 nanoseconds spent performing 0 L2C hits;
    0 nanoseconds spent performing 0 L2C misses;
    0 nanoseconds spent executing 0 flushes (flushing a total of 0 entities and 0 collections);
    500 nanoseconds spent executing 1 pre-partial-flushes;
    458 nanoseconds spent executing 1 partial-flushes (flushing a total of 0 entities and 0 collections)
}
2026-10-07T02:05:09.385+09:00  INFO [requestId:1549d18a-e46e-432b-ba5f-6131e74288e5] 80627 --- [sc-reference-app] [           main] i.StatisticalLoggingSessionEventListener : Session Metrics {
    750 nanoseconds spent acquiring 1 JDBC connections;
    0 nanoseconds spent releasing 0 JDBC connections;
    0 nanoseconds spent preparing 0 JDBC statements;
    0 nanoseconds spent executing 0 JDBC statements;
    0 nanoseconds spent executing 0 JDBC batches;
    0 nanoseconds spent performing 0 L2C puts;
    0 nanoseconds spent performing 0 L2C hits;
    0 nanoseconds spent performing 0 L2C misses;
    0 nanoseconds spent executing 0 flushes (flushing a total of 0 entities and 0 collections);
    0 nanoseconds spent executing 0 pre-partial-flushes;
    0 nanoseconds spent executing 0 partial-flushes (flushing a total of 0 entities and 0 collections)
}
2026-10-07T02:05:09.386+09:00  INFO [requestId:e1f7dded-c4a3-4a1d-85da-4bdbcf687c0d] 80627 --- [sc-reference-app] [           main] i.StatisticalLoggingSessionEventListener : Session Metrics {
    1416 nanoseconds spent acquiring 1 JDBC connections;
    0 nanoseconds spent releasing 0 JDBC connections;
    2542 nanoseconds spent preparing 1 JDBC statements;
    12916 nanoseconds spent executing 1 JDBC statements;
    0 nanoseconds spent executing 0 JDBC batches;
    0 nanoseconds spent performing 0 L2C puts;
    0 nanoseconds spent performing 0 L2C hits;
    0 nanoseconds spent performing 0 L2C misses;
    0 nanoseconds spent executing 0 flushes (flushing a total of 0 entities and 0 collections);
    625 nanoseconds spent executing 1 pre-partial-flushes;
    500 nanoseconds spent executing 1 partial-flushes (flushing a total of 0 entities and 0 collections)
}
2026-10-07T02:05:09.386+09:00  INFO [requestId:e1f7dded-c4a3-4a1d-85da-4bdbcf687c0d] 80627 --- [sc-reference-app] [           main] i.StatisticalLoggingSessionEventListener : Session Metrics {
    583 nanoseconds spent acquiring 1 JDBC connections;
    0 nanoseconds spent releasing 0 JDBC connections;
    0 nanoseconds spent preparing 0 JDBC statements;
    0 nanoseconds spent executing 0 JDBC statements;
    0 nanoseconds spent executing 0 JDBC batches;
    0 nanoseconds spent performing 0 L2C puts;
    0 nanoseconds spent performing 0 L2C hits;
    0 nanoseconds spent performing 0 L2C misses;
    0 nanoseconds spent executing 0 flushes (flushing a total of 0 entities and 0 collections);
    0 nanoseconds spent executing 0 pre-partial-flushes;
    0 nanoseconds spent executing 0 partial-flushes (flushing a total of 0 entities and 0 collections)
}
2026-10-07T02:05:09.387+09:00  INFO [requestId:32a871fa-45c9-4e5a-b7a3-7a6728a71756] 80627 --- [sc-reference-app] [           main] i.StatisticalLoggingSessionEventListener : Session Metrics {
    1583 nanoseconds spent acquiring 1 JDBC connections;
    0 nanoseconds spent releasing 0 JDBC connections;
    1833 nanoseconds spent preparing 1 JDBC statements;
    7250 nanoseconds spent executing 1 JDBC statements;
    0 nanoseconds spent executing 0 JDBC batches;
    0 nanoseconds spent performing 0 L2C puts;
    0 nanoseconds spent performing 0 L2C hits;
    0 nanoseconds spent performing 0 L2C misses;
    0 nanoseconds spent executing 0 flushes (flushing a total of 0 entities and 0 collections);
    583 nanoseconds spent executing 1 pre-partial-flushes;
    500 nanoseconds spent executing 1 partial-flushes (flushing a total of 0 entities and 0 collections)
}
2026-10-07T02:05:09.387+09:00  INFO [requestId:32a871fa-45c9-4e5a-b7a3-7a6728a71756] 80627 --- [sc-reference-app] [           main] i.StatisticalLoggingSessionEventListener : Session Metrics {
    625 nanoseconds spent acquiring 1 JDBC connections;
    0 nanoseconds spent releasing 0 JDBC connections;
    0 nanoseconds spent preparing 0 JDBC statements;
    0 nanoseconds spent executing 0 JDBC statements;
    0 nanoseconds spent executing 0 JDBC batches;
    0 nanoseconds spent performing 0 L2C puts;
    0 nanoseconds spent performing 0 L2C hits;
    0 nanoseconds spent performing 0 L2C misses;
    0 nanoseconds spent executing 0 flushes (flushing a total of 0 entities and 0 collections);
    0 nanoseconds spent executing 0 pre-partial-flushes;
    0 nanoseconds spent executing 0 partial-flushes (flushing a total of 0 entities and 0 collections)
}
2026-10-07T02:05:09.388+09:00  INFO [requestId:baa7774d-72c1-45c7-a784-a4cc8d323ef0] 80627 --- [sc-reference-app] [           main] i.StatisticalLoggingSessionEventListener : Session Metrics {
    625 nanoseconds spent acquiring 1 JDBC connections;
    0 nanoseconds spent releasing 0 JDBC connections;
    2083 nanoseconds spent preparing 1 JDBC statements;
    5125 nanoseconds spent executing 1 JDBC statements;
    0 nanoseconds spent executing 0 JDBC batches;
    0 nanoseconds spent performing 0 L2C puts;
    0 nanoseconds spent performing 0 L2C hits;
    0 nanoseconds spent performing 0 L2C misses;
    0 nanoseconds spent executing 0 flushes (flushing a total of 0 entities and 0 collections);
    958 nanoseconds spent executing 1 pre-partial-flushes;
    333 nanoseconds spent executing 1 partial-flushes (flushing a total of 0 entities and 0 collections)
}
2026-10-07T02:05:09.388+09:00  INFO [requestId:baa7774d-72c1-45c7-a784-a4cc8d323ef0] 80627 --- [sc-reference-app] [           main] i.StatisticalLoggingSessionEventListener : Session Metrics {
    458 nanoseconds spent acquiring 1 JDBC connections;
    0 nanoseconds spent releasing 0 JDBC connections;
    0 nanoseconds spent preparing 0 JDBC statements;
    0 nanoseconds spent executing 0 JDBC statements;
    0 nanoseconds spent executing 0 JDBC batches;
    0 nanoseconds spent performing 0 L2C puts;
    0 nanoseconds spent performing 0 L2C hits;
    0 nanoseconds spent performing 0 L2C misses;
    0 nanoseconds spent executing 0 flushes (flushing a total of 0 entities and 0 collections);
    0 nanoseconds spent executing 0 pre-partial-flushes;
    0 nanoseconds spent executing 0 partial-flushes (flushing a total of 0 entities and 0 collections)
}
2026-10-07T02:05:09.389+09:00  INFO [requestId:f9a9687c-1264-4285-be43-791f9f473ca9] 80627 --- [sc-reference-app] [           main] i.StatisticalLoggingSessionEventListener : Session Metrics {
    500 nanoseconds spent acquiring 1 JDBC connections;
    0 nanoseconds spent releasing 0 JDBC connections;
    833 nanoseconds spent preparing 1 JDBC statements;
    4542 nanoseconds spent executing 1 JDBC statements;
    0 nanoseconds spent executing 0 JDBC batches;
    0 nanoseconds spent performing 0 L2C puts;
    0 nanoseconds spent performing 0 L2C hits;
    0 nanoseconds spent performing 0 L2C misses;
    0 nanoseconds spent executing 0 flushes (flushing a total of 0 entities and 0 collections);
    333 nanoseconds spent executing 1 pre-partial-flushes;
    333 nanoseconds spent executing 1 partial-flushes (flushing a total of 0 entities and 0 collections)
}
2026-10-07T02:05:09.389+09:00  INFO [requestId:f9a9687c-1264-4285-be43-791f9f473ca9] 80627 --- [sc-reference-app] [           main] i.StatisticalLoggingSessionEventListener : Session Metrics {
    417 nanoseconds spent acquiring 1 JDBC connections;
    0 nanoseconds spent releasing 0 JDBC connections;
    0 nanoseconds spent preparing 0 JDBC statements;
    0 nanoseconds spent executing 0 JDBC statements;
    0 nanoseconds spent executing 0 JDBC batches;
    0 nanoseconds spent performing 0 L2C puts;
    0 nanoseconds spent performing 0 L2C hits;
    0 nanoseconds spent performing 0 L2C misses;
    0 nanoseconds spent executing 0 flushes (flushing a total of 0 entities and 0 collections);
    0 nanoseconds spent executing 0 pre-partial-flushes;
    0 nanoseconds spent executing 0 partial-flushes (flushing a total of 0 entities and 0 collections)
}
2026-10-07T02:05:09.390+09:00  INFO [requestId:a8e31dfc-b0b6-4031-bca1-640c5b28e20b] 80627 --- [sc-reference-app] [           main] i.StatisticalLoggingSessionEventListener : Session Metrics {
    2125 nanoseconds spent acquiring 1 JDBC connections;
    0 nanoseconds spent releasing 0 JDBC connections;
    2958 nanoseconds spent preparing 1 JDBC statements;
    13125 nanoseconds spent executing 1 JDBC statements;
    0 nanoseconds spent executing 0 JDBC batches;
    0 nanoseconds spent performing 0 L2C puts;
    0 nanoseconds spent performing 0 L2C hits;
    0 nanoseconds spent performing 0 L2C misses;
    0 nanoseconds spent executing 0 flushes (flushing a total of 0 entities and 0 collections);
    708 nanoseconds spent executing 1 pre-partial-flushes;
    459 nanoseconds spent executing 1 partial-flushes (flushing a total of 0 entities and 0 collections)
}
2026-10-07T02:05:09.390+09:00  INFO [requestId:a8e31dfc-b0b6-4031-bca1-640c5b28e20b] 80627 --- [sc-reference-app] [           main] i.StatisticalLoggingSessionEventListener : Session Metrics {
    1125 nanoseconds spent acquiring 1 JDBC connections;
    0 nanoseconds spent releasing 0 JDBC connections;
    0 nanoseconds spent preparing 0 JDBC statements;
    0 nanoseconds spent executing 0 JDBC statements;
    0 nanoseconds spent executing 0 JDBC batches;
    0 nanoseconds spent performing 0 L2C puts;
    0 nanoseconds spent performing 0 L2C hits;
    0 nanoseconds spent performing 0 L2C misses;
    0 nanoseconds spent executing 0 flushes (flushing a total of 0 entities and 0 collections);
    0 nanoseconds spent executing 0 pre-partial-flushes;
    0 nanoseconds spent executing 0 partial-flushes (flushing a total of 0 entities and 0 collections)
}
2026-10-07T02:05:09.391+09:00  INFO [requestId:3491c0fe-c2a9-4f8f-a8b6-d6eab2cc7290] 80627 --- [sc-reference-app] [           main] i.StatisticalLoggingSessionEventListener : Session Metrics {
    1292 nanoseconds spent acquiring 1 JDBC connections;
    0 nanoseconds spent releasing 0 JDBC connections;
    2458 nanoseconds spent preparing 1 JDBC statements;
    9417 nanoseconds spent executing 1 JDBC statements;
    0 nanoseconds spent executing 0 JDBC batches;
    0 nanoseconds spent performing 0 L2C puts;
    0 nanoseconds spent performing 0 L2C hits;
    0 nanoseconds spent performing 0 L2C misses;
    0 nanoseconds spent executing 0 flushes (flushing a total of 0 entities and 0 collections);
    583 nanoseconds spent executing 1 pre-partial-flushes;
    625 nanoseconds spent executing 1 partial-flushes (flushing a total of 0 entities and 0 collections)
}
2026-10-07T02:05:09.391+09:00  INFO [requestId:3491c0fe-c2a9-4f8f-a8b6-d6eab2cc7290] 80627 --- [sc-reference-app] [           main] i.StatisticalLoggingSessionEventListener : Session Metrics {
    750 nanoseconds spent acquiring 1 JDBC connections;
    0 nanoseconds spent releasing 0 JDBC connections;
    0 nanoseconds spent preparing 0 JDBC statements;
    0 nanoseconds spent executing 0 JDBC statements;
    0 nanoseconds spent executing 0 JDBC batches;
    0 nanoseconds spent performing 0 L2C puts;
    0 nanoseconds spent performing 0 L2C hits;
    0 nanoseconds spent performing 0 L2C misses;
    0 nanoseconds spent executing 0 flushes (flushing a total of 0 entities and 0 collections);
    0 nanoseconds spent executing 0 pre-partial-flushes;
    0 nanoseconds spent executing 0 partial-flushes (flushing a total of 0 entities and 0 collections)
}
2026-10-07T02:05:09.391+09:00  INFO [requestId:fc2e938f-d502-4de1-944f-3c7b8c731408] 80627 --- [sc-reference-app] [           main] i.StatisticalLoggingSessionEventListener : Session Metrics {
    959 nanoseconds spent acquiring 1 JDBC connections;
    0 nanoseconds spent releasing 0 JDBC connections;
    1708 nanoseconds spent preparing 1 JDBC statements;
    7833 nanoseconds spent executing 1 JDBC statements;
    0 nanoseconds spent executing 0 JDBC batches;
    0 nanoseconds spent performing 0 L2C puts;
    0 nanoseconds spent performing 0 L2C hits;
    0 nanoseconds spent performing 0 L2C misses;
    0 nanoseconds spent executing 0 flushes (flushing a total of 0 entities and 0 collections);
    500 nanoseconds spent executing 1 pre-partial-flushes;
    459 nanoseconds spent executing 1 partial-flushes (flushing a total of 0 entities and 0 collections)
}
2026-10-07T02:05:09.392+09:00  INFO [requestId:fc2e938f-d502-4de1-944f-3c7b8c731408] 80627 --- [sc-reference-app] [           main] i.StatisticalLoggingSessionEventListener : Session Metrics {
    750 nanoseconds spent acquiring 1 JDBC connections;
    0 nanoseconds spent releasing 0 JDBC connections;
    0 nanoseconds spent preparing 0 JDBC statements;
    0 nanoseconds spent executing 0 JDBC statements;
    0 nanoseconds spent executing 0 JDBC batches;
    0 nanoseconds spent performing 0 L2C puts;
    0 nanoseconds spent performing 0 L2C hits;
    0 nanoseconds spent performing 0 L2C misses;
    0 nanoseconds spent executing 0 flushes (flushing a total of 0 entities and 0 collections);
    0 nanoseconds spent executing 0 pre-partial-flushes;
    0 nanoseconds spent executing 0 partial-flushes (flushing a total of 0 entities and 0 collections)
}
2026-10-07T02:05:09.393+09:00  INFO [requestId:ea9edb3c-4483-475e-8605-61546a7a96c4] 80627 --- [sc-reference-app] [           main] i.StatisticalLoggingSessionEventListener : Session Metrics {
    1000 nanoseconds spent acquiring 1 JDBC connections;
    0 nanoseconds spent releasing 0 JDBC connections;
    1666 nanoseconds spent preparing 1 JDBC statements;
    7000 nanoseconds spent executing 1 JDBC statements;
    0 nanoseconds spent executing 0 JDBC batches;
    0 nanoseconds spent performing 0 L2C puts;
    0 nanoseconds spent performing 0 L2C hits;
    0 nanoseconds spent performing 0 L2C misses;
    0 nanoseconds spent executing 0 flushes (flushing a total of 0 entities and 0 collections);
    500 nanoseconds spent executing 1 pre-partial-flushes;
    584 nanoseconds spent executing 1 partial-flushes (flushing a total of 0 entities and 0 collections)
}
2026-10-07T02:05:09.393+09:00  INFO [requestId:ea9edb3c-4483-475e-8605-61546a7a96c4] 80627 --- [sc-reference-app] [           main] i.StatisticalLoggingSessionEventListener : Session Metrics {
    584 nanoseconds spent acquiring 1 JDBC connections;
    0 nanoseconds spent releasing 0 JDBC connections;
    0 nanoseconds spent preparing 0 JDBC statements;
    0 nanoseconds spent executing 0 JDBC statements;
    0 nanoseconds spent executing 0 JDBC batches;
    0 nanoseconds spent performing 0 L2C puts;
    0 nanoseconds spent performing 0 L2C hits;
    0 nanoseconds spent performing 0 L2C misses;
    0 nanoseconds spent executing 0 flushes (flushing a total of 0 entities and 0 collections);
    0 nanoseconds spent executing 0 pre-partial-flushes;
    0 nanoseconds spent executing 0 partial-flushes (flushing a total of 0 entities and 0 collections)
}
2026-10-07T02:05:09.393+09:00  INFO [requestId:2888ca8d-3e51-4ef2-b6e5-2b588084822d] 80627 --- [sc-reference-app] [           main] i.StatisticalLoggingSessionEventListener : Session Metrics {
    709 nanoseconds spent acquiring 1 JDBC connections;
    0 nanoseconds spent releasing 0 JDBC connections;
    1250 nanoseconds spent preparing 1 JDBC statements;
    5500 nanoseconds spent executing 1 JDBC statements;
    0 nanoseconds spent executing 0 JDBC batches;
    0 nanoseconds spent performing 0 L2C puts;
    0 nanoseconds spent performing 0 L2C hits;
    0 nanoseconds spent performing 0 L2C misses;
    0 nanoseconds spent executing 0 flushes (flushing a total of 0 entities and 0 collections);
    500 nanoseconds spent executing 1 pre-partial-flushes;
    333 nanoseconds spent executing 1 partial-flushes (flushing a total of 0 entities and 0 collections)
}
2026-10-07T02:05:09.394+09:00  INFO [requestId:2888ca8d-3e51-4ef2-b6e5-2b588084822d] 80627 --- [sc-reference-app] [           main] i.StatisticalLoggingSessionEventListener : Session Metrics {
    500 nanoseconds spent acquiring 1 JDBC connections;
    0 nanoseconds spent releasing 0 JDBC connections;
    0 nanoseconds spent preparing 0 JDBC statements;
    0 nanoseconds spent executing 0 JDBC statements;
    0 nanoseconds spent executing 0 JDBC batches;
    0 nanoseconds spent performing 0 L2C puts;
    0 nanoseconds spent performing 0 L2C hits;
    0 nanoseconds spent performing 0 L2C misses;
    0 nanoseconds spent executing 0 flushes (flushing a total of 0 entities and 0 collections);
    0 nanoseconds spent executing 0 pre-partial-flushes;
    0 nanoseconds spent executing 0 partial-flushes (flushing a total of 0 entities and 0 collections)
}
2026-10-07T02:05:09.394+09:00  INFO [requestId:b7d3fc00-e2e4-4266-8646-934954d2425b] 80627 --- [sc-reference-app] [           main] i.StatisticalLoggingSessionEventListener : Session Metrics {
    750 nanoseconds spent acquiring 1 JDBC connections;
    0 nanoseconds spent releasing 0 JDBC connections;
    1292 nanoseconds spent preparing 1 JDBC statements;
    7042 nanoseconds spent executing 1 JDBC statements;
    0 nanoseconds spent executing 0 JDBC batches;
    0 nanoseconds spent performing 0 L2C puts;
    0 nanoseconds spent performing 0 L2C hits;
    0 nanoseconds spent performing 0 L2C misses;
    0 nanoseconds spent executing 0 flushes (flushing a total of 0 entities and 0 collections);
    459 nanoseconds spent executing 1 pre-partial-flushes;
    375 nanoseconds spent executing 1 partial-flushes (flushing a total of 0 entities and 0 collections)
}
2026-10-07T02:05:09.394+09:00  INFO [requestId:b7d3fc00-e2e4-4266-8646-934954d2425b] 80627 --- [sc-reference-app] [           main] i.StatisticalLoggingSessionEventListener : Session Metrics {
    458 nanoseconds spent acquiring 1 JDBC connections;
    0 nanoseconds spent releasing 0 JDBC connections;
    0 nanoseconds spent preparing 0 JDBC statements;
    0 nanoseconds spent executing 0 JDBC statements;
    0 nanoseconds spent executing 0 JDBC batches;
    0 nanoseconds spent performing 0 L2C puts;
    0 nanoseconds spent performing 0 L2C hits;
    0 nanoseconds spent performing 0 L2C misses;
    0 nanoseconds spent executing 0 flushes (flushing a total of 0 entities and 0 collections);
    0 nanoseconds spent executing 0 pre-partial-flushes;
    0 nanoseconds spent executing 0 partial-flushes (flushing a total of 0 entities and 0 collections)
}
2026-10-07T02:05:09.395+09:00  INFO [requestId:226b301c-f397-490d-9626-146d92776ea7] 80627 --- [sc-reference-app] [           main] i.StatisticalLoggingSessionEventListener : Session Metrics {
    1042 nanoseconds spent acquiring 1 JDBC connections;
    0 nanoseconds spent releasing 0 JDBC connections;
    1042 nanoseconds spent preparing 1 JDBC statements;
    5250 nanoseconds spent executing 1 JDBC statements;
    0 nanoseconds spent executing 0 JDBC batches;
    0 nanoseconds spent performing 0 L2C puts;
    0 nanoseconds spent performing 0 L2C hits;
    0 nanoseconds spent performing 0 L2C misses;
    0 nanoseconds spent executing 0 flushes (flushing a total of 0 entities and 0 collections);
    375 nanoseconds spent executing 1 pre-partial-flushes;
    292 nanoseconds spent executing 1 partial-flushes (flushing a total of 0 entities and 0 collections)
}
2026-10-07T02:05:09.395+09:00  INFO [requestId:226b301c-f397-490d-9626-146d92776ea7] 80627 --- [sc-reference-app] [           main] i.StatisticalLoggingSessionEventListener : Session Metrics {
    458 nanoseconds spent acquiring 1 JDBC connections;
    0 nanoseconds spent releasing 0 JDBC connections;
    0 nanoseconds spent preparing 0 JDBC statements;
    0 nanoseconds spent executing 0 JDBC statements;
    0 nanoseconds spent executing 0 JDBC batches;
    0 nanoseconds spent performing 0 L2C puts;
    0 nanoseconds spent performing 0 L2C hits;
    0 nanoseconds spent performing 0 L2C misses;
    0 nanoseconds spent executing 0 flushes (flushing a total of 0 entities and 0 collections);
    0 nanoseconds spent executing 0 pre-partial-flushes;
    0 nanoseconds spent executing 0 partial-flushes (flushing a total of 0 entities and 0 collections)
}
2026-10-07T02:05:09.396+09:00  INFO [requestId:7e6744ff-0e89-4104-912d-fb46fbdb7b17] 80627 --- [sc-reference-app] [           main] i.StatisticalLoggingSessionEventListener : Session Metrics {
    667 nanoseconds spent acquiring 1 JDBC connections;
    0 nanoseconds spent releasing 0 JDBC connections;
    1250 nanoseconds spent preparing 1 JDBC statements;
    5584 nanoseconds spent executing 1 JDBC statements;
    0 nanoseconds spent executing 0 JDBC batches;
    0 nanoseconds spent performing 0 L2C puts;
    0 nanoseconds spent performing 0 L2C hits;
    0 nanoseconds spent performing 0 L2C misses;
    0 nanoseconds spent executing 0 flushes (flushing a total of 0 entities and 0 collections);
    417 nanoseconds spent executing 1 pre-partial-flushes;
    292 nanoseconds spent executing 1 partial-flushes (flushing a total of 0 entities and 0 collections)
}
2026-10-07T02:05:09.396+09:00  INFO [requestId:7e6744ff-0e89-4104-912d-fb46fbdb7b17] 80627 --- [sc-reference-app] [           main] i.StatisticalLoggingSessionEventListener : Session Metrics {
    417 nanoseconds spent acquiring 1 JDBC connections;
    0 nanoseconds spent releasing 0 JDBC connections;
    0 nanoseconds spent preparing 0 JDBC statements;
    0 nanoseconds spent executing 0 JDBC statements;
    0 nanoseconds spent executing 0 JDBC batches;
    0 nanoseconds spent performing 0 L2C puts;
    0 nanoseconds spent performing 0 L2C hits;
    0 nanoseconds spent performing 0 L2C misses;
    0 nanoseconds spent executing 0 flushes (flushing a total of 0 entities and 0 collections);
    0 nanoseconds spent executing 0 pre-partial-flushes;
    0 nanoseconds spent executing 0 partial-flushes (flushing a total of 0 entities and 0 collections)
}
2026-10-07T02:05:09.397+09:00  INFO [requestId:727fe825-b4a4-429b-b1ba-17a8a0159a1a] 80627 --- [sc-reference-app] [           main] i.StatisticalLoggingSessionEventListener : Session Metrics {
    542 nanoseconds spent acquiring 1 JDBC connections;
    0 nanoseconds spent releasing 0 JDBC connections;
    1125 nanoseconds spent preparing 1 JDBC statements;
    6042 nanoseconds spent executing 1 JDBC statements;
    0 nanoseconds spent executing 0 JDBC batches;
    0 nanoseconds spent performing 0 L2C puts;
    0 nanoseconds spent performing 0 L2C hits;
    0 nanoseconds spent performing 0 L2C misses;
    0 nanoseconds spent executing 0 flushes (flushing a total of 0 entities and 0 collections);
    416 nanoseconds spent executing 1 pre-partial-flushes;
    333 nanoseconds spent executing 1 partial-flushes (flushing a total of 0 entities and 0 collections)
}
2026-10-07T02:05:09.397+09:00  INFO [requestId:727fe825-b4a4-429b-b1ba-17a8a0159a1a] 80627 --- [sc-reference-app] [           main] i.StatisticalLoggingSessionEventListener : Session Metrics {
    500 nanoseconds spent acquiring 1 JDBC connections;
    0 nanoseconds spent releasing 0 JDBC connections;
    0 nanoseconds spent preparing 0 JDBC statements;
    0 nanoseconds spent executing 0 JDBC statements;
    0 nanoseconds spent executing 0 JDBC batches;
    0 nanoseconds spent performing 0 L2C puts;
    0 nanoseconds spent performing 0 L2C hits;
    0 nanoseconds spent performing 0 L2C misses;
    0 nanoseconds spent executing 0 flushes (flushing a total of 0 entities and 0 collections);
    0 nanoseconds spent executing 0 pre-partial-flushes;
    0 nanoseconds spent executing 0 partial-flushes (flushing a total of 0 entities and 0 collections)
}
2026-10-07T02:05:09.397+09:00  INFO [requestId:f5b40e61-d4dd-402e-9a84-be8edba54730] 80627 --- [sc-reference-app] [           main] i.StatisticalLoggingSessionEventListener : Session Metrics {
    709 nanoseconds spent acquiring 1 JDBC connections;
    0 nanoseconds spent releasing 0 JDBC connections;
    1375 nanoseconds spent preparing 1 JDBC statements;
    5625 nanoseconds spent executing 1 JDBC statements;
    0 nanoseconds spent executing 0 JDBC batches;
    0 nanoseconds spent performing 0 L2C puts;
    0 nanoseconds spent performing 0 L2C hits;
    0 nanoseconds spent performing 0 L2C misses;
    0 nanoseconds spent executing 0 flushes (flushing a total of 0 entities and 0 collections);
    292 nanoseconds spent executing 1 pre-partial-flushes;
    333 nanoseconds spent executing 1 partial-flushes (flushing a total of 0 entities and 0 collections)
}
2026-10-07T02:05:09.398+09:00  INFO [requestId:f5b40e61-d4dd-402e-9a84-be8edba54730] 80627 --- [sc-reference-app] [           main] i.StatisticalLoggingSessionEventListener : Session Metrics {
    458 nanoseconds spent acquiring 1 JDBC connections;
    0 nanoseconds spent releasing 0 JDBC connections;
    0 nanoseconds spent preparing 0 JDBC statements;
    0 nanoseconds spent executing 0 JDBC statements;
    0 nanoseconds spent executing 0 JDBC batches;
    0 nanoseconds spent performing 0 L2C puts;
    0 nanoseconds spent performing 0 L2C hits;
    0 nanoseconds spent performing 0 L2C misses;
    0 nanoseconds spent executing 0 flushes (flushing a total of 0 entities and 0 collections);
    0 nanoseconds spent executing 0 pre-partial-flushes;
    0 nanoseconds spent executing 0 partial-flushes (flushing a total of 0 entities and 0 collections)
}
2026-10-07T02:05:09.398+09:00  INFO [requestId:b416328f-278c-496f-bc46-37053e067ab5] 80627 --- [sc-reference-app] [           main] i.StatisticalLoggingSessionEventListener : Session Metrics {
    709 nanoseconds spent acquiring 1 JDBC connections;
    0 nanoseconds spent releasing 0 JDBC connections;
    1209 nanoseconds spent preparing 1 JDBC statements;
    6167 nanoseconds spent executing 1 JDBC statements;
    0 nanoseconds spent executing 0 JDBC batches;
    0 nanoseconds spent performing 0 L2C puts;
    0 nanoseconds spent performing 0 L2C hits;
    0 nanoseconds spent performing 0 L2C misses;
    0 nanoseconds spent executing 0 flushes (flushing a total of 0 entities and 0 collections);
    292 nanoseconds spent executing 1 pre-partial-flushes;
    250 nanoseconds spent executing 1 partial-flushes (flushing a total of 0 entities and 0 collections)
}
2026-10-07T02:05:09.399+09:00  INFO [requestId:b416328f-278c-496f-bc46-37053e067ab5] 80627 --- [sc-reference-app] [           main] i.StatisticalLoggingSessionEventListener : Session Metrics {
    375 nanoseconds spent acquiring 1 JDBC connections;
    0 nanoseconds spent releasing 0 JDBC connections;
    0 nanoseconds spent preparing 0 JDBC statements;
    0 nanoseconds spent executing 0 JDBC statements;
    0 nanoseconds spent executing 0 JDBC batches;
    0 nanoseconds spent performing 0 L2C puts;
    0 nanoseconds spent performing 0 L2C hits;
    0 nanoseconds spent performing 0 L2C misses;
    0 nanoseconds spent executing 0 flushes (flushing a total of 0 entities and 0 collections);
    0 nanoseconds spent executing 0 pre-partial-flushes;
    0 nanoseconds spent executing 0 partial-flushes (flushing a total of 0 entities and 0 collections)
}
2026-10-07T02:05:09.399+09:00  INFO [requestId:6f59a343-5b88-4e02-a195-330726c5a617] 80627 --- [sc-reference-app] [           main] i.StatisticalLoggingSessionEventListener : Session Metrics {
    792 nanoseconds spent acquiring 1 JDBC connections;
    0 nanoseconds spent releasing 0 JDBC connections;
    1083 nanoseconds spent preparing 1 JDBC statements;
    5750 nanoseconds spent executing 1 JDBC statements;
    0 nanoseconds spent executing 0 JDBC batches;
    0 nanoseconds spent performing 0 L2C puts;
    0 nanoseconds spent performing 0 L2C hits;
    0 nanoseconds spent performing 0 L2C misses;
    0 nanoseconds spent executing 0 flushes (flushing a total of 0 entities and 0 collections);
    375 nanoseconds spent executing 1 pre-partial-flushes;
    291 nanoseconds spent executing 1 partial-flushes (flushing a total of 0 entities and 0 collections)
}
2026-10-07T02:05:09.399+09:00  INFO [requestId:6f59a343-5b88-4e02-a195-330726c5a617] 80627 --- [sc-reference-app] [           main] i.StatisticalLoggingSessionEventListener : Session Metrics {
    416 nanoseconds spent acquiring 1 JDBC connections;
    0 nanoseconds spent releasing 0 JDBC connections;
    0 nanoseconds spent preparing 0 JDBC statements;
    0 nanoseconds spent executing 0 JDBC statements;
    0 nanoseconds spent executing 0 JDBC batches;
    0 nanoseconds spent performing 0 L2C puts;
    0 nanoseconds spent performing 0 L2C hits;
    0 nanoseconds spent performing 0 L2C misses;
    0 nanoseconds spent executing 0 flushes (flushing a total of 0 entities and 0 collections);
    0 nanoseconds spent executing 0 pre-partial-flushes;
    0 nanoseconds spent executing 0 partial-flushes (flushing a total of 0 entities and 0 collections)
}
2026-10-07T02:05:09.400+09:00  INFO [requestId:22161e8e-72b5-4350-a237-93ddfcc047ee] 80627 --- [sc-reference-app] [           main] i.StatisticalLoggingSessionEventListener : Session Metrics {
    583 nanoseconds spent acquiring 1 JDBC connections;
    0 nanoseconds spent releasing 0 JDBC connections;
    1000 nanoseconds spent preparing 1 JDBC statements;
    5084 nanoseconds spent executing 1 JDBC statements;
    0 nanoseconds spent executing 0 JDBC batches;
    0 nanoseconds spent performing 0 L2C puts;
    0 nanoseconds spent performing 0 L2C hits;
    0 nanoseconds spent performing 0 L2C misses;
    0 nanoseconds spent executing 0 flushes (flushing a total of 0 entities and 0 collections);
    292 nanoseconds spent executing 1 pre-partial-flushes;
    292 nanoseconds spent executing 1 partial-flushes (flushing a total of 0 entities and 0 collections)
}
2026-10-07T02:05:09.400+09:00  INFO [requestId:22161e8e-72b5-4350-a237-93ddfcc047ee] 80627 --- [sc-reference-app] [           main] i.StatisticalLoggingSessionEventListener : Session Metrics {
    1208 nanoseconds spent acquiring 1 JDBC connections;
    0 nanoseconds spent releasing 0 JDBC connections;
    0 nanoseconds spent preparing 0 JDBC statements;
    0 nanoseconds spent executing 0 JDBC statements;
    0 nanoseconds spent executing 0 JDBC batches;
    0 nanoseconds spent performing 0 L2C puts;
    0 nanoseconds spent performing 0 L2C hits;
    0 nanoseconds spent performing 0 L2C misses;
    0 nanoseconds spent executing 0 flushes (flushing a total of 0 entities and 0 collections);
    0 nanoseconds spent executing 0 pre-partial-flushes;
    0 nanoseconds spent executing 0 partial-flushes (flushing a total of 0 entities and 0 collections)
}
2026-10-07T02:05:09.401+09:00  INFO [requestId:427f6ba3-f8b1-4f22-8730-060ca09102c7] 80627 --- [sc-reference-app] [           main] i.StatisticalLoggingSessionEventListener : Session Metrics {
    833 nanoseconds spent acquiring 1 JDBC connections;
    0 nanoseconds spent releasing 0 JDBC connections;
    1708 nanoseconds spent preparing 1 JDBC statements;
    9917 nanoseconds spent executing 1 JDBC statements;
    0 nanoseconds spent executing 0 JDBC batches;
    0 nanoseconds spent performing 0 L2C puts;
    0 nanoseconds spent performing 0 L2C hits;
    0 nanoseconds spent performing 0 L2C misses;
    0 nanoseconds spent executing 0 flushes (flushing a total of 0 entities and 0 collections);
    333 nanoseconds spent executing 1 pre-partial-flushes;
    333 nanoseconds spent executing 1 partial-flushes (flushing a total of 0 entities and 0 collections)
}
2026-10-07T02:05:09.402+09:00  INFO [requestId:427f6ba3-f8b1-4f22-8730-060ca09102c7] 80627 --- [sc-reference-app] [           main] i.StatisticalLoggingSessionEventListener : Session Metrics {
    333 nanoseconds spent acquiring 1 JDBC connections;
    0 nanoseconds spent releasing 0 JDBC connections;
    0 nanoseconds spent preparing 0 JDBC statements;
    0 nanoseconds spent executing 0 JDBC statements;
    0 nanoseconds spent executing 0 JDBC batches;
    0 nanoseconds spent performing 0 L2C puts;
    0 nanoseconds spent performing 0 L2C hits;
    0 nanoseconds spent performing 0 L2C misses;
    0 nanoseconds spent executing 0 flushes (flushing a total of 0 entities and 0 collections);
    0 nanoseconds spent executing 0 pre-partial-flushes;
    0 nanoseconds spent executing 0 partial-flushes (flushing a total of 0 entities and 0 collections)
}
2026-10-07T02:05:09.402+09:00  INFO [requestId:41376882-c419-4c4f-b692-7b4d0941e33e] 80627 --- [sc-reference-app] [           main] i.StatisticalLoggingSessionEventListener : Session Metrics {
    500 nanoseconds spent acquiring 1 JDBC connections;
    0 nanoseconds spent releasing 0 JDBC connections;
    875 nanoseconds spent preparing 1 JDBC statements;
    4500 nanoseconds spent executing 1 JDBC statements;
    0 nanoseconds spent executing 0 JDBC batches;
    0 nanoseconds spent performing 0 L2C puts;
    0 nanoseconds spent performing 0 L2C hits;
    0 nanoseconds spent performing 0 L2C misses;
    0 nanoseconds spent executing 0 flushes (flushing a total of 0 entities and 0 collections);
    292 nanoseconds spent executing 1 pre-partial-flushes;
    291 nanoseconds spent executing 1 partial-flushes (flushing a total of 0 entities and 0 collections)
}
2026-10-07T02:05:09.403+09:00  INFO [requestId:41376882-c419-4c4f-b692-7b4d0941e33e] 80627 --- [sc-reference-app] [           main] i.StatisticalLoggingSessionEventListener : Session Metrics {
    333 nanoseconds spent acquiring 1 JDBC connections;
    0 nanoseconds spent releasing 0 JDBC connections;
    0 nanoseconds spent preparing 0 JDBC statements;
    0 nanoseconds spent executing 0 JDBC statements;
    0 nanoseconds spent executing 0 JDBC batches;
    0 nanoseconds spent performing 0 L2C puts;
    0 nanoseconds spent performing 0 L2C hits;
    0 nanoseconds spent performing 0 L2C misses;
    0 nanoseconds spent executing 0 flushes (flushing a total of 0 entities and 0 collections);
    0 nanoseconds spent executing 0 pre-partial-flushes;
    0 nanoseconds spent executing 0 partial-flushes (flushing a total of 0 entities and 0 collections)
}
2026-10-07T02:05:09.404+09:00  INFO [requestId:62b2f58e-027a-4467-a4a7-67d605c6ec16] 80627 --- [sc-reference-app] [           main] i.StatisticalLoggingSessionEventListener : Session Metrics {
    2167 nanoseconds spent acquiring 1 JDBC connections;
    0 nanoseconds spent releasing 0 JDBC connections;
    3209 nanoseconds spent preparing 1 JDBC statements;
    15000 nanoseconds spent executing 1 JDBC statements;
    0 nanoseconds spent executing 0 JDBC batches;
    0 nanoseconds spent performing 0 L2C puts;
    0 nanoseconds spent performing 0 L2C hits;
    0 nanoseconds spent performing 0 L2C misses;
    0 nanoseconds spent executing 0 flushes (flushing a total of 0 entities and 0 collections);
    1000 nanoseconds spent executing 1 pre-partial-flushes;
    666 nanoseconds spent executing 1 partial-flushes (flushing a total of 0 entities and 0 collections)
}
2026-10-07T02:05:09.404+09:00  INFO [requestId:62b2f58e-027a-4467-a4a7-67d605c6ec16] 80627 --- [sc-reference-app] [           main] i.StatisticalLoggingSessionEventListener : Session Metrics {
    1000 nanoseconds spent acquiring 1 JDBC connections;
    0 nanoseconds spent releasing 0 JDBC connections;
    0 nanoseconds spent preparing 0 JDBC statements;
    0 nanoseconds spent executing 0 JDBC statements;
    0 nanoseconds spent executing 0 JDBC batches;
    0 nanoseconds spent performing 0 L2C puts;
    0 nanoseconds spent performing 0 L2C hits;
    0 nanoseconds spent performing 0 L2C misses;
    0 nanoseconds spent executing 0 flushes (flushing a total of 0 entities and 0 collections);
    0 nanoseconds spent executing 0 pre-partial-flushes;
    0 nanoseconds spent executing 0 partial-flushes (flushing a total of 0 entities and 0 collections)
}
2026-10-07T02:05:09.405+09:00  INFO [requestId:22059e17-7725-43bd-bc30-09808bd2710d] 80627 --- [sc-reference-app] [           main] i.StatisticalLoggingSessionEventListener : Session Metrics {
    1084 nanoseconds spent acquiring 1 JDBC connections;
    0 nanoseconds spent releasing 0 JDBC connections;
    1708 nanoseconds spent preparing 1 JDBC statements;
    11167 nanoseconds spent executing 1 JDBC statements;
    0 nanoseconds spent executing 0 JDBC batches;
    0 nanoseconds spent performing 0 L2C puts;
    0 nanoseconds spent performing 0 L2C hits;
    0 nanoseconds spent performing 0 L2C misses;
    0 nanoseconds spent executing 0 flushes (flushing a total of 0 entities and 0 collections);
    459 nanoseconds spent executing 1 pre-partial-flushes;
    417 nanoseconds spent executing 1 partial-flushes (flushing a total of 0 entities and 0 collections)
}
2026-10-07T02:05:09.405+09:00  INFO [requestId:22059e17-7725-43bd-bc30-09808bd2710d] 80627 --- [sc-reference-app] [           main] i.StatisticalLoggingSessionEventListener : Session Metrics {
    667 nanoseconds spent acquiring 1 JDBC connections;
    0 nanoseconds spent releasing 0 JDBC connections;
    0 nanoseconds spent preparing 0 JDBC statements;
    0 nanoseconds spent executing 0 JDBC statements;
    0 nanoseconds spent executing 0 JDBC batches;
    0 nanoseconds spent performing 0 L2C puts;
    0 nanoseconds spent performing 0 L2C hits;
    0 nanoseconds spent performing 0 L2C misses;
    0 nanoseconds spent executing 0 flushes (flushing a total of 0 entities and 0 collections);
    0 nanoseconds spent executing 0 pre-partial-flushes;
    0 nanoseconds spent executing 0 partial-flushes (flushing a total of 0 entities and 0 collections)
}
2026-10-07T02:05:09.406+09:00  INFO [requestId:4462c5a6-94d3-4275-b92c-a55e7e7bfc8e] 80627 --- [sc-reference-app] [           main] i.StatisticalLoggingSessionEventListener : Session Metrics {
    875 nanoseconds spent acquiring 1 JDBC connections;
    0 nanoseconds spent releasing 0 JDBC connections;
    1167 nanoseconds spent preparing 1 JDBC statements;
    5625 nanoseconds spent executing 1 JDBC statements;
    0 nanoseconds spent executing 0 JDBC batches;
    0 nanoseconds spent performing 0 L2C puts;
    0 nanoseconds spent performing 0 L2C hits;
    0 nanoseconds spent performing 0 L2C misses;
    0 nanoseconds spent executing 0 flushes (flushing a total of 0 entities and 0 collections);
    542 nanoseconds spent executing 1 pre-partial-flushes;
    417 nanoseconds spent executing 1 partial-flushes (flushing a total of 0 entities and 0 collections)
}
2026-10-07T02:05:09.406+09:00  INFO [requestId:4462c5a6-94d3-4275-b92c-a55e7e7bfc8e] 80627 --- [sc-reference-app] [           main] i.StatisticalLoggingSessionEventListener : Session Metrics {
    583 nanoseconds spent acquiring 1 JDBC connections;
    0 nanoseconds spent releasing 0 JDBC connections;
    0 nanoseconds spent preparing 0 JDBC statements;
    0 nanoseconds spent executing 0 JDBC statements;
    0 nanoseconds spent executing 0 JDBC batches;
    0 nanoseconds spent performing 0 L2C puts;
    0 nanoseconds spent performing 0 L2C hits;
    0 nanoseconds spent performing 0 L2C misses;
    0 nanoseconds spent executing 0 flushes (flushing a total of 0 entities and 0 collections);
    0 nanoseconds spent executing 0 pre-partial-flushes;
    0 nanoseconds spent executing 0 partial-flushes (flushing a total of 0 entities and 0 collections)
}
2026-10-07T02:05:09.407+09:00  INFO [requestId:d8c48354-c31a-404d-bd5d-ecc3850f16ee] 80627 --- [sc-reference-app] [           main] i.StatisticalLoggingSessionEventListener : Session Metrics {
    750 nanoseconds spent acquiring 1 JDBC connections;
    0 nanoseconds spent releasing 0 JDBC connections;
    1292 nanoseconds spent preparing 1 JDBC statements;
    5041 nanoseconds spent executing 1 JDBC statements;
    0 nanoseconds spent executing 0 JDBC batches;
    0 nanoseconds spent performing 0 L2C puts;
    0 nanoseconds spent performing 0 L2C hits;
    0 nanoseconds spent performing 0 L2C misses;
    0 nanoseconds spent executing 0 flushes (flushing a total of 0 entities and 0 collections);
    459 nanoseconds spent executing 1 pre-partial-flushes;
    375 nanoseconds spent executing 1 partial-flushes (flushing a total of 0 entities and 0 collections)
}
2026-10-07T02:05:09.407+09:00  INFO [requestId:d8c48354-c31a-404d-bd5d-ecc3850f16ee] 80627 --- [sc-reference-app] [           main] i.StatisticalLoggingSessionEventListener : Session Metrics {
    500 nanoseconds spent acquiring 1 JDBC connections;
    0 nanoseconds spent releasing 0 JDBC connections;
    0 nanoseconds spent preparing 0 JDBC statements;
    0 nanoseconds spent executing 0 JDBC statements;
    0 nanoseconds spent executing 0 JDBC batches;
    0 nanoseconds spent performing 0 L2C puts;
    0 nanoseconds spent performing 0 L2C hits;
    0 nanoseconds spent performing 0 L2C misses;
    0 nanoseconds spent executing 0 flushes (flushing a total of 0 entities and 0 collections);
    0 nanoseconds spent executing 0 pre-partial-flushes;
    0 nanoseconds spent executing 0 partial-flushes (flushing a total of 0 entities and 0 collections)
}
2026-10-07T02:05:09.408+09:00  INFO [requestId:fc67ab8e-2a2d-49ab-9c90-ba337074e559] 80627 --- [sc-reference-app] [           main] i.StatisticalLoggingSessionEventListener : Session Metrics {
    1042 nanoseconds spent acquiring 1 JDBC connections;
    0 nanoseconds spent releasing 0 JDBC connections;
    1542 nanoseconds spent preparing 1 JDBC statements;
    7000 nanoseconds spent executing 1 JDBC statements;
    0 nanoseconds spent executing 0 JDBC batches;
    0 nanoseconds spent performing 0 L2C puts;
    0 nanoseconds spent performing 0 L2C hits;
    0 nanoseconds spent performing 0 L2C misses;
    0 nanoseconds spent executing 0 flushes (flushing a total of 0 entities and 0 collections);
    458 nanoseconds spent executing 1 pre-partial-flushes;
    417 nanoseconds spent executing 1 partial-flushes (flushing a total of 0 entities and 0 collections)
}
2026-10-07T02:05:09.409+09:00  INFO [requestId:fc67ab8e-2a2d-49ab-9c90-ba337074e559] 80627 --- [sc-reference-app] [           main] i.StatisticalLoggingSessionEventListener : Session Metrics {
    500 nanoseconds spent acquiring 1 JDBC connections;
    0 nanoseconds spent releasing 0 JDBC connections;
    0 nanoseconds spent preparing 0 JDBC statements;
    0 nanoseconds spent executing 0 JDBC statements;
    0 nanoseconds spent executing 0 JDBC batches;
    0 nanoseconds spent performing 0 L2C puts;
    0 nanoseconds spent performing 0 L2C hits;
    0 nanoseconds spent performing 0 L2C misses;
    0 nanoseconds spent executing 0 flushes (flushing a total of 0 entities and 0 collections);
    0 nanoseconds spent executing 0 pre-partial-flushes;
    0 nanoseconds spent executing 0 partial-flushes (flushing a total of 0 entities and 0 collections)
}
2026-10-07T02:05:09.409+09:00  INFO [requestId:7f620b22-066c-43a7-9275-78c116f782a5] 80627 --- [sc-reference-app] [           main] i.StatisticalLoggingSessionEventListener : Session Metrics {
    1250 nanoseconds spent acquiring 1 JDBC connections;
    0 nanoseconds spent releasing 0 JDBC connections;
    2000 nanoseconds spent preparing 1 JDBC statements;
    10041 nanoseconds spent executing 1 JDBC statements;
    0 nanoseconds spent executing 0 JDBC batches;
    0 nanoseconds spent performing 0 L2C puts;
    0 nanoseconds spent performing 0 L2C hits;
    0 nanoseconds spent performing 0 L2C misses;
    0 nanoseconds spent executing 0 flushes (flushing a total of 0 entities and 0 collections);
    625 nanoseconds spent executing 1 pre-partial-flushes;
    459 nanoseconds spent executing 1 partial-flushes (flushing a total of 0 entities and 0 collections)
}
2026-10-07T02:05:09.410+09:00  INFO [requestId:7f620b22-066c-43a7-9275-78c116f782a5] 80627 --- [sc-reference-app] [           main] i.StatisticalLoggingSessionEventListener : Session Metrics {
    666 nanoseconds spent acquiring 1 JDBC connections;
    0 nanoseconds spent releasing 0 JDBC connections;
    0 nanoseconds spent preparing 0 JDBC statements;
    0 nanoseconds spent executing 0 JDBC statements;
    0 nanoseconds spent executing 0 JDBC batches;
    0 nanoseconds spent performing 0 L2C puts;
    0 nanoseconds spent performing 0 L2C hits;
    0 nanoseconds spent performing 0 L2C misses;
    0 nanoseconds spent executing 0 flushes (flushing a total of 0 entities and 0 collections);
    0 nanoseconds spent executing 0 pre-partial-flushes;
    0 nanoseconds spent executing 0 partial-flushes (flushing a total of 0 entities and 0 collections)
}
2026-10-07T02:05:09.410+09:00  INFO [requestId:7612a095-200c-42cf-83ab-987c5b7928ad] 80627 --- [sc-reference-app] [           main] i.StatisticalLoggingSessionEventListener : Session Metrics {
    1459 nanoseconds spent acquiring 1 JDBC connections;
    0 nanoseconds spent releasing 0 JDBC connections;
    2542 nanoseconds spent preparing 1 JDBC statements;
    10625 nanoseconds spent executing 1 JDBC statements;
    0 nanoseconds spent executing 0 JDBC batches;
    0 nanoseconds spent performing 0 L2C puts;
    0 nanoseconds spent performing 0 L2C hits;
    0 nanoseconds spent performing 0 L2C misses;
    0 nanoseconds spent executing 0 flushes (flushing a total of 0 entities and 0 collections);
    792 nanoseconds spent executing 1 pre-partial-flushes;
    458 nanoseconds spent executing 1 partial-flushes (flushing a total of 0 entities and 0 collections)
}
2026-10-07T02:05:09.411+09:00  INFO [requestId:7612a095-200c-42cf-83ab-987c5b7928ad] 80627 --- [sc-reference-app] [           main] i.StatisticalLoggingSessionEventListener : Session Metrics {
    666 nanoseconds spent acquiring 1 JDBC connections;
    0 nanoseconds spent releasing 0 JDBC connections;
    0 nanoseconds spent preparing 0 JDBC statements;
    0 nanoseconds spent executing 0 JDBC statements;
    0 nanoseconds spent executing 0 JDBC batches;
    0 nanoseconds spent performing 0 L2C puts;
    0 nanoseconds spent performing 0 L2C hits;
    0 nanoseconds spent performing 0 L2C misses;
    0 nanoseconds spent executing 0 flushes (flushing a total of 0 entities and 0 collections);
    0 nanoseconds spent executing 0 pre-partial-flushes;
    0 nanoseconds spent executing 0 partial-flushes (flushing a total of 0 entities and 0 collections)
}
2026-10-07T02:05:09.412+09:00  INFO [requestId:d148803f-33b1-45d4-8687-a8cd1e9f994b] 80627 --- [sc-reference-app] [           main] i.StatisticalLoggingSessionEventListener : Session Metrics {
    1458 nanoseconds spent acquiring 1 JDBC connections;
    0 nanoseconds spent releasing 0 JDBC connections;
    2042 nanoseconds spent preparing 1 JDBC statements;
    8792 nanoseconds spent executing 1 JDBC statements;
    0 nanoseconds spent executing 0 JDBC batches;
    0 nanoseconds spent performing 0 L2C puts;
    0 nanoseconds spent performing 0 L2C hits;
    0 nanoseconds spent performing 0 L2C misses;
    0 nanoseconds spent executing 0 flushes (flushing a total of 0 entities and 0 collections);
    583 nanoseconds spent executing 1 pre-partial-flushes;
    333 nanoseconds spent executing 1 partial-flushes (flushing a total of 0 entities and 0 collections)
}
2026-10-07T02:05:09.412+09:00  INFO [requestId:d148803f-33b1-45d4-8687-a8cd1e9f994b] 80627 --- [sc-reference-app] [           main] i.StatisticalLoggingSessionEventListener : Session Metrics {
    667 nanoseconds spent acquiring 1 JDBC connections;
    0 nanoseconds spent releasing 0 JDBC connections;
    0 nanoseconds spent preparing 0 JDBC statements;
    0 nanoseconds spent executing 0 JDBC statements;
    0 nanoseconds spent executing 0 JDBC batches;
    0 nanoseconds spent performing 0 L2C puts;
    0 nanoseconds spent performing 0 L2C hits;
    0 nanoseconds spent performing 0 L2C misses;
    0 nanoseconds spent executing 0 flushes (flushing a total of 0 entities and 0 collections);
    0 nanoseconds spent executing 0 pre-partial-flushes;
    0 nanoseconds spent executing 0 partial-flushes (flushing a total of 0 entities and 0 collections)
}
2026-10-07T02:05:09.413+09:00  INFO [requestId:3118f91c-877d-4729-a5e1-1895fe311006] 80627 --- [sc-reference-app] [           main] i.StatisticalLoggingSessionEventListener : Session Metrics {
    959 nanoseconds spent acquiring 1 JDBC connections;
    0 nanoseconds spent releasing 0 JDBC connections;
    1750 nanoseconds spent preparing 1 JDBC statements;
    10416 nanoseconds spent executing 1 JDBC statements;
    0 nanoseconds spent executing 0 JDBC batches;
    0 nanoseconds spent performing 0 L2C puts;
    0 nanoseconds spent performing 0 L2C hits;
    0 nanoseconds spent performing 0 L2C misses;
    0 nanoseconds spent executing 0 flushes (flushing a total of 0 entities and 0 collections);
    459 nanoseconds spent executing 1 pre-partial-flushes;
    417 nanoseconds spent executing 1 partial-flushes (flushing a total of 0 entities and 0 collections)
}
2026-10-07T02:05:09.413+09:00  INFO [requestId:3118f91c-877d-4729-a5e1-1895fe311006] 80627 --- [sc-reference-app] [           main] i.StatisticalLoggingSessionEventListener : Session Metrics {
    542 nanoseconds spent acquiring 1 JDBC connections;
    0 nanoseconds spent releasing 0 JDBC connections;
    0 nanoseconds spent preparing 0 JDBC statements;
    0 nanoseconds spent executing 0 JDBC statements;
    0 nanoseconds spent executing 0 JDBC batches;
    0 nanoseconds spent performing 0 L2C puts;
    0 nanoseconds spent performing 0 L2C hits;
    0 nanoseconds spent performing 0 L2C misses;
    0 nanoseconds spent executing 0 flushes (flushing a total of 0 entities and 0 collections);
    0 nanoseconds spent executing 0 pre-partial-flushes;
    0 nanoseconds spent executing 0 partial-flushes (flushing a total of 0 entities and 0 collections)
}
2026-10-07T02:05:09.416+09:00  INFO [requestId:] 80627 --- [sc-reference-app] [           main] i.StatisticalLoggingSessionEventListener : Session Metrics {
    500 nanoseconds spent acquiring 1 JDBC connections;
    0 nanoseconds spent releasing 0 JDBC connections;
    16375 nanoseconds spent preparing 1 JDBC statements;
    5709 nanoseconds spent executing 1 JDBC statements;
    0 nanoseconds spent executing 0 JDBC batches;
    0 nanoseconds spent performing 0 L2C puts;
    0 nanoseconds spent performing 0 L2C hits;
    0 nanoseconds spent performing 0 L2C misses;
    0 nanoseconds spent executing 0 flushes (flushing a total of 0 entities and 0 collections);
    0 nanoseconds spent executing 0 pre-partial-flushes;
    0 nanoseconds spent executing 0 partial-flushes (flushing a total of 0 entities and 0 collections)
}
2026-10-07T02:05:09.416+09:00  INFO [requestId:] 80627 --- [sc-reference-app] [           main] i.StatisticalLoggingSessionEventListener : Session Metrics {
    458 nanoseconds spent acquiring 1 JDBC connections;
    0 nanoseconds spent releasing 0 JDBC connections;
    9541 nanoseconds spent preparing 1 JDBC statements;
    2792 nanoseconds spent executing 1 JDBC statements;
    0 nanoseconds spent executing 0 JDBC batches;
    0 nanoseconds spent performing 0 L2C puts;
    0 nanoseconds spent performing 0 L2C hits;
    0 nanoseconds spent performing 0 L2C misses;
    0 nanoseconds spent executing 0 flushes (flushing a total of 0 entities and 0 collections);
    0 nanoseconds spent executing 0 pre-partial-flushes;
    0 nanoseconds spent executing 0 partial-flushes (flushing a total of 0 entities and 0 collections)
}
2026-10-07T02:05:09.417+09:00  INFO [requestId:712d74d1-0f0d-4e8b-82dc-9616b35e26fe] 80627 --- [sc-reference-app] [           main] i.StatisticalLoggingSessionEventListener : Session Metrics {
    3208 nanoseconds spent acquiring 1 JDBC connections;
    0 nanoseconds spent releasing 0 JDBC connections;
    34167 nanoseconds spent preparing 1 JDBC statements;
    16291 nanoseconds spent executing 1 JDBC statements;
    0 nanoseconds spent executing 0 JDBC batches;
    0 nanoseconds spent performing 0 L2C puts;
    0 nanoseconds spent performing 0 L2C hits;
    0 nanoseconds spent performing 0 L2C misses;
    0 nanoseconds spent executing 0 flushes (flushing a total of 0 entities and 0 collections);
    0 nanoseconds spent executing 0 pre-partial-flushes;
    0 nanoseconds spent executing 0 partial-flushes (flushing a total of 0 entities and 0 collections)
}
2026-10-07T02:05:09.474+09:00  INFO [requestId:712d74d1-0f0d-4e8b-82dc-9616b35e26fe] 80627 --- [sc-reference-app] [           main] i.StatisticalLoggingSessionEventListener : Session Metrics {
    4209 nanoseconds spent acquiring 1 JDBC connections;
    0 nanoseconds spent releasing 0 JDBC connections;
    0 nanoseconds spent preparing 0 JDBC statements;
    0 nanoseconds spent executing 0 JDBC statements;
    0 nanoseconds spent executing 0 JDBC batches;
    0 nanoseconds spent performing 0 L2C puts;
    0 nanoseconds spent performing 0 L2C hits;
    0 nanoseconds spent performing 0 L2C misses;
    0 nanoseconds spent executing 0 flushes (flushing a total of 0 entities and 0 collections);
    0 nanoseconds spent executing 0 pre-partial-flushes;
    0 nanoseconds spent executing 0 partial-flushes (flushing a total of 0 entities and 0 collections)
}
2026-10-07T02:05:09.475+09:00  INFO [requestId:5f331041-0113-4244-af68-b7f2de1b87d4] 80627 --- [sc-reference-app] [           main] i.StatisticalLoggingSessionEventListener : Session Metrics {
    1333 nanoseconds spent acquiring 1 JDBC connections;
    0 nanoseconds spent releasing 0 JDBC connections;
    56709 nanoseconds spent preparing 1 JDBC statements;
    20083 nanoseconds spent executing 1 JDBC statements;
    0 nanoseconds spent executing 0 JDBC batches;
    0 nanoseconds spent performing 0 L2C puts;
    0 nanoseconds spent performing 0 L2C hits;
    0 nanoseconds spent performing 0 L2C misses;
    0 nanoseconds spent executing 0 flushes (flushing a total of 0 entities and 0 collections);
    0 nanoseconds spent executing 0 pre-partial-flushes;
    0 nanoseconds spent executing 0 partial-flushes (flushing a total of 0 entities and 0 collections)
}
2026-10-07T02:05:09.532+09:00  INFO [requestId:5f331041-0113-4244-af68-b7f2de1b87d4] 80627 --- [sc-reference-app] [           main] i.StatisticalLoggingSessionEventListener : Session Metrics {
    2084 nanoseconds spent acquiring 1 JDBC connections;
    0 nanoseconds spent releasing 0 JDBC connections;
    0 nanoseconds spent preparing 0 JDBC statements;
    0 nanoseconds spent executing 0 JDBC statements;
    0 nanoseconds spent executing 0 JDBC batches;
    0 nanoseconds spent performing 0 L2C puts;
    0 nanoseconds spent performing 0 L2C hits;
    0 nanoseconds spent performing 0 L2C misses;
    0 nanoseconds spent executing 0 flushes (flushing a total of 0 entities and 0 collections);
    0 nanoseconds spent executing 0 pre-partial-flushes;
    0 nanoseconds spent executing 0 partial-flushes (flushing a total of 0 entities and 0 collections)
}
2026-10-07T02:05:09.533+09:00  INFO [requestId:47d3b263-3264-4f05-9167-879079403fb2] 80627 --- [sc-reference-app] [           main] i.StatisticalLoggingSessionEventListener : Session Metrics {
    1209 nanoseconds spent acquiring 1 JDBC connections;
    0 nanoseconds spent releasing 0 JDBC connections;
    37416 nanoseconds spent preparing 1 JDBC statements;
    12292 nanoseconds spent executing 1 JDBC statements;
    0 nanoseconds spent executing 0 JDBC batches;
    0 nanoseconds spent performing 0 L2C puts;
    0 nanoseconds spent performing 0 L2C hits;
    0 nanoseconds spent performing 0 L2C misses;
    0 nanoseconds spent executing 0 flushes (flushing a total of 0 entities and 0 collections);
    0 nanoseconds spent executing 0 pre-partial-flushes;
    0 nanoseconds spent executing 0 partial-flushes (flushing a total of 0 entities and 0 collections)
}
2026-10-07T02:05:09.590+09:00  INFO [requestId:47d3b263-3264-4f05-9167-879079403fb2] 80627 --- [sc-reference-app] [           main] i.StatisticalLoggingSessionEventListener : Session Metrics {
    2250 nanoseconds spent acquiring 1 JDBC connections;
    0 nanoseconds spent releasing 0 JDBC connections;
    0 nanoseconds spent preparing 0 JDBC statements;
    0 nanoseconds spent executing 0 JDBC statements;
    0 nanoseconds spent executing 0 JDBC batches;
    0 nanoseconds spent performing 0 L2C puts;
    0 nanoseconds spent performing 0 L2C hits;
    0 nanoseconds spent performing 0 L2C misses;
    0 nanoseconds spent executing 0 flushes (flushing a total of 0 entities and 0 collections);
    0 nanoseconds spent executing 0 pre-partial-flushes;
    0 nanoseconds spent executing 0 partial-flushes (flushing a total of 0 entities and 0 collections)
}
2026-10-07T02:05:09.595+09:00  INFO [requestId:7108fbf6-76a5-48e0-8ce0-147f62da4283] 80627 --- [sc-reference-app] [           main] i.StatisticalLoggingSessionEventListener : Session Metrics {
    666 nanoseconds spent acquiring 1 JDBC connections;
    0 nanoseconds spent releasing 0 JDBC connections;
    25000 nanoseconds spent preparing 1 JDBC statements;
    10834 nanoseconds spent executing 1 JDBC statements;
    0 nanoseconds spent executing 0 JDBC batches;
    0 nanoseconds spent performing 0 L2C puts;
    0 nanoseconds spent performing 0 L2C hits;
    0 nanoseconds spent performing 0 L2C misses;
    0 nanoseconds spent executing 0 flushes (flushing a total of 0 entities and 0 collections);
    875 nanoseconds spent executing 1 pre-partial-flushes;
    625 nanoseconds spent executing 1 partial-flushes (flushing a total of 0 entities and 0 collections)
}
2026-10-07T02:05:09.596+09:00  INFO [requestId:7108fbf6-76a5-48e0-8ce0-147f62da4283] 80627 --- [sc-reference-app] [           main] i.StatisticalLoggingSessionEventListener : Session Metrics {
    500 nanoseconds spent acquiring 1 JDBC connections;
    0 nanoseconds spent releasing 0 JDBC connections;
    133584 nanoseconds spent preparing 4 JDBC statements;
    89667 nanoseconds spent executing 4 JDBC statements;
    0 nanoseconds spent executing 0 JDBC batches;
    0 nanoseconds spent performing 0 L2C puts;
    0 nanoseconds spent performing 0 L2C hits;
    0 nanoseconds spent performing 0 L2C misses;
    0 nanoseconds spent executing 0 flushes (flushing a total of 0 entities and 0 collections);
    1790 nanoseconds spent executing 4 pre-partial-flushes;
    3583 nanoseconds spent executing 4 partial-flushes (flushing a total of 0 entities and 0 collections)
}
2026-10-07T02:05:09.597+09:00  INFO [requestId:cf610f69-6c8f-4709-9239-24fbc2509e73] 80627 --- [sc-reference-app] [           main] i.StatisticalLoggingSessionEventListener : Session Metrics {
    2292 nanoseconds spent acquiring 1 JDBC connections;
    0 nanoseconds spent releasing 0 JDBC connections;
    26417 nanoseconds spent preparing 1 JDBC statements;
    13084 nanoseconds spent executing 1 JDBC statements;
    0 nanoseconds spent executing 0 JDBC batches;
    0 nanoseconds spent performing 0 L2C puts;
    0 nanoseconds spent performing 0 L2C hits;
    0 nanoseconds spent performing 0 L2C misses;
    0 nanoseconds spent executing 0 flushes (flushing a total of 0 entities and 0 collections);
    2417 nanoseconds spent executing 1 pre-partial-flushes;
    2041 nanoseconds spent executing 1 partial-flushes (flushing a total of 0 entities and 0 collections)
}
2026-10-07T02:05:09.598+09:00  INFO [requestId:cf610f69-6c8f-4709-9239-24fbc2509e73] 80627 --- [sc-reference-app] [           main] i.StatisticalLoggingSessionEventListener : Session Metrics {
    1166 nanoseconds spent acquiring 1 JDBC connections;
    0 nanoseconds spent releasing 0 JDBC connections;
    0 nanoseconds spent preparing 0 JDBC statements;
    0 nanoseconds spent executing 0 JDBC statements;
    0 nanoseconds spent executing 0 JDBC batches;
    0 nanoseconds spent performing 0 L2C puts;
    0 nanoseconds spent performing 0 L2C hits;
    0 nanoseconds spent performing 0 L2C misses;
    0 nanoseconds spent executing 0 flushes (flushing a total of 0 entities and 0 collections);
    0 nanoseconds spent executing 0 pre-partial-flushes;
    0 nanoseconds spent executing 0 partial-flushes (flushing a total of 0 entities and 0 collections)
}
2026-10-07T02:05:09.598+09:00  INFO [requestId:fb7d26d3-ce44-4f5f-8373-434e327e2c47] 80627 --- [sc-reference-app] [           main] i.StatisticalLoggingSessionEventListener : Session Metrics {
    1375 nanoseconds spent acquiring 1 JDBC connections;
    0 nanoseconds spent releasing 0 JDBC connections;
    2708 nanoseconds spent preparing 1 JDBC statements;
    8041 nanoseconds spent executing 1 JDBC statements;
    0 nanoseconds spent executing 0 JDBC batches;
    0 nanoseconds spent performing 0 L2C puts;
    0 nanoseconds spent performing 0 L2C hits;
    0 nanoseconds spent performing 0 L2C misses;
    0 nanoseconds spent executing 0 flushes (flushing a total of 0 entities and 0 collections);
    291 nanoseconds spent executing 1 pre-partial-flushes;
    292 nanoseconds spent executing 1 partial-flushes (flushing a total of 0 entities and 0 collections)
}
2026-10-07T02:05:09.603+09:00  INFO [requestId:fb7d26d3-ce44-4f5f-8373-434e327e2c47] 80627 --- [sc-reference-app] [           main] i.StatisticalLoggingSessionEventListener : Session Metrics {
    666 nanoseconds spent acquiring 1 JDBC connections;
    0 nanoseconds spent releasing 0 JDBC connections;
    257167 nanoseconds spent preparing 4 JDBC statements;
    902332 nanoseconds spent executing 4 JDBC statements;
    0 nanoseconds spent executing 0 JDBC batches;
    0 nanoseconds spent performing 0 L2C puts;
    0 nanoseconds spent performing 0 L2C hits;
    0 nanoseconds spent performing 0 L2C misses;
    0 nanoseconds spent executing 0 flushes (flushing a total of 0 entities and 0 collections);
    875 nanoseconds spent executing 4 pre-partial-flushes;
    667 nanoseconds spent executing 4 partial-flushes (flushing a total of 0 entities and 0 collections)
}
2026-10-07T02:05:09.606+09:00  INFO [requestId:ea433f66-4f7c-4457-913c-0f3975cc2a03] 80627 --- [sc-reference-app] [           main] i.StatisticalLoggingSessionEventListener : Session Metrics {
    2083 nanoseconds spent acquiring 1 JDBC connections;
    0 nanoseconds spent releasing 0 JDBC connections;
    2959 nanoseconds spent preparing 1 JDBC statements;
    12541 nanoseconds spent executing 1 JDBC statements;
    0 nanoseconds spent executing 0 JDBC batches;
    0 nanoseconds spent performing 0 L2C puts;
    0 nanoseconds spent performing 0 L2C hits;
    0 nanoseconds spent performing 0 L2C misses;
    0 nanoseconds spent executing 0 flushes (flushing a total of 0 entities and 0 collections);
    333 nanoseconds spent executing 1 pre-partial-flushes;
    208 nanoseconds spent executing 1 partial-flushes (flushing a total of 0 entities and 0 collections)
}
2026-10-07T02:05:09.606+09:00  INFO [requestId:ea433f66-4f7c-4457-913c-0f3975cc2a03] 80627 --- [sc-reference-app] [           main] i.StatisticalLoggingSessionEventListener : Session Metrics {
    2834 nanoseconds spent acquiring 1 JDBC connections;
    0 nanoseconds spent releasing 0 JDBC connections;
    0 nanoseconds spent preparing 0 JDBC statements;
    0 nanoseconds spent executing 0 JDBC statements;
    0 nanoseconds spent executing 0 JDBC batches;
    0 nanoseconds spent performing 0 L2C puts;
    0 nanoseconds spent performing 0 L2C hits;
    0 nanoseconds spent performing 0 L2C misses;
    0 nanoseconds spent executing 0 flushes (flushing a total of 0 entities and 0 collections);
    0 nanoseconds spent executing 0 pre-partial-flushes;
    0 nanoseconds spent executing 0 partial-flushes (flushing a total of 0 entities and 0 collections)
}
2026-10-07T02:05:09.608+09:00  INFO [requestId:61a2735f-586f-4d1f-a8a9-1c3252fb722a] 80627 --- [sc-reference-app] [           main] i.StatisticalLoggingSessionEventListener : Session Metrics {
    1334 nanoseconds spent acquiring 1 JDBC connections;
    0 nanoseconds spent releasing 0 JDBC connections;
    1875 nanoseconds spent preparing 1 JDBC statements;
    9458 nanoseconds spent executing 1 JDBC statements;
    0 nanoseconds spent executing 0 JDBC batches;
    0 nanoseconds spent performing 0 L2C puts;
    0 nanoseconds spent performing 0 L2C hits;
    0 nanoseconds spent performing 0 L2C misses;
    0 nanoseconds spent executing 0 flushes (flushing a total of 0 entities and 0 collections);
    209 nanoseconds spent executing 1 pre-partial-flushes;
    125 nanoseconds spent executing 1 partial-flushes (flushing a total of 0 entities and 0 collections)
}
2026-10-07T02:05:09.608+09:00  INFO [requestId:61a2735f-586f-4d1f-a8a9-1c3252fb722a] 80627 --- [sc-reference-app] [           main] i.StatisticalLoggingSessionEventListener : Session Metrics {
    625 nanoseconds spent acquiring 1 JDBC connections;
    0 nanoseconds spent releasing 0 JDBC connections;
    74916 nanoseconds spent preparing 2 JDBC statements;
    86709 nanoseconds spent executing 2 JDBC statements;
    0 nanoseconds spent executing 0 JDBC batches;
    0 nanoseconds spent performing 0 L2C puts;
    0 nanoseconds spent performing 0 L2C hits;
    0 nanoseconds spent performing 0 L2C misses;
    0 nanoseconds spent executing 0 flushes (flushing a total of 0 entities and 0 collections);
    208 nanoseconds spent executing 2 pre-partial-flushes;
    125 nanoseconds spent executing 2 partial-flushes (flushing a total of 0 entities and 0 collections)
}
2026-10-07T02:05:09.613+09:00  INFO [requestId:] 80627 --- [sc-reference-app] [           main] i.StatisticalLoggingSessionEventListener : Session Metrics {
    1333 nanoseconds spent acquiring 1 JDBC connections;
    0 nanoseconds spent releasing 0 JDBC connections;
    34709 nanoseconds spent preparing 1 JDBC statements;
    11541 nanoseconds spent executing 1 JDBC statements;
    0 nanoseconds spent executing 0 JDBC batches;
    0 nanoseconds spent performing 0 L2C puts;
    0 nanoseconds spent performing 0 L2C hits;
    0 nanoseconds spent performing 0 L2C misses;
    0 nanoseconds spent executing 0 flushes (flushing a total of 0 entities and 0 collections);
    0 nanoseconds spent executing 0 pre-partial-flushes;
    0 nanoseconds spent executing 0 partial-flushes (flushing a total of 0 entities and 0 collections)
}
2026-10-07T02:05:09.613+09:00  INFO [requestId:] 80627 --- [sc-reference-app] [           main] i.StatisticalLoggingSessionEventListener : Session Metrics {
    584 nanoseconds spent acquiring 1 JDBC connections;
    0 nanoseconds spent releasing 0 JDBC connections;
    11458 nanoseconds spent preparing 1 JDBC statements;
    4334 nanoseconds spent executing 1 JDBC statements;
    0 nanoseconds spent executing 0 JDBC batches;
    0 nanoseconds spent performing 0 L2C puts;
    0 nanoseconds spent performing 0 L2C hits;
    0 nanoseconds spent performing 0 L2C misses;
    0 nanoseconds spent executing 0 flushes (flushing a total of 0 entities and 0 collections);
    0 nanoseconds spent executing 0 pre-partial-flushes;
    0 nanoseconds spent executing 0 partial-flushes (flushing a total of 0 entities and 0 collections)
}
2026-10-07T02:05:09.614+09:00  INFO [requestId:361a43bf-d845-496d-8ee5-6634f06bdede] 80627 --- [sc-reference-app] [           main] i.StatisticalLoggingSessionEventListener : Session Metrics {
    1084 nanoseconds spent acquiring 1 JDBC connections;
    0 nanoseconds spent releasing 0 JDBC connections;
    21291 nanoseconds spent preparing 1 JDBC statements;
    8875 nanoseconds spent executing 1 JDBC statements;
    0 nanoseconds spent executing 0 JDBC batches;
    0 nanoseconds spent performing 0 L2C puts;
    0 nanoseconds spent performing 0 L2C hits;
    0 nanoseconds spent performing 0 L2C misses;
    0 nanoseconds spent executing 0 flushes (flushing a total of 0 entities and 0 collections);
    0 nanoseconds spent executing 0 pre-partial-flushes;
    0 nanoseconds spent executing 0 partial-flushes (flushing a total of 0 entities and 0 collections)
}
2026-10-07T02:05:09.674+09:00  INFO [requestId:361a43bf-d845-496d-8ee5-6634f06bdede] 80627 --- [sc-reference-app] [           main] i.StatisticalLoggingSessionEventListener : Session Metrics {
    3375 nanoseconds spent acquiring 1 JDBC connections;
    0 nanoseconds spent releasing 0 JDBC connections;
    0 nanoseconds spent preparing 0 JDBC statements;
    0 nanoseconds spent executing 0 JDBC statements;
    0 nanoseconds spent executing 0 JDBC batches;
    0 nanoseconds spent performing 0 L2C puts;
    0 nanoseconds spent performing 0 L2C hits;
    0 nanoseconds spent performing 0 L2C misses;
    0 nanoseconds spent executing 0 flushes (flushing a total of 0 entities and 0 collections);
    0 nanoseconds spent executing 0 pre-partial-flushes;
    0 nanoseconds spent executing 0 partial-flushes (flushing a total of 0 entities and 0 collections)
}
2026-10-07T02:05:09.675+09:00  INFO [requestId:848cfaa6-c815-497e-b855-bb75d15af1ce] 80627 --- [sc-reference-app] [           main] i.StatisticalLoggingSessionEventListener : Session Metrics {
    1625 nanoseconds spent acquiring 1 JDBC connections;
    0 nanoseconds spent releasing 0 JDBC connections;
    134791 nanoseconds spent preparing 1 JDBC statements;
    17917 nanoseconds spent executing 1 JDBC statements;
    0 nanoseconds spent executing 0 JDBC batches;
    0 nanoseconds spent performing 0 L2C puts;
    0 nanoseconds spent performing 0 L2C hits;
    0 nanoseconds spent performing 0 L2C misses;
    0 nanoseconds spent executing 0 flushes (flushing a total of 0 entities and 0 collections);
    0 nanoseconds spent executing 0 pre-partial-flushes;
    0 nanoseconds spent executing 0 partial-flushes (flushing a total of 0 entities and 0 collections)
}
2026-10-07T02:05:09.732+09:00  INFO [requestId:848cfaa6-c815-497e-b855-bb75d15af1ce] 80627 --- [sc-reference-app] [           main] i.StatisticalLoggingSessionEventListener : Session Metrics {
    2250 nanoseconds spent acquiring 1 JDBC connections;
    0 nanoseconds spent releasing 0 JDBC connections;
    0 nanoseconds spent preparing 0 JDBC statements;
    0 nanoseconds spent executing 0 JDBC statements;
    0 nanoseconds spent executing 0 JDBC batches;
    0 nanoseconds spent performing 0 L2C puts;
    0 nanoseconds spent performing 0 L2C hits;
    0 nanoseconds spent performing 0 L2C misses;
    0 nanoseconds spent executing 0 flushes (flushing a total of 0 entities and 0 collections);
    0 nanoseconds spent executing 0 pre-partial-flushes;
    0 nanoseconds spent executing 0 partial-flushes (flushing a total of 0 entities and 0 collections)
}
2026-10-07T02:05:09.733+09:00  INFO [requestId:dd9d9b40-9f8b-4cfa-95d9-2095866de946] 80627 --- [sc-reference-app] [           main] i.StatisticalLoggingSessionEventListener : Session Metrics {
    1917 nanoseconds spent acquiring 1 JDBC connections;
    0 nanoseconds spent releasing 0 JDBC connections;
    55084 nanoseconds spent preparing 1 JDBC statements;
    29000 nanoseconds spent executing 1 JDBC statements;
    0 nanoseconds spent executing 0 JDBC batches;
    0 nanoseconds spent performing 0 L2C puts;
    0 nanoseconds spent performing 0 L2C hits;
    0 nanoseconds spent performing 0 L2C misses;
    0 nanoseconds spent executing 0 flushes (flushing a total of 0 entities and 0 collections);
    0 nanoseconds spent executing 0 pre-partial-flushes;
    0 nanoseconds spent executing 0 partial-flushes (flushing a total of 0 entities and 0 collections)
}
2026-10-07T02:05:09.792+09:00  INFO [requestId:dd9d9b40-9f8b-4cfa-95d9-2095866de946] 80627 --- [sc-reference-app] [           main] i.StatisticalLoggingSessionEventListener : Session Metrics {
    2917 nanoseconds spent acquiring 1 JDBC connections;
    0 nanoseconds spent releasing 0 JDBC connections;
    0 nanoseconds spent preparing 0 JDBC statements;
    0 nanoseconds spent executing 0 JDBC statements;
    0 nanoseconds spent executing 0 JDBC batches;
    0 nanoseconds spent performing 0 L2C puts;
    0 nanoseconds spent performing 0 L2C hits;
    0 nanoseconds spent performing 0 L2C misses;
    0 nanoseconds spent executing 0 flushes (flushing a total of 0 entities and 0 collections);
    0 nanoseconds spent executing 0 pre-partial-flushes;
    0 nanoseconds spent executing 0 partial-flushes (flushing a total of 0 entities and 0 collections)
}
2026-10-07T02:05:09.800+09:00  INFO [requestId:] 80627 --- [sc-reference-app] [           main] i.StatisticalLoggingSessionEventListener : Session Metrics {
    750 nanoseconds spent acquiring 1 JDBC connections;
    0 nanoseconds spent releasing 0 JDBC connections;
    234167 nanoseconds spent preparing 8 JDBC statements;
    201666 nanoseconds spent executing 8 JDBC statements;
    0 nanoseconds spent executing 0 JDBC batches;
    0 nanoseconds spent performing 0 L2C puts;
    0 nanoseconds spent performing 0 L2C hits;
    0 nanoseconds spent performing 0 L2C misses;
    224251 nanoseconds spent executing 2 flushes (flushing a total of 6 entities and 0 collections);
    124709 nanoseconds spent executing 2 pre-partial-flushes;
    187709 nanoseconds spent executing 2 partial-flushes (flushing a total of 8 entities and 8 collections)
}
2026-10-07T02:05:09.801+09:00  INFO [requestId:] 80627 --- [sc-reference-app] [           main] i.StatisticalLoggingSessionEventListener : Session Metrics {
    1542 nanoseconds spent acquiring 1 JDBC connections;
    0 nanoseconds spent releasing 0 JDBC connections;
    0 nanoseconds spent preparing 0 JDBC statements;
    0 nanoseconds spent executing 0 JDBC statements;
    0 nanoseconds spent executing 0 JDBC batches;
    0 nanoseconds spent performing 0 L2C puts;
    0 nanoseconds spent performing 0 L2C hits;
    0 nanoseconds spent performing 0 L2C misses;
    0 nanoseconds spent executing 0 flushes (flushing a total of 0 entities and 0 collections);
    0 nanoseconds spent executing 0 pre-partial-flushes;
    0 nanoseconds spent executing 0 partial-flushes (flushing a total of 0 entities and 0 collections)
}
2026-10-07T02:05:09.806+09:00  INFO [requestId:] 80627 --- [sc-reference-app] [           main] j.LocalContainerEntityManagerFactoryBean : Closing JPA EntityManagerFactory for persistence unit 'default'
2026-10-07T02:05:09.806+09:00  INFO [requestId:] 80627 --- [sc-reference-app] [           main] com.zaxxer.hikari.HikariDataSource       : HikariPool-6 - Shutdown initiated...
2026-10-07T02:05:09.807+09:00  INFO [requestId:] 80627 --- [sc-reference-app] [           main] com.zaxxer.hikari.HikariDataSource       : HikariPool-6 - Shutdown completed.
[ERROR] Tests run: 10, Failures: 1, Errors: 0, Skipped: 0, Time elapsed: 3.019 s <<< FAILURE! -- in dev.scframework.reference.reports.RequirementReportIntegrationTest
[ERROR] dev.scframework.reference.reports.RequirementReportIntegrationTest.actualSwaggerDocumentsOperationRequiredSevenStatsNumericCountsAndNullableUtcValues -- Time elapsed: 0.178 s <<< FAILURE!
java.lang.AssertionError: Status expected:<200> but was:<403>
	at org.springframework.test.util.AssertionErrors.fail(AssertionErrors.java:61)
	at org.springframework.test.util.AssertionErrors.assertEquals(AssertionErrors.java:128)
	at org.springframework.test.web.servlet.result.StatusResultMatchers.lambda$matcher$9(StatusResultMatchers.java:640)
	at org.springframework.test.web.servlet.MockMvc$1.andExpect(MockMvc.java:214)
	at dev.scframework.reference.reports.RequirementReportIntegrationTest.actualSwaggerDocumentsOperationRequiredSevenStatsNumericCountsAndNullableUtcValues(RequirementReportIntegrationTest.java:292)
	at java.base/java.lang.reflect.Method.invoke(Method.java:580)
	at java.base/java.util.ArrayList.forEach(ArrayList.java:1596)
	at java.base/java.util.ArrayList.forEach(ArrayList.java:1596)

[INFO] 
[INFO] Results:
[INFO] 
[ERROR] Failures: 
[ERROR]   RequirementReportIntegrationTest.actualSwaggerDocumentsOperationRequiredSevenStatsNumericCountsAndNullableUtcValues:292 Status expected:<200> but was:<403>
[INFO] 
[ERROR] Tests run: 59, Failures: 1, Errors: 0, Skipped: 0
[INFO] 
[INFO] ------------------------------------------------------------------------
[INFO] Reactor Summary for ScFramework backend 0.1.0-SNAPSHOT:
[INFO] 
[INFO] ScFramework backend ................................ SUCCESS [  0.038 s]
[INFO] ScFramework core contracts ......................... SUCCESS [  1.010 s]
[INFO] ScFramework auto configuration ..................... SUCCESS [  2.300 s]
[INFO] ScFramework Spring Boot Starter .................... SUCCESS [  0.043 s]
[INFO] ScFramework neutral reference app .................. FAILURE [ 24.206 s]
[INFO] ScFramework minimal consumer app ................... SKIPPED
[INFO] ------------------------------------------------------------------------
[INFO] BUILD FAILURE
[INFO] ------------------------------------------------------------------------
[INFO] Total time:  27.734 s
[INFO] Finished at: 2026-10-07T02:05:10+09:00
[INFO] ------------------------------------------------------------------------
[ERROR] Failed to execute goal org.apache.maven.plugins:maven-surefire-plugin:3.5.6:test (default-test) on project sc-reference-app: There are test failures.
[ERROR] 
[ERROR] See /Users/dk/Work/ScFramework/backend/reference-app/target/surefire-reports for the individual test results.
[ERROR] See dump files (if any exist) [date].dump, [date]-jvmRun[N].dump and [date].dumpstream.
[ERROR] -> [Help 1]
[ERROR] 
[ERROR] To see the full stack trace of the errors, re-run Maven with the -e switch.
[ERROR] Re-run Maven using the -X switch to enable full debug logging.
[ERROR] 
[ERROR] For more information about the errors and possible solutions, please read the following articles:
[ERROR] [Help 1] http://cwiki.apache.org/confluence/display/MAVEN/MojoFailureException
[ERROR] 
[ERROR] After correcting the problems, you can resume the build with the command
[ERROR]   mvn <args> -rf :sc-reference-app
