npm warn deprecated inflight@1.0.6: This module is not supported, and leaks memory. Do not use it. Check out lru-cache if you want a good and tested way to coalesce async requests by a key value, which is much more comprehensive and powerful.
npm warn deprecated rimraf@2.7.1: Rimraf versions prior to v4 are no longer supported
npm warn deprecated lodash.isequal@4.5.0: This package is deprecated. Use require('node:util').isDeepStrictEqual instead.
npm warn deprecated glob@7.2.3: Old versions of glob are not supported, and contain widely publicized security vulnerabilities, which have been fixed in the current version. Please update. Support for old versions may be purchased (at exorbitant rates) by contacting i@izs.me
npm warn deprecated glob@7.2.3: Old versions of glob are not supported, and contain widely publicized security vulnerabilities, which have been fixed in the current version. Please update. Support for old versions may be purchased (at exorbitant rates) by contacting i@izs.me
npm warn deprecated glob@7.2.3: Old versions of glob are not supported, and contain widely publicized security vulnerabilities, which have been fixed in the current version. Please update. Support for old versions may be purchased (at exorbitant rates) by contacting i@izs.me
npm warn deprecated fstream@1.0.12: This package is no longer supported.

added 703 packages in 4s

> sc-framework@0.1.0 verify
> npm run format:check && npm run lint && npm run api:check && npm run ui:contracts:check && npm run ui:boundaries:check && npm run visual:manifest:check && npm run typecheck && npm run test:unit && npm run build


> sc-framework@0.1.0 format:check
> prettier --check .

Checking formatting...
All matched files use Prettier code style!

> sc-framework@0.1.0 lint
> eslint frontend scripts --max-warnings 0


> sc-framework@0.1.0 api:check
> node scripts/openapi-types.mjs --check

neutral compatibility: OpenAPI 명세와 생성 타입 일치
reference: OpenAPI 명세와 생성 타입 일치
starter: OpenAPI 명세와 생성 타입 일치

> sc-framework@0.1.0 ui:contracts:check
> node scripts/ui-contracts.mjs --check

공개 UI 22개: imported props/events/slots/default 계약 일치

> sc-framework@0.1.0 ui:boundaries:check
> node scripts/check-ui-boundaries.mjs

공개 UI/소비 앱 경계: import 1135개 확인

> sc-framework@0.1.0 visual:manifest:check
> node scripts/verify-visual-baselines.mjs --profile darwin-chromium

{"result":"verified","profile":"darwin-chromium","images":16,"platform":"darwin","browserVersion":"153.0.8010.12"}

> sc-framework@0.1.0 typecheck
> npm run typecheck --workspace @sc/date && npm run typecheck --workspace @sc/i18n && npm run typecheck --workspace @sc/excel && npm run typecheck --workspace @sc/ui && npm run typecheck --workspace @sc/runtime && npm run typecheck --workspace @sc/reference-app && npm run typecheck --workspace @sc/starter-app && npm run typecheck --workspace @sc/catalog && npm run typecheck:e2e


> @sc/date@0.1.0 typecheck
> tsc --noEmit -p tsconfig.json


> @sc/i18n@0.1.0 typecheck
> vue-tsc --noEmit -p tsconfig.json


> @sc/excel@0.1.0 typecheck
> vue-tsc --noEmit -p tsconfig.json


> @sc/ui@0.1.0 typecheck
> npm run tokens:check && vue-tsc --noEmit -p tsconfig.json


> @sc/ui@0.1.0 tokens:check
> node scripts/generate-tokens.mjs --check

Design token CSS matches tokens.ts.

> @sc/runtime@0.1.0 typecheck
> vue-tsc --noEmit -p tsconfig.json


> @sc/reference-app@0.1.0 typecheck
> vue-tsc --noEmit -p tsconfig.json


> @sc/starter-app@0.1.0 typecheck
> vue-tsc --noEmit -p tsconfig.json


> @sc/catalog@0.1.0 typecheck
> vue-tsc --noEmit -p tsconfig.json


> sc-framework@0.1.0 typecheck:e2e
> tsc --noEmit -p frontend/tsconfig.e2e.json


> sc-framework@0.1.0 test:unit
> vitest run --config vitest.config.ts


 RUN  v4.1.11 /Users/dk/Work/ScFramework


 Test Files  33 passed (33)
      Tests  135 passed (135)
   Start at  04:06:07
   Duration  2.35s (transform 15.74s, setup 0ms, import 23.29s, tests 1.04s, environment 4.65s)


> sc-framework@0.1.0 build
> npm run build --workspace @sc/date && npm run build --workspace @sc/i18n && npm run build --workspace @sc/excel && npm run build --workspace @sc/ui && npm run build --workspace @sc/runtime && npm run build --workspace @sc/reference-app && npm run build --workspace @sc/starter-app


> @sc/date@0.1.0 build
> npm run typecheck


> @sc/date@0.1.0 typecheck
> tsc --noEmit -p tsconfig.json


> @sc/i18n@0.1.0 build
> npm run typecheck


> @sc/i18n@0.1.0 typecheck
> vue-tsc --noEmit -p tsconfig.json


> @sc/excel@0.1.0 build
> npm run typecheck


> @sc/excel@0.1.0 typecheck
> vue-tsc --noEmit -p tsconfig.json


> @sc/ui@0.1.0 build
> npm run typecheck


> @sc/ui@0.1.0 typecheck
> npm run tokens:check && vue-tsc --noEmit -p tsconfig.json


> @sc/ui@0.1.0 tokens:check
> node scripts/generate-tokens.mjs --check

Design token CSS matches tokens.ts.

> @sc/runtime@0.1.0 build
> npm run typecheck


> @sc/runtime@0.1.0 typecheck
> vue-tsc --noEmit -p tsconfig.json


> @sc/reference-app@0.1.0 build
> vue-tsc --noEmit -p tsconfig.json && vite build

vite v8.3.1 building client environment for production...
transforming...
✓ 1979 modules transformed.
rendering chunks...
computing gzip size...
dist/index.html                                   0.65 kB │ gzip:   0.36 kB
dist/assets/DocumentsPage-CGzgDvdS.css            0.11 kB │ gzip:   0.11 kB
dist/assets/AdminNavigation-CGsS6gxN.css          0.13 kB │ gzip:   0.13 kB
dist/assets/NoticesPage-DsFzkVWS.css              0.21 kB │ gzip:   0.14 kB
dist/assets/ScCheckbox-B5J_9nwH.css               0.37 kB │ gzip:   0.23 kB
dist/assets/AdminAuditPage-BqQoUJOH.css           0.62 kB │ gzip:   0.31 kB
dist/assets/RequirementsPage-DHRt7bWb.css         0.83 kB │ gzip:   0.30 kB
dist/assets/RequirementWorkspace-CFi7C6u6.css     1.28 kB │ gzip:   0.48 kB
dist/assets/useImageFile-loC3sipM.css             1.36 kB │ gzip:   0.48 kB
dist/assets/ScRichTextEditor-Cc3cDB5b.css         1.62 kB │ gzip:   0.49 kB
dist/assets/RequirementReportPage-BKY-UAMX.css    1.90 kB │ gzip:   0.57 kB
dist/assets/KanbanPage-CiEHYiMF.css               2.33 kB │ gzip:   0.71 kB
dist/assets/ScTextArea-tqM4coiX.css               2.75 kB │ gzip:   0.65 kB
dist/assets/ScChart-BZbMKveq.css                  2.99 kB │ gzip:   0.85 kB
dist/assets/PatternsPage-BFRxuoaL.css             3.45 kB │ gzip:   0.96 kB
dist/assets/ScSelect-BGJu9vpf.css                37.29 kB │ gzip:   5.65 kB
dist/assets/vue-i18n-Dp5_17Aq.css                53.20 kB │ gzip:   7.91 kB
dist/assets/index-evTI6n9m.css                  222.38 kB │ gzip:  34.01 kB
dist/assets/validation-hl21o1zK.js                0.11 kB │ gzip:   0.11 kB
dist/assets/createSimpleFunctional-CeF4eGLA.js    0.29 kB │ gzip:   0.24 kB
dist/assets/input-accessibility-C6ma1lr0.js       0.61 kB │ gzip:   0.35 kB
dist/assets/useDraftGuard-C2MxRsNW.js             0.65 kB │ gzip:   0.40 kB
dist/assets/query-Chf4_YUj.js                     1.31 kB │ gzip:   0.59 kB
dist/assets/ScCheckbox-Dm2Hl94W.js                2.89 kB │ gzip:   1.32 kB
dist/assets/AdminNavigation-Djr7XcmJ.js           3.35 kB │ gzip:   1.77 kB
dist/assets/AccountPage-RUcrRadB.js               3.36 kB │ gzip:   1.53 kB
dist/assets/AdminUsersPage-CaT04rWA.js            3.96 kB │ gzip:   1.68 kB
dist/assets/RequirementsPage-DRQzNbZd.js          4.89 kB │ gzip:   2.00 kB
dist/assets/AdminMenusPage-C9s5HrCu.js            5.02 kB │ gzip:   2.15 kB
dist/assets/AdminAuditPage-BAHnjxL9.js            5.78 kB │ gzip:   2.26 kB
dist/assets/ScTextArea-CT-LlYbW.js                7.54 kB │ gzip:   3.05 kB
dist/assets/MediaWorkspacePage-B7B2ixE0.js       10.80 kB │ gzip:   3.83 kB
dist/assets/NoticesPage-CiM3CE9w.js              11.87 kB │ gzip:   4.53 kB
dist/assets/DocumentsPage-C7ORocrA.js            12.27 kB │ gzip:   4.78 kB
dist/assets/PatternsPage-kfjQ8eDE.js             15.97 kB │ gzip:   5.88 kB
dist/assets/src-B215ei74.js                      16.09 kB │ gzip:   6.17 kB
dist/assets/RequirementReportPage-B79KgQBD.js    16.52 kB │ gzip:   5.47 kB
dist/assets/RequirementWorkspace-IMweoRKQ.js     29.61 kB │ gzip:   8.40 kB
dist/assets/ScSelect-RwoKw8-G.js                127.45 kB │ gzip:  42.57 kB
dist/assets/KanbanPage-Qiyc_dKy.js              148.17 kB │ gzip:  47.76 kB
dist/assets/useImageFile-CUyDYWAo.js            212.70 kB │ gzip:  66.13 kB
dist/assets/index-BMKbw2pq.js                   270.99 kB │ gzip:  88.32 kB
dist/assets/vue-i18n-CdxA0mVe.js                381.61 kB │ gzip: 134.81 kB
dist/assets/ScRichTextEditor-Dp4riada.js        387.44 kB │ gzip: 122.68 kB
dist/assets/ScChart-VFkUKSZ2.js                 597.44 kB │ gzip: 202.57 kB
dist/assets/src-DKEEVd_l.js                     933.03 kB │ gzip: 258.12 kB

✓ built in 739ms
[plugin builtin:vite-reporter] 
(!) Some chunks are larger than 500 kB after minification. Consider:
- Using dynamic import() to code-split the application
- Use build.rolldownOptions.output.codeSplitting to improve chunking: https://rolldown.rs/reference/OutputOptions.codeSplitting
- Adjust chunk size limit for this warning via build.chunkSizeWarningLimit.

> @sc/starter-app@0.1.0 build
> vue-tsc --noEmit -p tsconfig.json && vite build

vite v8.3.1 building client environment for production...
transforming...
✓ 1871 modules transformed.
rendering chunks...
computing gzip size...
dist/index.html                               0.49 kB │ gzip:   0.30 kB
dist/assets/PatternsPage-C7Lyu0hs.css        56.82 kB │ gzip:   8.30 kB
dist/assets/index-Bv8SeL7s.css              269.22 kB │ gzip:  39.47 kB
dist/assets/rolldown-runtime-Dd_uD5pT.js      1.10 kB │ gzip:   0.62 kB
dist/assets/index-1AoAAdsY.js               456.97 kB │ gzip: 163.16 kB
dist/assets/PatternsPage-IgRfbp2x.js      2,580.82 kB │ gzip: 790.15 kB

[plugin builtin:vite-reporter] 
(!) Some chunks are larger than 500 kB after minification. Consider:
- Using dynamic import() to code-split the application
- Use build.rolldownOptions.output.codeSplitting to improve chunking: https://rolldown.rs/reference/OutputOptions.codeSplitting
- Adjust chunk size limit for this warning via build.chunkSizeWarningLimit.
✓ built in 546ms
[INFO] Scanning for projects...
[INFO] ------------------------------------------------------------------------
[INFO] Reactor Build Order:
[INFO] 
[INFO] ScFramework backend                                                [pom]
[INFO] ScFramework core contracts                                         [jar]
[INFO] ScFramework auto configuration                                     [jar]
[INFO] ScFramework Spring Boot Starter                                    [jar]
[INFO] ScFramework neutral reference app                                  [jar]
[INFO] ScFramework minimal consumer app                                   [jar]
[INFO] 
[INFO] ----------------< dev.scframework:sc-framework-parent >-----------------
[INFO] Building ScFramework backend 0.1.0-SNAPSHOT                        [1/6]
[INFO]   from pom.xml
[INFO] --------------------------------[ pom ]---------------------------------
[INFO] 
[INFO] --- clean:3.4.1:clean (default-clean) @ sc-framework-parent ---
[INFO] 
[INFO] -------------------< dev.scframework:framework-core >-------------------
[INFO] Building ScFramework core contracts 0.1.0-SNAPSHOT                 [2/6]
[INFO]   from framework-core/pom.xml
[INFO] --------------------------------[ jar ]---------------------------------
[INFO] 
[INFO] --- clean:3.4.1:clean (default-clean) @ framework-core ---
[INFO] Deleting /Users/dk/Work/ScFramework/backend/framework-core/target
[INFO] 
[INFO] --- resources:3.3.1:resources (default-resources) @ framework-core ---
[INFO] skip non existing resourceDirectory /Users/dk/Work/ScFramework/backend/framework-core/src/main/resources
[INFO] skip non existing resourceDirectory /Users/dk/Work/ScFramework/backend/framework-core/src/main/resources
[INFO] 
[INFO] --- compiler:3.14.1:compile (default-compile) @ framework-core ---
[INFO] Recompiling the module because of changed source code.
[INFO] Compiling 9 source files with javac [debug parameters release 21] to target/classes
[INFO] 
[INFO] --- resources:3.3.1:testResources (default-testResources) @ framework-core ---
[INFO] skip non existing resourceDirectory /Users/dk/Work/ScFramework/backend/framework-core/src/test/resources
[INFO] 
[INFO] --- compiler:3.14.1:testCompile (default-testCompile) @ framework-core ---
[INFO] Recompiling the module because of changed dependency.
[INFO] Compiling 2 source files with javac [debug parameters release 21] to target/test-classes
[INFO] 
[INFO] --- surefire:3.5.6:test (default-test) @ framework-core ---
[INFO] Using auto detected provider org.apache.maven.surefire.junitplatform.JUnitPlatformProvider
[INFO] 
[INFO] -------------------------------------------------------
[INFO]  T E S T S
[INFO] -------------------------------------------------------
[INFO] Running dev.scframework.core.ApiErrorTest
[INFO] Tests run: 1, Failures: 0, Errors: 0, Skipped: 0, Time elapsed: 0.017 s -- in dev.scframework.core.ApiErrorTest
[INFO] Running dev.scframework.core.audit.SecurityAuditEventTest
[INFO] Tests run: 2, Failures: 0, Errors: 0, Skipped: 0, Time elapsed: 0.005 s -- in dev.scframework.core.audit.SecurityAuditEventTest
[INFO] 
[INFO] Results:
[INFO] 
[INFO] Tests run: 3, Failures: 0, Errors: 0, Skipped: 0
[INFO] 
[INFO] 
[INFO] --- jar:3.4.2:jar (default-jar) @ framework-core ---
[INFO] Building jar: /Users/dk/Work/ScFramework/backend/framework-core/target/framework-core-0.1.0-SNAPSHOT.jar
[INFO] 
[INFO] --------------< dev.scframework:framework-autoconfigure >---------------
[INFO] Building ScFramework auto configuration 0.1.0-SNAPSHOT             [3/6]
[INFO]   from framework-autoconfigure/pom.xml
[INFO] --------------------------------[ jar ]---------------------------------
[INFO] 
[INFO] --- clean:3.4.1:clean (default-clean) @ framework-autoconfigure ---
[INFO] Deleting /Users/dk/Work/ScFramework/backend/framework-autoconfigure/target
[INFO] 
[INFO] --- resources:3.3.1:resources (default-resources) @ framework-autoconfigure ---
[INFO] Copying 0 resource from src/main/resources to target/classes
[INFO] Copying 1 resource from src/main/resources to target/classes
[INFO] 
[INFO] --- compiler:3.14.1:compile (default-compile) @ framework-autoconfigure ---
[INFO] Recompiling the module because of changed dependency.
[INFO] Compiling 22 source files with javac [debug parameters release 21] to target/classes
[INFO] /Users/dk/Work/ScFramework/backend/framework-autoconfigure/src/main/java/dev/scframework/autoconfigure/ScOpenApiAutoConfiguration.java: /Users/dk/Work/ScFramework/backend/framework-autoconfigure/src/main/java/dev/scframework/autoconfigure/ScOpenApiAutoConfiguration.java uses unchecked or unsafe operations.
[INFO] /Users/dk/Work/ScFramework/backend/framework-autoconfigure/src/main/java/dev/scframework/autoconfigure/ScOpenApiAutoConfiguration.java: Recompile with -Xlint:unchecked for details.
[INFO] 
[INFO] --- resources:3.3.1:testResources (default-testResources) @ framework-autoconfigure ---
[INFO] skip non existing resourceDirectory /Users/dk/Work/ScFramework/backend/framework-autoconfigure/src/test/resources
[INFO] 
[INFO] --- compiler:3.14.1:testCompile (default-testCompile) @ framework-autoconfigure ---
[INFO] Recompiling the module because of changed dependency.
[INFO] Compiling 9 source files with javac [debug parameters release 21] to target/test-classes
[INFO] 
[INFO] --- surefire:3.5.6:test (default-test) @ framework-autoconfigure ---
[INFO] Using auto detected provider org.apache.maven.surefire.junitplatform.JUnitPlatformProvider
[INFO] 
[INFO] -------------------------------------------------------
[INFO]  T E S T S
[INFO] -------------------------------------------------------
[INFO] Running dev.scframework.autoconfigure.RequestIdFilterTest
[INFO] Tests run: 2, Failures: 0, Errors: 0, Skipped: 0, Time elapsed: 0.063 s -- in dev.scframework.autoconfigure.RequestIdFilterTest
[INFO] Running dev.scframework.autoconfigure.SecurityAuditTransactionTest
04:06:27.359 [main] WARN dev.scframework.autoconfigure.audit.AuditWriteDiagnostics -- Security audit write failed; reasonCode=AUDIT_SINK_FAILURE
[INFO] Tests run: 3, Failures: 0, Errors: 0, Skipped: 0, Time elapsed: 0.112 s -- in dev.scframework.autoconfigure.SecurityAuditTransactionTest
[INFO] Running dev.scframework.autoconfigure.FeignConsumerConfigurationTest
[INFO] Tests run: 2, Failures: 0, Errors: 0, Skipped: 0, Time elapsed: 0.080 s -- in dev.scframework.autoconfigure.FeignConsumerConfigurationTest
[INFO] Running dev.scframework.autoconfigure.SecurityOverrideTest
Mockito is currently self-attaching to enable the inline-mock-maker. This will no longer work in future releases of the JDK. Please add Mockito as an agent to your build as described in Mockito's documentation: https://javadoc.io/doc/org.mockito/mockito-core/latest/org.mockito/org/mockito/Mockito.html#0.3
WARNING: A Java agent has been loaded dynamically (/Users/dk/.m2/repository/net/bytebuddy/byte-buddy-agent/1.17.8/byte-buddy-agent-1.17.8.jar)
WARNING: If a serviceability tool is in use, please run with -XX:+EnableDynamicAgentLoading to hide this warning
WARNING: If a serviceability tool is not in use, please run with -Djdk.instrument.traceUsage for more information
WARNING: Dynamic loading of agents will be disallowed by default in a future release
OpenJDK 64-Bit Server VM warning: Sharing is only supported for boot loader classes because bootstrap classpath has been appended
04:06:28.213 [main] WARN org.springframework.boot.web.servlet.context.AnnotationConfigServletWebApplicationContext -- Exception encountered during context initialization - cancelling refresh attempt: org.springframework.beans.factory.BeanCreationException: Error creating bean with name 'scRequiredUserDetailsService' defined in dev.scframework.autoconfigure.ScSecurityAutoConfiguration: Failed to instantiate [org.springframework.security.core.userdetails.UserDetailsService]: Factory method 'scRequiredUserDetailsService' threw exception with message: Supply a UserDetailsService; generated/default passwords are disabled
[INFO] Tests run: 2, Failures: 0, Errors: 0, Skipped: 0, Time elapsed: 0.733 s -- in dev.scframework.autoconfigure.SecurityOverrideTest
[INFO] Running dev.scframework.autoconfigure.AuditAutoConfigurationTest
04:06:28.308 [main] WARN org.springframework.context.annotation.AnnotationConfigApplicationContext -- Exception encountered during context initialization - cancelling refresh attempt: org.springframework.beans.factory.UnsatisfiedDependencyException: Error creating bean with name 'scSecurityAuditPublisher' defined in dev.scframework.autoconfigure.ScAuditAutoConfiguration: Unsatisfied dependency expressed through method 'scSecurityAuditPublisher' parameter 0: No qualifying bean of type 'dev.scframework.core.audit.SecurityAuditSink' available: expected at least 1 bean which qualifies as autowire candidate. Dependency annotations: {}
[INFO] Tests run: 4, Failures: 0, Errors: 0, Skipped: 0, Time elapsed: 0.144 s -- in dev.scframework.autoconfigure.AuditAutoConfigurationTest
[INFO] Running dev.scframework.autoconfigure.HealthReadinessTest
[INFO] Tests run: 1, Failures: 0, Errors: 0, Skipped: 0, Time elapsed: 0.030 s -- in dev.scframework.autoconfigure.HealthReadinessTest
[INFO] Running dev.scframework.autoconfigure.QuerydslAutoConfigurationTest
[INFO] Tests run: 4, Failures: 0, Errors: 0, Skipped: 0, Time elapsed: 0.074 s -- in dev.scframework.autoconfigure.QuerydslAutoConfigurationTest
[INFO] Running dev.scframework.autoconfigure.SecretFileUsersTest
[INFO] Tests run: 2, Failures: 0, Errors: 0, Skipped: 0, Time elapsed: 0.129 s -- in dev.scframework.autoconfigure.SecretFileUsersTest
[INFO] Running dev.scframework.autoconfigure.FileStorageTest
04:06:28.613 [main] WARN dev.scframework.autoconfigure.storage.FileStorageTransactions -- File storage cleanup failed; operational counter incremented
[INFO] Tests run: 7, Failures: 0, Errors: 0, Skipped: 0, Time elapsed: 0.029 s -- in dev.scframework.autoconfigure.FileStorageTest
[INFO] 
[INFO] Results:
[INFO] 
[INFO] Tests run: 27, Failures: 0, Errors: 0, Skipped: 0
[INFO] 
[INFO] 
[INFO] --- jar:3.4.2:jar (default-jar) @ framework-autoconfigure ---
[INFO] Building jar: /Users/dk/Work/ScFramework/backend/framework-autoconfigure/target/framework-autoconfigure-0.1.0-SNAPSHOT.jar
[INFO] 
[INFO] -----------< dev.scframework:framework-spring-boot-starter >------------
[INFO] Building ScFramework Spring Boot Starter 0.1.0-SNAPSHOT            [4/6]
[INFO]   from framework-spring-boot-starter/pom.xml
[INFO] --------------------------------[ jar ]---------------------------------
[INFO] 
[INFO] --- clean:3.4.1:clean (default-clean) @ framework-spring-boot-starter ---
[INFO] Deleting /Users/dk/Work/ScFramework/backend/framework-spring-boot-starter/target
[INFO] 
[INFO] --- resources:3.3.1:resources (default-resources) @ framework-spring-boot-starter ---
[INFO] skip non existing resourceDirectory /Users/dk/Work/ScFramework/backend/framework-spring-boot-starter/src/main/resources
[INFO] skip non existing resourceDirectory /Users/dk/Work/ScFramework/backend/framework-spring-boot-starter/src/main/resources
[INFO] 
[INFO] --- compiler:3.14.1:compile (default-compile) @ framework-spring-boot-starter ---
[INFO] No sources to compile
[INFO] 
[INFO] --- resources:3.3.1:testResources (default-testResources) @ framework-spring-boot-starter ---
[INFO] skip non existing resourceDirectory /Users/dk/Work/ScFramework/backend/framework-spring-boot-starter/src/test/resources
[INFO] 
[INFO] --- compiler:3.14.1:testCompile (default-testCompile) @ framework-spring-boot-starter ---
[INFO] No sources to compile
[INFO] 
[INFO] --- surefire:3.5.6:test (default-test) @ framework-spring-boot-starter ---
[INFO] No tests to run.
[INFO] 
[INFO] --- jar:3.4.2:jar (default-jar) @ framework-spring-boot-starter ---
[WARNING] JAR will be empty - no content was marked for inclusion!
[INFO] Building jar: /Users/dk/Work/ScFramework/backend/framework-spring-boot-starter/target/framework-spring-boot-starter-0.1.0-SNAPSHOT.jar
[INFO] 
[INFO] ------------------< dev.scframework:sc-reference-app >------------------
[INFO] Building ScFramework neutral reference app 0.1.0-SNAPSHOT          [5/6]
[INFO]   from reference-app/pom.xml
[INFO] --------------------------------[ jar ]---------------------------------
[INFO] 
[INFO] --- clean:3.4.1:clean (default-clean) @ sc-reference-app ---
[INFO] Deleting /Users/dk/Work/ScFramework/backend/reference-app/target
[INFO] 
[INFO] --- resources:3.3.1:resources (default-resources) @ sc-reference-app ---
[INFO] Copying 8 resources from src/main/resources to target/classes
[INFO] Copying 46 resources from ../../frontend/apps/reference-app/dist to target/classes/static
[INFO] 
[INFO] --- compiler:3.14.1:compile (default-compile) @ sc-reference-app ---
[INFO] Recompiling the module because of changed dependency.
[INFO] Compiling 82 source files with javac [debug parameters release 21] to target/classes
[INFO] /Users/dk/Work/ScFramework/backend/reference-app/src/main/java/dev/scframework/reference/documents/DocumentGrammar.java: /Users/dk/Work/ScFramework/backend/reference-app/src/main/java/dev/scframework/reference/documents/DocumentGrammar.java uses or overrides a deprecated API.
[INFO] /Users/dk/Work/ScFramework/backend/reference-app/src/main/java/dev/scframework/reference/documents/DocumentGrammar.java: Recompile with -Xlint:deprecation for details.
[INFO] 
[INFO] --- resources:3.3.1:testResources (default-testResources) @ sc-reference-app ---
[INFO] Copying 1 resource from src/test/resources to target/test-classes
[INFO] 
[INFO] --- compiler:3.14.1:testCompile (default-testCompile) @ sc-reference-app ---
[INFO] Recompiling the module because of changed dependency.
[INFO] Compiling 18 source files with javac [debug parameters release 21] to target/test-classes
[INFO] 
[INFO] --- surefire:3.5.6:test (default-test) @ sc-reference-app ---
[INFO] Using auto detected provider org.apache.maven.surefire.junitplatform.JUnitPlatformProvider
[INFO] 
[INFO] -------------------------------------------------------
[INFO]  T E S T S
[INFO] -------------------------------------------------------
[INFO] Running dev.scframework.reference.H2PersistenceTest
04:06:30.967 [main] INFO org.flywaydb.core.FlywayExecutor -- Database: jdbc:h2:file:/var/folders/8k/rv4bxj0115g929lrxwybv_r80000gn/T/junit-13534240772225112471/isolated-reference (H2 2.3)
04:06:30.983 [main] INFO org.flywaydb.core.internal.schemahistory.JdbcTableSchemaHistory -- Schema history table "PUBLIC"."flyway_schema_history" does not exist yet
04:06:30.984 [main] INFO org.flywaydb.core.internal.command.DbValidate -- Successfully validated 5 migrations (execution time 00:00.007s)
04:06:30.987 [main] INFO org.flywaydb.core.internal.schemahistory.JdbcTableSchemaHistory -- Creating Schema History table "PUBLIC"."flyway_schema_history" ...
04:06:31.004 [main] INFO org.flywaydb.core.internal.command.DbMigrate -- Current version of schema "PUBLIC": << Empty Schema >>
04:06:31.007 [main] INFO org.flywaydb.core.internal.command.DbMigrate -- Migrating schema "PUBLIC" to version "1 - example baseline"
04:06:31.015 [main] INFO org.flywaydb.core.internal.command.DbMigrate -- Migrating schema "PUBLIC" to version "2 - requirements baseline"
04:06:31.027 [main] INFO org.flywaydb.core.internal.command.DbMigrate -- Migrating schema "PUBLIC" to version "3 - security audit"
04:06:31.033 [main] INFO org.flywaydb.core.internal.command.DbMigrate -- Successfully applied 3 migrations to schema "PUBLIC", now at version v3 (execution time 00:00.013s)
04:06:31.094 [main] INFO org.flywaydb.core.FlywayExecutor -- Database: jdbc:h2:file:/var/folders/8k/rv4bxj0115g929lrxwybv_r80000gn/T/junit-13534240772225112471/isolated-reference (H2 2.3)
04:06:31.098 [main] INFO org.flywaydb.core.internal.command.DbValidate -- Successfully validated 5 migrations (execution time 00:00.002s)
04:06:31.099 [main] INFO org.flywaydb.core.internal.command.DbMigrate -- Current version of schema "PUBLIC": 3
04:06:31.101 [main] INFO org.flywaydb.core.internal.command.DbMigrate -- Migrating schema "PUBLIC" to version "4 - media and files"
04:06:31.112 [main] INFO org.flywaydb.core.internal.command.DbMigrate -- Migrating schema "PUBLIC" to version "5 - kanban and documents"
04:06:31.118 [main] INFO org.flywaydb.core.internal.command.DbMigrate -- Successfully applied 2 migrations to schema "PUBLIC", now at version v5 (execution time 00:00.012s)
04:06:31.149 [main] INFO org.flywaydb.core.internal.command.DbValidate -- Successfully validated 5 migrations (execution time 00:00.001s)
04:06:31.150 [main] INFO org.flywaydb.core.internal.command.DbMigrate -- Current version of schema "PUBLIC": 5
04:06:31.150 [main] INFO org.flywaydb.core.internal.command.DbMigrate -- Schema "PUBLIC" is up to date. No migration necessary.
[INFO] Tests run: 1, Failures: 0, Errors: 0, Skipped: 0, Time elapsed: 0.430 s -- in dev.scframework.reference.H2PersistenceTest
[INFO] Running dev.scframework.reference.identity.PasswordIntegrationTest
04:06:31.216 [main] INFO org.springframework.test.context.support.AnnotationConfigContextLoaderUtils -- Could not detect default configuration classes for test class [dev.scframework.reference.identity.PasswordIntegrationTest]: PasswordIntegrationTest does not declare any static, non-private, non-final, nested classes annotated with @Configuration.
04:06:31.267 [main] INFO org.springframework.boot.test.context.SpringBootTestContextBootstrapper -- Found @SpringBootConfiguration dev.scframework.reference.ReferenceApplication for test class dev.scframework.reference.identity.PasswordIntegrationTest

  .   ____          _            __ _ _
 /\\ / ___'_ __ _ _(_)_ __  __ _ \ \ \ \
( ( )\___ | '_ | '_| | '_ \/ _` | \ \ \ \
 \\/  ___)| |_)| | | | | || (_| |  ) ) ) )
  '  |____| .__|_| |_|_| |_\__, | / / / /
 =========|_|==============|___/=/_/_/_/

 :: Spring Boot ::               (v3.5.16)

2026-10-07T04:06:31.470+09:00  INFO [requestId:] 7421 --- [sc-reference-app] [           main] d.s.r.identity.PasswordIntegrationTest   : Starting PasswordIntegrationTest using Java 21.0.11 with PID 7421 (started by dk in /Users/dk/Work/ScFramework/backend/reference-app)
2026-10-07T04:06:31.471+09:00  INFO [requestId:] 7421 --- [sc-reference-app] [           main] d.s.r.identity.PasswordIntegrationTest   : No active profile set, falling back to 1 default profile: "default"
2026-10-07T04:06:31.825+09:00  INFO [requestId:] 7421 --- [sc-reference-app] [           main] .s.d.r.c.RepositoryConfigurationDelegate : Bootstrapping Spring Data JPA repositories in DEFAULT mode.
2026-10-07T04:06:31.891+09:00  INFO [requestId:] 7421 --- [sc-reference-app] [           main] .s.d.r.c.RepositoryConfigurationDelegate : Finished Spring Data repository scanning in 63 ms. Found 18 JPA repository interfaces.
2026-10-07T04:06:31.948+09:00  INFO [requestId:] 7421 --- [sc-reference-app] [           main] o.s.cloud.context.scope.GenericScope     : BeanFactory id=a27d4999-c722-3a9d-b631-8b566cb0b5ef
2026-10-07T04:06:32.059+09:00  INFO [requestId:] 7421 --- [sc-reference-app] [           main] com.zaxxer.hikari.HikariDataSource       : HikariPool-1 - Starting...
2026-10-07T04:06:32.064+09:00  INFO [requestId:] 7421 --- [sc-reference-app] [           main] com.zaxxer.hikari.pool.HikariPool        : HikariPool-1 - Added connection conn8: url=jdbc:h2:mem:password-sc-password-010-16534809509483297531 user=SA
2026-10-07T04:06:32.064+09:00  INFO [requestId:] 7421 --- [sc-reference-app] [           main] com.zaxxer.hikari.HikariDataSource       : HikariPool-1 - Start completed.
2026-10-07T04:06:32.069+09:00  INFO [requestId:] 7421 --- [sc-reference-app] [           main] org.flywaydb.core.FlywayExecutor         : Database: jdbc:h2:mem:password-sc-password-010-16534809509483297531 (H2 2.3)
2026-10-07T04:06:32.071+09:00  INFO [requestId:] 7421 --- [sc-reference-app] [           main] o.f.c.i.s.JdbcTableSchemaHistory         : Schema history table "PUBLIC"."flyway_schema_history" does not exist yet
2026-10-07T04:06:32.072+09:00  INFO [requestId:] 7421 --- [sc-reference-app] [           main] o.f.core.internal.command.DbValidate     : Successfully validated 5 migrations (execution time 00:00.001s)
2026-10-07T04:06:32.072+09:00  INFO [requestId:] 7421 --- [sc-reference-app] [           main] o.f.c.i.s.JdbcTableSchemaHistory         : Creating Schema History table "PUBLIC"."flyway_schema_history" ...
2026-10-07T04:06:32.075+09:00  INFO [requestId:] 7421 --- [sc-reference-app] [           main] o.f.core.internal.command.DbMigrate      : Current version of schema "PUBLIC": << Empty Schema >>
2026-10-07T04:06:32.076+09:00  INFO [requestId:] 7421 --- [sc-reference-app] [           main] o.f.core.internal.command.DbMigrate      : Migrating schema "PUBLIC" to version "1 - example baseline"
2026-10-07T04:06:32.079+09:00  INFO [requestId:] 7421 --- [sc-reference-app] [           main] o.f.core.internal.command.DbMigrate      : Migrating schema "PUBLIC" to version "2 - requirements baseline"
2026-10-07T04:06:32.085+09:00  INFO [requestId:] 7421 --- [sc-reference-app] [           main] o.f.core.internal.command.DbMigrate      : Migrating schema "PUBLIC" to version "3 - security audit"
2026-10-07T04:06:32.089+09:00  INFO [requestId:] 7421 --- [sc-reference-app] [           main] o.f.core.internal.command.DbMigrate      : Migrating schema "PUBLIC" to version "4 - media and files"
2026-10-07T04:06:32.096+09:00  INFO [requestId:] 7421 --- [sc-reference-app] [           main] o.f.core.internal.command.DbMigrate      : Migrating schema "PUBLIC" to version "5 - kanban and documents"
2026-10-07T04:06:32.100+09:00  INFO [requestId:] 7421 --- [sc-reference-app] [           main] o.f.core.internal.command.DbMigrate      : Successfully applied 5 migrations to schema "PUBLIC", now at version v5 (execution time 00:00.012s)
2026-10-07T04:06:32.135+09:00  INFO [requestId:] 7421 --- [sc-reference-app] [           main] o.hibernate.jpa.internal.util.LogHelper  : HHH000204: Processing PersistenceUnitInfo [name: default]
2026-10-07T04:06:32.152+09:00  INFO [requestId:] 7421 --- [sc-reference-app] [           main] org.hibernate.Version                    : HHH000412: Hibernate ORM core version 6.6.53.Final
2026-10-07T04:06:32.161+09:00  INFO [requestId:] 7421 --- [sc-reference-app] [           main] o.h.c.internal.RegionFactoryInitiator    : HHH000026: Second-level cache disabled
2026-10-07T04:06:32.242+09:00  INFO [requestId:] 7421 --- [sc-reference-app] [           main] o.s.o.j.p.SpringPersistenceUnitInfo      : No LoadTimeWeaver setup: ignoring JPA class transformer
2026-10-07T04:06:32.270+09:00  INFO [requestId:] 7421 --- [sc-reference-app] [           main] org.hibernate.orm.connections.pooling    : HHH10001005: Database info:
	Database JDBC URL [Connecting through datasource 'HikariDataSource (HikariPool-1)']
	Database driver: undefined/unknown
	Database version: 2.3.232
	Autocommit mode: undefined/unknown
	Isolation level: undefined/unknown
	Minimum pool size: undefined/unknown
	Maximum pool size: undefined/unknown
2026-10-07T04:06:32.630+09:00  INFO [requestId:] 7421 --- [sc-reference-app] [           main] o.h.e.t.j.p.i.JtaPlatformInitiator       : HHH000489: No JTA platform available (set 'hibernate.transaction.jta.platform' to enable JTA platform integration)
2026-10-07T04:06:32.638+09:00  INFO [requestId:] 7421 --- [sc-reference-app] [           main] j.LocalContainerEntityManagerFactoryBean : Initialized JPA EntityManagerFactory for persistence unit 'default'
2026-10-07T04:06:32.715+09:00  INFO [requestId:] 7421 --- [sc-reference-app] [           main] o.s.d.j.r.query.QueryEnhancerFactory     : Hibernate is in classpath; If applicable, HQL parser will be used.
2026-10-07T04:06:33.222+09:00  INFO [requestId:] 7421 --- [sc-reference-app] [           main] o.s.b.a.w.s.WelcomePageHandlerMapping    : Adding welcome page: class path resource [static/index.html]
2026-10-07T04:06:33.309+09:00  INFO [requestId:] 7421 --- [sc-reference-app] [           main] r$InitializeUserDetailsManagerConfigurer : Global AuthenticationManager configured with UserDetailsService bean with name referenceUsers
2026-10-07T04:06:33.362+09:00  INFO [requestId:] 7421 --- [sc-reference-app] [           main] o.s.b.a.e.web.EndpointLinksResolver      : Exposing 1 endpoint beneath base path '/actuator'
2026-10-07T04:06:33.442+09:00  INFO [requestId:] 7421 --- [sc-reference-app] [           main] o.s.b.t.m.w.SpringBootMockServletContext : Initializing Spring TestDispatcherServlet ''
2026-10-07T04:06:33.442+09:00  INFO [requestId:] 7421 --- [sc-reference-app] [           main] o.s.t.web.servlet.TestDispatcherServlet  : Initializing Servlet ''
2026-10-07T04:06:33.443+09:00  INFO [requestId:] 7421 --- [sc-reference-app] [           main] o.s.t.web.servlet.TestDispatcherServlet  : Completed initialization in 0 ms
2026-10-07T04:06:33.477+09:00  INFO [requestId:] 7421 --- [sc-reference-app] [           main] d.s.r.identity.PasswordIntegrationTest   : Started PasswordIntegrationTest in 2.131 seconds (process running for 2.947)
Mockito is currently self-attaching to enable the inline-mock-maker. This will no longer work in future releases of the JDK. Please add Mockito as an agent to your build as described in Mockito's documentation: https://javadoc.io/doc/org.mockito/mockito-core/latest/org.mockito/org/mockito/Mockito.html#0.3
OpenJDK 64-Bit Server VM warning: Sharing is only supported for boot loader classes because bootstrap classpath has been appended
WARNING: A Java agent has been loaded dynamically (/Users/dk/.m2/repository/net/bytebuddy/byte-buddy-agent/1.17.8/byte-buddy-agent-1.17.8.jar)
WARNING: If a serviceability tool is in use, please run with -XX:+EnableDynamicAgentLoading to hide this warning
WARNING: If a serviceability tool is not in use, please run with -Djdk.instrument.traceUsage for more information
WARNING: Dynamic loading of agents will be disallowed by default in a future release
2026-10-07T04:06:34.955+09:00  INFO [requestId:] 7421 --- [sc-reference-app] [           main] j.LocalContainerEntityManagerFactoryBean : Closing JPA EntityManagerFactory for persistence unit 'default'
2026-10-07T04:06:34.956+09:00  INFO [requestId:] 7421 --- [sc-reference-app] [           main] com.zaxxer.hikari.HikariDataSource       : HikariPool-1 - Shutdown initiated...
2026-10-07T04:06:34.957+09:00  INFO [requestId:] 7421 --- [sc-reference-app] [           main] com.zaxxer.hikari.HikariDataSource       : HikariPool-1 - Shutdown completed.
[INFO] Tests run: 3, Failures: 0, Errors: 0, Skipped: 0, Time elapsed: 3.766 s -- in dev.scframework.reference.identity.PasswordIntegrationTest
[INFO] Running dev.scframework.reference.requirements.RequirementIntegrationTest
2026-10-07T04:06:34.967+09:00  INFO [requestId:] 7421 --- [sc-reference-app] [           main] .b.t.c.SpringBootTestContextBootstrapper : Found @SpringBootConfiguration dev.scframework.reference.ReferenceApplication for test class dev.scframework.reference.requirements.RequirementIntegrationTest

  .   ____          _            __ _ _
 /\\ / ___'_ __ _ _(_)_ __  __ _ \ \ \ \
( ( )\___ | '_ | '_| | '_ \/ _` | \ \ \ \
 \\/  ___)| |_)| | | | | || (_| |  ) ) ) )
  '  |____| .__|_| |_|_| |_\__, | / / / /
 =========|_|==============|___/=/_/_/_/

 :: Spring Boot ::               (v3.5.16)

2026-10-07T04:06:34.984+09:00  INFO [requestId:] 7421 --- [sc-reference-app] [           main] d.s.r.r.RequirementIntegrationTest       : Starting RequirementIntegrationTest using Java 21.0.11 with PID 7421 (started by dk in /Users/dk/Work/ScFramework/backend/reference-app)
2026-10-07T04:06:34.984+09:00  INFO [requestId:] 7421 --- [sc-reference-app] [           main] d.s.r.r.RequirementIntegrationTest       : No active profile set, falling back to 1 default profile: "default"
2026-10-07T04:06:35.072+09:00  INFO [requestId:] 7421 --- [sc-reference-app] [           main] .s.d.r.c.RepositoryConfigurationDelegate : Bootstrapping Spring Data JPA repositories in DEFAULT mode.
2026-10-07T04:06:35.082+09:00  INFO [requestId:] 7421 --- [sc-reference-app] [           main] .s.d.r.c.RepositoryConfigurationDelegate : Finished Spring Data repository scanning in 8 ms. Found 18 JPA repository interfaces.
2026-10-07T04:06:35.099+09:00  INFO [requestId:] 7421 --- [sc-reference-app] [           main] o.s.cloud.context.scope.GenericScope     : BeanFactory id=04988801-4425-362a-a6c2-efd8c19ac01f
2026-10-07T04:06:35.119+09:00  INFO [requestId:] 7421 --- [sc-reference-app] [           main] com.zaxxer.hikari.HikariDataSource       : HikariPool-2 - Starting...
2026-10-07T04:06:35.120+09:00  INFO [requestId:] 7421 --- [sc-reference-app] [           main] com.zaxxer.hikari.pool.HikariPool        : HikariPool-2 - Added connection conn13: url=jdbc:h2:mem:requirements-sc-requirements-007-162153002857259019 user=SA
2026-10-07T04:06:35.120+09:00  INFO [requestId:] 7421 --- [sc-reference-app] [           main] com.zaxxer.hikari.HikariDataSource       : HikariPool-2 - Start completed.
2026-10-07T04:06:35.120+09:00  INFO [requestId:] 7421 --- [sc-reference-app] [           main] org.flywaydb.core.FlywayExecutor         : Database: jdbc:h2:mem:requirements-sc-requirements-007-162153002857259019 (H2 2.3)
2026-10-07T04:06:35.122+09:00  INFO [requestId:] 7421 --- [sc-reference-app] [           main] o.f.c.i.s.JdbcTableSchemaHistory         : Schema history table "PUBLIC"."flyway_schema_history" does not exist yet
2026-10-07T04:06:35.122+09:00  INFO [requestId:] 7421 --- [sc-reference-app] [           main] o.f.core.internal.command.DbValidate     : Successfully validated 5 migrations (execution time 00:00.001s)
2026-10-07T04:06:35.123+09:00  INFO [requestId:] 7421 --- [sc-reference-app] [           main] o.f.c.i.s.JdbcTableSchemaHistory         : Creating Schema History table "PUBLIC"."flyway_schema_history" ...
2026-10-07T04:06:35.125+09:00  INFO [requestId:] 7421 --- [sc-reference-app] [           main] o.f.core.internal.command.DbMigrate      : Current version of schema "PUBLIC": << Empty Schema >>
2026-10-07T04:06:35.125+09:00  INFO [requestId:] 7421 --- [sc-reference-app] [           main] o.f.core.internal.command.DbMigrate      : Migrating schema "PUBLIC" to version "1 - example baseline"
2026-10-07T04:06:35.127+09:00  INFO [requestId:] 7421 --- [sc-reference-app] [           main] o.f.core.internal.command.DbMigrate      : Migrating schema "PUBLIC" to version "2 - requirements baseline"
2026-10-07T04:06:35.130+09:00  INFO [requestId:] 7421 --- [sc-reference-app] [           main] o.f.core.internal.command.DbMigrate      : Migrating schema "PUBLIC" to version "3 - security audit"
2026-10-07T04:06:35.133+09:00  INFO [requestId:] 7421 --- [sc-reference-app] [           main] o.f.core.internal.command.DbMigrate      : Migrating schema "PUBLIC" to version "4 - media and files"
2026-10-07T04:06:35.138+09:00  INFO [requestId:] 7421 --- [sc-reference-app] [           main] o.f.core.internal.command.DbMigrate      : Migrating schema "PUBLIC" to version "5 - kanban and documents"
2026-10-07T04:06:35.141+09:00  INFO [requestId:] 7421 --- [sc-reference-app] [           main] o.f.core.internal.command.DbMigrate      : Successfully applied 5 migrations to schema "PUBLIC", now at version v5 (execution time 00:00.007s)
2026-10-07T04:06:35.147+09:00  INFO [requestId:] 7421 --- [sc-reference-app] [           main] o.hibernate.jpa.internal.util.LogHelper  : HHH000204: Processing PersistenceUnitInfo [name: default]
2026-10-07T04:06:35.148+09:00  INFO [requestId:] 7421 --- [sc-reference-app] [           main] o.h.c.internal.RegionFactoryInitiator    : HHH000026: Second-level cache disabled
2026-10-07T04:06:35.151+09:00  INFO [requestId:] 7421 --- [sc-reference-app] [           main] o.s.o.j.p.SpringPersistenceUnitInfo      : No LoadTimeWeaver setup: ignoring JPA class transformer
2026-10-07T04:06:35.151+09:00  INFO [requestId:] 7421 --- [sc-reference-app] [           main] org.hibernate.orm.connections.pooling    : HHH10001005: Database info:
	Database JDBC URL [Connecting through datasource 'HikariDataSource (HikariPool-2)']
	Database driver: undefined/unknown
	Database version: 2.3.232
	Autocommit mode: undefined/unknown
	Isolation level: undefined/unknown
	Minimum pool size: undefined/unknown
	Maximum pool size: undefined/unknown
2026-10-07T04:06:35.194+09:00  INFO [requestId:] 7421 --- [sc-reference-app] [           main] o.h.e.t.j.p.i.JtaPlatformInitiator       : HHH000489: No JTA platform available (set 'hibernate.transaction.jta.platform' to enable JTA platform integration)
2026-10-07T04:06:35.195+09:00  INFO [requestId:] 7421 --- [sc-reference-app] [           main] j.LocalContainerEntityManagerFactoryBean : Initialized JPA EntityManagerFactory for persistence unit 'default'
2026-10-07T04:06:35.281+09:00  INFO [requestId:] 7421 --- [sc-reference-app] [           main] o.s.b.a.w.s.WelcomePageHandlerMapping    : Adding welcome page: class path resource [static/index.html]
2026-10-07T04:06:35.304+09:00  INFO [requestId:] 7421 --- [sc-reference-app] [           main] r$InitializeUserDetailsManagerConfigurer : Global AuthenticationManager configured with UserDetailsService bean with name referenceUsers
2026-10-07T04:06:35.321+09:00  INFO [requestId:] 7421 --- [sc-reference-app] [           main] o.s.b.a.e.web.EndpointLinksResolver      : Exposing 1 endpoint beneath base path '/actuator'
2026-10-07T04:06:35.337+09:00  INFO [requestId:] 7421 --- [sc-reference-app] [           main] o.s.b.t.m.w.SpringBootMockServletContext : Initializing Spring TestDispatcherServlet ''
2026-10-07T04:06:35.337+09:00  INFO [requestId:] 7421 --- [sc-reference-app] [           main] o.s.t.web.servlet.TestDispatcherServlet  : Initializing Servlet ''
2026-10-07T04:06:35.337+09:00  INFO [requestId:] 7421 --- [sc-reference-app] [           main] o.s.t.web.servlet.TestDispatcherServlet  : Completed initialization in 0 ms
2026-10-07T04:06:35.349+09:00  INFO [requestId:] 7421 --- [sc-reference-app] [           main] d.s.r.r.RequirementIntegrationTest       : Started RequirementIntegrationTest in 0.38 seconds (process running for 4.82)
2026-10-07T04:06:35.991+09:00  WARN [requestId:e9af34a3-870d-4622-bc91-31838acf054b] 7421 --- [sc-reference-app] [           main] o.h.engine.jdbc.spi.SqlExceptionHelper   : SQL Error: 23513, SQLState: 23513
2026-10-07T04:06:35.991+09:00 ERROR [requestId:e9af34a3-870d-4622-bc91-31838acf054b] 7421 --- [sc-reference-app] [           main] o.h.engine.jdbc.spi.SqlExceptionHelper   : Check constraint violation: "SYNTHETIC_REVIEW_FAILURE: "; SQL statement:
insert into requirement_history (action,actor_id,after_json,before_json,created_at,requirement_id,id) values (?,?,?,?,?,?,default) [23513-232]
2026-10-07T04:06:36.477+09:00  WARN [requestId:de749d0e-0d43-4b36-8e8b-257026e4d41f] 7421 --- [sc-reference-app] [           main] o.h.engine.jdbc.spi.SqlExceptionHelper   : SQL Error: 23513, SQLState: 23513
2026-10-07T04:06:36.477+09:00 ERROR [requestId:de749d0e-0d43-4b36-8e8b-257026e4d41f] 7421 --- [sc-reference-app] [           main] o.h.engine.jdbc.spi.SqlExceptionHelper   : Check constraint violation: "SYNTHETIC_HISTORY_FAILURE: "; SQL statement:
insert into requirement_history (action,actor_id,after_json,before_json,created_at,requirement_id,id) values (?,?,?,?,?,?,default) [23513-232]
2026-10-07T04:06:38.839+09:00  WARN [requestId:7a4b942d-86dd-40d7-b574-27d82968caff] 7421 --- [sc-reference-app] [           main] o.h.engine.jdbc.spi.SqlExceptionHelper   : SQL Error: 23505, SQLState: 23505
2026-10-07T04:06:38.839+09:00 ERROR [requestId:7a4b942d-86dd-40d7-b574-27d82968caff] 7421 --- [sc-reference-app] [           main] o.h.engine.jdbc.spi.SqlExceptionHelper   : Unique index or primary key violation: "PUBLIC.CONSTRAINT_INDEX_E ON PUBLIC.REFERENCE_USER(USERNAME NULLS FIRST) VALUES ( /* 20 */ 'alice' )"; SQL statement:
insert into reference_user (created_at,display_name,password_hash,role,username,id) values (?,?,?,?,?,default) [23505-232]
[INFO] Tests run: 22, Failures: 0, Errors: 0, Skipped: 0, Time elapsed: 10.51 s -- in dev.scframework.reference.requirements.RequirementIntegrationTest
[INFO] Running dev.scframework.reference.requirements.RequirementPersistenceTest
2026-10-07T04:06:45.478+09:00  INFO [requestId:] 7421 --- [sc-reference-app] [           main] org.flywaydb.core.FlywayExecutor         : Database: jdbc:h2:file:/var/folders/8k/rv4bxj0115g929lrxwybv_r80000gn/T/junit-7781792644416811302/upgrade (H2 2.3)
2026-10-07T04:06:45.479+09:00  INFO [requestId:] 7421 --- [sc-reference-app] [           main] o.f.c.i.s.JdbcTableSchemaHistory         : Schema history table "PUBLIC"."flyway_schema_history" does not exist yet
2026-10-07T04:06:45.479+09:00  INFO [requestId:] 7421 --- [sc-reference-app] [           main] o.f.core.internal.command.DbValidate     : Successfully validated 5 migrations (execution time 00:00.000s)
2026-10-07T04:06:45.480+09:00  INFO [requestId:] 7421 --- [sc-reference-app] [           main] o.f.c.i.s.JdbcTableSchemaHistory         : Creating Schema History table "PUBLIC"."flyway_schema_history" ...
2026-10-07T04:06:45.481+09:00  INFO [requestId:] 7421 --- [sc-reference-app] [           main] o.f.core.internal.command.DbMigrate      : Current version of schema "PUBLIC": << Empty Schema >>
2026-10-07T04:06:45.481+09:00  INFO [requestId:] 7421 --- [sc-reference-app] [           main] o.f.core.internal.command.DbMigrate      : Migrating schema "PUBLIC" to version "1 - example baseline"
2026-10-07T04:06:45.482+09:00  INFO [requestId:] 7421 --- [sc-reference-app] [           main] o.f.core.internal.command.DbMigrate      : Successfully applied 1 migration to schema "PUBLIC", now at version v1 (execution time 00:00.000s)
2026-10-07T04:06:45.502+09:00  INFO [requestId:] 7421 --- [sc-reference-app] [           main] org.flywaydb.core.FlywayExecutor         : Database: jdbc:h2:file:/var/folders/8k/rv4bxj0115g929lrxwybv_r80000gn/T/junit-7781792644416811302/upgrade (H2 2.3)
2026-10-07T04:06:45.504+09:00  INFO [requestId:] 7421 --- [sc-reference-app] [           main] o.f.core.internal.command.DbValidate     : Successfully validated 5 migrations (execution time 00:00.000s)
2026-10-07T04:06:45.504+09:00  INFO [requestId:] 7421 --- [sc-reference-app] [           main] o.f.core.internal.command.DbMigrate      : Current version of schema "PUBLIC": 1
2026-10-07T04:06:45.504+09:00  INFO [requestId:] 7421 --- [sc-reference-app] [           main] o.f.core.internal.command.DbMigrate      : Migrating schema "PUBLIC" to version "2 - requirements baseline"
2026-10-07T04:06:45.507+09:00  INFO [requestId:] 7421 --- [sc-reference-app] [           main] o.f.core.internal.command.DbMigrate      : Migrating schema "PUBLIC" to version "3 - security audit"
2026-10-07T04:06:45.508+09:00  INFO [requestId:] 7421 --- [sc-reference-app] [           main] o.f.core.internal.command.DbMigrate      : Successfully applied 2 migrations to schema "PUBLIC", now at version v3 (execution time 00:00.001s)
2026-10-07T04:06:45.519+09:00  INFO [requestId:] 7421 --- [sc-reference-app] [           main] org.flywaydb.core.FlywayExecutor         : Database: jdbc:h2:file:/var/folders/8k/rv4bxj0115g929lrxwybv_r80000gn/T/junit-7781792644416811302/upgrade (H2 2.3)
2026-10-07T04:06:45.520+09:00  INFO [requestId:] 7421 --- [sc-reference-app] [           main] o.f.core.internal.command.DbValidate     : Successfully validated 5 migrations (execution time 00:00.000s)
2026-10-07T04:06:45.520+09:00  INFO [requestId:] 7421 --- [sc-reference-app] [           main] o.f.core.internal.command.DbMigrate      : Current version of schema "PUBLIC": 3
2026-10-07T04:06:45.521+09:00  INFO [requestId:] 7421 --- [sc-reference-app] [           main] o.f.core.internal.command.DbMigrate      : Migrating schema "PUBLIC" to version "4 - media and files"
2026-10-07T04:06:45.524+09:00  INFO [requestId:] 7421 --- [sc-reference-app] [           main] o.f.core.internal.command.DbMigrate      : Migrating schema "PUBLIC" to version "5 - kanban and documents"
2026-10-07T04:06:45.525+09:00  INFO [requestId:] 7421 --- [sc-reference-app] [           main] o.f.core.internal.command.DbMigrate      : Successfully applied 2 migrations to schema "PUBLIC", now at version v5 (execution time 00:00.002s)
2026-10-07T04:06:45.571+09:00  INFO [requestId:] 7421 --- [sc-reference-app] [           main] org.flywaydb.core.FlywayExecutor         : Database: jdbc:h2:file:/var/folders/8k/rv4bxj0115g929lrxwybv_r80000gn/T/junit-7781792644416811302/upgrade (H2 2.3)
2026-10-07T04:06:45.573+09:00  INFO [requestId:] 7421 --- [sc-reference-app] [           main] o.f.core.internal.command.DbValidate     : Successfully validated 5 migrations (execution time 00:00.000s)
2026-10-07T04:06:45.573+09:00  INFO [requestId:] 7421 --- [sc-reference-app] [           main] o.f.core.internal.command.DbMigrate      : Current version of schema "PUBLIC": 5
2026-10-07T04:06:45.573+09:00  INFO [requestId:] 7421 --- [sc-reference-app] [           main] o.f.core.internal.command.DbMigrate      : Schema "PUBLIC" is up to date. No migration necessary.
2026-10-07T04:06:45.599+09:00  INFO [requestId:] 7421 --- [sc-reference-app] [           main] org.flywaydb.core.FlywayExecutor         : Database: jdbc:h2:file:/var/folders/8k/rv4bxj0115g929lrxwybv_r80000gn/T/junit-2269600939328460673/constraints (H2 2.3)
2026-10-07T04:06:45.600+09:00  INFO [requestId:] 7421 --- [sc-reference-app] [           main] o.f.c.i.s.JdbcTableSchemaHistory         : Schema history table "PUBLIC"."flyway_schema_history" does not exist yet
2026-10-07T04:06:45.600+09:00  INFO [requestId:] 7421 --- [sc-reference-app] [           main] o.f.core.internal.command.DbValidate     : Successfully validated 5 migrations (execution time 00:00.000s)
2026-10-07T04:06:45.600+09:00  INFO [requestId:] 7421 --- [sc-reference-app] [           main] o.f.c.i.s.JdbcTableSchemaHistory         : Creating Schema History table "PUBLIC"."flyway_schema_history" ...
2026-10-07T04:06:45.601+09:00  INFO [requestId:] 7421 --- [sc-reference-app] [           main] o.f.core.internal.command.DbMigrate      : Current version of schema "PUBLIC": << Empty Schema >>
2026-10-07T04:06:45.602+09:00  INFO [requestId:] 7421 --- [sc-reference-app] [           main] o.f.core.internal.command.DbMigrate      : Migrating schema "PUBLIC" to version "1 - example baseline"
2026-10-07T04:06:45.603+09:00  INFO [requestId:] 7421 --- [sc-reference-app] [           main] o.f.core.internal.command.DbMigrate      : Migrating schema "PUBLIC" to version "2 - requirements baseline"
2026-10-07T04:06:45.605+09:00  INFO [requestId:] 7421 --- [sc-reference-app] [           main] o.f.core.internal.command.DbMigrate      : Migrating schema "PUBLIC" to version "3 - security audit"
2026-10-07T04:06:45.609+09:00  INFO [requestId:] 7421 --- [sc-reference-app] [           main] o.f.core.internal.command.DbMigrate      : Migrating schema "PUBLIC" to version "4 - media and files"
2026-10-07T04:06:45.611+09:00  INFO [requestId:] 7421 --- [sc-reference-app] [           main] o.f.core.internal.command.DbMigrate      : Migrating schema "PUBLIC" to version "5 - kanban and documents"
2026-10-07T04:06:45.612+09:00  INFO [requestId:] 7421 --- [sc-reference-app] [           main] o.f.core.internal.command.DbMigrate      : Successfully applied 5 migrations to schema "PUBLIC", now at version v5 (execution time 00:00.002s)
[INFO] Tests run: 2, Failures: 0, Errors: 0, Skipped: 0, Time elapsed: 0.157 s -- in dev.scframework.reference.requirements.RequirementPersistenceTest
[INFO] Running dev.scframework.reference.requirements.RequirementMixedPersistenceTest
2026-10-07T04:06:45.631+09:00  INFO [requestId:] 7421 --- [sc-reference-app] [           main] .b.t.c.SpringBootTestContextBootstrapper : Found @SpringBootConfiguration dev.scframework.reference.ReferenceApplication for test class dev.scframework.reference.requirements.RequirementMixedPersistenceTest

  .   ____          _            __ _ _
 /\\ / ___'_ __ _ _(_)_ __  __ _ \ \ \ \
( ( )\___ | '_ | '_| | '_ \/ _` | \ \ \ \
 \\/  ___)| |_)| | | | | || (_| |  ) ) ) )
  '  |____| .__|_| |_|_| |_\__, | / / / /
 =========|_|==============|___/=/_/_/_/

 :: Spring Boot ::               (v3.5.16)

2026-10-07T04:06:45.645+09:00  INFO [requestId:] 7421 --- [sc-reference-app] [           main] d.s.r.r.RequirementMixedPersistenceTest  : Starting RequirementMixedPersistenceTest using Java 21.0.11 with PID 7421 (started by dk in /Users/dk/Work/ScFramework/backend/reference-app)
2026-10-07T04:06:45.645+09:00  INFO [requestId:] 7421 --- [sc-reference-app] [           main] d.s.r.r.RequirementMixedPersistenceTest  : No active profile set, falling back to 1 default profile: "default"
2026-10-07T04:06:45.717+09:00  INFO [requestId:] 7421 --- [sc-reference-app] [           main] .s.d.r.c.RepositoryConfigurationDelegate : Bootstrapping Spring Data JPA repositories in DEFAULT mode.
2026-10-07T04:06:45.725+09:00  INFO [requestId:] 7421 --- [sc-reference-app] [           main] .s.d.r.c.RepositoryConfigurationDelegate : Finished Spring Data repository scanning in 7 ms. Found 18 JPA repository interfaces.
2026-10-07T04:06:45.737+09:00  INFO [requestId:] 7421 --- [sc-reference-app] [           main] o.s.cloud.context.scope.GenericScope     : BeanFactory id=48c92ec9-5a9e-3ff1-8771-82338cbd49db
2026-10-07T04:06:45.752+09:00  INFO [requestId:] 7421 --- [sc-reference-app] [           main] com.zaxxer.hikari.HikariDataSource       : HikariPool-3 - Starting...
2026-10-07T04:06:45.753+09:00  INFO [requestId:] 7421 --- [sc-reference-app] [           main] com.zaxxer.hikari.pool.HikariPool        : HikariPool-3 - Added connection conn32: url=jdbc:h2:mem:mixed-sc-mixed-008-3515882893497425218 user=SA
2026-10-07T04:06:45.753+09:00  INFO [requestId:] 7421 --- [sc-reference-app] [           main] com.zaxxer.hikari.HikariDataSource       : HikariPool-3 - Start completed.
2026-10-07T04:06:45.754+09:00  INFO [requestId:] 7421 --- [sc-reference-app] [           main] org.flywaydb.core.FlywayExecutor         : Database: jdbc:h2:mem:mixed-sc-mixed-008-3515882893497425218 (H2 2.3)
2026-10-07T04:06:45.755+09:00  INFO [requestId:] 7421 --- [sc-reference-app] [           main] o.f.c.i.s.JdbcTableSchemaHistory         : Schema history table "PUBLIC"."flyway_schema_history" does not exist yet
2026-10-07T04:06:45.755+09:00  INFO [requestId:] 7421 --- [sc-reference-app] [           main] o.f.core.internal.command.DbValidate     : Successfully validated 5 migrations (execution time 00:00.000s)
2026-10-07T04:06:45.755+09:00  INFO [requestId:] 7421 --- [sc-reference-app] [           main] o.f.c.i.s.JdbcTableSchemaHistory         : Creating Schema History table "PUBLIC"."flyway_schema_history" ...
2026-10-07T04:06:45.756+09:00  INFO [requestId:] 7421 --- [sc-reference-app] [           main] o.f.core.internal.command.DbMigrate      : Current version of schema "PUBLIC": << Empty Schema >>
2026-10-07T04:06:45.757+09:00  INFO [requestId:] 7421 --- [sc-reference-app] [           main] o.f.core.internal.command.DbMigrate      : Migrating schema "PUBLIC" to version "1 - example baseline"
2026-10-07T04:06:45.758+09:00  INFO [requestId:] 7421 --- [sc-reference-app] [           main] o.f.core.internal.command.DbMigrate      : Migrating schema "PUBLIC" to version "2 - requirements baseline"
2026-10-07T04:06:45.759+09:00  INFO [requestId:] 7421 --- [sc-reference-app] [           main] o.f.core.internal.command.DbMigrate      : Migrating schema "PUBLIC" to version "3 - security audit"
2026-10-07T04:06:45.761+09:00  INFO [requestId:] 7421 --- [sc-reference-app] [           main] o.f.core.internal.command.DbMigrate      : Migrating schema "PUBLIC" to version "4 - media and files"
2026-10-07T04:06:45.763+09:00  INFO [requestId:] 7421 --- [sc-reference-app] [           main] o.f.core.internal.command.DbMigrate      : Migrating schema "PUBLIC" to version "5 - kanban and documents"
2026-10-07T04:06:45.764+09:00  INFO [requestId:] 7421 --- [sc-reference-app] [           main] o.f.core.internal.command.DbMigrate      : Successfully applied 5 migrations to schema "PUBLIC", now at version v5 (execution time 00:00.002s)
2026-10-07T04:06:45.769+09:00  INFO [requestId:] 7421 --- [sc-reference-app] [           main] o.hibernate.jpa.internal.util.LogHelper  : HHH000204: Processing PersistenceUnitInfo [name: default]
2026-10-07T04:06:45.770+09:00  INFO [requestId:] 7421 --- [sc-reference-app] [           main] o.h.c.internal.RegionFactoryInitiator    : HHH000026: Second-level cache disabled
2026-10-07T04:06:45.773+09:00  INFO [requestId:] 7421 --- [sc-reference-app] [           main] o.s.o.j.p.SpringPersistenceUnitInfo      : No LoadTimeWeaver setup: ignoring JPA class transformer
2026-10-07T04:06:45.773+09:00  INFO [requestId:] 7421 --- [sc-reference-app] [           main] org.hibernate.orm.connections.pooling    : HHH10001005: Database info:
	Database JDBC URL [Connecting through datasource 'HikariDataSource (HikariPool-3)']
	Database driver: undefined/unknown
	Database version: 2.3.232
	Autocommit mode: undefined/unknown
	Isolation level: undefined/unknown
	Minimum pool size: undefined/unknown
	Maximum pool size: undefined/unknown
2026-10-07T04:06:45.811+09:00  INFO [requestId:] 7421 --- [sc-reference-app] [           main] o.h.e.t.j.p.i.JtaPlatformInitiator       : HHH000489: No JTA platform available (set 'hibernate.transaction.jta.platform' to enable JTA platform integration)
2026-10-07T04:06:45.812+09:00  INFO [requestId:] 7421 --- [sc-reference-app] [           main] j.LocalContainerEntityManagerFactoryBean : Initialized JPA EntityManagerFactory for persistence unit 'default'
2026-10-07T04:06:45.884+09:00  INFO [requestId:] 7421 --- [sc-reference-app] [           main] o.s.b.a.w.s.WelcomePageHandlerMapping    : Adding welcome page: class path resource [static/index.html]
2026-10-07T04:06:45.902+09:00  INFO [requestId:] 7421 --- [sc-reference-app] [           main] r$InitializeUserDetailsManagerConfigurer : Global AuthenticationManager configured with UserDetailsService bean with name referenceUsers
2026-10-07T04:06:45.912+09:00  INFO [requestId:] 7421 --- [sc-reference-app] [           main] o.s.b.a.e.web.EndpointLinksResolver      : Exposing 1 endpoint beneath base path '/actuator'
2026-10-07T04:06:45.937+09:00  INFO [requestId:] 7421 --- [sc-reference-app] [           main] d.s.r.r.RequirementMixedPersistenceTest  : Started RequirementMixedPersistenceTest in 0.305 seconds (process running for 15.404)
2026-10-07T04:06:46.048+09:00  INFO [requestId:] 7421 --- [sc-reference-app] [           main] j.LocalContainerEntityManagerFactoryBean : Closing JPA EntityManagerFactory for persistence unit 'default'
2026-10-07T04:06:46.048+09:00  INFO [requestId:] 7421 --- [sc-reference-app] [           main] com.zaxxer.hikari.HikariDataSource       : HikariPool-3 - Shutdown initiated...
2026-10-07T04:06:46.087+09:00  INFO [requestId:] 7421 --- [sc-reference-app] [           main] com.zaxxer.hikari.HikariDataSource       : HikariPool-3 - Shutdown completed.
[INFO] Tests run: 4, Failures: 0, Errors: 0, Skipped: 0, Time elapsed: 0.458 s -- in dev.scframework.reference.requirements.RequirementMixedPersistenceTest
[INFO] Running dev.scframework.reference.requirements.RequirementReadMapperTest
[INFO] Tests run: 5, Failures: 0, Errors: 0, Skipped: 0, Time elapsed: 0.007 s -- in dev.scframework.reference.requirements.RequirementReadMapperTest
[INFO] Running dev.scframework.reference.notices.NoticeIntegrationTest
2026-10-07T04:06:46.096+09:00  INFO [requestId:] 7421 --- [sc-reference-app] [           main] t.c.s.AnnotationConfigContextLoaderUtils : Could not detect default configuration classes for test class [dev.scframework.reference.notices.NoticeIntegrationTest]: NoticeIntegrationTest does not declare any static, non-private, non-final, nested classes annotated with @Configuration.
2026-10-07T04:06:46.102+09:00  INFO [requestId:] 7421 --- [sc-reference-app] [           main] .b.t.c.SpringBootTestContextBootstrapper : Found @SpringBootConfiguration dev.scframework.reference.ReferenceApplication for test class dev.scframework.reference.notices.NoticeIntegrationTest

  .   ____          _            __ _ _
 /\\ / ___'_ __ _ _(_)_ __  __ _ \ \ \ \
( ( )\___ | '_ | '_| | '_ \/ _` | \ \ \ \
 \\/  ___)| |_)| | | | | || (_| |  ) ) ) )
  '  |____| .__|_| |_|_| |_\__, | / / / /
 =========|_|==============|___/=/_/_/_/

 :: Spring Boot ::               (v3.5.16)

2026-10-07T04:06:46.114+09:00  INFO [requestId:] 7421 --- [sc-reference-app] [           main] d.s.r.notices.NoticeIntegrationTest      : Starting NoticeIntegrationTest using Java 21.0.11 with PID 7421 (started by dk in /Users/dk/Work/ScFramework/backend/reference-app)
2026-10-07T04:06:46.114+09:00  INFO [requestId:] 7421 --- [sc-reference-app] [           main] d.s.r.notices.NoticeIntegrationTest      : No active profile set, falling back to 1 default profile: "default"
2026-10-07T04:06:46.182+09:00  INFO [requestId:] 7421 --- [sc-reference-app] [           main] .s.d.r.c.RepositoryConfigurationDelegate : Bootstrapping Spring Data JPA repositories in DEFAULT mode.
2026-10-07T04:06:46.190+09:00  INFO [requestId:] 7421 --- [sc-reference-app] [           main] .s.d.r.c.RepositoryConfigurationDelegate : Finished Spring Data repository scanning in 7 ms. Found 18 JPA repository interfaces.
2026-10-07T04:06:46.202+09:00  INFO [requestId:] 7421 --- [sc-reference-app] [           main] o.s.cloud.context.scope.GenericScope     : BeanFactory id=a2497986-2a8a-32c9-9350-31c50e9c102a
2026-10-07T04:06:46.216+09:00  INFO [requestId:] 7421 --- [sc-reference-app] [           main] com.zaxxer.hikari.HikariDataSource       : HikariPool-4 - Starting...
2026-10-07T04:06:46.217+09:00  INFO [requestId:] 7421 --- [sc-reference-app] [           main] com.zaxxer.hikari.pool.HikariPool        : HikariPool-4 - Added connection conn36: url=jdbc:h2:mem:kanban-sc-kanban-010-8996036831463363621 user=SA
2026-10-07T04:06:46.217+09:00  INFO [requestId:] 7421 --- [sc-reference-app] [           main] com.zaxxer.hikari.HikariDataSource       : HikariPool-4 - Start completed.
2026-10-07T04:06:46.217+09:00  INFO [requestId:] 7421 --- [sc-reference-app] [           main] org.flywaydb.core.FlywayExecutor         : Database: jdbc:h2:mem:kanban-sc-kanban-010-8996036831463363621 (H2 2.3)
2026-10-07T04:06:46.218+09:00  INFO [requestId:] 7421 --- [sc-reference-app] [           main] o.f.c.i.s.JdbcTableSchemaHistory         : Schema history table "PUBLIC"."flyway_schema_history" does not exist yet
2026-10-07T04:06:46.218+09:00  INFO [requestId:] 7421 --- [sc-reference-app] [           main] o.f.core.internal.command.DbValidate     : Successfully validated 5 migrations (execution time 00:00.000s)
2026-10-07T04:06:46.219+09:00  INFO [requestId:] 7421 --- [sc-reference-app] [           main] o.f.c.i.s.JdbcTableSchemaHistory         : Creating Schema History table "PUBLIC"."flyway_schema_history" ...
2026-10-07T04:06:46.220+09:00  INFO [requestId:] 7421 --- [sc-reference-app] [           main] o.f.core.internal.command.DbMigrate      : Current version of schema "PUBLIC": << Empty Schema >>
2026-10-07T04:06:46.220+09:00  INFO [requestId:] 7421 --- [sc-reference-app] [           main] o.f.core.internal.command.DbMigrate      : Migrating schema "PUBLIC" to version "1 - example baseline"
2026-10-07T04:06:46.221+09:00  INFO [requestId:] 7421 --- [sc-reference-app] [           main] o.f.core.internal.command.DbMigrate      : Migrating schema "PUBLIC" to version "2 - requirements baseline"
2026-10-07T04:06:46.223+09:00  INFO [requestId:] 7421 --- [sc-reference-app] [           main] o.f.core.internal.command.DbMigrate      : Migrating schema "PUBLIC" to version "3 - security audit"
2026-10-07T04:06:46.224+09:00  INFO [requestId:] 7421 --- [sc-reference-app] [           main] o.f.core.internal.command.DbMigrate      : Migrating schema "PUBLIC" to version "4 - media and files"
2026-10-07T04:06:46.226+09:00  INFO [requestId:] 7421 --- [sc-reference-app] [           main] o.f.core.internal.command.DbMigrate      : Migrating schema "PUBLIC" to version "5 - kanban and documents"
2026-10-07T04:06:46.227+09:00  INFO [requestId:] 7421 --- [sc-reference-app] [           main] o.f.core.internal.command.DbMigrate      : Successfully applied 5 migrations to schema "PUBLIC", now at version v5 (execution time 00:00.001s)
2026-10-07T04:06:46.232+09:00  INFO [requestId:] 7421 --- [sc-reference-app] [           main] o.hibernate.jpa.internal.util.LogHelper  : HHH000204: Processing PersistenceUnitInfo [name: default]
2026-10-07T04:06:46.233+09:00  INFO [requestId:] 7421 --- [sc-reference-app] [           main] o.h.c.internal.RegionFactoryInitiator    : HHH000026: Second-level cache disabled
2026-10-07T04:06:46.235+09:00  INFO [requestId:] 7421 --- [sc-reference-app] [           main] o.s.o.j.p.SpringPersistenceUnitInfo      : No LoadTimeWeaver setup: ignoring JPA class transformer
2026-10-07T04:06:46.235+09:00  INFO [requestId:] 7421 --- [sc-reference-app] [           main] org.hibernate.orm.connections.pooling    : HHH10001005: Database info:
	Database JDBC URL [Connecting through datasource 'HikariDataSource (HikariPool-4)']
	Database driver: undefined/unknown
	Database version: 2.3.232
	Autocommit mode: undefined/unknown
	Isolation level: undefined/unknown
	Minimum pool size: undefined/unknown
	Maximum pool size: undefined/unknown
2026-10-07T04:06:46.265+09:00  INFO [requestId:] 7421 --- [sc-reference-app] [           main] o.h.e.t.j.p.i.JtaPlatformInitiator       : HHH000489: No JTA platform available (set 'hibernate.transaction.jta.platform' to enable JTA platform integration)
2026-10-07T04:06:46.266+09:00  INFO [requestId:] 7421 --- [sc-reference-app] [           main] j.LocalContainerEntityManagerFactoryBean : Initialized JPA EntityManagerFactory for persistence unit 'default'
2026-10-07T04:06:46.349+09:00  INFO [requestId:] 7421 --- [sc-reference-app] [           main] o.s.b.a.w.s.WelcomePageHandlerMapping    : Adding welcome page: class path resource [static/index.html]
2026-10-07T04:06:46.366+09:00  INFO [requestId:] 7421 --- [sc-reference-app] [           main] r$InitializeUserDetailsManagerConfigurer : Global AuthenticationManager configured with UserDetailsService bean with name referenceUsers
2026-10-07T04:06:46.376+09:00  INFO [requestId:] 7421 --- [sc-reference-app] [           main] o.s.b.a.e.web.EndpointLinksResolver      : Exposing 1 endpoint beneath base path '/actuator'
2026-10-07T04:06:46.390+09:00  INFO [requestId:] 7421 --- [sc-reference-app] [           main] o.s.b.t.m.w.SpringBootMockServletContext : Initializing Spring TestDispatcherServlet ''
2026-10-07T04:06:46.390+09:00  INFO [requestId:] 7421 --- [sc-reference-app] [           main] o.s.t.web.servlet.TestDispatcherServlet  : Initializing Servlet ''
2026-10-07T04:06:46.391+09:00  INFO [requestId:] 7421 --- [sc-reference-app] [           main] o.s.t.web.servlet.TestDispatcherServlet  : Completed initialization in 1 ms
2026-10-07T04:06:46.400+09:00  INFO [requestId:] 7421 --- [sc-reference-app] [           main] d.s.r.notices.NoticeIntegrationTest      : Started NoticeIntegrationTest in 0.297 seconds (process running for 15.867)
[INFO] Tests run: 5, Failures: 0, Errors: 0, Skipped: 0, Time elapsed: 1.932 s -- in dev.scframework.reference.notices.NoticeIntegrationTest
[INFO] Running dev.scframework.reference.audit.AuditSinkFailureHttpTest
2026-10-07T04:06:48.030+09:00  INFO [requestId:] 7421 --- [sc-reference-app] [           main] t.c.s.AnnotationConfigContextLoaderUtils : Could not detect default configuration classes for test class [dev.scframework.reference.audit.AuditSinkFailureHttpTest]: AuditSinkFailureHttpTest does not declare any static, non-private, non-final, nested classes annotated with @Configuration.
2026-10-07T04:06:48.034+09:00  INFO [requestId:] 7421 --- [sc-reference-app] [           main] .b.t.c.SpringBootTestContextBootstrapper : Found @SpringBootConfiguration dev.scframework.reference.ReferenceApplication for test class dev.scframework.reference.audit.AuditSinkFailureHttpTest

  .   ____          _            __ _ _
 /\\ / ___'_ __ _ _(_)_ __  __ _ \ \ \ \
( ( )\___ | '_ | '_| | '_ \/ _` | \ \ \ \
 \\/  ___)| |_)| | | | | || (_| |  ) ) ) )
  '  |____| .__|_| |_|_| |_\__, | / / / /
 =========|_|==============|___/=/_/_/_/

 :: Spring Boot ::               (v3.5.16)

2026-10-07T04:06:48.049+09:00  INFO [requestId:] 7421 --- [sc-reference-app] [           main] d.s.r.audit.AuditSinkFailureHttpTest     : Starting AuditSinkFailureHttpTest using Java 21.0.11 with PID 7421 (started by dk in /Users/dk/Work/ScFramework/backend/reference-app)
2026-10-07T04:06:48.049+09:00  INFO [requestId:] 7421 --- [sc-reference-app] [           main] d.s.r.audit.AuditSinkFailureHttpTest     : No active profile set, falling back to 1 default profile: "default"
2026-10-07T04:06:48.112+09:00  INFO [requestId:] 7421 --- [sc-reference-app] [           main] .s.d.r.c.RepositoryConfigurationDelegate : Bootstrapping Spring Data JPA repositories in DEFAULT mode.
2026-10-07T04:06:48.119+09:00  INFO [requestId:] 7421 --- [sc-reference-app] [           main] .s.d.r.c.RepositoryConfigurationDelegate : Finished Spring Data repository scanning in 6 ms. Found 18 JPA repository interfaces.
2026-10-07T04:06:48.130+09:00  INFO [requestId:] 7421 --- [sc-reference-app] [           main] o.s.cloud.context.scope.GenericScope     : BeanFactory id=a27d4999-c722-3a9d-b631-8b566cb0b5ef
2026-10-07T04:06:48.317+09:00  INFO [requestId:] 7421 --- [sc-reference-app] [           main] com.zaxxer.hikari.HikariDataSource       : HikariPool-5 - Starting...
2026-10-07T04:06:48.320+09:00  INFO [requestId:] 7421 --- [sc-reference-app] [           main] com.zaxxer.hikari.pool.HikariPool        : HikariPool-5 - Added connection conn41: url=jdbc:h2:mem:audit-http-sc-audit-http-4510799192607289305 user=SA
2026-10-07T04:06:48.320+09:00  INFO [requestId:] 7421 --- [sc-reference-app] [           main] com.zaxxer.hikari.HikariDataSource       : HikariPool-5 - Start completed.
2026-10-07T04:06:48.323+09:00  INFO [requestId:] 7421 --- [sc-reference-app] [           main] org.flywaydb.core.FlywayExecutor         : Database: jdbc:h2:mem:audit-http-sc-audit-http-4510799192607289305 (H2 2.3)
2026-10-07T04:06:48.330+09:00  INFO [requestId:] 7421 --- [sc-reference-app] [           main] o.f.c.i.s.JdbcTableSchemaHistory         : Schema history table "PUBLIC"."flyway_schema_history" does not exist yet
2026-10-07T04:06:48.330+09:00  INFO [requestId:] 7421 --- [sc-reference-app] [           main] o.f.core.internal.command.DbValidate     : Successfully validated 5 migrations (execution time 00:00.003s)
2026-10-07T04:06:48.331+09:00  INFO [requestId:] 7421 --- [sc-reference-app] [           main] o.f.c.i.s.JdbcTableSchemaHistory         : Creating Schema History table "PUBLIC"."flyway_schema_history" ...
2026-10-07T04:06:48.338+09:00  INFO [requestId:] 7421 --- [sc-reference-app] [           main] o.f.core.internal.command.DbMigrate      : Current version of schema "PUBLIC": << Empty Schema >>
2026-10-07T04:06:48.341+09:00  INFO [requestId:] 7421 --- [sc-reference-app] [           main] o.f.core.internal.command.DbMigrate      : Migrating schema "PUBLIC" to version "1 - example baseline"
2026-10-07T04:06:48.346+09:00  INFO [requestId:] 7421 --- [sc-reference-app] [           main] o.f.core.internal.command.DbMigrate      : Migrating schema "PUBLIC" to version "2 - requirements baseline"
2026-10-07T04:06:48.361+09:00  INFO [requestId:] 7421 --- [sc-reference-app] [           main] o.f.core.internal.command.DbMigrate      : Migrating schema "PUBLIC" to version "3 - security audit"
2026-10-07T04:06:48.366+09:00  INFO [requestId:] 7421 --- [sc-reference-app] [           main] o.f.core.internal.command.DbMigrate      : Migrating schema "PUBLIC" to version "4 - media and files"
2026-10-07T04:06:48.385+09:00  INFO [requestId:] 7421 --- [sc-reference-app] [           main] o.f.core.internal.command.DbMigrate      : Migrating schema "PUBLIC" to version "5 - kanban and documents"
2026-10-07T04:06:48.392+09:00  INFO [requestId:] 7421 --- [sc-reference-app] [           main] o.f.core.internal.command.DbMigrate      : Successfully applied 5 migrations to schema "PUBLIC", now at version v5 (execution time 00:00.034s)
2026-10-07T04:06:48.411+09:00  INFO [requestId:] 7421 --- [sc-reference-app] [           main] o.hibernate.jpa.internal.util.LogHelper  : HHH000204: Processing PersistenceUnitInfo [name: default]
2026-10-07T04:06:48.413+09:00  INFO [requestId:] 7421 --- [sc-reference-app] [           main] o.h.c.internal.RegionFactoryInitiator    : HHH000026: Second-level cache disabled
2026-10-07T04:06:48.420+09:00  INFO [requestId:] 7421 --- [sc-reference-app] [           main] o.s.o.j.p.SpringPersistenceUnitInfo      : No LoadTimeWeaver setup: ignoring JPA class transformer
2026-10-07T04:06:48.421+09:00  INFO [requestId:] 7421 --- [sc-reference-app] [           main] org.hibernate.orm.connections.pooling    : HHH10001005: Database info:
	Database JDBC URL [Connecting through datasource 'HikariDataSource (HikariPool-5)']
	Database driver: undefined/unknown
	Database version: 2.3.232
	Autocommit mode: undefined/unknown
	Isolation level: undefined/unknown
	Minimum pool size: undefined/unknown
	Maximum pool size: undefined/unknown
2026-10-07T04:06:48.505+09:00  INFO [requestId:] 7421 --- [sc-reference-app] [           main] o.h.e.t.j.p.i.JtaPlatformInitiator       : HHH000489: No JTA platform available (set 'hibernate.transaction.jta.platform' to enable JTA platform integration)
2026-10-07T04:06:48.508+09:00  INFO [requestId:] 7421 --- [sc-reference-app] [           main] j.LocalContainerEntityManagerFactoryBean : Initialized JPA EntityManagerFactory for persistence unit 'default'
2026-10-07T04:06:48.662+09:00  INFO [requestId:] 7421 --- [sc-reference-app] [           main] o.s.b.a.w.s.WelcomePageHandlerMapping    : Adding welcome page: class path resource [static/index.html]
2026-10-07T04:06:48.719+09:00  INFO [requestId:] 7421 --- [sc-reference-app] [           main] r$InitializeUserDetailsManagerConfigurer : Global AuthenticationManager configured with UserDetailsService bean with name referenceUsers
2026-10-07T04:06:48.735+09:00  INFO [requestId:] 7421 --- [sc-reference-app] [           main] o.s.b.a.e.web.EndpointLinksResolver      : Exposing 1 endpoint beneath base path '/actuator'
2026-10-07T04:06:48.758+09:00  INFO [requestId:] 7421 --- [sc-reference-app] [           main] o.s.b.t.m.w.SpringBootMockServletContext : Initializing Spring TestDispatcherServlet ''
2026-10-07T04:06:48.758+09:00  INFO [requestId:] 7421 --- [sc-reference-app] [           main] o.s.t.web.servlet.TestDispatcherServlet  : Initializing Servlet ''
2026-10-07T04:06:48.759+09:00  INFO [requestId:] 7421 --- [sc-reference-app] [           main] o.s.t.web.servlet.TestDispatcherServlet  : Completed initialization in 0 ms
2026-10-07T04:06:48.784+09:00  INFO [requestId:] 7421 --- [sc-reference-app] [           main] d.s.r.audit.AuditSinkFailureHttpTest     : Started AuditSinkFailureHttpTest in 0.745 seconds (process running for 18.247)
2026-10-07T04:06:48.946+09:00  WARN [requestId:5170a710-a0b5-4011-a50c-06592cc2e07a] 7421 --- [sc-reference-app] [           main] d.s.a.audit.AuditWriteDiagnostics        : Security audit write failed; reasonCode=AUDIT_SINK_FAILURE
[INFO] Tests run: 1, Failures: 0, Errors: 0, Skipped: 0, Time elapsed: 0.926 s -- in dev.scframework.reference.audit.AuditSinkFailureHttpTest
[INFO] Running dev.scframework.reference.audit.AuditControllerTest
2026-10-07T04:06:48.959+09:00  INFO [requestId:] 7421 --- [sc-reference-app] [           main] t.c.s.AnnotationConfigContextLoaderUtils : Could not detect default configuration classes for test class [dev.scframework.reference.audit.AuditControllerTest]: AuditControllerTest does not declare any static, non-private, non-final, nested classes annotated with @Configuration.
2026-10-07T04:06:48.961+09:00  INFO [requestId:] 7421 --- [sc-reference-app] [           main] .b.t.c.SpringBootTestContextBootstrapper : Found @SpringBootConfiguration dev.scframework.reference.ReferenceApplication for test class dev.scframework.reference.audit.AuditControllerTest

  .   ____          _            __ _ _
 /\\ / ___'_ __ _ _(_)_ __  __ _ \ \ \ \
( ( )\___ | '_ | '_| | '_ \/ _` | \ \ \ \
 \\/  ___)| |_)| | | | | || (_| |  ) ) ) )
  '  |____| .__|_| |_|_| |_\__, | / / / /
 =========|_|==============|___/=/_/_/_/

 :: Spring Boot ::               (v3.5.16)

2026-10-07T04:06:48.996+09:00  INFO [requestId:] 7421 --- [sc-reference-app] [           main] d.s.reference.audit.AuditControllerTest  : Starting AuditControllerTest using Java 21.0.11 with PID 7421 (started by dk in /Users/dk/Work/ScFramework/backend/reference-app)
2026-10-07T04:06:48.996+09:00  INFO [requestId:] 7421 --- [sc-reference-app] [           main] d.s.reference.audit.AuditControllerTest  : The following 1 profile is active: "dev"
2026-10-07T04:06:49.164+09:00  INFO [requestId:] 7421 --- [sc-reference-app] [           main] .s.d.r.c.RepositoryConfigurationDelegate : Bootstrapping Spring Data JPA repositories in DEFAULT mode.
2026-10-07T04:06:49.175+09:00  INFO [requestId:] 7421 --- [sc-reference-app] [           main] .s.d.r.c.RepositoryConfigurationDelegate : Finished Spring Data repository scanning in 10 ms. Found 18 JPA repository interfaces.
2026-10-07T04:06:49.191+09:00  INFO [requestId:] 7421 --- [sc-reference-app] [           main] o.s.cloud.context.scope.GenericScope     : BeanFactory id=c6fd887f-749a-3d78-8212-5d246b15852c
2026-10-07T04:06:49.217+09:00  INFO [requestId:] 7421 --- [sc-reference-app] [           main] com.zaxxer.hikari.HikariDataSource       : HikariPool-6 - Starting...
2026-10-07T04:06:49.218+09:00  INFO [requestId:] 7421 --- [sc-reference-app] [           main] com.zaxxer.hikari.pool.HikariPool        : HikariPool-6 - Added connection conn46: url=jdbc:h2:mem:reference-audit-sc-reference-audit-2186344436575475755 user=SA
2026-10-07T04:06:49.218+09:00  INFO [requestId:] 7421 --- [sc-reference-app] [           main] com.zaxxer.hikari.HikariDataSource       : HikariPool-6 - Start completed.
2026-10-07T04:06:49.219+09:00  INFO [requestId:] 7421 --- [sc-reference-app] [           main] org.flywaydb.core.FlywayExecutor         : Database: jdbc:h2:mem:reference-audit-sc-reference-audit-2186344436575475755 (H2 2.3)
2026-10-07T04:06:49.222+09:00  INFO [requestId:] 7421 --- [sc-reference-app] [           main] o.f.c.i.s.JdbcTableSchemaHistory         : Schema history table "PUBLIC"."flyway_schema_history" does not exist yet
2026-10-07T04:06:49.222+09:00  INFO [requestId:] 7421 --- [sc-reference-app] [           main] o.f.core.internal.command.DbValidate     : Successfully validated 5 migrations (execution time 00:00.001s)
2026-10-07T04:06:49.223+09:00  INFO [requestId:] 7421 --- [sc-reference-app] [           main] o.f.c.i.s.JdbcTableSchemaHistory         : Creating Schema History table "PUBLIC"."flyway_schema_history" ...
2026-10-07T04:06:49.226+09:00  INFO [requestId:] 7421 --- [sc-reference-app] [           main] o.f.core.internal.command.DbMigrate      : Current version of schema "PUBLIC": << Empty Schema >>
2026-10-07T04:06:49.227+09:00  INFO [requestId:] 7421 --- [sc-reference-app] [           main] o.f.core.internal.command.DbMigrate      : Migrating schema "PUBLIC" to version "1 - example baseline"
2026-10-07T04:06:49.228+09:00  INFO [requestId:] 7421 --- [sc-reference-app] [           main] o.f.core.internal.command.DbMigrate      : Migrating schema "PUBLIC" to version "2 - requirements baseline"
2026-10-07T04:06:49.232+09:00  INFO [requestId:] 7421 --- [sc-reference-app] [           main] o.f.core.internal.command.DbMigrate      : Migrating schema "PUBLIC" to version "3 - security audit"
2026-10-07T04:06:49.235+09:00  INFO [requestId:] 7421 --- [sc-reference-app] [           main] o.f.core.internal.command.DbMigrate      : Migrating schema "PUBLIC" to version "4 - media and files"
2026-10-07T04:06:49.241+09:00  INFO [requestId:] 7421 --- [sc-reference-app] [           main] o.f.core.internal.command.DbMigrate      : Migrating schema "PUBLIC" to version "5 - kanban and documents"
2026-10-07T04:06:49.243+09:00  INFO [requestId:] 7421 --- [sc-reference-app] [           main] o.f.core.internal.command.DbMigrate      : Successfully applied 5 migrations to schema "PUBLIC", now at version v5 (execution time 00:00.008s)
2026-10-07T04:06:49.249+09:00  INFO [requestId:] 7421 --- [sc-reference-app] [           main] o.hibernate.jpa.internal.util.LogHelper  : HHH000204: Processing PersistenceUnitInfo [name: default]
2026-10-07T04:06:49.250+09:00  INFO [requestId:] 7421 --- [sc-reference-app] [           main] o.h.c.internal.RegionFactoryInitiator    : HHH000026: Second-level cache disabled
2026-10-07T04:06:49.254+09:00  INFO [requestId:] 7421 --- [sc-reference-app] [           main] o.s.o.j.p.SpringPersistenceUnitInfo      : No LoadTimeWeaver setup: ignoring JPA class transformer
2026-10-07T04:06:49.255+09:00  INFO [requestId:] 7421 --- [sc-reference-app] [           main] org.hibernate.orm.connections.pooling    : HHH10001005: Database info:
	Database JDBC URL [Connecting through datasource 'HikariDataSource (HikariPool-6)']
	Database driver: undefined/unknown
	Database version: 2.3.232
	Autocommit mode: undefined/unknown
	Isolation level: undefined/unknown
	Minimum pool size: undefined/unknown
	Maximum pool size: undefined/unknown
2026-10-07T04:06:49.291+09:00  INFO [requestId:] 7421 --- [sc-reference-app] [           main] o.h.e.t.j.p.i.JtaPlatformInitiator       : HHH000489: No JTA platform available (set 'hibernate.transaction.jta.platform' to enable JTA platform integration)
2026-10-07T04:06:49.293+09:00  INFO [requestId:] 7421 --- [sc-reference-app] [           main] j.LocalContainerEntityManagerFactoryBean : Initialized JPA EntityManagerFactory for persistence unit 'default'
2026-10-07T04:06:49.409+09:00  INFO [requestId:] 7421 --- [sc-reference-app] [           main] o.s.b.a.w.s.WelcomePageHandlerMapping    : Adding welcome page: class path resource [static/index.html]
2026-10-07T04:06:49.476+09:00  INFO [requestId:] 7421 --- [sc-reference-app] [           main] r$InitializeUserDetailsManagerConfigurer : Global AuthenticationManager configured with UserDetailsService bean with name referenceUsers
2026-10-07T04:06:49.488+09:00  INFO [requestId:] 7421 --- [sc-reference-app] [           main] o.s.b.a.e.web.EndpointLinksResolver      : Exposing 1 endpoint beneath base path '/actuator'
2026-10-07T04:06:49.529+09:00  INFO [requestId:] 7421 --- [sc-reference-app] [           main] o.s.b.t.m.w.SpringBootMockServletContext : Initializing Spring TestDispatcherServlet ''
2026-10-07T04:06:49.529+09:00  INFO [requestId:] 7421 --- [sc-reference-app] [           main] o.s.t.web.servlet.TestDispatcherServlet  : Initializing Servlet ''
2026-10-07T04:06:49.529+09:00  INFO [requestId:] 7421 --- [sc-reference-app] [           main] o.s.t.web.servlet.TestDispatcherServlet  : Completed initialization in 0 ms
2026-10-07T04:06:49.549+09:00  INFO [requestId:] 7421 --- [sc-reference-app] [           main] d.s.reference.audit.AuditControllerTest  : Started AuditControllerTest in 0.586 seconds (process running for 19.012)
2026-10-07T04:06:49.988+09:00  INFO [requestId:8368bf85-948a-4c1e-af10-8e108abe0206] 7421 --- [sc-reference-app] [           main] o.springdoc.api.AbstractOpenApiResource  : Init duration for springdoc-openapi is: 309 ms
[INFO] Tests run: 4, Failures: 0, Errors: 0, Skipped: 0, Time elapsed: 1.117 s -- in dev.scframework.reference.audit.AuditControllerTest
[INFO] Running dev.scframework.reference.kanban.KanbanIntegrationTest
2026-10-07T04:06:50.076+09:00  INFO [requestId:] 7421 --- [sc-reference-app] [           main] t.c.s.AnnotationConfigContextLoaderUtils : Could not detect default configuration classes for test class [dev.scframework.reference.kanban.KanbanIntegrationTest]: KanbanIntegrationTest does not declare any static, non-private, non-final, nested classes annotated with @Configuration.
2026-10-07T04:06:50.082+09:00  INFO [requestId:] 7421 --- [sc-reference-app] [           main] .b.t.c.SpringBootTestContextBootstrapper : Found @SpringBootConfiguration dev.scframework.reference.ReferenceApplication for test class dev.scframework.reference.kanban.KanbanIntegrationTest
2026-10-07T04:06:53.431+09:00  WARN [requestId:98476e83-a45d-4bab-8740-3d35807f95aa] 7421 --- [sc-reference-app] [           main] o.h.engine.jdbc.spi.SqlExceptionHelper   : SQL Error: 23513, SQLState: 23513
2026-10-07T04:06:53.431+09:00 ERROR [requestId:98476e83-a45d-4bab-8740-3d35807f95aa] 7421 --- [sc-reference-app] [           main] o.h.engine.jdbc.spi.SqlExceptionHelper   : Check constraint violation: "SYNTHETIC_REJECT: "; SQL statement:
insert into kanban_task (assignee_id,author_id,board_id,command_sequence,completed_at,created_at,description,due_date,position,priority,revision,status,tags_json,title,updated_at,id) values (?,?,?,?,?,?,?,?,?,?,?,?,?,?,?,default) [23513-232]
[INFO] Tests run: 13, Failures: 0, Errors: 0, Skipped: 0, Time elapsed: 4.280 s -- in dev.scframework.reference.kanban.KanbanIntegrationTest
[INFO] Running dev.scframework.reference.ReferenceIntegrationTest
2026-10-07T04:06:54.357+09:00  INFO [requestId:] 7421 --- [sc-reference-app] [           main] t.c.s.AnnotationConfigContextLoaderUtils : Could not detect default configuration classes for test class [dev.scframework.reference.ReferenceIntegrationTest]: ReferenceIntegrationTest does not declare any static, non-private, non-final, nested classes annotated with @Configuration.
2026-10-07T04:06:54.359+09:00  INFO [requestId:] 7421 --- [sc-reference-app] [           main] .b.t.c.SpringBootTestContextBootstrapper : Found @SpringBootConfiguration dev.scframework.reference.ReferenceApplication for test class dev.scframework.reference.ReferenceIntegrationTest

  .   ____          _            __ _ _
 /\\ / ___'_ __ _ _(_)_ __  __ _ \ \ \ \
( ( )\___ | '_ | '_| | '_ \/ _` | \ \ \ \
 \\/  ___)| |_)| | | | | || (_| |  ) ) ) )
  '  |____| .__|_| |_|_| |_\__, | / / / /
 =========|_|==============|___/=/_/_/_/

 :: Spring Boot ::               (v3.5.16)

2026-10-07T04:06:54.386+09:00  INFO [requestId:] 7421 --- [sc-reference-app] [           main] d.s.reference.ReferenceIntegrationTest   : Starting ReferenceIntegrationTest using Java 21.0.11 with PID 7421 (started by dk in /Users/dk/Work/ScFramework/backend/reference-app)
2026-10-07T04:06:54.386+09:00  INFO [requestId:] 7421 --- [sc-reference-app] [           main] d.s.reference.ReferenceIntegrationTest   : The following 1 profile is active: "dev"
2026-10-07T04:06:54.473+09:00  INFO [requestId:] 7421 --- [sc-reference-app] [           main] .s.d.r.c.RepositoryConfigurationDelegate : Bootstrapping Spring Data JPA repositories in DEFAULT mode.
2026-10-07T04:06:54.483+09:00  INFO [requestId:] 7421 --- [sc-reference-app] [           main] .s.d.r.c.RepositoryConfigurationDelegate : Finished Spring Data repository scanning in 9 ms. Found 18 JPA repository interfaces.
2026-10-07T04:06:54.498+09:00  INFO [requestId:] 7421 --- [sc-reference-app] [           main] o.s.cloud.context.scope.GenericScope     : BeanFactory id=bdeaa70f-179e-3d71-ba13-7251caea7504
2026-10-07T04:06:54.551+09:00  INFO [requestId:] 7421 --- [sc-reference-app] [           main] o.s.b.w.embedded.tomcat.TomcatWebServer  : Tomcat initialized with port 0 (http)
2026-10-07T04:06:54.556+09:00  INFO [requestId:] 7421 --- [sc-reference-app] [           main] o.apache.catalina.core.StandardService   : Starting service [Tomcat]
2026-10-07T04:06:54.556+09:00  INFO [requestId:] 7421 --- [sc-reference-app] [           main] o.apache.catalina.core.StandardEngine    : Starting Servlet engine: [Apache Tomcat/10.1.55]
2026-10-07T04:06:54.578+09:00  INFO [requestId:] 7421 --- [sc-reference-app] [           main] o.a.c.c.C.[Tomcat].[localhost].[/]       : Initializing Spring embedded WebApplicationContext
2026-10-07T04:06:54.578+09:00  INFO [requestId:] 7421 --- [sc-reference-app] [           main] w.s.c.ServletWebServerApplicationContext : Root WebApplicationContext: initialization completed in 191 ms
2026-10-07T04:06:54.605+09:00  INFO [requestId:] 7421 --- [sc-reference-app] [           main] com.zaxxer.hikari.HikariDataSource       : HikariPool-7 - Starting...
2026-10-07T04:06:54.606+09:00  INFO [requestId:] 7421 --- [sc-reference-app] [           main] com.zaxxer.hikari.pool.HikariPool        : HikariPool-7 - Added connection conn51: url=jdbc:h2:mem:reference-72516798-6433-4515-adfc-0db17ed61896 user=SA
2026-10-07T04:06:54.606+09:00  INFO [requestId:] 7421 --- [sc-reference-app] [           main] com.zaxxer.hikari.HikariDataSource       : HikariPool-7 - Start completed.
2026-10-07T04:06:54.606+09:00  INFO [requestId:] 7421 --- [sc-reference-app] [           main] org.flywaydb.core.FlywayExecutor         : Database: jdbc:h2:mem:reference-72516798-6433-4515-adfc-0db17ed61896 (H2 2.3)
2026-10-07T04:06:54.608+09:00  INFO [requestId:] 7421 --- [sc-reference-app] [           main] o.f.c.i.s.JdbcTableSchemaHistory         : Schema history table "PUBLIC"."flyway_schema_history" does not exist yet
2026-10-07T04:06:54.608+09:00  INFO [requestId:] 7421 --- [sc-reference-app] [           main] o.f.core.internal.command.DbValidate     : Successfully validated 5 migrations (execution time 00:00.000s)
2026-10-07T04:06:54.608+09:00  INFO [requestId:] 7421 --- [sc-reference-app] [           main] o.f.c.i.s.JdbcTableSchemaHistory         : Creating Schema History table "PUBLIC"."flyway_schema_history" ...
2026-10-07T04:06:54.610+09:00  INFO [requestId:] 7421 --- [sc-reference-app] [           main] o.f.core.internal.command.DbMigrate      : Current version of schema "PUBLIC": << Empty Schema >>
2026-10-07T04:06:54.610+09:00  INFO [requestId:] 7421 --- [sc-reference-app] [           main] o.f.core.internal.command.DbMigrate      : Migrating schema "PUBLIC" to version "1 - example baseline"
2026-10-07T04:06:54.612+09:00  INFO [requestId:] 7421 --- [sc-reference-app] [           main] o.f.core.internal.command.DbMigrate      : Migrating schema "PUBLIC" to version "2 - requirements baseline"
2026-10-07T04:06:54.614+09:00  INFO [requestId:] 7421 --- [sc-reference-app] [           main] o.f.core.internal.command.DbMigrate      : Migrating schema "PUBLIC" to version "3 - security audit"
2026-10-07T04:06:54.617+09:00  INFO [requestId:] 7421 --- [sc-reference-app] [           main] o.f.core.internal.command.DbMigrate      : Migrating schema "PUBLIC" to version "4 - media and files"
2026-10-07T04:06:54.620+09:00  INFO [requestId:] 7421 --- [sc-reference-app] [           main] o.f.core.internal.command.DbMigrate      : Migrating schema "PUBLIC" to version "5 - kanban and documents"
2026-10-07T04:06:54.621+09:00  INFO [requestId:] 7421 --- [sc-reference-app] [           main] o.f.core.internal.command.DbMigrate      : Successfully applied 5 migrations to schema "PUBLIC", now at version v5 (execution time 00:00.003s)
2026-10-07T04:06:54.625+09:00  INFO [requestId:] 7421 --- [sc-reference-app] [           main] o.hibernate.jpa.internal.util.LogHelper  : HHH000204: Processing PersistenceUnitInfo [name: default]
2026-10-07T04:06:54.626+09:00  INFO [requestId:] 7421 --- [sc-reference-app] [           main] o.h.c.internal.RegionFactoryInitiator    : HHH000026: Second-level cache disabled
2026-10-07T04:06:54.628+09:00  INFO [requestId:] 7421 --- [sc-reference-app] [           main] o.s.o.j.p.SpringPersistenceUnitInfo      : No LoadTimeWeaver setup: ignoring JPA class transformer
2026-10-07T04:06:54.629+09:00  INFO [requestId:] 7421 --- [sc-reference-app] [           main] org.hibernate.orm.connections.pooling    : HHH10001005: Database info:
	Database JDBC URL [Connecting through datasource 'HikariDataSource (HikariPool-7)']
	Database driver: undefined/unknown
	Database version: 2.3.232
	Autocommit mode: undefined/unknown
	Isolation level: undefined/unknown
	Minimum pool size: undefined/unknown
	Maximum pool size: undefined/unknown
2026-10-07T04:06:54.659+09:00  INFO [requestId:] 7421 --- [sc-reference-app] [           main] o.h.e.t.j.p.i.JtaPlatformInitiator       : HHH000489: No JTA platform available (set 'hibernate.transaction.jta.platform' to enable JTA platform integration)
2026-10-07T04:06:54.660+09:00  INFO [requestId:] 7421 --- [sc-reference-app] [           main] j.LocalContainerEntityManagerFactoryBean : Initialized JPA EntityManagerFactory for persistence unit 'default'
2026-10-07T04:06:54.727+09:00  INFO [requestId:] 7421 --- [sc-reference-app] [           main] o.s.b.a.w.s.WelcomePageHandlerMapping    : Adding welcome page: class path resource [static/index.html]
2026-10-07T04:06:54.747+09:00  INFO [requestId:] 7421 --- [sc-reference-app] [           main] r$InitializeUserDetailsManagerConfigurer : Global AuthenticationManager configured with UserDetailsService bean with name referenceUsers
2026-10-07T04:06:54.756+09:00  INFO [requestId:] 7421 --- [sc-reference-app] [           main] o.s.b.a.e.web.EndpointLinksResolver      : Exposing 1 endpoint beneath base path '/actuator'
2026-10-07T04:06:54.774+09:00  INFO [requestId:] 7421 --- [sc-reference-app] [           main] o.a.c.c.C.[Tomcat].[localhost].[/]       : Initializing Spring TestDispatcherServlet ''
2026-10-07T04:06:54.774+09:00  INFO [requestId:] 7421 --- [sc-reference-app] [           main] o.s.t.web.servlet.TestDispatcherServlet  : Initializing Servlet ''
2026-10-07T04:06:54.774+09:00  INFO [requestId:] 7421 --- [sc-reference-app] [           main] o.s.t.web.servlet.TestDispatcherServlet  : Completed initialization in 0 ms
2026-10-07T04:06:54.847+09:00  INFO [requestId:] 7421 --- [sc-reference-app] [           main] o.s.b.w.embedded.tomcat.TomcatWebServer  : Tomcat started on port 64607 (http) with context path '/'
2026-10-07T04:06:54.852+09:00  INFO [requestId:] 7421 --- [sc-reference-app] [           main] d.s.reference.ReferenceIntegrationTest   : Started ReferenceIntegrationTest in 0.482 seconds (process running for 24.31)
2026-10-07T04:06:55.072+09:00  INFO [requestId:04693554-da55-4250-9ef8-89c9fde8882f] 7421 --- [sc-reference-app] [           main] o.springdoc.api.AbstractOpenApiResource  : Init duration for springdoc-openapi is: 154 ms
[INFO] Tests run: 10, Failures: 0, Errors: 0, Skipped: 0, Time elapsed: 2.633 s -- in dev.scframework.reference.ReferenceIntegrationTest
[INFO] Running dev.scframework.reference.documents.DocumentIntegrationTest
2026-10-07T04:06:56.990+09:00  INFO [requestId:] 7421 --- [sc-reference-app] [           main] t.c.s.AnnotationConfigContextLoaderUtils : Could not detect default configuration classes for test class [dev.scframework.reference.documents.DocumentIntegrationTest]: DocumentIntegrationTest does not declare any static, non-private, non-final, nested classes annotated with @Configuration.
2026-10-07T04:06:56.993+09:00  INFO [requestId:] 7421 --- [sc-reference-app] [           main] .b.t.c.SpringBootTestContextBootstrapper : Found @SpringBootConfiguration dev.scframework.reference.ReferenceApplication for test class dev.scframework.reference.documents.DocumentIntegrationTest
[INFO] Tests run: 5, Failures: 0, Errors: 0, Skipped: 0, Time elapsed: 1.505 s -- in dev.scframework.reference.documents.DocumentIntegrationTest
[INFO] Running dev.scframework.reference.documents.DocumentGrammarTest
[INFO] Tests run: 6, Failures: 0, Errors: 0, Skipped: 0, Time elapsed: 0.050 s -- in dev.scframework.reference.documents.DocumentGrammarTest
[INFO] Running dev.scframework.reference.reports.RequirementReportIntegrationTest
2026-10-07T04:06:58.551+09:00  INFO [requestId:] 7421 --- [sc-reference-app] [           main] .b.t.c.SpringBootTestContextBootstrapper : Found @SpringBootConfiguration dev.scframework.reference.ReferenceApplication for test class dev.scframework.reference.reports.RequirementReportIntegrationTest

  .   ____          _            __ _ _
 /\\ / ___'_ __ _ _(_)_ __  __ _ \ \ \ \
( ( )\___ | '_ | '_| | '_ \/ _` | \ \ \ \
 \\/  ___)| |_)| | | | | || (_| |  ) ) ) )
  '  |____| .__|_| |_|_| |_\__, | / / / /
 =========|_|==============|___/=/_/_/_/

 :: Spring Boot ::               (v3.5.16)

2026-10-07T04:06:58.566+09:00  INFO [requestId:] 7421 --- [sc-reference-app] [           main] d.s.r.r.RequirementReportIntegrationTest : Starting RequirementReportIntegrationTest using Java 21.0.11 with PID 7421 (started by dk in /Users/dk/Work/ScFramework/backend/reference-app)
2026-10-07T04:06:58.566+09:00  INFO [requestId:] 7421 --- [sc-reference-app] [           main] d.s.r.r.RequirementReportIntegrationTest : The following 1 profile is active: "dev"
2026-10-07T04:06:58.638+09:00  INFO [requestId:] 7421 --- [sc-reference-app] [           main] .s.d.r.c.RepositoryConfigurationDelegate : Bootstrapping Spring Data JPA repositories in DEFAULT mode.
2026-10-07T04:06:58.646+09:00  INFO [requestId:] 7421 --- [sc-reference-app] [           main] .s.d.r.c.RepositoryConfigurationDelegate : Finished Spring Data repository scanning in 6 ms. Found 18 JPA repository interfaces.
2026-10-07T04:06:58.657+09:00  INFO [requestId:] 7421 --- [sc-reference-app] [           main] o.s.cloud.context.scope.GenericScope     : BeanFactory id=0d1345e3-c6ca-37e6-8d70-cd9ba2a892b4
2026-10-07T04:06:58.671+09:00  INFO [requestId:] 7421 --- [sc-reference-app] [           main] com.zaxxer.hikari.HikariDataSource       : HikariPool-8 - Starting...
2026-10-07T04:06:58.672+09:00  INFO [requestId:] 7421 --- [sc-reference-app] [           main] com.zaxxer.hikari.pool.HikariPool        : HikariPool-8 - Added connection conn56: url=jdbc:h2:mem:reports-sc-report-009-3663218578913181934 user=SA
2026-10-07T04:06:58.672+09:00  INFO [requestId:] 7421 --- [sc-reference-app] [           main] com.zaxxer.hikari.HikariDataSource       : HikariPool-8 - Start completed.
2026-10-07T04:06:58.673+09:00  INFO [requestId:] 7421 --- [sc-reference-app] [           main] org.flywaydb.core.FlywayExecutor         : Database: jdbc:h2:mem:reports-sc-report-009-3663218578913181934 (H2 2.3)
2026-10-07T04:06:58.674+09:00  INFO [requestId:] 7421 --- [sc-reference-app] [           main] o.f.c.i.s.JdbcTableSchemaHistory         : Schema history table "PUBLIC"."flyway_schema_history" does not exist yet
2026-10-07T04:06:58.674+09:00  INFO [requestId:] 7421 --- [sc-reference-app] [           main] o.f.core.internal.command.DbValidate     : Successfully validated 5 migrations (execution time 00:00.000s)
2026-10-07T04:06:58.674+09:00  INFO [requestId:] 7421 --- [sc-reference-app] [           main] o.f.c.i.s.JdbcTableSchemaHistory         : Creating Schema History table "PUBLIC"."flyway_schema_history" ...
2026-10-07T04:06:58.675+09:00  INFO [requestId:] 7421 --- [sc-reference-app] [           main] o.f.core.internal.command.DbMigrate      : Current version of schema "PUBLIC": << Empty Schema >>
2026-10-07T04:06:58.676+09:00  INFO [requestId:] 7421 --- [sc-reference-app] [           main] o.f.core.internal.command.DbMigrate      : Migrating schema "PUBLIC" to version "1 - example baseline"
2026-10-07T04:06:58.677+09:00  INFO [requestId:] 7421 --- [sc-reference-app] [           main] o.f.core.internal.command.DbMigrate      : Migrating schema "PUBLIC" to version "2 - requirements baseline"
2026-10-07T04:06:58.680+09:00  INFO [requestId:] 7421 --- [sc-reference-app] [           main] o.f.core.internal.command.DbMigrate      : Migrating schema "PUBLIC" to version "3 - security audit"
2026-10-07T04:06:58.682+09:00  INFO [requestId:] 7421 --- [sc-reference-app] [           main] o.f.core.internal.command.DbMigrate      : Migrating schema "PUBLIC" to version "4 - media and files"
2026-10-07T04:06:58.685+09:00  INFO [requestId:] 7421 --- [sc-reference-app] [           main] o.f.core.internal.command.DbMigrate      : Migrating schema "PUBLIC" to version "5 - kanban and documents"
2026-10-07T04:06:58.687+09:00  INFO [requestId:] 7421 --- [sc-reference-app] [           main] o.f.core.internal.command.DbMigrate      : Successfully applied 5 migrations to schema "PUBLIC", now at version v5 (execution time 00:00.004s)
2026-10-07T04:06:58.692+09:00  INFO [requestId:] 7421 --- [sc-reference-app] [           main] o.hibernate.jpa.internal.util.LogHelper  : HHH000204: Processing PersistenceUnitInfo [name: default]
2026-10-07T04:06:58.692+09:00  INFO [requestId:] 7421 --- [sc-reference-app] [           main] o.h.c.internal.RegionFactoryInitiator    : HHH000026: Second-level cache disabled
2026-10-07T04:06:58.695+09:00  INFO [requestId:] 7421 --- [sc-reference-app] [           main] o.s.o.j.p.SpringPersistenceUnitInfo      : No LoadTimeWeaver setup: ignoring JPA class transformer
2026-10-07T04:06:58.695+09:00  INFO [requestId:] 7421 --- [sc-reference-app] [           main] org.hibernate.orm.connections.pooling    : HHH10001005: Database info:
	Database JDBC URL [Connecting through datasource 'HikariDataSource (HikariPool-8)']
	Database driver: undefined/unknown
	Database version: 2.3.232
	Autocommit mode: undefined/unknown
	Isolation level: undefined/unknown
	Minimum pool size: undefined/unknown
	Maximum pool size: undefined/unknown
2026-10-07T04:06:58.723+09:00  INFO [requestId:] 7421 --- [sc-reference-app] [           main] o.h.e.t.j.p.i.JtaPlatformInitiator       : HHH000489: No JTA platform available (set 'hibernate.transaction.jta.platform' to enable JTA platform integration)
2026-10-07T04:06:58.723+09:00  INFO [requestId:] 7421 --- [sc-reference-app] [           main] j.LocalContainerEntityManagerFactoryBean : Initialized JPA EntityManagerFactory for persistence unit 'default'
2026-10-07T04:06:58.793+09:00  INFO [requestId:] 7421 --- [sc-reference-app] [           main] o.s.b.a.w.s.WelcomePageHandlerMapping    : Adding welcome page: class path resource [static/index.html]
2026-10-07T04:06:58.810+09:00  INFO [requestId:] 7421 --- [sc-reference-app] [           main] r$InitializeUserDetailsManagerConfigurer : Global AuthenticationManager configured with UserDetailsService bean with name referenceUsers
2026-10-07T04:06:58.819+09:00  INFO [requestId:] 7421 --- [sc-reference-app] [           main] o.s.b.a.e.web.EndpointLinksResolver      : Exposing 1 endpoint beneath base path '/actuator'
2026-10-07T04:06:58.838+09:00  INFO [requestId:] 7421 --- [sc-reference-app] [           main] o.s.b.t.m.w.SpringBootMockServletContext : Initializing Spring TestDispatcherServlet ''
2026-10-07T04:06:58.838+09:00  INFO [requestId:] 7421 --- [sc-reference-app] [           main] o.s.t.web.servlet.TestDispatcherServlet  : Initializing Servlet ''
2026-10-07T04:06:58.838+09:00  INFO [requestId:] 7421 --- [sc-reference-app] [           main] o.s.t.web.servlet.TestDispatcherServlet  : Completed initialization in 0 ms
2026-10-07T04:06:58.849+09:00  INFO [requestId:] 7421 --- [sc-reference-app] [           main] d.s.r.r.RequirementReportIntegrationTest : Started RequirementReportIntegrationTest in 0.297 seconds (process running for 28.305)
2026-10-07T04:07:00.990+09:00  INFO [requestId:e73afc9a-1d69-4f65-9661-eea9b28a25b2] 7421 --- [sc-reference-app] [           main] o.springdoc.api.AbstractOpenApiResource  : Init duration for springdoc-openapi is: 124 ms
2026-10-07T04:07:01.601+09:00  INFO [requestId:] 7421 --- [sc-reference-app] [           main] j.LocalContainerEntityManagerFactoryBean : Closing JPA EntityManagerFactory for persistence unit 'default'
2026-10-07T04:07:01.601+09:00  INFO [requestId:] 7421 --- [sc-reference-app] [           main] com.zaxxer.hikari.HikariDataSource       : HikariPool-8 - Shutdown initiated...
2026-10-07T04:07:01.602+09:00  INFO [requestId:] 7421 --- [sc-reference-app] [           main] com.zaxxer.hikari.HikariDataSource       : HikariPool-8 - Shutdown completed.
[INFO] Tests run: 10, Failures: 0, Errors: 0, Skipped: 0, Time elapsed: 3.056 s -- in dev.scframework.reference.reports.RequirementReportIntegrationTest
[INFO] Running dev.scframework.reference.media.ImageOrientationTest
[INFO] Tests run: 2, Failures: 0, Errors: 0, Skipped: 0, Time elapsed: 0.002 s -- in dev.scframework.reference.media.ImageOrientationTest
[INFO] Running dev.scframework.reference.media.MediaIntegrationTest
2026-10-07T04:07:01.609+09:00  INFO [requestId:] 7421 --- [sc-reference-app] [           main] .b.t.c.SpringBootTestContextBootstrapper : Found @SpringBootConfiguration dev.scframework.reference.ReferenceApplication for test class dev.scframework.reference.media.MediaIntegrationTest

  .   ____          _            __ _ _
 /\\ / ___'_ __ _ _(_)_ __  __ _ \ \ \ \
( ( )\___ | '_ | '_| | '_ \/ _` | \ \ \ \
 \\/  ___)| |_)| | | | | || (_| |  ) ) ) )
  '  |____| .__|_| |_|_| |_\__, | / / / /
 =========|_|==============|___/=/_/_/_/

 :: Spring Boot ::               (v3.5.16)

2026-10-07T04:07:01.619+09:00  INFO [requestId:] 7421 --- [sc-reference-app] [           main] d.s.r.media.MediaIntegrationTest         : Starting MediaIntegrationTest using Java 21.0.11 with PID 7421 (started by dk in /Users/dk/Work/ScFramework/backend/reference-app)
2026-10-07T04:07:01.619+09:00  INFO [requestId:] 7421 --- [sc-reference-app] [           main] d.s.r.media.MediaIntegrationTest         : The following 1 profile is active: "dev"
2026-10-07T04:07:01.685+09:00  INFO [requestId:] 7421 --- [sc-reference-app] [           main] .s.d.r.c.RepositoryConfigurationDelegate : Bootstrapping Spring Data JPA repositories in DEFAULT mode.
2026-10-07T04:07:01.691+09:00  INFO [requestId:] 7421 --- [sc-reference-app] [           main] .s.d.r.c.RepositoryConfigurationDelegate : Finished Spring Data repository scanning in 5 ms. Found 18 JPA repository interfaces.
2026-10-07T04:07:01.701+09:00  INFO [requestId:] 7421 --- [sc-reference-app] [           main] o.s.cloud.context.scope.GenericScope     : BeanFactory id=59726a63-c241-3d8d-b160-e31e7f26fbed
2026-10-07T04:07:01.713+09:00  INFO [requestId:] 7421 --- [sc-reference-app] [           main] com.zaxxer.hikari.HikariDataSource       : HikariPool-9 - Starting...
2026-10-07T04:07:01.714+09:00  INFO [requestId:] 7421 --- [sc-reference-app] [           main] com.zaxxer.hikari.pool.HikariPool        : HikariPool-9 - Added connection conn61: url=jdbc:h2:mem:media-sc-media-tests-7886696734649018145 user=SA
2026-10-07T04:07:01.714+09:00  INFO [requestId:] 7421 --- [sc-reference-app] [           main] com.zaxxer.hikari.HikariDataSource       : HikariPool-9 - Start completed.
2026-10-07T04:07:01.714+09:00  INFO [requestId:] 7421 --- [sc-reference-app] [           main] org.flywaydb.core.FlywayExecutor         : Database: jdbc:h2:mem:media-sc-media-tests-7886696734649018145 (H2 2.3)
2026-10-07T04:07:01.715+09:00  INFO [requestId:] 7421 --- [sc-reference-app] [           main] o.f.c.i.s.JdbcTableSchemaHistory         : Schema history table "PUBLIC"."flyway_schema_history" does not exist yet
2026-10-07T04:07:01.716+09:00  INFO [requestId:] 7421 --- [sc-reference-app] [           main] o.f.core.internal.command.DbValidate     : Successfully validated 5 migrations (execution time 00:00.000s)
2026-10-07T04:07:01.716+09:00  INFO [requestId:] 7421 --- [sc-reference-app] [           main] o.f.c.i.s.JdbcTableSchemaHistory         : Creating Schema History table "PUBLIC"."flyway_schema_history" ...
2026-10-07T04:07:01.717+09:00  INFO [requestId:] 7421 --- [sc-reference-app] [           main] o.f.core.internal.command.DbMigrate      : Current version of schema "PUBLIC": << Empty Schema >>
2026-10-07T04:07:01.717+09:00  INFO [requestId:] 7421 --- [sc-reference-app] [           main] o.f.core.internal.command.DbMigrate      : Migrating schema "PUBLIC" to version "1 - example baseline"
2026-10-07T04:07:01.718+09:00  INFO [requestId:] 7421 --- [sc-reference-app] [           main] o.f.core.internal.command.DbMigrate      : Migrating schema "PUBLIC" to version "2 - requirements baseline"
2026-10-07T04:07:01.720+09:00  INFO [requestId:] 7421 --- [sc-reference-app] [           main] o.f.core.internal.command.DbMigrate      : Migrating schema "PUBLIC" to version "3 - security audit"
2026-10-07T04:07:01.721+09:00  INFO [requestId:] 7421 --- [sc-reference-app] [           main] o.f.core.internal.command.DbMigrate      : Migrating schema "PUBLIC" to version "4 - media and files"
2026-10-07T04:07:01.722+09:00  INFO [requestId:] 7421 --- [sc-reference-app] [           main] o.f.core.internal.command.DbMigrate      : Migrating schema "PUBLIC" to version "5 - kanban and documents"
2026-10-07T04:07:01.723+09:00  INFO [requestId:] 7421 --- [sc-reference-app] [           main] o.f.core.internal.command.DbMigrate      : Successfully applied 5 migrations to schema "PUBLIC", now at version v5 (execution time 00:00.001s)
2026-10-07T04:07:01.727+09:00  INFO [requestId:] 7421 --- [sc-reference-app] [           main] o.hibernate.jpa.internal.util.LogHelper  : HHH000204: Processing PersistenceUnitInfo [name: default]
2026-10-07T04:07:01.728+09:00  INFO [requestId:] 7421 --- [sc-reference-app] [           main] o.h.c.internal.RegionFactoryInitiator    : HHH000026: Second-level cache disabled
2026-10-07T04:07:01.730+09:00  INFO [requestId:] 7421 --- [sc-reference-app] [           main] o.s.o.j.p.SpringPersistenceUnitInfo      : No LoadTimeWeaver setup: ignoring JPA class transformer
2026-10-07T04:07:01.730+09:00  INFO [requestId:] 7421 --- [sc-reference-app] [           main] org.hibernate.orm.connections.pooling    : HHH10001005: Database info:
	Database JDBC URL [Connecting through datasource 'HikariDataSource (HikariPool-9)']
	Database driver: undefined/unknown
	Database version: 2.3.232
	Autocommit mode: undefined/unknown
	Isolation level: undefined/unknown
	Minimum pool size: undefined/unknown
	Maximum pool size: undefined/unknown
2026-10-07T04:07:01.754+09:00  INFO [requestId:] 7421 --- [sc-reference-app] [           main] o.h.e.t.j.p.i.JtaPlatformInitiator       : HHH000489: No JTA platform available (set 'hibernate.transaction.jta.platform' to enable JTA platform integration)
2026-10-07T04:07:01.755+09:00  INFO [requestId:] 7421 --- [sc-reference-app] [           main] j.LocalContainerEntityManagerFactoryBean : Initialized JPA EntityManagerFactory for persistence unit 'default'
2026-10-07T04:07:01.816+09:00  INFO [requestId:] 7421 --- [sc-reference-app] [           main] o.s.b.a.w.s.WelcomePageHandlerMapping    : Adding welcome page: class path resource [static/index.html]
2026-10-07T04:07:01.844+09:00  INFO [requestId:] 7421 --- [sc-reference-app] [           main] r$InitializeUserDetailsManagerConfigurer : Global AuthenticationManager configured with UserDetailsService bean with name referenceUsers
2026-10-07T04:07:01.854+09:00  INFO [requestId:] 7421 --- [sc-reference-app] [           main] o.s.b.a.e.web.EndpointLinksResolver      : Exposing 1 endpoint beneath base path '/actuator'
2026-10-07T04:07:01.870+09:00  INFO [requestId:] 7421 --- [sc-reference-app] [           main] o.s.b.t.m.w.SpringBootMockServletContext : Initializing Spring TestDispatcherServlet ''
2026-10-07T04:07:01.870+09:00  INFO [requestId:] 7421 --- [sc-reference-app] [           main] o.s.t.web.servlet.TestDispatcherServlet  : Initializing Servlet ''
2026-10-07T04:07:01.870+09:00  INFO [requestId:] 7421 --- [sc-reference-app] [           main] o.s.t.web.servlet.TestDispatcherServlet  : Completed initialization in 0 ms
2026-10-07T04:07:01.880+09:00  INFO [requestId:] 7421 --- [sc-reference-app] [           main] d.s.r.media.MediaIntegrationTest         : Started MediaIntegrationTest in 0.27 seconds (process running for 31.335)
2026-10-07T04:07:05.048+09:00  WARN [requestId:141e3694-20a4-49fc-896f-614d78a84fdc] 7421 --- [sc-reference-app] [           main] d.s.a.storage.FileStorageTransactions    : File storage cleanup failed; operational counter incremented
2026-10-07T04:07:06.400+09:00  INFO [requestId:805a4dc3-73e4-462f-a95b-e2cd8867ceb9] 7421 --- [sc-reference-app] [           main] o.springdoc.api.AbstractOpenApiResource  : Init duration for springdoc-openapi is: 103 ms
[INFO] Tests run: 10, Failures: 0, Errors: 0, Skipped: 0, Time elapsed: 4.801 s -- in dev.scframework.reference.media.MediaIntegrationTest
[INFO] Running dev.scframework.reference.media.MediaMigrationTest
2026-10-07T04:07:06.411+09:00  INFO [requestId:] 7421 --- [sc-reference-app] [           main] org.flywaydb.core.FlywayExecutor         : Database: jdbc:h2:file:/var/folders/8k/rv4bxj0115g929lrxwybv_r80000gn/T/junit-15801148510911120453/upgrade (H2 2.3)
2026-10-07T04:07:06.412+09:00  INFO [requestId:] 7421 --- [sc-reference-app] [           main] o.f.c.i.s.JdbcTableSchemaHistory         : Schema history table "PUBLIC"."flyway_schema_history" does not exist yet
2026-10-07T04:07:06.412+09:00  INFO [requestId:] 7421 --- [sc-reference-app] [           main] o.f.core.internal.command.DbValidate     : Successfully validated 5 migrations (execution time 00:00.000s)
2026-10-07T04:07:06.413+09:00  INFO [requestId:] 7421 --- [sc-reference-app] [           main] o.f.c.i.s.JdbcTableSchemaHistory         : Creating Schema History table "PUBLIC"."flyway_schema_history" ...
2026-10-07T04:07:06.413+09:00  INFO [requestId:] 7421 --- [sc-reference-app] [           main] o.f.core.internal.command.DbMigrate      : Current version of schema "PUBLIC": << Empty Schema >>
2026-10-07T04:07:06.414+09:00  INFO [requestId:] 7421 --- [sc-reference-app] [           main] o.f.core.internal.command.DbMigrate      : Migrating schema "PUBLIC" to version "1 - example baseline"
2026-10-07T04:07:06.415+09:00  INFO [requestId:] 7421 --- [sc-reference-app] [           main] o.f.core.internal.command.DbMigrate      : Migrating schema "PUBLIC" to version "2 - requirements baseline"
2026-10-07T04:07:06.416+09:00  INFO [requestId:] 7421 --- [sc-reference-app] [           main] o.f.core.internal.command.DbMigrate      : Migrating schema "PUBLIC" to version "3 - security audit"
2026-10-07T04:07:06.417+09:00  INFO [requestId:] 7421 --- [sc-reference-app] [           main] o.f.core.internal.command.DbMigrate      : Successfully applied 3 migrations to schema "PUBLIC", now at version v3 (execution time 00:00.001s)
2026-10-07T04:07:06.447+09:00  INFO [requestId:] 7421 --- [sc-reference-app] [           main] org.flywaydb.core.FlywayExecutor         : Database: jdbc:h2:file:/var/folders/8k/rv4bxj0115g929lrxwybv_r80000gn/T/junit-15801148510911120453/upgrade (H2 2.3)
2026-10-07T04:07:06.448+09:00  INFO [requestId:] 7421 --- [sc-reference-app] [           main] o.f.core.internal.command.DbValidate     : Successfully validated 5 migrations (execution time 00:00.000s)
2026-10-07T04:07:06.448+09:00  INFO [requestId:] 7421 --- [sc-reference-app] [           main] o.f.core.internal.command.DbMigrate      : Current version of schema "PUBLIC": 3
2026-10-07T04:07:06.449+09:00  INFO [requestId:] 7421 --- [sc-reference-app] [           main] o.f.core.internal.command.DbMigrate      : Migrating schema "PUBLIC" to version "4 - media and files"
2026-10-07T04:07:06.451+09:00  INFO [requestId:] 7421 --- [sc-reference-app] [           main] o.f.core.internal.command.DbMigrate      : Successfully applied 1 migration to schema "PUBLIC", now at version v4 (execution time 00:00.001s)
2026-10-07T04:07:06.481+09:00  INFO [requestId:] 7421 --- [sc-reference-app] [           main] org.flywaydb.core.FlywayExecutor         : Database: jdbc:h2:file:/var/folders/8k/rv4bxj0115g929lrxwybv_r80000gn/T/junit-15801148510911120453/upgrade (H2 2.3)
2026-10-07T04:07:06.482+09:00  INFO [requestId:] 7421 --- [sc-reference-app] [           main] o.f.core.internal.command.DbValidate     : Successfully validated 5 migrations (execution time 00:00.000s)
2026-10-07T04:07:06.482+09:00  INFO [requestId:] 7421 --- [sc-reference-app] [           main] o.f.core.internal.command.DbMigrate      : Current version of schema "PUBLIC": 4
2026-10-07T04:07:06.482+09:00  INFO [requestId:] 7421 --- [sc-reference-app] [           main] o.f.core.internal.command.DbMigrate      : Schema "PUBLIC" is up to date. No migration necessary.
2026-10-07T04:07:06.495+09:00  INFO [requestId:] 7421 --- [sc-reference-app] [           main] org.flywaydb.core.FlywayExecutor         : Database: jdbc:h2:file:/var/folders/8k/rv4bxj0115g929lrxwybv_r80000gn/T/junit-15801148510911120453/upgrade (H2 2.3)
2026-10-07T04:07:06.497+09:00  INFO [requestId:] 7421 --- [sc-reference-app] [           main] o.f.core.internal.command.DbValidate     : Successfully validated 5 migrations (execution time 00:00.000s)
2026-10-07T04:07:06.509+09:00  INFO [requestId:] 7421 --- [sc-reference-app] [           main] org.flywaydb.core.FlywayExecutor         : Database: jdbc:h2:file:/var/folders/8k/rv4bxj0115g929lrxwybv_r80000gn/T/junit-17701906042134214932/fresh (H2 2.3)
2026-10-07T04:07:06.510+09:00  INFO [requestId:] 7421 --- [sc-reference-app] [           main] o.f.c.i.s.JdbcTableSchemaHistory         : Schema history table "PUBLIC"."flyway_schema_history" does not exist yet
2026-10-07T04:07:06.510+09:00  INFO [requestId:] 7421 --- [sc-reference-app] [           main] o.f.core.internal.command.DbValidate     : Successfully validated 5 migrations (execution time 00:00.000s)
2026-10-07T04:07:06.510+09:00  INFO [requestId:] 7421 --- [sc-reference-app] [           main] o.f.c.i.s.JdbcTableSchemaHistory         : Creating Schema History table "PUBLIC"."flyway_schema_history" ...
2026-10-07T04:07:06.511+09:00  INFO [requestId:] 7421 --- [sc-reference-app] [           main] o.f.core.internal.command.DbMigrate      : Current version of schema "PUBLIC": << Empty Schema >>
2026-10-07T04:07:06.511+09:00  INFO [requestId:] 7421 --- [sc-reference-app] [           main] o.f.core.internal.command.DbMigrate      : Migrating schema "PUBLIC" to version "1 - example baseline"
2026-10-07T04:07:06.512+09:00  INFO [requestId:] 7421 --- [sc-reference-app] [           main] o.f.core.internal.command.DbMigrate      : Migrating schema "PUBLIC" to version "2 - requirements baseline"
2026-10-07T04:07:06.513+09:00  INFO [requestId:] 7421 --- [sc-reference-app] [           main] o.f.core.internal.command.DbMigrate      : Migrating schema "PUBLIC" to version "3 - security audit"
2026-10-07T04:07:06.514+09:00  INFO [requestId:] 7421 --- [sc-reference-app] [           main] o.f.core.internal.command.DbMigrate      : Migrating schema "PUBLIC" to version "4 - media and files"
2026-10-07T04:07:06.515+09:00  INFO [requestId:] 7421 --- [sc-reference-app] [           main] o.f.core.internal.command.DbMigrate      : Successfully applied 4 migrations to schema "PUBLIC", now at version v4 (execution time 00:00.000s)
2026-10-07T04:07:06.532+09:00  INFO [requestId:] 7421 --- [sc-reference-app] [           main] org.flywaydb.core.FlywayExecutor         : Database: jdbc:h2:file:/var/folders/8k/rv4bxj0115g929lrxwybv_r80000gn/T/junit-17701906042134214932/fresh (H2 2.3)
2026-10-07T04:07:06.533+09:00  INFO [requestId:] 7421 --- [sc-reference-app] [           main] o.f.core.internal.command.DbValidate     : Successfully validated 5 migrations (execution time 00:00.000s)
[INFO] Tests run: 2, Failures: 0, Errors: 0, Skipped: 0, Time elapsed: 0.139 s -- in dev.scframework.reference.media.MediaMigrationTest
[INFO] 
[INFO] Results:
[INFO] 
[INFO] Tests run: 105, Failures: 0, Errors: 0, Skipped: 0
[INFO] 
[INFO] 
[INFO] --- jar:3.4.2:jar (default-jar) @ sc-reference-app ---
[INFO] Building jar: /Users/dk/Work/ScFramework/backend/reference-app/target/sc-reference-app.jar
[INFO] 
[INFO] --- spring-boot:3.5.16:repackage (repackage) @ sc-reference-app ---
[INFO] Replacing main artifact /Users/dk/Work/ScFramework/backend/reference-app/target/sc-reference-app.jar with repackaged archive, adding nested dependencies in BOOT-INF/.
[INFO] The original artifact has been renamed to /Users/dk/Work/ScFramework/backend/reference-app/target/sc-reference-app.jar.original
[INFO] 
[INFO] -------------------< dev.scframework:sc-starter-app >-------------------
[INFO] Building ScFramework minimal consumer app 0.1.0-SNAPSHOT           [6/6]
[INFO]   from starter-app/pom.xml
[INFO] --------------------------------[ jar ]---------------------------------
[INFO] 
[INFO] --- clean:3.4.1:clean (default-clean) @ sc-starter-app ---
[INFO] Deleting /Users/dk/Work/ScFramework/backend/starter-app/target
[INFO] 
[INFO] --- resources:3.3.1:resources (default-resources) @ sc-starter-app ---
[INFO] Copying 5 resources from src/main/resources to target/classes
[INFO] Copying 6 resources from ../../frontend/apps/starter-app/dist to target/classes/static
[INFO] 
[INFO] --- compiler:3.14.1:compile (default-compile) @ sc-starter-app ---
[INFO] Recompiling the module because of changed dependency.
[INFO] Compiling 4 source files with javac [debug parameters release 21] to target/classes
[INFO] 
[INFO] --- resources:3.3.1:testResources (default-testResources) @ sc-starter-app ---
[INFO] skip non existing resourceDirectory /Users/dk/Work/ScFramework/backend/starter-app/src/test/resources
[INFO] 
[INFO] --- compiler:3.14.1:testCompile (default-testCompile) @ sc-starter-app ---
[INFO] Recompiling the module because of changed dependency.
[INFO] Compiling 3 source files with javac [debug parameters release 21] to target/test-classes
[INFO] 
[INFO] --- surefire:3.5.6:test (default-test) @ sc-starter-app ---
[INFO] Using auto detected provider org.apache.maven.surefire.junitplatform.JUnitPlatformProvider
[INFO] 
[INFO] -------------------------------------------------------
[INFO]  T E S T S
[INFO] -------------------------------------------------------
[INFO] Running dev.scframework.starter.StarterAuditConsumerTest
04:07:07.854 [main] INFO org.springframework.boot.test.context.SpringBootTestContextBootstrapper -- Found @SpringBootConfiguration dev.scframework.starter.StarterApplication for test class dev.scframework.starter.StarterAuditConsumerTest

  .   ____          _            __ _ _
 /\\ / ___'_ __ _ _(_)_ __  __ _ \ \ \ \
( ( )\___ | '_ | '_| | '_ \/ _` | \ \ \ \
 \\/  ___)| |_)| | | | | || (_| |  ) ) ) )
  '  |____| .__|_| |_|_| |_\__, | / / / /
 =========|_|==============|___/=/_/_/_/

 :: Spring Boot ::               (v3.5.16)

2026-10-07T04:07:08.084+09:00  INFO [requestId:] 7722 --- [sc-starter-app] [           main] d.s.starter.StarterAuditConsumerTest     : Starting StarterAuditConsumerTest using Java 21.0.11 with PID 7722 (started by dk in /Users/dk/Work/ScFramework/backend/starter-app)
2026-10-07T04:07:08.086+09:00  INFO [requestId:] 7722 --- [sc-starter-app] [           main] d.s.starter.StarterAuditConsumerTest     : The following 1 profile is active: "audit"
2026-10-07T04:07:08.416+09:00  INFO [requestId:] 7722 --- [sc-starter-app] [           main] .s.d.r.c.RepositoryConfigurationDelegate : Bootstrapping Spring Data JPA repositories in DEFAULT mode.
2026-10-07T04:07:08.421+09:00  INFO [requestId:] 7722 --- [sc-starter-app] [           main] .s.d.r.c.RepositoryConfigurationDelegate : Finished Spring Data repository scanning in 2 ms. Found 0 JPA repository interfaces.
2026-10-07T04:07:08.473+09:00  WARN [requestId:] 7722 --- [sc-starter-app] [           main] o.m.s.mapper.ClassPathMapperScanner      : No MyBatis mapper was found in '[dev.scframework.starter]' package. Please check your configuration.
2026-10-07T04:07:08.476+09:00  INFO [requestId:] 7722 --- [sc-starter-app] [           main] o.s.cloud.context.scope.GenericScope     : BeanFactory id=68c0a35a-a151-3273-9932-ddeb9efa7c70
2026-10-07T04:07:08.641+09:00  INFO [requestId:] 7722 --- [sc-starter-app] [           main] com.zaxxer.hikari.HikariDataSource       : HikariPool-1 - Starting...
2026-10-07T04:07:08.698+09:00  INFO [requestId:] 7722 --- [sc-starter-app] [           main] com.zaxxer.hikari.pool.HikariPool        : HikariPool-1 - Added connection conn0: url=jdbc:h2:mem:starter-audit-sc-starter-audit-9817633106586593485 user=SA
2026-10-07T04:07:08.698+09:00  INFO [requestId:] 7722 --- [sc-starter-app] [           main] com.zaxxer.hikari.HikariDataSource       : HikariPool-1 - Start completed.
2026-10-07T04:07:08.715+09:00  INFO [requestId:] 7722 --- [sc-starter-app] [           main] org.flywaydb.core.FlywayExecutor         : Database: jdbc:h2:mem:starter-audit-sc-starter-audit-9817633106586593485 (H2 2.3)
2026-10-07T04:07:08.724+09:00  INFO [requestId:] 7722 --- [sc-starter-app] [           main] o.f.c.i.s.JdbcTableSchemaHistory         : Schema history table "PUBLIC"."flyway_schema_history" does not exist yet
2026-10-07T04:07:08.725+09:00  INFO [requestId:] 7722 --- [sc-starter-app] [           main] o.f.core.internal.command.DbValidate     : Successfully validated 1 migration (execution time 00:00.004s)
2026-10-07T04:07:08.727+09:00  INFO [requestId:] 7722 --- [sc-starter-app] [           main] o.f.c.i.s.JdbcTableSchemaHistory         : Creating Schema History table "PUBLIC"."flyway_schema_history" ...
2026-10-07T04:07:08.739+09:00  INFO [requestId:] 7722 --- [sc-starter-app] [           main] o.f.core.internal.command.DbMigrate      : Current version of schema "PUBLIC": << Empty Schema >>
2026-10-07T04:07:08.743+09:00  INFO [requestId:] 7722 --- [sc-starter-app] [           main] o.f.core.internal.command.DbMigrate      : Migrating schema "PUBLIC" to version "1 - security audit"
2026-10-07T04:07:08.752+09:00  INFO [requestId:] 7722 --- [sc-starter-app] [           main] o.f.core.internal.command.DbMigrate      : Successfully applied 1 migration to schema "PUBLIC", now at version v1 (execution time 00:00.004s)
2026-10-07T04:07:08.780+09:00  INFO [requestId:] 7722 --- [sc-starter-app] [           main] o.hibernate.jpa.internal.util.LogHelper  : HHH000204: Processing PersistenceUnitInfo [name: default]
2026-10-07T04:07:08.796+09:00  INFO [requestId:] 7722 --- [sc-starter-app] [           main] org.hibernate.Version                    : HHH000412: Hibernate ORM core version 6.6.53.Final
2026-10-07T04:07:08.811+09:00  INFO [requestId:] 7722 --- [sc-starter-app] [           main] o.h.c.internal.RegionFactoryInitiator    : HHH000026: Second-level cache disabled
2026-10-07T04:07:08.886+09:00  INFO [requestId:] 7722 --- [sc-starter-app] [           main] o.s.o.j.p.SpringPersistenceUnitInfo      : No LoadTimeWeaver setup: ignoring JPA class transformer
2026-10-07T04:07:08.906+09:00  INFO [requestId:] 7722 --- [sc-starter-app] [           main] org.hibernate.orm.connections.pooling    : HHH10001005: Database info:
	Database JDBC URL [Connecting through datasource 'HikariDataSource (HikariPool-1)']
	Database driver: undefined/unknown
	Database version: 2.3.232
	Autocommit mode: undefined/unknown
	Isolation level: undefined/unknown
	Minimum pool size: undefined/unknown
	Maximum pool size: undefined/unknown
2026-10-07T04:07:09.012+09:00  INFO [requestId:] 7722 --- [sc-starter-app] [           main] o.h.e.t.j.p.i.JtaPlatformInitiator       : HHH000489: No JTA platform available (set 'hibernate.transaction.jta.platform' to enable JTA platform integration)
2026-10-07T04:07:09.013+09:00  INFO [requestId:] 7722 --- [sc-starter-app] [           main] j.LocalContainerEntityManagerFactoryBean : Initialized JPA EntityManagerFactory for persistence unit 'default'
2026-10-07T04:07:09.134+09:00  INFO [requestId:] 7722 --- [sc-starter-app] [           main] o.s.b.a.w.s.WelcomePageHandlerMapping    : Adding welcome page: class path resource [static/index.html]
2026-10-07T04:07:09.271+09:00  INFO [requestId:] 7722 --- [sc-starter-app] [           main] r$InitializeUserDetailsManagerConfigurer : Global AuthenticationManager configured with UserDetailsService bean with name starterUsers
2026-10-07T04:07:09.330+09:00  INFO [requestId:] 7722 --- [sc-starter-app] [           main] o.s.b.a.e.web.EndpointLinksResolver      : Exposing 1 endpoint beneath base path '/actuator'
2026-10-07T04:07:09.461+09:00  INFO [requestId:] 7722 --- [sc-starter-app] [           main] o.s.b.t.m.w.SpringBootMockServletContext : Initializing Spring TestDispatcherServlet ''
2026-10-07T04:07:09.461+09:00  INFO [requestId:] 7722 --- [sc-starter-app] [           main] o.s.t.web.servlet.TestDispatcherServlet  : Initializing Servlet ''
2026-10-07T04:07:09.462+09:00  INFO [requestId:] 7722 --- [sc-starter-app] [           main] o.s.t.web.servlet.TestDispatcherServlet  : Completed initialization in 1 ms
2026-10-07T04:07:09.506+09:00  INFO [requestId:] 7722 --- [sc-starter-app] [           main] d.s.starter.StarterAuditConsumerTest     : Started StarterAuditConsumerTest in 1.56 seconds (process running for 1.931)
Mockito is currently self-attaching to enable the inline-mock-maker. This will no longer work in future releases of the JDK. Please add Mockito as an agent to your build as described in Mockito's documentation: https://javadoc.io/doc/org.mockito/mockito-core/latest/org.mockito/org/mockito/Mockito.html#0.3
OpenJDK 64-Bit Server VM warning: Sharing is only supported for boot loader classes because bootstrap classpath has been appended
WARNING: A Java agent has been loaded dynamically (/Users/dk/.m2/repository/net/bytebuddy/byte-buddy-agent/1.17.8/byte-buddy-agent-1.17.8.jar)
WARNING: If a serviceability tool is in use, please run with -XX:+EnableDynamicAgentLoading to hide this warning
WARNING: If a serviceability tool is not in use, please run with -Djdk.instrument.traceUsage for more information
WARNING: Dynamic loading of agents will be disallowed by default in a future release
[INFO] Tests run: 2, Failures: 0, Errors: 0, Skipped: 0, Time elapsed: 2.395 s -- in dev.scframework.starter.StarterAuditConsumerTest
[INFO] Running dev.scframework.starter.StarterConsumerTest
2026-10-07T04:07:10.160+09:00  INFO [requestId:] 7722 --- [sc-starter-app] [           main] t.c.s.AnnotationConfigContextLoaderUtils : Could not detect default configuration classes for test class [dev.scframework.starter.StarterConsumerTest]: StarterConsumerTest does not declare any static, non-private, non-final, nested classes annotated with @Configuration.
2026-10-07T04:07:10.161+09:00  INFO [requestId:] 7722 --- [sc-starter-app] [           main] .b.t.c.SpringBootTestContextBootstrapper : Found @SpringBootConfiguration dev.scframework.starter.StarterApplication for test class dev.scframework.starter.StarterConsumerTest

  .   ____          _            __ _ _
 /\\ / ___'_ __ _ _(_)_ __  __ _ \ \ \ \
( ( )\___ | '_ | '_| | '_ \/ _` | \ \ \ \
 \\/  ___)| |_)| | | | | || (_| |  ) ) ) )
  '  |____| .__|_| |_|_| |_\__, | / / / /
 =========|_|==============|___/=/_/_/_/

 :: Spring Boot ::               (v3.5.16)

2026-10-07T04:07:10.178+09:00  INFO [requestId:] 7722 --- [sc-starter-app] [           main] d.s.starter.StarterConsumerTest          : Starting StarterConsumerTest using Java 21.0.11 with PID 7722 (started by dk in /Users/dk/Work/ScFramework/backend/starter-app)
2026-10-07T04:07:10.178+09:00  INFO [requestId:] 7722 --- [sc-starter-app] [           main] d.s.starter.StarterConsumerTest          : No active profile set, falling back to 1 default profile: "default"
2026-10-07T04:07:10.263+09:00  INFO [requestId:] 7722 --- [sc-starter-app] [           main] .s.d.r.c.RepositoryConfigurationDelegate : Bootstrapping Spring Data JPA repositories in DEFAULT mode.
2026-10-07T04:07:10.265+09:00  INFO [requestId:] 7722 --- [sc-starter-app] [           main] .s.d.r.c.RepositoryConfigurationDelegate : Finished Spring Data repository scanning in 1 ms. Found 0 JPA repository interfaces.
2026-10-07T04:07:10.275+09:00  WARN [requestId:] 7722 --- [sc-starter-app] [           main] o.m.s.mapper.ClassPathMapperScanner      : No MyBatis mapper was found in '[dev.scframework.starter]' package. Please check your configuration.
2026-10-07T04:07:10.277+09:00  INFO [requestId:] 7722 --- [sc-starter-app] [           main] o.s.cloud.context.scope.GenericScope     : BeanFactory id=0781cbe6-b46e-34bb-8b59-5825b2352423
2026-10-07T04:07:10.292+09:00  INFO [requestId:] 7722 --- [sc-starter-app] [           main] o.hibernate.jpa.internal.util.LogHelper  : HHH000204: Processing PersistenceUnitInfo [name: default]
2026-10-07T04:07:10.293+09:00  INFO [requestId:] 7722 --- [sc-starter-app] [           main] o.h.c.internal.RegionFactoryInitiator    : HHH000026: Second-level cache disabled
2026-10-07T04:07:10.296+09:00  INFO [requestId:] 7722 --- [sc-starter-app] [           main] o.s.o.j.p.SpringPersistenceUnitInfo      : No LoadTimeWeaver setup: ignoring JPA class transformer
2026-10-07T04:07:10.297+09:00  INFO [requestId:] 7722 --- [sc-starter-app] [           main] com.zaxxer.hikari.HikariDataSource       : HikariPool-2 - Starting...
2026-10-07T04:07:10.298+09:00  INFO [requestId:] 7722 --- [sc-starter-app] [           main] com.zaxxer.hikari.pool.HikariPool        : HikariPool-2 - Added connection conn10: url=jdbc:h2:mem:starter-b6f7b562-f09c-4ce0-8c36-924ad7dd06e1 user=SA
2026-10-07T04:07:10.299+09:00  INFO [requestId:] 7722 --- [sc-starter-app] [           main] com.zaxxer.hikari.HikariDataSource       : HikariPool-2 - Start completed.
2026-10-07T04:07:10.299+09:00  INFO [requestId:] 7722 --- [sc-starter-app] [           main] org.hibernate.orm.connections.pooling    : HHH10001005: Database info:
	Database JDBC URL [Connecting through datasource 'HikariDataSource (HikariPool-2)']
	Database driver: undefined/unknown
	Database version: 2.3.232
	Autocommit mode: undefined/unknown
	Isolation level: undefined/unknown
	Minimum pool size: undefined/unknown
	Maximum pool size: undefined/unknown
2026-10-07T04:07:10.305+09:00  INFO [requestId:] 7722 --- [sc-starter-app] [           main] o.h.e.t.j.p.i.JtaPlatformInitiator       : HHH000489: No JTA platform available (set 'hibernate.transaction.jta.platform' to enable JTA platform integration)
2026-10-07T04:07:10.306+09:00  INFO [requestId:] 7722 --- [sc-starter-app] [           main] j.LocalContainerEntityManagerFactoryBean : Initialized JPA EntityManagerFactory for persistence unit 'default'
2026-10-07T04:07:10.376+09:00  INFO [requestId:] 7722 --- [sc-starter-app] [           main] o.s.b.a.w.s.WelcomePageHandlerMapping    : Adding welcome page: class path resource [static/index.html]
2026-10-07T04:07:10.401+09:00  INFO [requestId:] 7722 --- [sc-starter-app] [           main] r$InitializeUserDetailsManagerConfigurer : Global AuthenticationManager configured with UserDetailsService bean with name starterUsers
2026-10-07T04:07:10.412+09:00  INFO [requestId:] 7722 --- [sc-starter-app] [           main] o.s.b.a.e.web.EndpointLinksResolver      : Exposing 1 endpoint beneath base path '/actuator'
2026-10-07T04:07:10.432+09:00  INFO [requestId:] 7722 --- [sc-starter-app] [           main] o.s.b.t.m.w.SpringBootMockServletContext : Initializing Spring TestDispatcherServlet ''
2026-10-07T04:07:10.432+09:00  INFO [requestId:] 7722 --- [sc-starter-app] [           main] o.s.t.web.servlet.TestDispatcherServlet  : Initializing Servlet ''
2026-10-07T04:07:10.432+09:00  INFO [requestId:] 7722 --- [sc-starter-app] [           main] o.s.t.web.servlet.TestDispatcherServlet  : Completed initialization in 0 ms
2026-10-07T04:07:10.445+09:00  INFO [requestId:] 7722 --- [sc-starter-app] [           main] d.s.starter.StarterConsumerTest          : Started StarterConsumerTest in 0.282 seconds (process running for 2.87)
[INFO] Tests run: 4, Failures: 0, Errors: 0, Skipped: 0, Time elapsed: 0.548 s -- in dev.scframework.starter.StarterConsumerTest
[INFO] Running dev.scframework.starter.StarterFileStorageConsumerTest
2026-10-07T04:07:10.710+09:00  INFO [requestId:] 7722 --- [sc-starter-app] [           main] .b.t.c.SpringBootTestContextBootstrapper : Found @SpringBootConfiguration dev.scframework.starter.StarterApplication for test class dev.scframework.starter.StarterFileStorageConsumerTest

  .   ____          _            __ _ _
 /\\ / ___'_ __ _ _(_)_ __  __ _ \ \ \ \
( ( )\___ | '_ | '_| | '_ \/ _` | \ \ \ \
 \\/  ___)| |_)| | | | | || (_| |  ) ) ) )
  '  |____| .__|_| |_|_| |_\__, | / / / /
 =========|_|==============|___/=/_/_/_/

 :: Spring Boot ::               (v3.5.16)

2026-10-07T04:07:10.724+09:00  INFO [requestId:] 7722 --- [sc-starter-app] [           main] d.s.s.StarterFileStorageConsumerTest     : Starting StarterFileStorageConsumerTest using Java 21.0.11 with PID 7722 (started by dk in /Users/dk/Work/ScFramework/backend/starter-app)
2026-10-07T04:07:10.724+09:00  INFO [requestId:] 7722 --- [sc-starter-app] [           main] d.s.s.StarterFileStorageConsumerTest     : The following 1 profile is active: "file-storage"
2026-10-07T04:07:10.794+09:00  INFO [requestId:] 7722 --- [sc-starter-app] [           main] .s.d.r.c.RepositoryConfigurationDelegate : Bootstrapping Spring Data JPA repositories in DEFAULT mode.
2026-10-07T04:07:10.795+09:00  INFO [requestId:] 7722 --- [sc-starter-app] [           main] .s.d.r.c.RepositoryConfigurationDelegate : Finished Spring Data repository scanning in 0 ms. Found 0 JPA repository interfaces.
2026-10-07T04:07:10.803+09:00  WARN [requestId:] 7722 --- [sc-starter-app] [           main] o.m.s.mapper.ClassPathMapperScanner      : No MyBatis mapper was found in '[dev.scframework.starter]' package. Please check your configuration.
2026-10-07T04:07:10.804+09:00  INFO [requestId:] 7722 --- [sc-starter-app] [           main] o.s.cloud.context.scope.GenericScope     : BeanFactory id=8df82c54-0abf-3afc-8cd1-d44823fe1560
2026-10-07T04:07:10.816+09:00  INFO [requestId:] 7722 --- [sc-starter-app] [           main] o.hibernate.jpa.internal.util.LogHelper  : HHH000204: Processing PersistenceUnitInfo [name: default]
2026-10-07T04:07:10.817+09:00  INFO [requestId:] 7722 --- [sc-starter-app] [           main] o.h.c.internal.RegionFactoryInitiator    : HHH000026: Second-level cache disabled
2026-10-07T04:07:10.820+09:00  INFO [requestId:] 7722 --- [sc-starter-app] [           main] o.s.o.j.p.SpringPersistenceUnitInfo      : No LoadTimeWeaver setup: ignoring JPA class transformer
2026-10-07T04:07:10.820+09:00  INFO [requestId:] 7722 --- [sc-starter-app] [           main] com.zaxxer.hikari.HikariDataSource       : HikariPool-3 - Starting...
2026-10-07T04:07:10.821+09:00  INFO [requestId:] 7722 --- [sc-starter-app] [           main] com.zaxxer.hikari.pool.HikariPool        : HikariPool-3 - Added connection conn20: url=jdbc:h2:mem:starter-files-sc-starter-files-11394534144436576813 user=SA
2026-10-07T04:07:10.821+09:00  INFO [requestId:] 7722 --- [sc-starter-app] [           main] com.zaxxer.hikari.HikariDataSource       : HikariPool-3 - Start completed.
2026-10-07T04:07:10.822+09:00  INFO [requestId:] 7722 --- [sc-starter-app] [           main] org.hibernate.orm.connections.pooling    : HHH10001005: Database info:
	Database JDBC URL [Connecting through datasource 'HikariDataSource (HikariPool-3)']
	Database driver: undefined/unknown
	Database version: 2.3.232
	Autocommit mode: undefined/unknown
	Isolation level: undefined/unknown
	Minimum pool size: undefined/unknown
	Maximum pool size: undefined/unknown
2026-10-07T04:07:10.828+09:00  INFO [requestId:] 7722 --- [sc-starter-app] [           main] o.h.e.t.j.p.i.JtaPlatformInitiator       : HHH000489: No JTA platform available (set 'hibernate.transaction.jta.platform' to enable JTA platform integration)
2026-10-07T04:07:10.828+09:00  INFO [requestId:] 7722 --- [sc-starter-app] [           main] j.LocalContainerEntityManagerFactoryBean : Initialized JPA EntityManagerFactory for persistence unit 'default'
2026-10-07T04:07:10.957+09:00  INFO [requestId:] 7722 --- [sc-starter-app] [           main] o.s.b.a.w.s.WelcomePageHandlerMapping    : Adding welcome page: class path resource [static/index.html]
2026-10-07T04:07:10.976+09:00  INFO [requestId:] 7722 --- [sc-starter-app] [           main] eAuthenticationProviderManagerConfigurer : Global AuthenticationManager configured with AuthenticationProvider bean with name syntheticAuthenticationProvider
2026-10-07T04:07:10.976+09:00  WARN [requestId:] 7722 --- [sc-starter-app] [           main] r$InitializeUserDetailsManagerConfigurer : Global AuthenticationManager configured with an AuthenticationProvider bean. UserDetailsService beans will not be used by Spring Security for automatically configuring username/password login. Consider removing the AuthenticationProvider bean. Alternatively, consider using the UserDetailsService in a manually instantiated DaoAuthenticationProvider. If the current configuration is intentional, to turn off this warning, increase the logging level of 'org.springframework.security.config.annotation.authentication.configuration.InitializeUserDetailsBeanManagerConfigurer' to ERROR
2026-10-07T04:07:10.985+09:00  INFO [requestId:] 7722 --- [sc-starter-app] [           main] o.s.b.a.e.web.EndpointLinksResolver      : Exposing 1 endpoint beneath base path '/actuator'
2026-10-07T04:07:11.003+09:00  INFO [requestId:] 7722 --- [sc-starter-app] [           main] o.s.b.t.m.w.SpringBootMockServletContext : Initializing Spring TestDispatcherServlet ''
2026-10-07T04:07:11.003+09:00  INFO [requestId:] 7722 --- [sc-starter-app] [           main] o.s.t.web.servlet.TestDispatcherServlet  : Initializing Servlet ''
2026-10-07T04:07:11.004+09:00  INFO [requestId:] 7722 --- [sc-starter-app] [           main] o.s.t.web.servlet.TestDispatcherServlet  : Completed initialization in 0 ms
2026-10-07T04:07:11.015+09:00  INFO [requestId:] 7722 --- [sc-starter-app] [           main] d.s.s.StarterFileStorageConsumerTest     : Started StarterFileStorageConsumerTest in 0.303 seconds (process running for 3.44)
[INFO] Tests run: 2, Failures: 0, Errors: 0, Skipped: 0, Time elapsed: 0.579 s -- in dev.scframework.starter.StarterFileStorageConsumerTest
[INFO] 
[INFO] Results:
[INFO] 
[INFO] Tests run: 8, Failures: 0, Errors: 0, Skipped: 0
[INFO] 
[INFO] 
[INFO] --- jar:3.4.2:jar (default-jar) @ sc-starter-app ---
[INFO] Building jar: /Users/dk/Work/ScFramework/backend/starter-app/target/sc-starter-app.jar
[INFO] 
[INFO] --- spring-boot:3.5.16:repackage (repackage) @ sc-starter-app ---
[INFO] Replacing main artifact /Users/dk/Work/ScFramework/backend/starter-app/target/sc-starter-app.jar with repackaged archive, adding nested dependencies in BOOT-INF/.
[INFO] The original artifact has been renamed to /Users/dk/Work/ScFramework/backend/starter-app/target/sc-starter-app.jar.original
[INFO] ------------------------------------------------------------------------
[INFO] Reactor Summary for ScFramework backend 0.1.0-SNAPSHOT:
[INFO] 
[INFO] ScFramework backend ................................ SUCCESS [  0.039 s]
[INFO] ScFramework core contracts ......................... SUCCESS [  0.998 s]
[INFO] ScFramework auto configuration ..................... SUCCESS [  2.512 s]
[INFO] ScFramework Spring Boot Starter .................... SUCCESS [  0.045 s]
[INFO] ScFramework neutral reference app .................. SUCCESS [ 38.498 s]
[INFO] ScFramework minimal consumer app ................... SUCCESS [  4.413 s]
[INFO] ------------------------------------------------------------------------
[INFO] BUILD SUCCESS
[INFO] ------------------------------------------------------------------------
[INFO] Total time:  46.647 s
[INFO] Finished at: 2026-10-07T04:07:11+09:00
[INFO] ------------------------------------------------------------------------
통합 빌드 완료: reference-app과 starter-app의 실행 JAR를 생성했습니다.
