npm warn deprecated inflight@1.0.6: This module is not supported, and leaks memory. Do not use it. Check out lru-cache if you want a good and tested way to coalesce async requests by a key value, which is much more comprehensive and powerful.
npm warn deprecated rimraf@2.7.1: Rimraf versions prior to v4 are no longer supported
npm warn deprecated lodash.isequal@4.5.0: This package is deprecated. Use require('node:util').isDeepStrictEqual instead.
npm warn deprecated glob@7.2.3: Old versions of glob are not supported, and contain widely publicized security vulnerabilities, which have been fixed in the current version. Please update. Support for old versions may be purchased (at exorbitant rates) by contacting i@izs.me
npm warn deprecated glob@7.2.3: Old versions of glob are not supported, and contain widely publicized security vulnerabilities, which have been fixed in the current version. Please update. Support for old versions may be purchased (at exorbitant rates) by contacting i@izs.me
npm warn deprecated glob@7.2.3: Old versions of glob are not supported, and contain widely publicized security vulnerabilities, which have been fixed in the current version. Please update. Support for old versions may be purchased (at exorbitant rates) by contacting i@izs.me
npm warn deprecated fstream@1.0.12: This package is no longer supported.

added 703 packages in 4s

> sc-framework@0.1.0 verify
> npm run format:check && npm run lint && npm run api:check && npm run ui:contracts:check && npm run ui:boundaries:check && npm run visual:manifest:check && npm run typecheck && npm run test:unit && npm run build


> sc-framework@0.1.0 format:check
> prettier --check .

Checking formatting...
All matched files use Prettier code style!

> sc-framework@0.1.0 lint
> eslint frontend scripts --max-warnings 0


> sc-framework@0.1.0 api:check
> node scripts/openapi-types.mjs --check

neutral compatibility: OpenAPI 명세와 생성 타입 일치
reference: OpenAPI 명세와 생성 타입 일치
starter: OpenAPI 명세와 생성 타입 일치

> sc-framework@0.1.0 ui:contracts:check
> node scripts/ui-contracts.mjs --check

공개 UI 22개: imported props/events/slots/default 계약 일치

> sc-framework@0.1.0 ui:boundaries:check
> node scripts/check-ui-boundaries.mjs

공개 UI/소비 앱 경계: import 1135개 확인

> sc-framework@0.1.0 visual:manifest:check
> node scripts/verify-visual-baselines.mjs --profile darwin-chromium

{"result":"verified","profile":"darwin-chromium","images":16,"platform":"darwin","browserVersion":"153.0.8010.12"}

> sc-framework@0.1.0 typecheck
> npm run typecheck --workspace @sc/date && npm run typecheck --workspace @sc/i18n && npm run typecheck --workspace @sc/excel && npm run typecheck --workspace @sc/ui && npm run typecheck --workspace @sc/runtime && npm run typecheck --workspace @sc/reference-app && npm run typecheck --workspace @sc/starter-app && npm run typecheck --workspace @sc/catalog && npm run typecheck:e2e


> @sc/date@0.1.0 typecheck
> tsc --noEmit -p tsconfig.json


> @sc/i18n@0.1.0 typecheck
> vue-tsc --noEmit -p tsconfig.json


> @sc/excel@0.1.0 typecheck
> vue-tsc --noEmit -p tsconfig.json


> @sc/ui@0.1.0 typecheck
> npm run tokens:check && vue-tsc --noEmit -p tsconfig.json


> @sc/ui@0.1.0 tokens:check
> node scripts/generate-tokens.mjs --check

Design token CSS matches tokens.ts.

> @sc/runtime@0.1.0 typecheck
> vue-tsc --noEmit -p tsconfig.json


> @sc/reference-app@0.1.0 typecheck
> vue-tsc --noEmit -p tsconfig.json


> @sc/starter-app@0.1.0 typecheck
> vue-tsc --noEmit -p tsconfig.json


> @sc/catalog@0.1.0 typecheck
> vue-tsc --noEmit -p tsconfig.json


> sc-framework@0.1.0 typecheck:e2e
> tsc --noEmit -p frontend/tsconfig.e2e.json


> sc-framework@0.1.0 test:unit
> vitest run --config vitest.config.ts


 RUN  v4.1.11 /Users/dk/Work/ScFramework


 Test Files  33 passed (33)
      Tests  135 passed (135)
   Start at  03:53:30
   Duration  2.33s (transform 15.52s, setup 0ms, import 23.00s, tests 1.01s, environment 4.58s)


> sc-framework@0.1.0 build
> npm run build --workspace @sc/date && npm run build --workspace @sc/i18n && npm run build --workspace @sc/excel && npm run build --workspace @sc/ui && npm run build --workspace @sc/runtime && npm run build --workspace @sc/reference-app && npm run build --workspace @sc/starter-app


> @sc/date@0.1.0 build
> npm run typecheck


> @sc/date@0.1.0 typecheck
> tsc --noEmit -p tsconfig.json


> @sc/i18n@0.1.0 build
> npm run typecheck


> @sc/i18n@0.1.0 typecheck
> vue-tsc --noEmit -p tsconfig.json


> @sc/excel@0.1.0 build
> npm run typecheck


> @sc/excel@0.1.0 typecheck
> vue-tsc --noEmit -p tsconfig.json


> @sc/ui@0.1.0 build
> npm run typecheck


> @sc/ui@0.1.0 typecheck
> npm run tokens:check && vue-tsc --noEmit -p tsconfig.json


> @sc/ui@0.1.0 tokens:check
> node scripts/generate-tokens.mjs --check

Design token CSS matches tokens.ts.

> @sc/runtime@0.1.0 build
> npm run typecheck


> @sc/runtime@0.1.0 typecheck
> vue-tsc --noEmit -p tsconfig.json


> @sc/reference-app@0.1.0 build
> vue-tsc --noEmit -p tsconfig.json && vite build

vite v8.3.1 building client environment for production...
transforming...
✓ 1979 modules transformed.
rendering chunks...
computing gzip size...
dist/index.html                                   0.65 kB │ gzip:   0.36 kB
dist/assets/DocumentsPage-CGzgDvdS.css            0.11 kB │ gzip:   0.11 kB
dist/assets/AdminNavigation-CGsS6gxN.css          0.13 kB │ gzip:   0.13 kB
dist/assets/NoticesPage-DsFzkVWS.css              0.21 kB │ gzip:   0.14 kB
dist/assets/ScCheckbox-B5J_9nwH.css               0.37 kB │ gzip:   0.23 kB
dist/assets/AdminAuditPage-BqQoUJOH.css           0.62 kB │ gzip:   0.31 kB
dist/assets/RequirementsPage-DHRt7bWb.css         0.83 kB │ gzip:   0.30 kB
dist/assets/RequirementWorkspace-CFi7C6u6.css     1.28 kB │ gzip:   0.48 kB
dist/assets/useImageFile-loC3sipM.css             1.36 kB │ gzip:   0.48 kB
dist/assets/ScRichTextEditor-Cc3cDB5b.css         1.62 kB │ gzip:   0.49 kB
dist/assets/RequirementReportPage-BKY-UAMX.css    1.90 kB │ gzip:   0.57 kB
dist/assets/KanbanPage-CiEHYiMF.css               2.33 kB │ gzip:   0.71 kB
dist/assets/ScTextArea-tqM4coiX.css               2.75 kB │ gzip:   0.65 kB
dist/assets/ScChart-BZbMKveq.css                  2.99 kB │ gzip:   0.85 kB
dist/assets/PatternsPage-BFRxuoaL.css             3.45 kB │ gzip:   0.96 kB
dist/assets/ScSelect-BGJu9vpf.css                37.29 kB │ gzip:   5.65 kB
dist/assets/vue-i18n-Dp5_17Aq.css                53.20 kB │ gzip:   7.91 kB
dist/assets/index-evTI6n9m.css                  222.38 kB │ gzip:  34.01 kB
dist/assets/validation-hl21o1zK.js                0.11 kB │ gzip:   0.11 kB
dist/assets/createSimpleFunctional-CeF4eGLA.js    0.29 kB │ gzip:   0.24 kB
dist/assets/input-accessibility-C6ma1lr0.js       0.61 kB │ gzip:   0.35 kB
dist/assets/useDraftGuard--C6cK8NS.js             0.65 kB │ gzip:   0.40 kB
dist/assets/query-DgGehE_f.js                     1.31 kB │ gzip:   0.59 kB
dist/assets/ScCheckbox-CTkFahAh.js                2.89 kB │ gzip:   1.32 kB
dist/assets/AdminNavigation-Djr7XcmJ.js           3.35 kB │ gzip:   1.77 kB
dist/assets/AccountPage-B8WbRNDt.js               3.36 kB │ gzip:   1.53 kB
dist/assets/AdminUsersPage-SkFnSo9K.js            3.96 kB │ gzip:   1.68 kB
dist/assets/RequirementsPage-C5f7Qk1g.js          4.89 kB │ gzip:   1.99 kB
dist/assets/AdminMenusPage-DkR60ZbY.js            5.02 kB │ gzip:   2.15 kB
dist/assets/AdminAuditPage-CxvwDBeM.js            5.78 kB │ gzip:   2.26 kB
dist/assets/ScTextArea-U56Us7oN.js                7.54 kB │ gzip:   3.05 kB
dist/assets/MediaWorkspacePage-CpRuKTQL.js       10.80 kB │ gzip:   3.83 kB
dist/assets/NoticesPage-D5BO1reR.js              11.87 kB │ gzip:   4.53 kB
dist/assets/DocumentsPage-7sfhwIR6.js            12.27 kB │ gzip:   4.78 kB
dist/assets/PatternsPage-DHnhrdhH.js             15.97 kB │ gzip:   5.89 kB
dist/assets/src-B215ei74.js                      16.09 kB │ gzip:   6.17 kB
dist/assets/RequirementReportPage-BSGEpJ1F.js    16.52 kB │ gzip:   5.47 kB
dist/assets/RequirementWorkspace-Cxtu_R7e.js     29.55 kB │ gzip:   8.39 kB
dist/assets/ScSelect-B0qeXX6i.js                127.45 kB │ gzip:  42.57 kB
dist/assets/KanbanPage-Duvkxn95.js              148.17 kB │ gzip:  47.76 kB
dist/assets/useImageFile-BQjkaM1d.js            212.70 kB │ gzip:  66.13 kB
dist/assets/index-DZMLQvLy.js                   270.99 kB │ gzip:  88.32 kB
dist/assets/vue-i18n-CdxA0mVe.js                381.61 kB │ gzip: 134.81 kB
dist/assets/ScRichTextEditor-Dp4riada.js        387.44 kB │ gzip: 122.68 kB
dist/assets/ScChart-CJtPzA9Z.js                 597.44 kB │ gzip: 202.57 kB
dist/assets/src-DKEEVd_l.js                     933.03 kB │ gzip: 258.12 kB

✓ built in 725ms
[plugin builtin:vite-reporter] 
(!) Some chunks are larger than 500 kB after minification. Consider:
- Using dynamic import() to code-split the application
- Use build.rolldownOptions.output.codeSplitting to improve chunking: https://rolldown.rs/reference/OutputOptions.codeSplitting
- Adjust chunk size limit for this warning via build.chunkSizeWarningLimit.

> @sc/starter-app@0.1.0 build
> vue-tsc --noEmit -p tsconfig.json && vite build

vite v8.3.1 building client environment for production...
transforming...
✓ 1871 modules transformed.
rendering chunks...
computing gzip size...
dist/index.html                               0.49 kB │ gzip:   0.30 kB
dist/assets/PatternsPage-C7Lyu0hs.css        56.82 kB │ gzip:   8.30 kB
dist/assets/index-Bv8SeL7s.css              269.22 kB │ gzip:  39.47 kB
dist/assets/rolldown-runtime-Dd_uD5pT.js      1.10 kB │ gzip:   0.62 kB
dist/assets/index-1AoAAdsY.js               456.97 kB │ gzip: 163.16 kB
dist/assets/PatternsPage-IgRfbp2x.js      2,580.82 kB │ gzip: 790.15 kB

✓ built in 537ms
[plugin builtin:vite-reporter] 
(!) Some chunks are larger than 500 kB after minification. Consider:
- Using dynamic import() to code-split the application
- Use build.rolldownOptions.output.codeSplitting to improve chunking: https://rolldown.rs/reference/OutputOptions.codeSplitting
- Adjust chunk size limit for this warning via build.chunkSizeWarningLimit.
[INFO] Scanning for projects...
[INFO] ------------------------------------------------------------------------
[INFO] Reactor Build Order:
[INFO] 
[INFO] ScFramework backend                                                [pom]
[INFO] ScFramework core contracts                                         [jar]
[INFO] ScFramework auto configuration                                     [jar]
[INFO] ScFramework Spring Boot Starter                                    [jar]
[INFO] ScFramework neutral reference app                                  [jar]
[INFO] ScFramework minimal consumer app                                   [jar]
[INFO] 
[INFO] ----------------< dev.scframework:sc-framework-parent >-----------------
[INFO] Building ScFramework backend 0.1.0-SNAPSHOT                        [1/6]
[INFO]   from pom.xml
[INFO] --------------------------------[ pom ]---------------------------------
[INFO] 
[INFO] --- clean:3.4.1:clean (default-clean) @ sc-framework-parent ---
[INFO] 
[INFO] -------------------< dev.scframework:framework-core >-------------------
[INFO] Building ScFramework core contracts 0.1.0-SNAPSHOT                 [2/6]
[INFO]   from framework-core/pom.xml
[INFO] --------------------------------[ jar ]---------------------------------
[INFO] 
[INFO] --- clean:3.4.1:clean (default-clean) @ framework-core ---
[INFO] Deleting /Users/dk/Work/ScFramework/backend/framework-core/target
[INFO] 
[INFO] --- resources:3.3.1:resources (default-resources) @ framework-core ---
[INFO] skip non existing resourceDirectory /Users/dk/Work/ScFramework/backend/framework-core/src/main/resources
[INFO] skip non existing resourceDirectory /Users/dk/Work/ScFramework/backend/framework-core/src/main/resources
[INFO] 
[INFO] --- compiler:3.14.1:compile (default-compile) @ framework-core ---
[INFO] Recompiling the module because of changed source code.
[INFO] Compiling 9 source files with javac [debug parameters release 21] to target/classes
[INFO] 
[INFO] --- resources:3.3.1:testResources (default-testResources) @ framework-core ---
[INFO] skip non existing resourceDirectory /Users/dk/Work/ScFramework/backend/framework-core/src/test/resources
[INFO] 
[INFO] --- compiler:3.14.1:testCompile (default-testCompile) @ framework-core ---
[INFO] Recompiling the module because of changed dependency.
[INFO] Compiling 2 source files with javac [debug parameters release 21] to target/test-classes
[INFO] 
[INFO] --- surefire:3.5.6:test (default-test) @ framework-core ---
[INFO] Using auto detected provider org.apache.maven.surefire.junitplatform.JUnitPlatformProvider
[INFO] 
[INFO] -------------------------------------------------------
[INFO]  T E S T S
[INFO] -------------------------------------------------------
[INFO] Running dev.scframework.core.ApiErrorTest
[INFO] Tests run: 1, Failures: 0, Errors: 0, Skipped: 0, Time elapsed: 0.016 s -- in dev.scframework.core.ApiErrorTest
[INFO] Running dev.scframework.core.audit.SecurityAuditEventTest
[INFO] Tests run: 2, Failures: 0, Errors: 0, Skipped: 0, Time elapsed: 0.005 s -- in dev.scframework.core.audit.SecurityAuditEventTest
[INFO] 
[INFO] Results:
[INFO] 
[INFO] Tests run: 3, Failures: 0, Errors: 0, Skipped: 0
[INFO] 
[INFO] 
[INFO] --- jar:3.4.2:jar (default-jar) @ framework-core ---
[INFO] Building jar: /Users/dk/Work/ScFramework/backend/framework-core/target/framework-core-0.1.0-SNAPSHOT.jar
[INFO] 
[INFO] --------------< dev.scframework:framework-autoconfigure >---------------
[INFO] Building ScFramework auto configuration 0.1.0-SNAPSHOT             [3/6]
[INFO]   from framework-autoconfigure/pom.xml
[INFO] --------------------------------[ jar ]---------------------------------
[INFO] 
[INFO] --- clean:3.4.1:clean (default-clean) @ framework-autoconfigure ---
[INFO] Deleting /Users/dk/Work/ScFramework/backend/framework-autoconfigure/target
[INFO] 
[INFO] --- resources:3.3.1:resources (default-resources) @ framework-autoconfigure ---
[INFO] Copying 0 resource from src/main/resources to target/classes
[INFO] Copying 1 resource from src/main/resources to target/classes
[INFO] 
[INFO] --- compiler:3.14.1:compile (default-compile) @ framework-autoconfigure ---
[INFO] Recompiling the module because of changed dependency.
[INFO] Compiling 22 source files with javac [debug parameters release 21] to target/classes
[INFO] /Users/dk/Work/ScFramework/backend/framework-autoconfigure/src/main/java/dev/scframework/autoconfigure/ScOpenApiAutoConfiguration.java: /Users/dk/Work/ScFramework/backend/framework-autoconfigure/src/main/java/dev/scframework/autoconfigure/ScOpenApiAutoConfiguration.java uses unchecked or unsafe operations.
[INFO] /Users/dk/Work/ScFramework/backend/framework-autoconfigure/src/main/java/dev/scframework/autoconfigure/ScOpenApiAutoConfiguration.java: Recompile with -Xlint:unchecked for details.
[INFO] 
[INFO] --- resources:3.3.1:testResources (default-testResources) @ framework-autoconfigure ---
[INFO] skip non existing resourceDirectory /Users/dk/Work/ScFramework/backend/framework-autoconfigure/src/test/resources
[INFO] 
[INFO] --- compiler:3.14.1:testCompile (default-testCompile) @ framework-autoconfigure ---
[INFO] Recompiling the module because of changed dependency.
[INFO] Compiling 9 source files with javac [debug parameters release 21] to target/test-classes
[INFO] 
[INFO] --- surefire:3.5.6:test (default-test) @ framework-autoconfigure ---
[INFO] Using auto detected provider org.apache.maven.surefire.junitplatform.JUnitPlatformProvider
[INFO] 
[INFO] -------------------------------------------------------
[INFO]  T E S T S
[INFO] -------------------------------------------------------
[INFO] Running dev.scframework.autoconfigure.RequestIdFilterTest
[INFO] Tests run: 2, Failures: 0, Errors: 0, Skipped: 0, Time elapsed: 0.063 s -- in dev.scframework.autoconfigure.RequestIdFilterTest
[INFO] Running dev.scframework.autoconfigure.SecurityAuditTransactionTest
03:53:49.656 [main] WARN dev.scframework.autoconfigure.audit.AuditWriteDiagnostics -- Security audit write failed; reasonCode=AUDIT_SINK_FAILURE
[INFO] Tests run: 3, Failures: 0, Errors: 0, Skipped: 0, Time elapsed: 0.111 s -- in dev.scframework.autoconfigure.SecurityAuditTransactionTest
[INFO] Running dev.scframework.autoconfigure.FeignConsumerConfigurationTest
[INFO] Tests run: 2, Failures: 0, Errors: 0, Skipped: 0, Time elapsed: 0.082 s -- in dev.scframework.autoconfigure.FeignConsumerConfigurationTest
[INFO] Running dev.scframework.autoconfigure.SecurityOverrideTest
Mockito is currently self-attaching to enable the inline-mock-maker. This will no longer work in future releases of the JDK. Please add Mockito as an agent to your build as described in Mockito's documentation: https://javadoc.io/doc/org.mockito/mockito-core/latest/org.mockito/org/mockito/Mockito.html#0.3
OpenJDK 64-Bit Server VM warning: Sharing is only supported for boot loader classes because bootstrap classpath has been appended
WARNING: A Java agent has been loaded dynamically (/Users/dk/.m2/repository/net/bytebuddy/byte-buddy-agent/1.17.8/byte-buddy-agent-1.17.8.jar)
WARNING: If a serviceability tool is in use, please run with -XX:+EnableDynamicAgentLoading to hide this warning
WARNING: If a serviceability tool is not in use, please run with -Djdk.instrument.traceUsage for more information
WARNING: Dynamic loading of agents will be disallowed by default in a future release
03:53:50.311 [main] WARN org.springframework.boot.web.servlet.context.AnnotationConfigServletWebApplicationContext -- Exception encountered during context initialization - cancelling refresh attempt: org.springframework.beans.factory.BeanCreationException: Error creating bean with name 'scRequiredUserDetailsService' defined in dev.scframework.autoconfigure.ScSecurityAutoConfiguration: Failed to instantiate [org.springframework.security.core.userdetails.UserDetailsService]: Factory method 'scRequiredUserDetailsService' threw exception with message: Supply a UserDetailsService; generated/default passwords are disabled
[INFO] Tests run: 2, Failures: 0, Errors: 0, Skipped: 0, Time elapsed: 0.534 s -- in dev.scframework.autoconfigure.SecurityOverrideTest
[INFO] Running dev.scframework.autoconfigure.AuditAutoConfigurationTest
03:53:50.410 [main] WARN org.springframework.context.annotation.AnnotationConfigApplicationContext -- Exception encountered during context initialization - cancelling refresh attempt: org.springframework.beans.factory.UnsatisfiedDependencyException: Error creating bean with name 'scSecurityAuditPublisher' defined in dev.scframework.autoconfigure.ScAuditAutoConfiguration: Unsatisfied dependency expressed through method 'scSecurityAuditPublisher' parameter 0: No qualifying bean of type 'dev.scframework.core.audit.SecurityAuditSink' available: expected at least 1 bean which qualifies as autowire candidate. Dependency annotations: {}
[INFO] Tests run: 4, Failures: 0, Errors: 0, Skipped: 0, Time elapsed: 0.146 s -- in dev.scframework.autoconfigure.AuditAutoConfigurationTest
[INFO] Running dev.scframework.autoconfigure.HealthReadinessTest
[INFO] Tests run: 1, Failures: 0, Errors: 0, Skipped: 0, Time elapsed: 0.029 s -- in dev.scframework.autoconfigure.HealthReadinessTest
[INFO] Running dev.scframework.autoconfigure.QuerydslAutoConfigurationTest
[INFO] Tests run: 4, Failures: 0, Errors: 0, Skipped: 0, Time elapsed: 0.074 s -- in dev.scframework.autoconfigure.QuerydslAutoConfigurationTest
[INFO] Running dev.scframework.autoconfigure.SecretFileUsersTest
[INFO] Tests run: 2, Failures: 0, Errors: 0, Skipped: 0, Time elapsed: 0.130 s -- in dev.scframework.autoconfigure.SecretFileUsersTest
[INFO] Running dev.scframework.autoconfigure.FileStorageTest
03:53:50.714 [main] WARN dev.scframework.autoconfigure.storage.FileStorageTransactions -- File storage cleanup failed; operational counter incremented
[INFO] Tests run: 7, Failures: 0, Errors: 0, Skipped: 0, Time elapsed: 0.030 s -- in dev.scframework.autoconfigure.FileStorageTest
[INFO] 
[INFO] Results:
[INFO] 
[INFO] Tests run: 27, Failures: 0, Errors: 0, Skipped: 0
[INFO] 
[INFO] 
[INFO] --- jar:3.4.2:jar (default-jar) @ framework-autoconfigure ---
[INFO] Building jar: /Users/dk/Work/ScFramework/backend/framework-autoconfigure/target/framework-autoconfigure-0.1.0-SNAPSHOT.jar
[INFO] 
[INFO] -----------< dev.scframework:framework-spring-boot-starter >------------
[INFO] Building ScFramework Spring Boot Starter 0.1.0-SNAPSHOT            [4/6]
[INFO]   from framework-spring-boot-starter/pom.xml
[INFO] --------------------------------[ jar ]---------------------------------
[INFO] 
[INFO] --- clean:3.4.1:clean (default-clean) @ framework-spring-boot-starter ---
[INFO] Deleting /Users/dk/Work/ScFramework/backend/framework-spring-boot-starter/target
[INFO] 
[INFO] --- resources:3.3.1:resources (default-resources) @ framework-spring-boot-starter ---
[INFO] skip non existing resourceDirectory /Users/dk/Work/ScFramework/backend/framework-spring-boot-starter/src/main/resources
[INFO] skip non existing resourceDirectory /Users/dk/Work/ScFramework/backend/framework-spring-boot-starter/src/main/resources
[INFO] 
[INFO] --- compiler:3.14.1:compile (default-compile) @ framework-spring-boot-starter ---
[INFO] No sources to compile
[INFO] 
[INFO] --- resources:3.3.1:testResources (default-testResources) @ framework-spring-boot-starter ---
[INFO] skip non existing resourceDirectory /Users/dk/Work/ScFramework/backend/framework-spring-boot-starter/src/test/resources
[INFO] 
[INFO] --- compiler:3.14.1:testCompile (default-testCompile) @ framework-spring-boot-starter ---
[INFO] No sources to compile
[INFO] 
[INFO] --- surefire:3.5.6:test (default-test) @ framework-spring-boot-starter ---
[INFO] No tests to run.
[INFO] 
[INFO] --- jar:3.4.2:jar (default-jar) @ framework-spring-boot-starter ---
[WARNING] JAR will be empty - no content was marked for inclusion!
[INFO] Building jar: /Users/dk/Work/ScFramework/backend/framework-spring-boot-starter/target/framework-spring-boot-starter-0.1.0-SNAPSHOT.jar
[INFO] 
[INFO] ------------------< dev.scframework:sc-reference-app >------------------
[INFO] Building ScFramework neutral reference app 0.1.0-SNAPSHOT          [5/6]
[INFO]   from reference-app/pom.xml
[INFO] --------------------------------[ jar ]---------------------------------
[INFO] 
[INFO] --- clean:3.4.1:clean (default-clean) @ sc-reference-app ---
[INFO] Deleting /Users/dk/Work/ScFramework/backend/reference-app/target
[INFO] 
[INFO] --- resources:3.3.1:resources (default-resources) @ sc-reference-app ---
[INFO] Copying 8 resources from src/main/resources to target/classes
[INFO] Copying 46 resources from ../../frontend/apps/reference-app/dist to target/classes/static
[INFO] 
[INFO] --- compiler:3.14.1:compile (default-compile) @ sc-reference-app ---
[INFO] Recompiling the module because of changed dependency.
[INFO] Compiling 82 source files with javac [debug parameters release 21] to target/classes
[INFO] /Users/dk/Work/ScFramework/backend/reference-app/src/main/java/dev/scframework/reference/documents/DocumentGrammar.java: /Users/dk/Work/ScFramework/backend/reference-app/src/main/java/dev/scframework/reference/documents/DocumentGrammar.java uses or overrides a deprecated API.
[INFO] /Users/dk/Work/ScFramework/backend/reference-app/src/main/java/dev/scframework/reference/documents/DocumentGrammar.java: Recompile with -Xlint:deprecation for details.
[INFO] 
[INFO] --- resources:3.3.1:testResources (default-testResources) @ sc-reference-app ---
[INFO] Copying 1 resource from src/test/resources to target/test-classes
[INFO] 
[INFO] --- compiler:3.14.1:testCompile (default-testCompile) @ sc-reference-app ---
[INFO] Recompiling the module because of changed dependency.
[INFO] Compiling 18 source files with javac [debug parameters release 21] to target/test-classes
[INFO] 
[INFO] --- surefire:3.5.6:test (default-test) @ sc-reference-app ---
[INFO] Using auto detected provider org.apache.maven.surefire.junitplatform.JUnitPlatformProvider
[INFO] 
[INFO] -------------------------------------------------------
[INFO]  T E S T S
[INFO] -------------------------------------------------------
[INFO] Running dev.scframework.reference.H2PersistenceTest
03:53:53.073 [main] INFO org.flywaydb.core.FlywayExecutor -- Database: jdbc:h2:file:/var/folders/8k/rv4bxj0115g929lrxwybv_r80000gn/T/junit-1473142468766818330/isolated-reference (H2 2.3)
03:53:53.091 [main] INFO org.flywaydb.core.internal.schemahistory.JdbcTableSchemaHistory -- Schema history table "PUBLIC"."flyway_schema_history" does not exist yet
03:53:53.092 [main] INFO org.flywaydb.core.internal.command.DbValidate -- Successfully validated 5 migrations (execution time 00:00.006s)
03:53:53.094 [main] INFO org.flywaydb.core.internal.schemahistory.JdbcTableSchemaHistory -- Creating Schema History table "PUBLIC"."flyway_schema_history" ...
03:53:53.111 [main] INFO org.flywaydb.core.internal.command.DbMigrate -- Current version of schema "PUBLIC": << Empty Schema >>
03:53:53.114 [main] INFO org.flywaydb.core.internal.command.DbMigrate -- Migrating schema "PUBLIC" to version "1 - example baseline"
03:53:53.122 [main] INFO org.flywaydb.core.internal.command.DbMigrate -- Migrating schema "PUBLIC" to version "2 - requirements baseline"
03:53:53.133 [main] INFO org.flywaydb.core.internal.command.DbMigrate -- Migrating schema "PUBLIC" to version "3 - security audit"
03:53:53.139 [main] INFO org.flywaydb.core.internal.command.DbMigrate -- Successfully applied 3 migrations to schema "PUBLIC", now at version v3 (execution time 00:00.012s)
03:53:53.192 [main] INFO org.flywaydb.core.FlywayExecutor -- Database: jdbc:h2:file:/var/folders/8k/rv4bxj0115g929lrxwybv_r80000gn/T/junit-1473142468766818330/isolated-reference (H2 2.3)
03:53:53.195 [main] INFO org.flywaydb.core.internal.command.DbValidate -- Successfully validated 5 migrations (execution time 00:00.002s)
03:53:53.196 [main] INFO org.flywaydb.core.internal.command.DbMigrate -- Current version of schema "PUBLIC": 3
03:53:53.198 [main] INFO org.flywaydb.core.internal.command.DbMigrate -- Migrating schema "PUBLIC" to version "4 - media and files"
03:53:53.210 [main] INFO org.flywaydb.core.internal.command.DbMigrate -- Migrating schema "PUBLIC" to version "5 - kanban and documents"
03:53:53.215 [main] INFO org.flywaydb.core.internal.command.DbMigrate -- Successfully applied 2 migrations to schema "PUBLIC", now at version v5 (execution time 00:00.012s)
03:53:53.242 [main] INFO org.flywaydb.core.internal.command.DbValidate -- Successfully validated 5 migrations (execution time 00:00.002s)
03:53:53.243 [main] INFO org.flywaydb.core.internal.command.DbMigrate -- Current version of schema "PUBLIC": 5
03:53:53.243 [main] INFO org.flywaydb.core.internal.command.DbMigrate -- Schema "PUBLIC" is up to date. No migration necessary.
[INFO] Tests run: 1, Failures: 0, Errors: 0, Skipped: 0, Time elapsed: 0.416 s -- in dev.scframework.reference.H2PersistenceTest
[INFO] Running dev.scframework.reference.identity.PasswordIntegrationTest
03:53:53.311 [main] INFO org.springframework.test.context.support.AnnotationConfigContextLoaderUtils -- Could not detect default configuration classes for test class [dev.scframework.reference.identity.PasswordIntegrationTest]: PasswordIntegrationTest does not declare any static, non-private, non-final, nested classes annotated with @Configuration.
03:53:53.361 [main] INFO org.springframework.boot.test.context.SpringBootTestContextBootstrapper -- Found @SpringBootConfiguration dev.scframework.reference.ReferenceApplication for test class dev.scframework.reference.identity.PasswordIntegrationTest

  .   ____          _            __ _ _
 /\\ / ___'_ __ _ _(_)_ __  __ _ \ \ \ \
( ( )\___ | '_ | '_| | '_ \/ _` | \ \ \ \
 \\/  ___)| |_)| | | | | || (_| |  ) ) ) )
  '  |____| .__|_| |_|_| |_\__, | / / / /
 =========|_|==============|___/=/_/_/_/

 :: Spring Boot ::               (v3.5.16)

2026-10-07T03:53:53.569+09:00  INFO [requestId:] 4107 --- [sc-reference-app] [           main] d.s.r.identity.PasswordIntegrationTest   : Starting PasswordIntegrationTest using Java 21.0.11 with PID 4107 (started by dk in /Users/dk/Work/ScFramework/backend/reference-app)
2026-10-07T03:53:53.569+09:00  INFO [requestId:] 4107 --- [sc-reference-app] [           main] d.s.r.identity.PasswordIntegrationTest   : No active profile set, falling back to 1 default profile: "default"
2026-10-07T03:53:53.931+09:00  INFO [requestId:] 4107 --- [sc-reference-app] [           main] .s.d.r.c.RepositoryConfigurationDelegate : Bootstrapping Spring Data JPA repositories in DEFAULT mode.
2026-10-07T03:53:53.997+09:00  INFO [requestId:] 4107 --- [sc-reference-app] [           main] .s.d.r.c.RepositoryConfigurationDelegate : Finished Spring Data repository scanning in 62 ms. Found 18 JPA repository interfaces.
2026-10-07T03:53:54.053+09:00  INFO [requestId:] 4107 --- [sc-reference-app] [           main] o.s.cloud.context.scope.GenericScope     : BeanFactory id=a27d4999-c722-3a9d-b631-8b566cb0b5ef
2026-10-07T03:53:54.158+09:00  INFO [requestId:] 4107 --- [sc-reference-app] [           main] com.zaxxer.hikari.HikariDataSource       : HikariPool-1 - Starting...
2026-10-07T03:53:54.162+09:00  INFO [requestId:] 4107 --- [sc-reference-app] [           main] com.zaxxer.hikari.pool.HikariPool        : HikariPool-1 - Added connection conn8: url=jdbc:h2:mem:password-sc-password-010-5778818301554295789 user=SA
2026-10-07T03:53:54.163+09:00  INFO [requestId:] 4107 --- [sc-reference-app] [           main] com.zaxxer.hikari.HikariDataSource       : HikariPool-1 - Start completed.
2026-10-07T03:53:54.167+09:00  INFO [requestId:] 4107 --- [sc-reference-app] [           main] org.flywaydb.core.FlywayExecutor         : Database: jdbc:h2:mem:password-sc-password-010-5778818301554295789 (H2 2.3)
2026-10-07T03:53:54.169+09:00  INFO [requestId:] 4107 --- [sc-reference-app] [           main] o.f.c.i.s.JdbcTableSchemaHistory         : Schema history table "PUBLIC"."flyway_schema_history" does not exist yet
2026-10-07T03:53:54.170+09:00  INFO [requestId:] 4107 --- [sc-reference-app] [           main] o.f.core.internal.command.DbValidate     : Successfully validated 5 migrations (execution time 00:00.001s)
2026-10-07T03:53:54.171+09:00  INFO [requestId:] 4107 --- [sc-reference-app] [           main] o.f.c.i.s.JdbcTableSchemaHistory         : Creating Schema History table "PUBLIC"."flyway_schema_history" ...
2026-10-07T03:53:54.174+09:00  INFO [requestId:] 4107 --- [sc-reference-app] [           main] o.f.core.internal.command.DbMigrate      : Current version of schema "PUBLIC": << Empty Schema >>
2026-10-07T03:53:54.175+09:00  INFO [requestId:] 4107 --- [sc-reference-app] [           main] o.f.core.internal.command.DbMigrate      : Migrating schema "PUBLIC" to version "1 - example baseline"
2026-10-07T03:53:54.178+09:00  INFO [requestId:] 4107 --- [sc-reference-app] [           main] o.f.core.internal.command.DbMigrate      : Migrating schema "PUBLIC" to version "2 - requirements baseline"
2026-10-07T03:53:54.183+09:00  INFO [requestId:] 4107 --- [sc-reference-app] [           main] o.f.core.internal.command.DbMigrate      : Migrating schema "PUBLIC" to version "3 - security audit"
2026-10-07T03:53:54.188+09:00  INFO [requestId:] 4107 --- [sc-reference-app] [           main] o.f.core.internal.command.DbMigrate      : Migrating schema "PUBLIC" to version "4 - media and files"
2026-10-07T03:53:54.194+09:00  INFO [requestId:] 4107 --- [sc-reference-app] [           main] o.f.core.internal.command.DbMigrate      : Migrating schema "PUBLIC" to version "5 - kanban and documents"
2026-10-07T03:53:54.198+09:00  INFO [requestId:] 4107 --- [sc-reference-app] [           main] o.f.core.internal.command.DbMigrate      : Successfully applied 5 migrations to schema "PUBLIC", now at version v5 (execution time 00:00.012s)
2026-10-07T03:53:54.231+09:00  INFO [requestId:] 4107 --- [sc-reference-app] [           main] o.hibernate.jpa.internal.util.LogHelper  : HHH000204: Processing PersistenceUnitInfo [name: default]
2026-10-07T03:53:54.249+09:00  INFO [requestId:] 4107 --- [sc-reference-app] [           main] org.hibernate.Version                    : HHH000412: Hibernate ORM core version 6.6.53.Final
2026-10-07T03:53:54.258+09:00  INFO [requestId:] 4107 --- [sc-reference-app] [           main] o.h.c.internal.RegionFactoryInitiator    : HHH000026: Second-level cache disabled
2026-10-07T03:53:54.338+09:00  INFO [requestId:] 4107 --- [sc-reference-app] [           main] o.s.o.j.p.SpringPersistenceUnitInfo      : No LoadTimeWeaver setup: ignoring JPA class transformer
2026-10-07T03:53:54.364+09:00  INFO [requestId:] 4107 --- [sc-reference-app] [           main] org.hibernate.orm.connections.pooling    : HHH10001005: Database info:
	Database JDBC URL [Connecting through datasource 'HikariDataSource (HikariPool-1)']
	Database driver: undefined/unknown
	Database version: 2.3.232
	Autocommit mode: undefined/unknown
	Isolation level: undefined/unknown
	Minimum pool size: undefined/unknown
	Maximum pool size: undefined/unknown
2026-10-07T03:53:54.717+09:00  INFO [requestId:] 4107 --- [sc-reference-app] [           main] o.h.e.t.j.p.i.JtaPlatformInitiator       : HHH000489: No JTA platform available (set 'hibernate.transaction.jta.platform' to enable JTA platform integration)
2026-10-07T03:53:54.725+09:00  INFO [requestId:] 4107 --- [sc-reference-app] [           main] j.LocalContainerEntityManagerFactoryBean : Initialized JPA EntityManagerFactory for persistence unit 'default'
2026-10-07T03:53:54.802+09:00  INFO [requestId:] 4107 --- [sc-reference-app] [           main] o.s.d.j.r.query.QueryEnhancerFactory     : Hibernate is in classpath; If applicable, HQL parser will be used.
2026-10-07T03:53:55.303+09:00  INFO [requestId:] 4107 --- [sc-reference-app] [           main] o.s.b.a.w.s.WelcomePageHandlerMapping    : Adding welcome page: class path resource [static/index.html]
2026-10-07T03:53:55.399+09:00  INFO [requestId:] 4107 --- [sc-reference-app] [           main] r$InitializeUserDetailsManagerConfigurer : Global AuthenticationManager configured with UserDetailsService bean with name referenceUsers
2026-10-07T03:53:55.454+09:00  INFO [requestId:] 4107 --- [sc-reference-app] [           main] o.s.b.a.e.web.EndpointLinksResolver      : Exposing 1 endpoint beneath base path '/actuator'
2026-10-07T03:53:55.531+09:00  INFO [requestId:] 4107 --- [sc-reference-app] [           main] o.s.b.t.m.w.SpringBootMockServletContext : Initializing Spring TestDispatcherServlet ''
2026-10-07T03:53:55.531+09:00  INFO [requestId:] 4107 --- [sc-reference-app] [           main] o.s.t.web.servlet.TestDispatcherServlet  : Initializing Servlet ''
2026-10-07T03:53:55.531+09:00  INFO [requestId:] 4107 --- [sc-reference-app] [           main] o.s.t.web.servlet.TestDispatcherServlet  : Completed initialization in 0 ms
2026-10-07T03:53:55.565+09:00  INFO [requestId:] 4107 --- [sc-reference-app] [           main] d.s.r.identity.PasswordIntegrationTest   : Started PasswordIntegrationTest in 2.125 seconds (process running for 2.921)
Mockito is currently self-attaching to enable the inline-mock-maker. This will no longer work in future releases of the JDK. Please add Mockito as an agent to your build as described in Mockito's documentation: https://javadoc.io/doc/org.mockito/mockito-core/latest/org.mockito/org/mockito/Mockito.html#0.3
WARNING: A Java agent has been loaded dynamically (/Users/dk/.m2/repository/net/bytebuddy/byte-buddy-agent/1.17.8/byte-buddy-agent-1.17.8.jar)
WARNING: If a serviceability tool is in use, please run with -XX:+EnableDynamicAgentLoading to hide this warning
WARNING: If a serviceability tool is not in use, please run with -Djdk.instrument.traceUsage for more information
WARNING: Dynamic loading of agents will be disallowed by default in a future release
OpenJDK 64-Bit Server VM warning: Sharing is only supported for boot loader classes because bootstrap classpath has been appended
2026-10-07T03:53:57.109+09:00  INFO [requestId:] 4107 --- [sc-reference-app] [           main] j.LocalContainerEntityManagerFactoryBean : Closing JPA EntityManagerFactory for persistence unit 'default'
2026-10-07T03:53:57.110+09:00  INFO [requestId:] 4107 --- [sc-reference-app] [           main] com.zaxxer.hikari.HikariDataSource       : HikariPool-1 - Shutdown initiated...
2026-10-07T03:53:57.111+09:00  INFO [requestId:] 4107 --- [sc-reference-app] [           main] com.zaxxer.hikari.HikariDataSource       : HikariPool-1 - Shutdown completed.
[INFO] Tests run: 3, Failures: 0, Errors: 0, Skipped: 0, Time elapsed: 3.826 s -- in dev.scframework.reference.identity.PasswordIntegrationTest
[INFO] Running dev.scframework.reference.requirements.RequirementIntegrationTest
2026-10-07T03:53:57.121+09:00  INFO [requestId:] 4107 --- [sc-reference-app] [           main] .b.t.c.SpringBootTestContextBootstrapper : Found @SpringBootConfiguration dev.scframework.reference.ReferenceApplication for test class dev.scframework.reference.requirements.RequirementIntegrationTest

  .   ____          _            __ _ _
 /\\ / ___'_ __ _ _(_)_ __  __ _ \ \ \ \
( ( )\___ | '_ | '_| | '_ \/ _` | \ \ \ \
 \\/  ___)| |_)| | | | | || (_| |  ) ) ) )
  '  |____| .__|_| |_|_| |_\__, | / / / /
 =========|_|==============|___/=/_/_/_/

 :: Spring Boot ::               (v3.5.16)

2026-10-07T03:53:57.139+09:00  INFO [requestId:] 4107 --- [sc-reference-app] [           main] d.s.r.r.RequirementIntegrationTest       : Starting RequirementIntegrationTest using Java 21.0.11 with PID 4107 (started by dk in /Users/dk/Work/ScFramework/backend/reference-app)
2026-10-07T03:53:57.139+09:00  INFO [requestId:] 4107 --- [sc-reference-app] [           main] d.s.r.r.RequirementIntegrationTest       : No active profile set, falling back to 1 default profile: "default"
2026-10-07T03:53:57.224+09:00  INFO [requestId:] 4107 --- [sc-reference-app] [           main] .s.d.r.c.RepositoryConfigurationDelegate : Bootstrapping Spring Data JPA repositories in DEFAULT mode.
2026-10-07T03:53:57.233+09:00  INFO [requestId:] 4107 --- [sc-reference-app] [           main] .s.d.r.c.RepositoryConfigurationDelegate : Finished Spring Data repository scanning in 8 ms. Found 18 JPA repository interfaces.
2026-10-07T03:53:57.255+09:00  INFO [requestId:] 4107 --- [sc-reference-app] [           main] o.s.cloud.context.scope.GenericScope     : BeanFactory id=04988801-4425-362a-a6c2-efd8c19ac01f
2026-10-07T03:53:57.274+09:00  INFO [requestId:] 4107 --- [sc-reference-app] [           main] com.zaxxer.hikari.HikariDataSource       : HikariPool-2 - Starting...
2026-10-07T03:53:57.275+09:00  INFO [requestId:] 4107 --- [sc-reference-app] [           main] com.zaxxer.hikari.pool.HikariPool        : HikariPool-2 - Added connection conn13: url=jdbc:h2:mem:requirements-sc-requirements-007-10508751993319416678 user=SA
2026-10-07T03:53:57.275+09:00  INFO [requestId:] 4107 --- [sc-reference-app] [           main] com.zaxxer.hikari.HikariDataSource       : HikariPool-2 - Start completed.
2026-10-07T03:53:57.276+09:00  INFO [requestId:] 4107 --- [sc-reference-app] [           main] org.flywaydb.core.FlywayExecutor         : Database: jdbc:h2:mem:requirements-sc-requirements-007-10508751993319416678 (H2 2.3)
2026-10-07T03:53:57.277+09:00  INFO [requestId:] 4107 --- [sc-reference-app] [           main] o.f.c.i.s.JdbcTableSchemaHistory         : Schema history table "PUBLIC"."flyway_schema_history" does not exist yet
2026-10-07T03:53:57.278+09:00  INFO [requestId:] 4107 --- [sc-reference-app] [           main] o.f.core.internal.command.DbValidate     : Successfully validated 5 migrations (execution time 00:00.001s)
2026-10-07T03:53:57.278+09:00  INFO [requestId:] 4107 --- [sc-reference-app] [           main] o.f.c.i.s.JdbcTableSchemaHistory         : Creating Schema History table "PUBLIC"."flyway_schema_history" ...
2026-10-07T03:53:57.280+09:00  INFO [requestId:] 4107 --- [sc-reference-app] [           main] o.f.core.internal.command.DbMigrate      : Current version of schema "PUBLIC": << Empty Schema >>
2026-10-07T03:53:57.281+09:00  INFO [requestId:] 4107 --- [sc-reference-app] [           main] o.f.core.internal.command.DbMigrate      : Migrating schema "PUBLIC" to version "1 - example baseline"
2026-10-07T03:53:57.283+09:00  INFO [requestId:] 4107 --- [sc-reference-app] [           main] o.f.core.internal.command.DbMigrate      : Migrating schema "PUBLIC" to version "2 - requirements baseline"
2026-10-07T03:53:57.286+09:00  INFO [requestId:] 4107 --- [sc-reference-app] [           main] o.f.core.internal.command.DbMigrate      : Migrating schema "PUBLIC" to version "3 - security audit"
2026-10-07T03:53:57.289+09:00  INFO [requestId:] 4107 --- [sc-reference-app] [           main] o.f.core.internal.command.DbMigrate      : Migrating schema "PUBLIC" to version "4 - media and files"
2026-10-07T03:53:57.294+09:00  INFO [requestId:] 4107 --- [sc-reference-app] [           main] o.f.core.internal.command.DbMigrate      : Migrating schema "PUBLIC" to version "5 - kanban and documents"
2026-10-07T03:53:57.296+09:00  INFO [requestId:] 4107 --- [sc-reference-app] [           main] o.f.core.internal.command.DbMigrate      : Successfully applied 5 migrations to schema "PUBLIC", now at version v5 (execution time 00:00.007s)
2026-10-07T03:53:57.303+09:00  INFO [requestId:] 4107 --- [sc-reference-app] [           main] o.hibernate.jpa.internal.util.LogHelper  : HHH000204: Processing PersistenceUnitInfo [name: default]
2026-10-07T03:53:57.303+09:00  INFO [requestId:] 4107 --- [sc-reference-app] [           main] o.h.c.internal.RegionFactoryInitiator    : HHH000026: Second-level cache disabled
2026-10-07T03:53:57.306+09:00  INFO [requestId:] 4107 --- [sc-reference-app] [           main] o.s.o.j.p.SpringPersistenceUnitInfo      : No LoadTimeWeaver setup: ignoring JPA class transformer
2026-10-07T03:53:57.307+09:00  INFO [requestId:] 4107 --- [sc-reference-app] [           main] org.hibernate.orm.connections.pooling    : HHH10001005: Database info:
	Database JDBC URL [Connecting through datasource 'HikariDataSource (HikariPool-2)']
	Database driver: undefined/unknown
	Database version: 2.3.232
	Autocommit mode: undefined/unknown
	Isolation level: undefined/unknown
	Minimum pool size: undefined/unknown
	Maximum pool size: undefined/unknown
2026-10-07T03:53:57.350+09:00  INFO [requestId:] 4107 --- [sc-reference-app] [           main] o.h.e.t.j.p.i.JtaPlatformInitiator       : HHH000489: No JTA platform available (set 'hibernate.transaction.jta.platform' to enable JTA platform integration)
2026-10-07T03:53:57.351+09:00  INFO [requestId:] 4107 --- [sc-reference-app] [           main] j.LocalContainerEntityManagerFactoryBean : Initialized JPA EntityManagerFactory for persistence unit 'default'
2026-10-07T03:53:57.438+09:00  INFO [requestId:] 4107 --- [sc-reference-app] [           main] o.s.b.a.w.s.WelcomePageHandlerMapping    : Adding welcome page: class path resource [static/index.html]
2026-10-07T03:53:57.459+09:00  INFO [requestId:] 4107 --- [sc-reference-app] [           main] r$InitializeUserDetailsManagerConfigurer : Global AuthenticationManager configured with UserDetailsService bean with name referenceUsers
2026-10-07T03:53:57.474+09:00  INFO [requestId:] 4107 --- [sc-reference-app] [           main] o.s.b.a.e.web.EndpointLinksResolver      : Exposing 1 endpoint beneath base path '/actuator'
2026-10-07T03:53:57.493+09:00  INFO [requestId:] 4107 --- [sc-reference-app] [           main] o.s.b.t.m.w.SpringBootMockServletContext : Initializing Spring TestDispatcherServlet ''
2026-10-07T03:53:57.493+09:00  INFO [requestId:] 4107 --- [sc-reference-app] [           main] o.s.t.web.servlet.TestDispatcherServlet  : Initializing Servlet ''
2026-10-07T03:53:57.493+09:00  INFO [requestId:] 4107 --- [sc-reference-app] [           main] o.s.t.web.servlet.TestDispatcherServlet  : Completed initialization in 0 ms
2026-10-07T03:53:57.505+09:00  INFO [requestId:] 4107 --- [sc-reference-app] [           main] d.s.r.r.RequirementIntegrationTest       : Started RequirementIntegrationTest in 0.381 seconds (process running for 4.862)
2026-10-07T03:53:58.154+09:00  WARN [requestId:c9b30666-5cb1-4eca-8132-fa0f07de7684] 4107 --- [sc-reference-app] [           main] o.h.engine.jdbc.spi.SqlExceptionHelper   : SQL Error: 23513, SQLState: 23513
2026-10-07T03:53:58.154+09:00 ERROR [requestId:c9b30666-5cb1-4eca-8132-fa0f07de7684] 4107 --- [sc-reference-app] [           main] o.h.engine.jdbc.spi.SqlExceptionHelper   : Check constraint violation: "SYNTHETIC_REVIEW_FAILURE: "; SQL statement:
insert into requirement_history (action,actor_id,after_json,before_json,created_at,requirement_id,id) values (?,?,?,?,?,?,default) [23513-232]
2026-10-07T03:53:58.659+09:00  WARN [requestId:db848e01-5b73-4550-9048-741acb1ae928] 4107 --- [sc-reference-app] [           main] o.h.engine.jdbc.spi.SqlExceptionHelper   : SQL Error: 23513, SQLState: 23513
2026-10-07T03:53:58.659+09:00 ERROR [requestId:db848e01-5b73-4550-9048-741acb1ae928] 4107 --- [sc-reference-app] [           main] o.h.engine.jdbc.spi.SqlExceptionHelper   : Check constraint violation: "SYNTHETIC_HISTORY_FAILURE: "; SQL statement:
insert into requirement_history (action,actor_id,after_json,before_json,created_at,requirement_id,id) values (?,?,?,?,?,?,default) [23513-232]
2026-10-07T03:54:01.046+09:00  WARN [requestId:03c1dd44-9d98-4fec-a612-00302479b019] 4107 --- [sc-reference-app] [           main] o.h.engine.jdbc.spi.SqlExceptionHelper   : SQL Error: 23505, SQLState: 23505
2026-10-07T03:54:01.046+09:00 ERROR [requestId:03c1dd44-9d98-4fec-a612-00302479b019] 4107 --- [sc-reference-app] [           main] o.h.engine.jdbc.spi.SqlExceptionHelper   : Unique index or primary key violation: "PUBLIC.CONSTRAINT_INDEX_E ON PUBLIC.REFERENCE_USER(USERNAME NULLS FIRST) VALUES ( /* 20 */ 'alice' )"; SQL statement:
insert into reference_user (created_at,display_name,password_hash,role,username,id) values (?,?,?,?,?,default) [23505-232]
[INFO] Tests run: 22, Failures: 0, Errors: 0, Skipped: 0, Time elapsed: 10.54 s -- in dev.scframework.reference.requirements.RequirementIntegrationTest
[INFO] Running dev.scframework.reference.requirements.RequirementPersistenceTest
2026-10-07T03:54:07.662+09:00  INFO [requestId:] 4107 --- [sc-reference-app] [           main] org.flywaydb.core.FlywayExecutor         : Database: jdbc:h2:file:/var/folders/8k/rv4bxj0115g929lrxwybv_r80000gn/T/junit-4847369466411647815/upgrade (H2 2.3)
2026-10-07T03:54:07.663+09:00  INFO [requestId:] 4107 --- [sc-reference-app] [           main] o.f.c.i.s.JdbcTableSchemaHistory         : Schema history table "PUBLIC"."flyway_schema_history" does not exist yet
2026-10-07T03:54:07.663+09:00  INFO [requestId:] 4107 --- [sc-reference-app] [           main] o.f.core.internal.command.DbValidate     : Successfully validated 5 migrations (execution time 00:00.000s)
2026-10-07T03:54:07.663+09:00  INFO [requestId:] 4107 --- [sc-reference-app] [           main] o.f.c.i.s.JdbcTableSchemaHistory         : Creating Schema History table "PUBLIC"."flyway_schema_history" ...
2026-10-07T03:54:07.665+09:00  INFO [requestId:] 4107 --- [sc-reference-app] [           main] o.f.core.internal.command.DbMigrate      : Current version of schema "PUBLIC": << Empty Schema >>
2026-10-07T03:54:07.665+09:00  INFO [requestId:] 4107 --- [sc-reference-app] [           main] o.f.core.internal.command.DbMigrate      : Migrating schema "PUBLIC" to version "1 - example baseline"
2026-10-07T03:54:07.666+09:00  INFO [requestId:] 4107 --- [sc-reference-app] [           main] o.f.core.internal.command.DbMigrate      : Successfully applied 1 migration to schema "PUBLIC", now at version v1 (execution time 00:00.000s)
2026-10-07T03:54:07.690+09:00  INFO [requestId:] 4107 --- [sc-reference-app] [           main] org.flywaydb.core.FlywayExecutor         : Database: jdbc:h2:file:/var/folders/8k/rv4bxj0115g929lrxwybv_r80000gn/T/junit-4847369466411647815/upgrade (H2 2.3)
2026-10-07T03:54:07.692+09:00  INFO [requestId:] 4107 --- [sc-reference-app] [           main] o.f.core.internal.command.DbValidate     : Successfully validated 5 migrations (execution time 00:00.000s)
2026-10-07T03:54:07.692+09:00  INFO [requestId:] 4107 --- [sc-reference-app] [           main] o.f.core.internal.command.DbMigrate      : Current version of schema "PUBLIC": 1
2026-10-07T03:54:07.693+09:00  INFO [requestId:] 4107 --- [sc-reference-app] [           main] o.f.core.internal.command.DbMigrate      : Migrating schema "PUBLIC" to version "2 - requirements baseline"
2026-10-07T03:54:07.695+09:00  INFO [requestId:] 4107 --- [sc-reference-app] [           main] o.f.core.internal.command.DbMigrate      : Migrating schema "PUBLIC" to version "3 - security audit"
2026-10-07T03:54:07.696+09:00  INFO [requestId:] 4107 --- [sc-reference-app] [           main] o.f.core.internal.command.DbMigrate      : Successfully applied 2 migrations to schema "PUBLIC", now at version v3 (execution time 00:00.001s)
2026-10-07T03:54:07.707+09:00  INFO [requestId:] 4107 --- [sc-reference-app] [           main] org.flywaydb.core.FlywayExecutor         : Database: jdbc:h2:file:/var/folders/8k/rv4bxj0115g929lrxwybv_r80000gn/T/junit-4847369466411647815/upgrade (H2 2.3)
2026-10-07T03:54:07.708+09:00  INFO [requestId:] 4107 --- [sc-reference-app] [           main] o.f.core.internal.command.DbValidate     : Successfully validated 5 migrations (execution time 00:00.000s)
2026-10-07T03:54:07.708+09:00  INFO [requestId:] 4107 --- [sc-reference-app] [           main] o.f.core.internal.command.DbMigrate      : Current version of schema "PUBLIC": 3
2026-10-07T03:54:07.709+09:00  INFO [requestId:] 4107 --- [sc-reference-app] [           main] o.f.core.internal.command.DbMigrate      : Migrating schema "PUBLIC" to version "4 - media and files"
2026-10-07T03:54:07.712+09:00  INFO [requestId:] 4107 --- [sc-reference-app] [           main] o.f.core.internal.command.DbMigrate      : Migrating schema "PUBLIC" to version "5 - kanban and documents"
2026-10-07T03:54:07.714+09:00  INFO [requestId:] 4107 --- [sc-reference-app] [           main] o.f.core.internal.command.DbMigrate      : Successfully applied 2 migrations to schema "PUBLIC", now at version v5 (execution time 00:00.003s)
2026-10-07T03:54:07.764+09:00  INFO [requestId:] 4107 --- [sc-reference-app] [           main] org.flywaydb.core.FlywayExecutor         : Database: jdbc:h2:file:/var/folders/8k/rv4bxj0115g929lrxwybv_r80000gn/T/junit-4847369466411647815/upgrade (H2 2.3)
2026-10-07T03:54:07.765+09:00  INFO [requestId:] 4107 --- [sc-reference-app] [           main] o.f.core.internal.command.DbValidate     : Successfully validated 5 migrations (execution time 00:00.000s)
2026-10-07T03:54:07.766+09:00  INFO [requestId:] 4107 --- [sc-reference-app] [           main] o.f.core.internal.command.DbMigrate      : Current version of schema "PUBLIC": 5
2026-10-07T03:54:07.766+09:00  INFO [requestId:] 4107 --- [sc-reference-app] [           main] o.f.core.internal.command.DbMigrate      : Schema "PUBLIC" is up to date. No migration necessary.
2026-10-07T03:54:07.794+09:00  INFO [requestId:] 4107 --- [sc-reference-app] [           main] org.flywaydb.core.FlywayExecutor         : Database: jdbc:h2:file:/var/folders/8k/rv4bxj0115g929lrxwybv_r80000gn/T/junit-3709623471908208414/constraints (H2 2.3)
2026-10-07T03:54:07.795+09:00  INFO [requestId:] 4107 --- [sc-reference-app] [           main] o.f.c.i.s.JdbcTableSchemaHistory         : Schema history table "PUBLIC"."flyway_schema_history" does not exist yet
2026-10-07T03:54:07.795+09:00  INFO [requestId:] 4107 --- [sc-reference-app] [           main] o.f.core.internal.command.DbValidate     : Successfully validated 5 migrations (execution time 00:00.000s)
2026-10-07T03:54:07.795+09:00  INFO [requestId:] 4107 --- [sc-reference-app] [           main] o.f.c.i.s.JdbcTableSchemaHistory         : Creating Schema History table "PUBLIC"."flyway_schema_history" ...
2026-10-07T03:54:07.796+09:00  INFO [requestId:] 4107 --- [sc-reference-app] [           main] o.f.core.internal.command.DbMigrate      : Current version of schema "PUBLIC": << Empty Schema >>
2026-10-07T03:54:07.796+09:00  INFO [requestId:] 4107 --- [sc-reference-app] [           main] o.f.core.internal.command.DbMigrate      : Migrating schema "PUBLIC" to version "1 - example baseline"
2026-10-07T03:54:07.797+09:00  INFO [requestId:] 4107 --- [sc-reference-app] [           main] o.f.core.internal.command.DbMigrate      : Migrating schema "PUBLIC" to version "2 - requirements baseline"
2026-10-07T03:54:07.799+09:00  INFO [requestId:] 4107 --- [sc-reference-app] [           main] o.f.core.internal.command.DbMigrate      : Migrating schema "PUBLIC" to version "3 - security audit"
2026-10-07T03:54:07.801+09:00  INFO [requestId:] 4107 --- [sc-reference-app] [           main] o.f.core.internal.command.DbMigrate      : Migrating schema "PUBLIC" to version "4 - media and files"
2026-10-07T03:54:07.804+09:00  INFO [requestId:] 4107 --- [sc-reference-app] [           main] o.f.core.internal.command.DbMigrate      : Migrating schema "PUBLIC" to version "5 - kanban and documents"
2026-10-07T03:54:07.805+09:00  INFO [requestId:] 4107 --- [sc-reference-app] [           main] o.f.core.internal.command.DbMigrate      : Successfully applied 5 migrations to schema "PUBLIC", now at version v5 (execution time 00:00.002s)
[INFO] Tests run: 2, Failures: 0, Errors: 0, Skipped: 0, Time elapsed: 0.167 s -- in dev.scframework.reference.requirements.RequirementPersistenceTest
[INFO] Running dev.scframework.reference.requirements.RequirementMixedPersistenceTest
2026-10-07T03:54:07.824+09:00  INFO [requestId:] 4107 --- [sc-reference-app] [           main] .b.t.c.SpringBootTestContextBootstrapper : Found @SpringBootConfiguration dev.scframework.reference.ReferenceApplication for test class dev.scframework.reference.requirements.RequirementMixedPersistenceTest

  .   ____          _            __ _ _
 /\\ / ___'_ __ _ _(_)_ __  __ _ \ \ \ \
( ( )\___ | '_ | '_| | '_ \/ _` | \ \ \ \
 \\/  ___)| |_)| | | | | || (_| |  ) ) ) )
  '  |____| .__|_| |_|_| |_\__, | / / / /
 =========|_|==============|___/=/_/_/_/

 :: Spring Boot ::               (v3.5.16)

2026-10-07T03:54:07.839+09:00  INFO [requestId:] 4107 --- [sc-reference-app] [           main] d.s.r.r.RequirementMixedPersistenceTest  : Starting RequirementMixedPersistenceTest using Java 21.0.11 with PID 4107 (started by dk in /Users/dk/Work/ScFramework/backend/reference-app)
2026-10-07T03:54:07.839+09:00  INFO [requestId:] 4107 --- [sc-reference-app] [           main] d.s.r.r.RequirementMixedPersistenceTest  : No active profile set, falling back to 1 default profile: "default"
2026-10-07T03:54:07.916+09:00  INFO [requestId:] 4107 --- [sc-reference-app] [           main] .s.d.r.c.RepositoryConfigurationDelegate : Bootstrapping Spring Data JPA repositories in DEFAULT mode.
2026-10-07T03:54:07.925+09:00  INFO [requestId:] 4107 --- [sc-reference-app] [           main] .s.d.r.c.RepositoryConfigurationDelegate : Finished Spring Data repository scanning in 7 ms. Found 18 JPA repository interfaces.
2026-10-07T03:54:07.937+09:00  INFO [requestId:] 4107 --- [sc-reference-app] [           main] o.s.cloud.context.scope.GenericScope     : BeanFactory id=48c92ec9-5a9e-3ff1-8771-82338cbd49db
2026-10-07T03:54:07.952+09:00  INFO [requestId:] 4107 --- [sc-reference-app] [           main] com.zaxxer.hikari.HikariDataSource       : HikariPool-3 - Starting...
2026-10-07T03:54:07.953+09:00  INFO [requestId:] 4107 --- [sc-reference-app] [           main] com.zaxxer.hikari.pool.HikariPool        : HikariPool-3 - Added connection conn32: url=jdbc:h2:mem:mixed-sc-mixed-008-13434174452880829132 user=SA
2026-10-07T03:54:07.953+09:00  INFO [requestId:] 4107 --- [sc-reference-app] [           main] com.zaxxer.hikari.HikariDataSource       : HikariPool-3 - Start completed.
2026-10-07T03:54:07.953+09:00  INFO [requestId:] 4107 --- [sc-reference-app] [           main] org.flywaydb.core.FlywayExecutor         : Database: jdbc:h2:mem:mixed-sc-mixed-008-13434174452880829132 (H2 2.3)
2026-10-07T03:54:07.954+09:00  INFO [requestId:] 4107 --- [sc-reference-app] [           main] o.f.c.i.s.JdbcTableSchemaHistory         : Schema history table "PUBLIC"."flyway_schema_history" does not exist yet
2026-10-07T03:54:07.955+09:00  INFO [requestId:] 4107 --- [sc-reference-app] [           main] o.f.core.internal.command.DbValidate     : Successfully validated 5 migrations (execution time 00:00.000s)
2026-10-07T03:54:07.955+09:00  INFO [requestId:] 4107 --- [sc-reference-app] [           main] o.f.c.i.s.JdbcTableSchemaHistory         : Creating Schema History table "PUBLIC"."flyway_schema_history" ...
2026-10-07T03:54:07.956+09:00  INFO [requestId:] 4107 --- [sc-reference-app] [           main] o.f.core.internal.command.DbMigrate      : Current version of schema "PUBLIC": << Empty Schema >>
2026-10-07T03:54:07.956+09:00  INFO [requestId:] 4107 --- [sc-reference-app] [           main] o.f.core.internal.command.DbMigrate      : Migrating schema "PUBLIC" to version "1 - example baseline"
2026-10-07T03:54:07.958+09:00  INFO [requestId:] 4107 --- [sc-reference-app] [           main] o.f.core.internal.command.DbMigrate      : Migrating schema "PUBLIC" to version "2 - requirements baseline"
2026-10-07T03:54:07.959+09:00  INFO [requestId:] 4107 --- [sc-reference-app] [           main] o.f.core.internal.command.DbMigrate      : Migrating schema "PUBLIC" to version "3 - security audit"
2026-10-07T03:54:07.961+09:00  INFO [requestId:] 4107 --- [sc-reference-app] [           main] o.f.core.internal.command.DbMigrate      : Migrating schema "PUBLIC" to version "4 - media and files"
2026-10-07T03:54:07.964+09:00  INFO [requestId:] 4107 --- [sc-reference-app] [           main] o.f.core.internal.command.DbMigrate      : Migrating schema "PUBLIC" to version "5 - kanban and documents"
2026-10-07T03:54:07.965+09:00  INFO [requestId:] 4107 --- [sc-reference-app] [           main] o.f.core.internal.command.DbMigrate      : Successfully applied 5 migrations to schema "PUBLIC", now at version v5 (execution time 00:00.001s)
2026-10-07T03:54:07.970+09:00  INFO [requestId:] 4107 --- [sc-reference-app] [           main] o.hibernate.jpa.internal.util.LogHelper  : HHH000204: Processing PersistenceUnitInfo [name: default]
2026-10-07T03:54:07.971+09:00  INFO [requestId:] 4107 --- [sc-reference-app] [           main] o.h.c.internal.RegionFactoryInitiator    : HHH000026: Second-level cache disabled
2026-10-07T03:54:07.973+09:00  INFO [requestId:] 4107 --- [sc-reference-app] [           main] o.s.o.j.p.SpringPersistenceUnitInfo      : No LoadTimeWeaver setup: ignoring JPA class transformer
2026-10-07T03:54:07.974+09:00  INFO [requestId:] 4107 --- [sc-reference-app] [           main] org.hibernate.orm.connections.pooling    : HHH10001005: Database info:
	Database JDBC URL [Connecting through datasource 'HikariDataSource (HikariPool-3)']
	Database driver: undefined/unknown
	Database version: 2.3.232
	Autocommit mode: undefined/unknown
	Isolation level: undefined/unknown
	Minimum pool size: undefined/unknown
	Maximum pool size: undefined/unknown
2026-10-07T03:54:08.007+09:00  INFO [requestId:] 4107 --- [sc-reference-app] [           main] o.h.e.t.j.p.i.JtaPlatformInitiator       : HHH000489: No JTA platform available (set 'hibernate.transaction.jta.platform' to enable JTA platform integration)
2026-10-07T03:54:08.008+09:00  INFO [requestId:] 4107 --- [sc-reference-app] [           main] j.LocalContainerEntityManagerFactoryBean : Initialized JPA EntityManagerFactory for persistence unit 'default'
2026-10-07T03:54:08.091+09:00  INFO [requestId:] 4107 --- [sc-reference-app] [           main] o.s.b.a.w.s.WelcomePageHandlerMapping    : Adding welcome page: class path resource [static/index.html]
2026-10-07T03:54:08.108+09:00  INFO [requestId:] 4107 --- [sc-reference-app] [           main] r$InitializeUserDetailsManagerConfigurer : Global AuthenticationManager configured with UserDetailsService bean with name referenceUsers
2026-10-07T03:54:08.118+09:00  INFO [requestId:] 4107 --- [sc-reference-app] [           main] o.s.b.a.e.web.EndpointLinksResolver      : Exposing 1 endpoint beneath base path '/actuator'
2026-10-07T03:54:08.142+09:00  INFO [requestId:] 4107 --- [sc-reference-app] [           main] d.s.r.r.RequirementMixedPersistenceTest  : Started RequirementMixedPersistenceTest in 0.315 seconds (process running for 15.498)
2026-10-07T03:54:08.249+09:00  INFO [requestId:] 4107 --- [sc-reference-app] [           main] j.LocalContainerEntityManagerFactoryBean : Closing JPA EntityManagerFactory for persistence unit 'default'
2026-10-07T03:54:08.250+09:00  INFO [requestId:] 4107 --- [sc-reference-app] [           main] com.zaxxer.hikari.HikariDataSource       : HikariPool-3 - Shutdown initiated...
2026-10-07T03:54:08.250+09:00  INFO [requestId:] 4107 --- [sc-reference-app] [           main] com.zaxxer.hikari.HikariDataSource       : HikariPool-3 - Shutdown completed.
[INFO] Tests run: 4, Failures: 0, Errors: 0, Skipped: 0, Time elapsed: 0.427 s -- in dev.scframework.reference.requirements.RequirementMixedPersistenceTest
[INFO] Running dev.scframework.reference.requirements.RequirementReadMapperTest
[INFO] Tests run: 5, Failures: 0, Errors: 0, Skipped: 0, Time elapsed: 0.008 s -- in dev.scframework.reference.requirements.RequirementReadMapperTest
[INFO] Running dev.scframework.reference.notices.NoticeIntegrationTest
2026-10-07T03:54:08.259+09:00  INFO [requestId:] 4107 --- [sc-reference-app] [           main] t.c.s.AnnotationConfigContextLoaderUtils : Could not detect default configuration classes for test class [dev.scframework.reference.notices.NoticeIntegrationTest]: NoticeIntegrationTest does not declare any static, non-private, non-final, nested classes annotated with @Configuration.
2026-10-07T03:54:08.262+09:00  INFO [requestId:] 4107 --- [sc-reference-app] [           main] .b.t.c.SpringBootTestContextBootstrapper : Found @SpringBootConfiguration dev.scframework.reference.ReferenceApplication for test class dev.scframework.reference.notices.NoticeIntegrationTest

  .   ____          _            __ _ _
 /\\ / ___'_ __ _ _(_)_ __  __ _ \ \ \ \
( ( )\___ | '_ | '_| | '_ \/ _` | \ \ \ \
 \\/  ___)| |_)| | | | | || (_| |  ) ) ) )
  '  |____| .__|_| |_|_| |_\__, | / / / /
 =========|_|==============|___/=/_/_/_/

 :: Spring Boot ::               (v3.5.16)

2026-10-07T03:54:08.275+09:00  INFO [requestId:] 4107 --- [sc-reference-app] [           main] d.s.r.notices.NoticeIntegrationTest      : Starting NoticeIntegrationTest using Java 21.0.11 with PID 4107 (started by dk in /Users/dk/Work/ScFramework/backend/reference-app)
2026-10-07T03:54:08.275+09:00  INFO [requestId:] 4107 --- [sc-reference-app] [           main] d.s.r.notices.NoticeIntegrationTest      : No active profile set, falling back to 1 default profile: "default"
2026-10-07T03:54:08.343+09:00  INFO [requestId:] 4107 --- [sc-reference-app] [           main] .s.d.r.c.RepositoryConfigurationDelegate : Bootstrapping Spring Data JPA repositories in DEFAULT mode.
2026-10-07T03:54:08.351+09:00  INFO [requestId:] 4107 --- [sc-reference-app] [           main] .s.d.r.c.RepositoryConfigurationDelegate : Finished Spring Data repository scanning in 7 ms. Found 18 JPA repository interfaces.
2026-10-07T03:54:08.367+09:00  INFO [requestId:] 4107 --- [sc-reference-app] [           main] o.s.cloud.context.scope.GenericScope     : BeanFactory id=a2497986-2a8a-32c9-9350-31c50e9c102a
2026-10-07T03:54:08.388+09:00  INFO [requestId:] 4107 --- [sc-reference-app] [           main] com.zaxxer.hikari.HikariDataSource       : HikariPool-4 - Starting...
2026-10-07T03:54:08.389+09:00  INFO [requestId:] 4107 --- [sc-reference-app] [           main] com.zaxxer.hikari.pool.HikariPool        : HikariPool-4 - Added connection conn37: url=jdbc:h2:mem:kanban-sc-kanban-010-17416546702182636461 user=SA
2026-10-07T03:54:08.389+09:00  INFO [requestId:] 4107 --- [sc-reference-app] [           main] com.zaxxer.hikari.HikariDataSource       : HikariPool-4 - Start completed.
2026-10-07T03:54:08.390+09:00  INFO [requestId:] 4107 --- [sc-reference-app] [           main] org.flywaydb.core.FlywayExecutor         : Database: jdbc:h2:mem:kanban-sc-kanban-010-17416546702182636461 (H2 2.3)
2026-10-07T03:54:08.391+09:00  INFO [requestId:] 4107 --- [sc-reference-app] [           main] o.f.c.i.s.JdbcTableSchemaHistory         : Schema history table "PUBLIC"."flyway_schema_history" does not exist yet
2026-10-07T03:54:08.391+09:00  INFO [requestId:] 4107 --- [sc-reference-app] [           main] o.f.core.internal.command.DbValidate     : Successfully validated 5 migrations (execution time 00:00.000s)
2026-10-07T03:54:08.391+09:00  INFO [requestId:] 4107 --- [sc-reference-app] [           main] o.f.c.i.s.JdbcTableSchemaHistory         : Creating Schema History table "PUBLIC"."flyway_schema_history" ...
2026-10-07T03:54:08.392+09:00  INFO [requestId:] 4107 --- [sc-reference-app] [           main] o.f.core.internal.command.DbMigrate      : Current version of schema "PUBLIC": << Empty Schema >>
2026-10-07T03:54:08.393+09:00  INFO [requestId:] 4107 --- [sc-reference-app] [           main] o.f.core.internal.command.DbMigrate      : Migrating schema "PUBLIC" to version "1 - example baseline"
2026-10-07T03:54:08.394+09:00  INFO [requestId:] 4107 --- [sc-reference-app] [           main] o.f.core.internal.command.DbMigrate      : Migrating schema "PUBLIC" to version "2 - requirements baseline"
2026-10-07T03:54:08.396+09:00  INFO [requestId:] 4107 --- [sc-reference-app] [           main] o.f.core.internal.command.DbMigrate      : Migrating schema "PUBLIC" to version "3 - security audit"
2026-10-07T03:54:08.397+09:00  INFO [requestId:] 4107 --- [sc-reference-app] [           main] o.f.core.internal.command.DbMigrate      : Migrating schema "PUBLIC" to version "4 - media and files"
2026-10-07T03:54:08.400+09:00  INFO [requestId:] 4107 --- [sc-reference-app] [           main] o.f.core.internal.command.DbMigrate      : Migrating schema "PUBLIC" to version "5 - kanban and documents"
2026-10-07T03:54:08.401+09:00  INFO [requestId:] 4107 --- [sc-reference-app] [           main] o.f.core.internal.command.DbMigrate      : Successfully applied 5 migrations to schema "PUBLIC", now at version v5 (execution time 00:00.003s)
2026-10-07T03:54:08.405+09:00  INFO [requestId:] 4107 --- [sc-reference-app] [           main] o.hibernate.jpa.internal.util.LogHelper  : HHH000204: Processing PersistenceUnitInfo [name: default]
2026-10-07T03:54:08.406+09:00  INFO [requestId:] 4107 --- [sc-reference-app] [           main] o.h.c.internal.RegionFactoryInitiator    : HHH000026: Second-level cache disabled
2026-10-07T03:54:08.408+09:00  INFO [requestId:] 4107 --- [sc-reference-app] [           main] o.s.o.j.p.SpringPersistenceUnitInfo      : No LoadTimeWeaver setup: ignoring JPA class transformer
2026-10-07T03:54:08.409+09:00  INFO [requestId:] 4107 --- [sc-reference-app] [           main] org.hibernate.orm.connections.pooling    : HHH10001005: Database info:
	Database JDBC URL [Connecting through datasource 'HikariDataSource (HikariPool-4)']
	Database driver: undefined/unknown
	Database version: 2.3.232
	Autocommit mode: undefined/unknown
	Isolation level: undefined/unknown
	Minimum pool size: undefined/unknown
	Maximum pool size: undefined/unknown
2026-10-07T03:54:08.439+09:00  INFO [requestId:] 4107 --- [sc-reference-app] [           main] o.h.e.t.j.p.i.JtaPlatformInitiator       : HHH000489: No JTA platform available (set 'hibernate.transaction.jta.platform' to enable JTA platform integration)
2026-10-07T03:54:08.440+09:00  INFO [requestId:] 4107 --- [sc-reference-app] [           main] j.LocalContainerEntityManagerFactoryBean : Initialized JPA EntityManagerFactory for persistence unit 'default'
2026-10-07T03:54:08.502+09:00  INFO [requestId:] 4107 --- [sc-reference-app] [           main] o.s.b.a.w.s.WelcomePageHandlerMapping    : Adding welcome page: class path resource [static/index.html]
2026-10-07T03:54:08.518+09:00  INFO [requestId:] 4107 --- [sc-reference-app] [           main] r$InitializeUserDetailsManagerConfigurer : Global AuthenticationManager configured with UserDetailsService bean with name referenceUsers
2026-10-07T03:54:08.527+09:00  INFO [requestId:] 4107 --- [sc-reference-app] [           main] o.s.b.a.e.web.EndpointLinksResolver      : Exposing 1 endpoint beneath base path '/actuator'
2026-10-07T03:54:08.541+09:00  INFO [requestId:] 4107 --- [sc-reference-app] [           main] o.s.b.t.m.w.SpringBootMockServletContext : Initializing Spring TestDispatcherServlet ''
2026-10-07T03:54:08.541+09:00  INFO [requestId:] 4107 --- [sc-reference-app] [           main] o.s.t.web.servlet.TestDispatcherServlet  : Initializing Servlet ''
2026-10-07T03:54:08.541+09:00  INFO [requestId:] 4107 --- [sc-reference-app] [           main] o.s.t.web.servlet.TestDispatcherServlet  : Completed initialization in 0 ms
2026-10-07T03:54:08.552+09:00  INFO [requestId:] 4107 --- [sc-reference-app] [           main] d.s.r.notices.NoticeIntegrationTest      : Started NoticeIntegrationTest in 0.288 seconds (process running for 15.908)
[INFO] Tests run: 5, Failures: 0, Errors: 0, Skipped: 0, Time elapsed: 1.923 s -- in dev.scframework.reference.notices.NoticeIntegrationTest
[INFO] Running dev.scframework.reference.audit.AuditSinkFailureHttpTest
2026-10-07T03:54:10.183+09:00  INFO [requestId:] 4107 --- [sc-reference-app] [           main] t.c.s.AnnotationConfigContextLoaderUtils : Could not detect default configuration classes for test class [dev.scframework.reference.audit.AuditSinkFailureHttpTest]: AuditSinkFailureHttpTest does not declare any static, non-private, non-final, nested classes annotated with @Configuration.
2026-10-07T03:54:10.187+09:00  INFO [requestId:] 4107 --- [sc-reference-app] [           main] .b.t.c.SpringBootTestContextBootstrapper : Found @SpringBootConfiguration dev.scframework.reference.ReferenceApplication for test class dev.scframework.reference.audit.AuditSinkFailureHttpTest

  .   ____          _            __ _ _
 /\\ / ___'_ __ _ _(_)_ __  __ _ \ \ \ \
( ( )\___ | '_ | '_| | '_ \/ _` | \ \ \ \
 \\/  ___)| |_)| | | | | || (_| |  ) ) ) )
  '  |____| .__|_| |_|_| |_\__, | / / / /
 =========|_|==============|___/=/_/_/_/

 :: Spring Boot ::               (v3.5.16)

2026-10-07T03:54:10.199+09:00  INFO [requestId:] 4107 --- [sc-reference-app] [           main] d.s.r.audit.AuditSinkFailureHttpTest     : Starting AuditSinkFailureHttpTest using Java 21.0.11 with PID 4107 (started by dk in /Users/dk/Work/ScFramework/backend/reference-app)
2026-10-07T03:54:10.199+09:00  INFO [requestId:] 4107 --- [sc-reference-app] [           main] d.s.r.audit.AuditSinkFailureHttpTest     : No active profile set, falling back to 1 default profile: "default"
2026-10-07T03:54:10.260+09:00  INFO [requestId:] 4107 --- [sc-reference-app] [           main] .s.d.r.c.RepositoryConfigurationDelegate : Bootstrapping Spring Data JPA repositories in DEFAULT mode.
2026-10-07T03:54:10.267+09:00  INFO [requestId:] 4107 --- [sc-reference-app] [           main] .s.d.r.c.RepositoryConfigurationDelegate : Finished Spring Data repository scanning in 6 ms. Found 18 JPA repository interfaces.
2026-10-07T03:54:10.278+09:00  INFO [requestId:] 4107 --- [sc-reference-app] [           main] o.s.cloud.context.scope.GenericScope     : BeanFactory id=a27d4999-c722-3a9d-b631-8b566cb0b5ef
2026-10-07T03:54:10.459+09:00  INFO [requestId:] 4107 --- [sc-reference-app] [           main] com.zaxxer.hikari.HikariDataSource       : HikariPool-5 - Starting...
2026-10-07T03:54:10.462+09:00  INFO [requestId:] 4107 --- [sc-reference-app] [           main] com.zaxxer.hikari.pool.HikariPool        : HikariPool-5 - Added connection conn42: url=jdbc:h2:mem:audit-http-sc-audit-http-5801653636284338369 user=SA
2026-10-07T03:54:10.462+09:00  INFO [requestId:] 4107 --- [sc-reference-app] [           main] com.zaxxer.hikari.HikariDataSource       : HikariPool-5 - Start completed.
2026-10-07T03:54:10.465+09:00  INFO [requestId:] 4107 --- [sc-reference-app] [           main] org.flywaydb.core.FlywayExecutor         : Database: jdbc:h2:mem:audit-http-sc-audit-http-5801653636284338369 (H2 2.3)
2026-10-07T03:54:10.472+09:00  INFO [requestId:] 4107 --- [sc-reference-app] [           main] o.f.c.i.s.JdbcTableSchemaHistory         : Schema history table "PUBLIC"."flyway_schema_history" does not exist yet
2026-10-07T03:54:10.473+09:00  INFO [requestId:] 4107 --- [sc-reference-app] [           main] o.f.core.internal.command.DbValidate     : Successfully validated 5 migrations (execution time 00:00.003s)
2026-10-07T03:54:10.474+09:00  INFO [requestId:] 4107 --- [sc-reference-app] [           main] o.f.c.i.s.JdbcTableSchemaHistory         : Creating Schema History table "PUBLIC"."flyway_schema_history" ...
2026-10-07T03:54:10.481+09:00  INFO [requestId:] 4107 --- [sc-reference-app] [           main] o.f.core.internal.command.DbMigrate      : Current version of schema "PUBLIC": << Empty Schema >>
2026-10-07T03:54:10.483+09:00  INFO [requestId:] 4107 --- [sc-reference-app] [           main] o.f.core.internal.command.DbMigrate      : Migrating schema "PUBLIC" to version "1 - example baseline"
2026-10-07T03:54:10.490+09:00  INFO [requestId:] 4107 --- [sc-reference-app] [           main] o.f.core.internal.command.DbMigrate      : Migrating schema "PUBLIC" to version "2 - requirements baseline"
2026-10-07T03:54:10.504+09:00  INFO [requestId:] 4107 --- [sc-reference-app] [           main] o.f.core.internal.command.DbMigrate      : Migrating schema "PUBLIC" to version "3 - security audit"
2026-10-07T03:54:10.509+09:00  INFO [requestId:] 4107 --- [sc-reference-app] [           main] o.f.core.internal.command.DbMigrate      : Migrating schema "PUBLIC" to version "4 - media and files"
2026-10-07T03:54:10.520+09:00  INFO [requestId:] 4107 --- [sc-reference-app] [           main] o.f.core.internal.command.DbMigrate      : Migrating schema "PUBLIC" to version "5 - kanban and documents"
2026-10-07T03:54:10.527+09:00  INFO [requestId:] 4107 --- [sc-reference-app] [           main] o.f.core.internal.command.DbMigrate      : Successfully applied 5 migrations to schema "PUBLIC", now at version v5 (execution time 00:00.025s)
2026-10-07T03:54:10.548+09:00  INFO [requestId:] 4107 --- [sc-reference-app] [           main] o.hibernate.jpa.internal.util.LogHelper  : HHH000204: Processing PersistenceUnitInfo [name: default]
2026-10-07T03:54:10.549+09:00  INFO [requestId:] 4107 --- [sc-reference-app] [           main] o.h.c.internal.RegionFactoryInitiator    : HHH000026: Second-level cache disabled
2026-10-07T03:54:10.557+09:00  INFO [requestId:] 4107 --- [sc-reference-app] [           main] o.s.o.j.p.SpringPersistenceUnitInfo      : No LoadTimeWeaver setup: ignoring JPA class transformer
2026-10-07T03:54:10.558+09:00  INFO [requestId:] 4107 --- [sc-reference-app] [           main] org.hibernate.orm.connections.pooling    : HHH10001005: Database info:
	Database JDBC URL [Connecting through datasource 'HikariDataSource (HikariPool-5)']
	Database driver: undefined/unknown
	Database version: 2.3.232
	Autocommit mode: undefined/unknown
	Isolation level: undefined/unknown
	Minimum pool size: undefined/unknown
	Maximum pool size: undefined/unknown
2026-10-07T03:54:10.647+09:00  INFO [requestId:] 4107 --- [sc-reference-app] [           main] o.h.e.t.j.p.i.JtaPlatformInitiator       : HHH000489: No JTA platform available (set 'hibernate.transaction.jta.platform' to enable JTA platform integration)
2026-10-07T03:54:10.651+09:00  INFO [requestId:] 4107 --- [sc-reference-app] [           main] j.LocalContainerEntityManagerFactoryBean : Initialized JPA EntityManagerFactory for persistence unit 'default'
2026-10-07T03:54:10.805+09:00  INFO [requestId:] 4107 --- [sc-reference-app] [           main] o.s.b.a.w.s.WelcomePageHandlerMapping    : Adding welcome page: class path resource [static/index.html]
2026-10-07T03:54:10.843+09:00  INFO [requestId:] 4107 --- [sc-reference-app] [           main] r$InitializeUserDetailsManagerConfigurer : Global AuthenticationManager configured with UserDetailsService bean with name referenceUsers
2026-10-07T03:54:10.874+09:00  INFO [requestId:] 4107 --- [sc-reference-app] [           main] o.s.b.a.e.web.EndpointLinksResolver      : Exposing 1 endpoint beneath base path '/actuator'
2026-10-07T03:54:10.896+09:00  INFO [requestId:] 4107 --- [sc-reference-app] [           main] o.s.b.t.m.w.SpringBootMockServletContext : Initializing Spring TestDispatcherServlet ''
2026-10-07T03:54:10.896+09:00  INFO [requestId:] 4107 --- [sc-reference-app] [           main] o.s.t.web.servlet.TestDispatcherServlet  : Initializing Servlet ''
2026-10-07T03:54:10.897+09:00  INFO [requestId:] 4107 --- [sc-reference-app] [           main] o.s.t.web.servlet.TestDispatcherServlet  : Completed initialization in 1 ms
2026-10-07T03:54:10.920+09:00  INFO [requestId:] 4107 --- [sc-reference-app] [           main] d.s.r.audit.AuditSinkFailureHttpTest     : Started AuditSinkFailureHttpTest in 0.732 seconds (process running for 18.276)
2026-10-07T03:54:11.082+09:00  WARN [requestId:bcc54ea4-310e-4182-a839-d9bc1ab1a672] 4107 --- [sc-reference-app] [           main] d.s.a.audit.AuditWriteDiagnostics        : Security audit write failed; reasonCode=AUDIT_SINK_FAILURE
[INFO] Tests run: 1, Failures: 0, Errors: 0, Skipped: 0, Time elapsed: 0.907 s -- in dev.scframework.reference.audit.AuditSinkFailureHttpTest
[INFO] Running dev.scframework.reference.audit.AuditControllerTest
2026-10-07T03:54:11.094+09:00  INFO [requestId:] 4107 --- [sc-reference-app] [           main] t.c.s.AnnotationConfigContextLoaderUtils : Could not detect default configuration classes for test class [dev.scframework.reference.audit.AuditControllerTest]: AuditControllerTest does not declare any static, non-private, non-final, nested classes annotated with @Configuration.
2026-10-07T03:54:11.096+09:00  INFO [requestId:] 4107 --- [sc-reference-app] [           main] .b.t.c.SpringBootTestContextBootstrapper : Found @SpringBootConfiguration dev.scframework.reference.ReferenceApplication for test class dev.scframework.reference.audit.AuditControllerTest

  .   ____          _            __ _ _
 /\\ / ___'_ __ _ _(_)_ __  __ _ \ \ \ \
( ( )\___ | '_ | '_| | '_ \/ _` | \ \ \ \
 \\/  ___)| |_)| | | | | || (_| |  ) ) ) )
  '  |____| .__|_| |_|_| |_\__, | / / / /
 =========|_|==============|___/=/_/_/_/

 :: Spring Boot ::               (v3.5.16)

2026-10-07T03:54:11.125+09:00  INFO [requestId:] 4107 --- [sc-reference-app] [           main] d.s.reference.audit.AuditControllerTest  : Starting AuditControllerTest using Java 21.0.11 with PID 4107 (started by dk in /Users/dk/Work/ScFramework/backend/reference-app)
2026-10-07T03:54:11.125+09:00  INFO [requestId:] 4107 --- [sc-reference-app] [           main] d.s.reference.audit.AuditControllerTest  : The following 1 profile is active: "dev"
2026-10-07T03:54:11.283+09:00  INFO [requestId:] 4107 --- [sc-reference-app] [           main] .s.d.r.c.RepositoryConfigurationDelegate : Bootstrapping Spring Data JPA repositories in DEFAULT mode.
2026-10-07T03:54:11.297+09:00  INFO [requestId:] 4107 --- [sc-reference-app] [           main] .s.d.r.c.RepositoryConfigurationDelegate : Finished Spring Data repository scanning in 13 ms. Found 18 JPA repository interfaces.
2026-10-07T03:54:11.311+09:00  INFO [requestId:] 4107 --- [sc-reference-app] [           main] o.s.cloud.context.scope.GenericScope     : BeanFactory id=c6fd887f-749a-3d78-8212-5d246b15852c
2026-10-07T03:54:11.336+09:00  INFO [requestId:] 4107 --- [sc-reference-app] [           main] com.zaxxer.hikari.HikariDataSource       : HikariPool-6 - Starting...
2026-10-07T03:54:11.337+09:00  INFO [requestId:] 4107 --- [sc-reference-app] [           main] com.zaxxer.hikari.pool.HikariPool        : HikariPool-6 - Added connection conn47: url=jdbc:h2:mem:reference-audit-sc-reference-audit-10065636133852227838 user=SA
2026-10-07T03:54:11.337+09:00  INFO [requestId:] 4107 --- [sc-reference-app] [           main] com.zaxxer.hikari.HikariDataSource       : HikariPool-6 - Start completed.
2026-10-07T03:54:11.337+09:00  INFO [requestId:] 4107 --- [sc-reference-app] [           main] org.flywaydb.core.FlywayExecutor         : Database: jdbc:h2:mem:reference-audit-sc-reference-audit-10065636133852227838 (H2 2.3)
2026-10-07T03:54:11.340+09:00  INFO [requestId:] 4107 --- [sc-reference-app] [           main] o.f.c.i.s.JdbcTableSchemaHistory         : Schema history table "PUBLIC"."flyway_schema_history" does not exist yet
2026-10-07T03:54:11.340+09:00  INFO [requestId:] 4107 --- [sc-reference-app] [           main] o.f.core.internal.command.DbValidate     : Successfully validated 5 migrations (execution time 00:00.001s)
2026-10-07T03:54:11.341+09:00  INFO [requestId:] 4107 --- [sc-reference-app] [           main] o.f.c.i.s.JdbcTableSchemaHistory         : Creating Schema History table "PUBLIC"."flyway_schema_history" ...
2026-10-07T03:54:11.344+09:00  INFO [requestId:] 4107 --- [sc-reference-app] [           main] o.f.core.internal.command.DbMigrate      : Current version of schema "PUBLIC": << Empty Schema >>
2026-10-07T03:54:11.344+09:00  INFO [requestId:] 4107 --- [sc-reference-app] [           main] o.f.core.internal.command.DbMigrate      : Migrating schema "PUBLIC" to version "1 - example baseline"
2026-10-07T03:54:11.347+09:00  INFO [requestId:] 4107 --- [sc-reference-app] [           main] o.f.core.internal.command.DbMigrate      : Migrating schema "PUBLIC" to version "2 - requirements baseline"
2026-10-07T03:54:11.351+09:00  INFO [requestId:] 4107 --- [sc-reference-app] [           main] o.f.core.internal.command.DbMigrate      : Migrating schema "PUBLIC" to version "3 - security audit"
2026-10-07T03:54:11.354+09:00  INFO [requestId:] 4107 --- [sc-reference-app] [           main] o.f.core.internal.command.DbMigrate      : Migrating schema "PUBLIC" to version "4 - media and files"
2026-10-07T03:54:11.360+09:00  INFO [requestId:] 4107 --- [sc-reference-app] [           main] o.f.core.internal.command.DbMigrate      : Migrating schema "PUBLIC" to version "5 - kanban and documents"
2026-10-07T03:54:11.363+09:00  INFO [requestId:] 4107 --- [sc-reference-app] [           main] o.f.core.internal.command.DbMigrate      : Successfully applied 5 migrations to schema "PUBLIC", now at version v5 (execution time 00:00.009s)
2026-10-07T03:54:11.369+09:00  INFO [requestId:] 4107 --- [sc-reference-app] [           main] o.hibernate.jpa.internal.util.LogHelper  : HHH000204: Processing PersistenceUnitInfo [name: default]
2026-10-07T03:54:11.370+09:00  INFO [requestId:] 4107 --- [sc-reference-app] [           main] o.h.c.internal.RegionFactoryInitiator    : HHH000026: Second-level cache disabled
2026-10-07T03:54:11.374+09:00  INFO [requestId:] 4107 --- [sc-reference-app] [           main] o.s.o.j.p.SpringPersistenceUnitInfo      : No LoadTimeWeaver setup: ignoring JPA class transformer
2026-10-07T03:54:11.374+09:00  INFO [requestId:] 4107 --- [sc-reference-app] [           main] org.hibernate.orm.connections.pooling    : HHH10001005: Database info:
	Database JDBC URL [Connecting through datasource 'HikariDataSource (HikariPool-6)']
	Database driver: undefined/unknown
	Database version: 2.3.232
	Autocommit mode: undefined/unknown
	Isolation level: undefined/unknown
	Minimum pool size: undefined/unknown
	Maximum pool size: undefined/unknown
2026-10-07T03:54:11.412+09:00  INFO [requestId:] 4107 --- [sc-reference-app] [           main] o.h.e.t.j.p.i.JtaPlatformInitiator       : HHH000489: No JTA platform available (set 'hibernate.transaction.jta.platform' to enable JTA platform integration)
2026-10-07T03:54:11.413+09:00  INFO [requestId:] 4107 --- [sc-reference-app] [           main] j.LocalContainerEntityManagerFactoryBean : Initialized JPA EntityManagerFactory for persistence unit 'default'
2026-10-07T03:54:11.522+09:00  INFO [requestId:] 4107 --- [sc-reference-app] [           main] o.s.b.a.w.s.WelcomePageHandlerMapping    : Adding welcome page: class path resource [static/index.html]
2026-10-07T03:54:11.587+09:00  INFO [requestId:] 4107 --- [sc-reference-app] [           main] r$InitializeUserDetailsManagerConfigurer : Global AuthenticationManager configured with UserDetailsService bean with name referenceUsers
2026-10-07T03:54:11.599+09:00  INFO [requestId:] 4107 --- [sc-reference-app] [           main] o.s.b.a.e.web.EndpointLinksResolver      : Exposing 1 endpoint beneath base path '/actuator'
2026-10-07T03:54:11.639+09:00  INFO [requestId:] 4107 --- [sc-reference-app] [           main] o.s.b.t.m.w.SpringBootMockServletContext : Initializing Spring TestDispatcherServlet ''
2026-10-07T03:54:11.639+09:00  INFO [requestId:] 4107 --- [sc-reference-app] [           main] o.s.t.web.servlet.TestDispatcherServlet  : Initializing Servlet ''
2026-10-07T03:54:11.639+09:00  INFO [requestId:] 4107 --- [sc-reference-app] [           main] o.s.t.web.servlet.TestDispatcherServlet  : Completed initialization in 0 ms
2026-10-07T03:54:11.655+09:00  INFO [requestId:] 4107 --- [sc-reference-app] [           main] d.s.reference.audit.AuditControllerTest  : Started AuditControllerTest in 0.557 seconds (process running for 19.012)
2026-10-07T03:54:12.080+09:00  INFO [requestId:02f6fe8f-8158-4768-bc8b-e981daee151d] 4107 --- [sc-reference-app] [           main] o.springdoc.api.AbstractOpenApiResource  : Init duration for springdoc-openapi is: 294 ms
[INFO] Tests run: 4, Failures: 0, Errors: 0, Skipped: 0, Time elapsed: 1.081 s -- in dev.scframework.reference.audit.AuditControllerTest
[INFO] Running dev.scframework.reference.kanban.KanbanIntegrationTest
2026-10-07T03:54:12.178+09:00  INFO [requestId:] 4107 --- [sc-reference-app] [           main] t.c.s.AnnotationConfigContextLoaderUtils : Could not detect default configuration classes for test class [dev.scframework.reference.kanban.KanbanIntegrationTest]: KanbanIntegrationTest does not declare any static, non-private, non-final, nested classes annotated with @Configuration.
2026-10-07T03:54:12.182+09:00  INFO [requestId:] 4107 --- [sc-reference-app] [           main] .b.t.c.SpringBootTestContextBootstrapper : Found @SpringBootConfiguration dev.scframework.reference.ReferenceApplication for test class dev.scframework.reference.kanban.KanbanIntegrationTest
2026-10-07T03:54:15.540+09:00  WARN [requestId:bccafc6f-fd0c-470b-bafc-f8f601a3fad8] 4107 --- [sc-reference-app] [           main] o.h.engine.jdbc.spi.SqlExceptionHelper   : SQL Error: 23513, SQLState: 23513
2026-10-07T03:54:15.540+09:00 ERROR [requestId:bccafc6f-fd0c-470b-bafc-f8f601a3fad8] 4107 --- [sc-reference-app] [           main] o.h.engine.jdbc.spi.SqlExceptionHelper   : Check constraint violation: "SYNTHETIC_REJECT: "; SQL statement:
insert into kanban_task (assignee_id,author_id,board_id,command_sequence,completed_at,created_at,description,due_date,position,priority,revision,status,tags_json,title,updated_at,id) values (?,?,?,?,?,?,?,?,?,?,?,?,?,?,?,default) [23513-232]
[INFO] Tests run: 13, Failures: 0, Errors: 0, Skipped: 0, Time elapsed: 4.275 s -- in dev.scframework.reference.kanban.KanbanIntegrationTest
[INFO] Running dev.scframework.reference.ReferenceIntegrationTest
2026-10-07T03:54:16.453+09:00  INFO [requestId:] 4107 --- [sc-reference-app] [           main] t.c.s.AnnotationConfigContextLoaderUtils : Could not detect default configuration classes for test class [dev.scframework.reference.ReferenceIntegrationTest]: ReferenceIntegrationTest does not declare any static, non-private, non-final, nested classes annotated with @Configuration.
2026-10-07T03:54:16.456+09:00  INFO [requestId:] 4107 --- [sc-reference-app] [           main] .b.t.c.SpringBootTestContextBootstrapper : Found @SpringBootConfiguration dev.scframework.reference.ReferenceApplication for test class dev.scframework.reference.ReferenceIntegrationTest

  .   ____          _            __ _ _
 /\\ / ___'_ __ _ _(_)_ __  __ _ \ \ \ \
( ( )\___ | '_ | '_| | '_ \/ _` | \ \ \ \
 \\/  ___)| |_)| | | | | || (_| |  ) ) ) )
  '  |____| .__|_| |_|_| |_\__, | / / / /
 =========|_|==============|___/=/_/_/_/

 :: Spring Boot ::               (v3.5.16)

2026-10-07T03:54:16.482+09:00  INFO [requestId:] 4107 --- [sc-reference-app] [           main] d.s.reference.ReferenceIntegrationTest   : Starting ReferenceIntegrationTest using Java 21.0.11 with PID 4107 (started by dk in /Users/dk/Work/ScFramework/backend/reference-app)
2026-10-07T03:54:16.482+09:00  INFO [requestId:] 4107 --- [sc-reference-app] [           main] d.s.reference.ReferenceIntegrationTest   : The following 1 profile is active: "dev"
2026-10-07T03:54:16.570+09:00  INFO [requestId:] 4107 --- [sc-reference-app] [           main] .s.d.r.c.RepositoryConfigurationDelegate : Bootstrapping Spring Data JPA repositories in DEFAULT mode.
2026-10-07T03:54:16.581+09:00  INFO [requestId:] 4107 --- [sc-reference-app] [           main] .s.d.r.c.RepositoryConfigurationDelegate : Finished Spring Data repository scanning in 9 ms. Found 18 JPA repository interfaces.
2026-10-07T03:54:16.594+09:00  INFO [requestId:] 4107 --- [sc-reference-app] [           main] o.s.cloud.context.scope.GenericScope     : BeanFactory id=bdeaa70f-179e-3d71-ba13-7251caea7504
2026-10-07T03:54:16.647+09:00  INFO [requestId:] 4107 --- [sc-reference-app] [           main] o.s.b.w.embedded.tomcat.TomcatWebServer  : Tomcat initialized with port 0 (http)
2026-10-07T03:54:16.652+09:00  INFO [requestId:] 4107 --- [sc-reference-app] [           main] o.apache.catalina.core.StandardService   : Starting service [Tomcat]
2026-10-07T03:54:16.652+09:00  INFO [requestId:] 4107 --- [sc-reference-app] [           main] o.apache.catalina.core.StandardEngine    : Starting Servlet engine: [Apache Tomcat/10.1.55]
2026-10-07T03:54:16.675+09:00  INFO [requestId:] 4107 --- [sc-reference-app] [           main] o.a.c.c.C.[Tomcat].[localhost].[/]       : Initializing Spring embedded WebApplicationContext
2026-10-07T03:54:16.675+09:00  INFO [requestId:] 4107 --- [sc-reference-app] [           main] w.s.c.ServletWebServerApplicationContext : Root WebApplicationContext: initialization completed in 192 ms
2026-10-07T03:54:16.716+09:00  INFO [requestId:] 4107 --- [sc-reference-app] [           main] com.zaxxer.hikari.HikariDataSource       : HikariPool-7 - Starting...
2026-10-07T03:54:16.717+09:00  INFO [requestId:] 4107 --- [sc-reference-app] [           main] com.zaxxer.hikari.pool.HikariPool        : HikariPool-7 - Added connection conn52: url=jdbc:h2:mem:reference-5aecc596-1a27-48d7-868e-b6c696583653 user=SA
2026-10-07T03:54:16.717+09:00  INFO [requestId:] 4107 --- [sc-reference-app] [           main] com.zaxxer.hikari.HikariDataSource       : HikariPool-7 - Start completed.
2026-10-07T03:54:16.717+09:00  INFO [requestId:] 4107 --- [sc-reference-app] [           main] org.flywaydb.core.FlywayExecutor         : Database: jdbc:h2:mem:reference-5aecc596-1a27-48d7-868e-b6c696583653 (H2 2.3)
2026-10-07T03:54:16.719+09:00  INFO [requestId:] 4107 --- [sc-reference-app] [           main] o.f.c.i.s.JdbcTableSchemaHistory         : Schema history table "PUBLIC"."flyway_schema_history" does not exist yet
2026-10-07T03:54:16.719+09:00  INFO [requestId:] 4107 --- [sc-reference-app] [           main] o.f.core.internal.command.DbValidate     : Successfully validated 5 migrations (execution time 00:00.000s)
2026-10-07T03:54:16.719+09:00  INFO [requestId:] 4107 --- [sc-reference-app] [           main] o.f.c.i.s.JdbcTableSchemaHistory         : Creating Schema History table "PUBLIC"."flyway_schema_history" ...
2026-10-07T03:54:16.721+09:00  INFO [requestId:] 4107 --- [sc-reference-app] [           main] o.f.core.internal.command.DbMigrate      : Current version of schema "PUBLIC": << Empty Schema >>
2026-10-07T03:54:16.721+09:00  INFO [requestId:] 4107 --- [sc-reference-app] [           main] o.f.core.internal.command.DbMigrate      : Migrating schema "PUBLIC" to version "1 - example baseline"
2026-10-07T03:54:16.723+09:00  INFO [requestId:] 4107 --- [sc-reference-app] [           main] o.f.core.internal.command.DbMigrate      : Migrating schema "PUBLIC" to version "2 - requirements baseline"
2026-10-07T03:54:16.726+09:00  INFO [requestId:] 4107 --- [sc-reference-app] [           main] o.f.core.internal.command.DbMigrate      : Migrating schema "PUBLIC" to version "3 - security audit"
2026-10-07T03:54:16.728+09:00  INFO [requestId:] 4107 --- [sc-reference-app] [           main] o.f.core.internal.command.DbMigrate      : Migrating schema "PUBLIC" to version "4 - media and files"
2026-10-07T03:54:16.732+09:00  INFO [requestId:] 4107 --- [sc-reference-app] [           main] o.f.core.internal.command.DbMigrate      : Migrating schema "PUBLIC" to version "5 - kanban and documents"
2026-10-07T03:54:16.733+09:00  INFO [requestId:] 4107 --- [sc-reference-app] [           main] o.f.core.internal.command.DbMigrate      : Successfully applied 5 migrations to schema "PUBLIC", now at version v5 (execution time 00:00.005s)
2026-10-07T03:54:16.738+09:00  INFO [requestId:] 4107 --- [sc-reference-app] [           main] o.hibernate.jpa.internal.util.LogHelper  : HHH000204: Processing PersistenceUnitInfo [name: default]
2026-10-07T03:54:16.739+09:00  INFO [requestId:] 4107 --- [sc-reference-app] [           main] o.h.c.internal.RegionFactoryInitiator    : HHH000026: Second-level cache disabled
2026-10-07T03:54:16.741+09:00  INFO [requestId:] 4107 --- [sc-reference-app] [           main] o.s.o.j.p.SpringPersistenceUnitInfo      : No LoadTimeWeaver setup: ignoring JPA class transformer
2026-10-07T03:54:16.741+09:00  INFO [requestId:] 4107 --- [sc-reference-app] [           main] org.hibernate.orm.connections.pooling    : HHH10001005: Database info:
	Database JDBC URL [Connecting through datasource 'HikariDataSource (HikariPool-7)']
	Database driver: undefined/unknown
	Database version: 2.3.232
	Autocommit mode: undefined/unknown
	Isolation level: undefined/unknown
	Minimum pool size: undefined/unknown
	Maximum pool size: undefined/unknown
2026-10-07T03:54:16.768+09:00  INFO [requestId:] 4107 --- [sc-reference-app] [           main] o.h.e.t.j.p.i.JtaPlatformInitiator       : HHH000489: No JTA platform available (set 'hibernate.transaction.jta.platform' to enable JTA platform integration)
2026-10-07T03:54:16.769+09:00  INFO [requestId:] 4107 --- [sc-reference-app] [           main] j.LocalContainerEntityManagerFactoryBean : Initialized JPA EntityManagerFactory for persistence unit 'default'
2026-10-07T03:54:16.840+09:00  INFO [requestId:] 4107 --- [sc-reference-app] [           main] o.s.b.a.w.s.WelcomePageHandlerMapping    : Adding welcome page: class path resource [static/index.html]
2026-10-07T03:54:16.858+09:00  INFO [requestId:] 4107 --- [sc-reference-app] [           main] r$InitializeUserDetailsManagerConfigurer : Global AuthenticationManager configured with UserDetailsService bean with name referenceUsers
2026-10-07T03:54:16.870+09:00  INFO [requestId:] 4107 --- [sc-reference-app] [           main] o.s.b.a.e.web.EndpointLinksResolver      : Exposing 1 endpoint beneath base path '/actuator'
2026-10-07T03:54:16.887+09:00  INFO [requestId:] 4107 --- [sc-reference-app] [           main] o.a.c.c.C.[Tomcat].[localhost].[/]       : Initializing Spring TestDispatcherServlet ''
2026-10-07T03:54:16.887+09:00  INFO [requestId:] 4107 --- [sc-reference-app] [           main] o.s.t.web.servlet.TestDispatcherServlet  : Initializing Servlet ''
2026-10-07T03:54:16.887+09:00  INFO [requestId:] 4107 --- [sc-reference-app] [           main] o.s.t.web.servlet.TestDispatcherServlet  : Completed initialization in 0 ms
2026-10-07T03:54:16.960+09:00  INFO [requestId:] 4107 --- [sc-reference-app] [           main] o.s.b.w.embedded.tomcat.TomcatWebServer  : Tomcat started on port 63473 (http) with context path '/'
2026-10-07T03:54:16.966+09:00  INFO [requestId:] 4107 --- [sc-reference-app] [           main] d.s.reference.ReferenceIntegrationTest   : Started ReferenceIntegrationTest in 0.499 seconds (process running for 24.322)
2026-10-07T03:54:17.183+09:00  INFO [requestId:7d5565f1-3a25-43d0-a9a3-7c693a502aa9] 4107 --- [sc-reference-app] [           main] o.springdoc.api.AbstractOpenApiResource  : Init duration for springdoc-openapi is: 150 ms
[INFO] Tests run: 10, Failures: 0, Errors: 0, Skipped: 0, Time elapsed: 2.672 s -- in dev.scframework.reference.ReferenceIntegrationTest
[INFO] Running dev.scframework.reference.documents.DocumentIntegrationTest
2026-10-07T03:54:19.126+09:00  INFO [requestId:] 4107 --- [sc-reference-app] [           main] t.c.s.AnnotationConfigContextLoaderUtils : Could not detect default configuration classes for test class [dev.scframework.reference.documents.DocumentIntegrationTest]: DocumentIntegrationTest does not declare any static, non-private, non-final, nested classes annotated with @Configuration.
2026-10-07T03:54:19.129+09:00  INFO [requestId:] 4107 --- [sc-reference-app] [           main] .b.t.c.SpringBootTestContextBootstrapper : Found @SpringBootConfiguration dev.scframework.reference.ReferenceApplication for test class dev.scframework.reference.documents.DocumentIntegrationTest
[INFO] Tests run: 5, Failures: 0, Errors: 0, Skipped: 0, Time elapsed: 1.521 s -- in dev.scframework.reference.documents.DocumentIntegrationTest
[INFO] Running dev.scframework.reference.documents.DocumentGrammarTest
[INFO] Tests run: 6, Failures: 0, Errors: 0, Skipped: 0, Time elapsed: 0.046 s -- in dev.scframework.reference.documents.DocumentGrammarTest
[INFO] Running dev.scframework.reference.reports.RequirementReportIntegrationTest
2026-10-07T03:54:20.698+09:00  INFO [requestId:] 4107 --- [sc-reference-app] [           main] .b.t.c.SpringBootTestContextBootstrapper : Found @SpringBootConfiguration dev.scframework.reference.ReferenceApplication for test class dev.scframework.reference.reports.RequirementReportIntegrationTest

  .   ____          _            __ _ _
 /\\ / ___'_ __ _ _(_)_ __  __ _ \ \ \ \
( ( )\___ | '_ | '_| | '_ \/ _` | \ \ \ \
 \\/  ___)| |_)| | | | | || (_| |  ) ) ) )
  '  |____| .__|_| |_|_| |_\__, | / / / /
 =========|_|==============|___/=/_/_/_/

 :: Spring Boot ::               (v3.5.16)

2026-10-07T03:54:20.712+09:00  INFO [requestId:] 4107 --- [sc-reference-app] [           main] d.s.r.r.RequirementReportIntegrationTest : Starting RequirementReportIntegrationTest using Java 21.0.11 with PID 4107 (started by dk in /Users/dk/Work/ScFramework/backend/reference-app)
2026-10-07T03:54:20.712+09:00  INFO [requestId:] 4107 --- [sc-reference-app] [           main] d.s.r.r.RequirementReportIntegrationTest : The following 1 profile is active: "dev"
2026-10-07T03:54:20.787+09:00  INFO [requestId:] 4107 --- [sc-reference-app] [           main] .s.d.r.c.RepositoryConfigurationDelegate : Bootstrapping Spring Data JPA repositories in DEFAULT mode.
2026-10-07T03:54:20.795+09:00  INFO [requestId:] 4107 --- [sc-reference-app] [           main] .s.d.r.c.RepositoryConfigurationDelegate : Finished Spring Data repository scanning in 7 ms. Found 18 JPA repository interfaces.
2026-10-07T03:54:20.805+09:00  INFO [requestId:] 4107 --- [sc-reference-app] [           main] o.s.cloud.context.scope.GenericScope     : BeanFactory id=0d1345e3-c6ca-37e6-8d70-cd9ba2a892b4
2026-10-07T03:54:20.819+09:00  INFO [requestId:] 4107 --- [sc-reference-app] [           main] com.zaxxer.hikari.HikariDataSource       : HikariPool-8 - Starting...
2026-10-07T03:54:20.820+09:00  INFO [requestId:] 4107 --- [sc-reference-app] [           main] com.zaxxer.hikari.pool.HikariPool        : HikariPool-8 - Added connection conn57: url=jdbc:h2:mem:reports-sc-report-009-6480099852473171993 user=SA
2026-10-07T03:54:20.820+09:00  INFO [requestId:] 4107 --- [sc-reference-app] [           main] com.zaxxer.hikari.HikariDataSource       : HikariPool-8 - Start completed.
2026-10-07T03:54:20.821+09:00  INFO [requestId:] 4107 --- [sc-reference-app] [           main] org.flywaydb.core.FlywayExecutor         : Database: jdbc:h2:mem:reports-sc-report-009-6480099852473171993 (H2 2.3)
2026-10-07T03:54:20.822+09:00  INFO [requestId:] 4107 --- [sc-reference-app] [           main] o.f.c.i.s.JdbcTableSchemaHistory         : Schema history table "PUBLIC"."flyway_schema_history" does not exist yet
2026-10-07T03:54:20.822+09:00  INFO [requestId:] 4107 --- [sc-reference-app] [           main] o.f.core.internal.command.DbValidate     : Successfully validated 5 migrations (execution time 00:00.000s)
2026-10-07T03:54:20.823+09:00  INFO [requestId:] 4107 --- [sc-reference-app] [           main] o.f.c.i.s.JdbcTableSchemaHistory         : Creating Schema History table "PUBLIC"."flyway_schema_history" ...
2026-10-07T03:54:20.824+09:00  INFO [requestId:] 4107 --- [sc-reference-app] [           main] o.f.core.internal.command.DbMigrate      : Current version of schema "PUBLIC": << Empty Schema >>
2026-10-07T03:54:20.824+09:00  INFO [requestId:] 4107 --- [sc-reference-app] [           main] o.f.core.internal.command.DbMigrate      : Migrating schema "PUBLIC" to version "1 - example baseline"
2026-10-07T03:54:20.826+09:00  INFO [requestId:] 4107 --- [sc-reference-app] [           main] o.f.core.internal.command.DbMigrate      : Migrating schema "PUBLIC" to version "2 - requirements baseline"
2026-10-07T03:54:20.828+09:00  INFO [requestId:] 4107 --- [sc-reference-app] [           main] o.f.core.internal.command.DbMigrate      : Migrating schema "PUBLIC" to version "3 - security audit"
2026-10-07T03:54:20.830+09:00  INFO [requestId:] 4107 --- [sc-reference-app] [           main] o.f.core.internal.command.DbMigrate      : Migrating schema "PUBLIC" to version "4 - media and files"
2026-10-07T03:54:20.832+09:00  INFO [requestId:] 4107 --- [sc-reference-app] [           main] o.f.core.internal.command.DbMigrate      : Migrating schema "PUBLIC" to version "5 - kanban and documents"
2026-10-07T03:54:20.833+09:00  INFO [requestId:] 4107 --- [sc-reference-app] [           main] o.f.core.internal.command.DbMigrate      : Successfully applied 5 migrations to schema "PUBLIC", now at version v5 (execution time 00:00.002s)
2026-10-07T03:54:20.839+09:00  INFO [requestId:] 4107 --- [sc-reference-app] [           main] o.hibernate.jpa.internal.util.LogHelper  : HHH000204: Processing PersistenceUnitInfo [name: default]
2026-10-07T03:54:20.839+09:00  INFO [requestId:] 4107 --- [sc-reference-app] [           main] o.h.c.internal.RegionFactoryInitiator    : HHH000026: Second-level cache disabled
2026-10-07T03:54:20.845+09:00  INFO [requestId:] 4107 --- [sc-reference-app] [           main] o.s.o.j.p.SpringPersistenceUnitInfo      : No LoadTimeWeaver setup: ignoring JPA class transformer
2026-10-07T03:54:20.845+09:00  INFO [requestId:] 4107 --- [sc-reference-app] [           main] org.hibernate.orm.connections.pooling    : HHH10001005: Database info:
	Database JDBC URL [Connecting through datasource 'HikariDataSource (HikariPool-8)']
	Database driver: undefined/unknown
	Database version: 2.3.232
	Autocommit mode: undefined/unknown
	Isolation level: undefined/unknown
	Minimum pool size: undefined/unknown
	Maximum pool size: undefined/unknown
2026-10-07T03:54:20.873+09:00  INFO [requestId:] 4107 --- [sc-reference-app] [           main] o.h.e.t.j.p.i.JtaPlatformInitiator       : HHH000489: No JTA platform available (set 'hibernate.transaction.jta.platform' to enable JTA platform integration)
2026-10-07T03:54:20.873+09:00  INFO [requestId:] 4107 --- [sc-reference-app] [           main] j.LocalContainerEntityManagerFactoryBean : Initialized JPA EntityManagerFactory for persistence unit 'default'
2026-10-07T03:54:20.941+09:00  INFO [requestId:] 4107 --- [sc-reference-app] [           main] o.s.b.a.w.s.WelcomePageHandlerMapping    : Adding welcome page: class path resource [static/index.html]
2026-10-07T03:54:20.958+09:00  INFO [requestId:] 4107 --- [sc-reference-app] [           main] r$InitializeUserDetailsManagerConfigurer : Global AuthenticationManager configured with UserDetailsService bean with name referenceUsers
2026-10-07T03:54:20.968+09:00  INFO [requestId:] 4107 --- [sc-reference-app] [           main] o.s.b.a.e.web.EndpointLinksResolver      : Exposing 1 endpoint beneath base path '/actuator'
2026-10-07T03:54:20.986+09:00  INFO [requestId:] 4107 --- [sc-reference-app] [           main] o.s.b.t.m.w.SpringBootMockServletContext : Initializing Spring TestDispatcherServlet ''
2026-10-07T03:54:20.986+09:00  INFO [requestId:] 4107 --- [sc-reference-app] [           main] o.s.t.web.servlet.TestDispatcherServlet  : Initializing Servlet ''
2026-10-07T03:54:20.986+09:00  INFO [requestId:] 4107 --- [sc-reference-app] [           main] o.s.t.web.servlet.TestDispatcherServlet  : Completed initialization in 0 ms
2026-10-07T03:54:21.000+09:00  INFO [requestId:] 4107 --- [sc-reference-app] [           main] d.s.r.r.RequirementReportIntegrationTest : Started RequirementReportIntegrationTest in 0.3 seconds (process running for 28.356)
2026-10-07T03:54:23.202+09:00  INFO [requestId:4a5bf80a-8fd7-480e-9156-b7fd030a6906] 4107 --- [sc-reference-app] [           main] o.springdoc.api.AbstractOpenApiResource  : Init duration for springdoc-openapi is: 134 ms
2026-10-07T03:54:23.811+09:00  INFO [requestId:] 4107 --- [sc-reference-app] [           main] j.LocalContainerEntityManagerFactoryBean : Closing JPA EntityManagerFactory for persistence unit 'default'
2026-10-07T03:54:23.811+09:00  INFO [requestId:] 4107 --- [sc-reference-app] [           main] com.zaxxer.hikari.HikariDataSource       : HikariPool-8 - Shutdown initiated...
2026-10-07T03:54:23.812+09:00  INFO [requestId:] 4107 --- [sc-reference-app] [           main] com.zaxxer.hikari.HikariDataSource       : HikariPool-8 - Shutdown completed.
[INFO] Tests run: 10, Failures: 0, Errors: 0, Skipped: 0, Time elapsed: 3.119 s -- in dev.scframework.reference.reports.RequirementReportIntegrationTest
[INFO] Running dev.scframework.reference.media.ImageOrientationTest
[INFO] Tests run: 2, Failures: 0, Errors: 0, Skipped: 0, Time elapsed: 0.004 s -- in dev.scframework.reference.media.ImageOrientationTest
[INFO] Running dev.scframework.reference.media.MediaIntegrationTest
2026-10-07T03:54:23.821+09:00  INFO [requestId:] 4107 --- [sc-reference-app] [           main] .b.t.c.SpringBootTestContextBootstrapper : Found @SpringBootConfiguration dev.scframework.reference.ReferenceApplication for test class dev.scframework.reference.media.MediaIntegrationTest

  .   ____          _            __ _ _
 /\\ / ___'_ __ _ _(_)_ __  __ _ \ \ \ \
( ( )\___ | '_ | '_| | '_ \/ _` | \ \ \ \
 \\/  ___)| |_)| | | | | || (_| |  ) ) ) )
  '  |____| .__|_| |_|_| |_\__, | / / / /
 =========|_|==============|___/=/_/_/_/

 :: Spring Boot ::               (v3.5.16)

2026-10-07T03:54:23.831+09:00  INFO [requestId:] 4107 --- [sc-reference-app] [           main] d.s.r.media.MediaIntegrationTest         : Starting MediaIntegrationTest using Java 21.0.11 with PID 4107 (started by dk in /Users/dk/Work/ScFramework/backend/reference-app)
2026-10-07T03:54:23.831+09:00  INFO [requestId:] 4107 --- [sc-reference-app] [           main] d.s.r.media.MediaIntegrationTest         : The following 1 profile is active: "dev"
2026-10-07T03:54:23.895+09:00  INFO [requestId:] 4107 --- [sc-reference-app] [           main] .s.d.r.c.RepositoryConfigurationDelegate : Bootstrapping Spring Data JPA repositories in DEFAULT mode.
2026-10-07T03:54:23.902+09:00  INFO [requestId:] 4107 --- [sc-reference-app] [           main] .s.d.r.c.RepositoryConfigurationDelegate : Finished Spring Data repository scanning in 5 ms. Found 18 JPA repository interfaces.
2026-10-07T03:54:23.912+09:00  INFO [requestId:] 4107 --- [sc-reference-app] [           main] o.s.cloud.context.scope.GenericScope     : BeanFactory id=59726a63-c241-3d8d-b160-e31e7f26fbed
2026-10-07T03:54:23.925+09:00  INFO [requestId:] 4107 --- [sc-reference-app] [           main] com.zaxxer.hikari.HikariDataSource       : HikariPool-9 - Starting...
2026-10-07T03:54:23.926+09:00  INFO [requestId:] 4107 --- [sc-reference-app] [           main] com.zaxxer.hikari.pool.HikariPool        : HikariPool-9 - Added connection conn62: url=jdbc:h2:mem:media-sc-media-tests-17108034749348859337 user=SA
2026-10-07T03:54:23.926+09:00  INFO [requestId:] 4107 --- [sc-reference-app] [           main] com.zaxxer.hikari.HikariDataSource       : HikariPool-9 - Start completed.
2026-10-07T03:54:23.926+09:00  INFO [requestId:] 4107 --- [sc-reference-app] [           main] org.flywaydb.core.FlywayExecutor         : Database: jdbc:h2:mem:media-sc-media-tests-17108034749348859337 (H2 2.3)
2026-10-07T03:54:23.927+09:00  INFO [requestId:] 4107 --- [sc-reference-app] [           main] o.f.c.i.s.JdbcTableSchemaHistory         : Schema history table "PUBLIC"."flyway_schema_history" does not exist yet
2026-10-07T03:54:23.927+09:00  INFO [requestId:] 4107 --- [sc-reference-app] [           main] o.f.core.internal.command.DbValidate     : Successfully validated 5 migrations (execution time 00:00.000s)
2026-10-07T03:54:23.927+09:00  INFO [requestId:] 4107 --- [sc-reference-app] [           main] o.f.c.i.s.JdbcTableSchemaHistory         : Creating Schema History table "PUBLIC"."flyway_schema_history" ...
2026-10-07T03:54:23.928+09:00  INFO [requestId:] 4107 --- [sc-reference-app] [           main] o.f.core.internal.command.DbMigrate      : Current version of schema "PUBLIC": << Empty Schema >>
2026-10-07T03:54:23.929+09:00  INFO [requestId:] 4107 --- [sc-reference-app] [           main] o.f.core.internal.command.DbMigrate      : Migrating schema "PUBLIC" to version "1 - example baseline"
2026-10-07T03:54:23.930+09:00  INFO [requestId:] 4107 --- [sc-reference-app] [           main] o.f.core.internal.command.DbMigrate      : Migrating schema "PUBLIC" to version "2 - requirements baseline"
2026-10-07T03:54:23.931+09:00  INFO [requestId:] 4107 --- [sc-reference-app] [           main] o.f.core.internal.command.DbMigrate      : Migrating schema "PUBLIC" to version "3 - security audit"
2026-10-07T03:54:23.931+09:00  INFO [requestId:] 4107 --- [sc-reference-app] [           main] o.f.core.internal.command.DbMigrate      : Migrating schema "PUBLIC" to version "4 - media and files"
2026-10-07T03:54:23.933+09:00  INFO [requestId:] 4107 --- [sc-reference-app] [           main] o.f.core.internal.command.DbMigrate      : Migrating schema "PUBLIC" to version "5 - kanban and documents"
2026-10-07T03:54:23.934+09:00  INFO [requestId:] 4107 --- [sc-reference-app] [           main] o.f.core.internal.command.DbMigrate      : Successfully applied 5 migrations to schema "PUBLIC", now at version v5 (execution time 00:00.000s)
2026-10-07T03:54:23.938+09:00  INFO [requestId:] 4107 --- [sc-reference-app] [           main] o.hibernate.jpa.internal.util.LogHelper  : HHH000204: Processing PersistenceUnitInfo [name: default]
2026-10-07T03:54:23.938+09:00  INFO [requestId:] 4107 --- [sc-reference-app] [           main] o.h.c.internal.RegionFactoryInitiator    : HHH000026: Second-level cache disabled
2026-10-07T03:54:23.940+09:00  INFO [requestId:] 4107 --- [sc-reference-app] [           main] o.s.o.j.p.SpringPersistenceUnitInfo      : No LoadTimeWeaver setup: ignoring JPA class transformer
2026-10-07T03:54:23.940+09:00  INFO [requestId:] 4107 --- [sc-reference-app] [           main] org.hibernate.orm.connections.pooling    : HHH10001005: Database info:
	Database JDBC URL [Connecting through datasource 'HikariDataSource (HikariPool-9)']
	Database driver: undefined/unknown
	Database version: 2.3.232
	Autocommit mode: undefined/unknown
	Isolation level: undefined/unknown
	Minimum pool size: undefined/unknown
	Maximum pool size: undefined/unknown
2026-10-07T03:54:23.963+09:00  INFO [requestId:] 4107 --- [sc-reference-app] [           main] o.h.e.t.j.p.i.JtaPlatformInitiator       : HHH000489: No JTA platform available (set 'hibernate.transaction.jta.platform' to enable JTA platform integration)
2026-10-07T03:54:23.963+09:00  INFO [requestId:] 4107 --- [sc-reference-app] [           main] j.LocalContainerEntityManagerFactoryBean : Initialized JPA EntityManagerFactory for persistence unit 'default'
2026-10-07T03:54:24.019+09:00  INFO [requestId:] 4107 --- [sc-reference-app] [           main] o.s.b.a.w.s.WelcomePageHandlerMapping    : Adding welcome page: class path resource [static/index.html]
2026-10-07T03:54:24.036+09:00  INFO [requestId:] 4107 --- [sc-reference-app] [           main] r$InitializeUserDetailsManagerConfigurer : Global AuthenticationManager configured with UserDetailsService bean with name referenceUsers
2026-10-07T03:54:24.046+09:00  INFO [requestId:] 4107 --- [sc-reference-app] [           main] o.s.b.a.e.web.EndpointLinksResolver      : Exposing 1 endpoint beneath base path '/actuator'
2026-10-07T03:54:24.063+09:00  INFO [requestId:] 4107 --- [sc-reference-app] [           main] o.s.b.t.m.w.SpringBootMockServletContext : Initializing Spring TestDispatcherServlet ''
2026-10-07T03:54:24.063+09:00  INFO [requestId:] 4107 --- [sc-reference-app] [           main] o.s.t.web.servlet.TestDispatcherServlet  : Initializing Servlet ''
2026-10-07T03:54:24.064+09:00  INFO [requestId:] 4107 --- [sc-reference-app] [           main] o.s.t.web.servlet.TestDispatcherServlet  : Completed initialization in 1 ms
2026-10-07T03:54:24.074+09:00  INFO [requestId:] 4107 --- [sc-reference-app] [           main] d.s.r.media.MediaIntegrationTest         : Started MediaIntegrationTest in 0.252 seconds (process running for 31.431)
2026-10-07T03:54:27.252+09:00  WARN [requestId:31066ea2-20ab-4661-b823-e07980c2b0a1] 4107 --- [sc-reference-app] [           main] d.s.a.storage.FileStorageTransactions    : File storage cleanup failed; operational counter incremented
2026-10-07T03:54:28.611+09:00  INFO [requestId:c7dff722-9ee1-459b-94d7-b9244c2e4cdc] 4107 --- [sc-reference-app] [           main] o.springdoc.api.AbstractOpenApiResource  : Init duration for springdoc-openapi is: 109 ms
[INFO] Tests run: 10, Failures: 0, Errors: 0, Skipped: 0, Time elapsed: 4.801 s -- in dev.scframework.reference.media.MediaIntegrationTest
[INFO] Running dev.scframework.reference.media.MediaMigrationTest
2026-10-07T03:54:28.621+09:00  INFO [requestId:] 4107 --- [sc-reference-app] [           main] org.flywaydb.core.FlywayExecutor         : Database: jdbc:h2:file:/var/folders/8k/rv4bxj0115g929lrxwybv_r80000gn/T/junit-6126795402789915243/upgrade (H2 2.3)
2026-10-07T03:54:28.622+09:00  INFO [requestId:] 4107 --- [sc-reference-app] [           main] o.f.c.i.s.JdbcTableSchemaHistory         : Schema history table "PUBLIC"."flyway_schema_history" does not exist yet
2026-10-07T03:54:28.622+09:00  INFO [requestId:] 4107 --- [sc-reference-app] [           main] o.f.core.internal.command.DbValidate     : Successfully validated 5 migrations (execution time 00:00.001s)
2026-10-07T03:54:28.622+09:00  INFO [requestId:] 4107 --- [sc-reference-app] [           main] o.f.c.i.s.JdbcTableSchemaHistory         : Creating Schema History table "PUBLIC"."flyway_schema_history" ...
2026-10-07T03:54:28.623+09:00  INFO [requestId:] 4107 --- [sc-reference-app] [           main] o.f.core.internal.command.DbMigrate      : Current version of schema "PUBLIC": << Empty Schema >>
2026-10-07T03:54:28.624+09:00  INFO [requestId:] 4107 --- [sc-reference-app] [           main] o.f.core.internal.command.DbMigrate      : Migrating schema "PUBLIC" to version "1 - example baseline"
2026-10-07T03:54:28.625+09:00  INFO [requestId:] 4107 --- [sc-reference-app] [           main] o.f.core.internal.command.DbMigrate      : Migrating schema "PUBLIC" to version "2 - requirements baseline"
2026-10-07T03:54:28.626+09:00  INFO [requestId:] 4107 --- [sc-reference-app] [           main] o.f.core.internal.command.DbMigrate      : Migrating schema "PUBLIC" to version "3 - security audit"
2026-10-07T03:54:28.627+09:00  INFO [requestId:] 4107 --- [sc-reference-app] [           main] o.f.core.internal.command.DbMigrate      : Successfully applied 3 migrations to schema "PUBLIC", now at version v3 (execution time 00:00.000s)
2026-10-07T03:54:28.650+09:00  INFO [requestId:] 4107 --- [sc-reference-app] [           main] org.flywaydb.core.FlywayExecutor         : Database: jdbc:h2:file:/var/folders/8k/rv4bxj0115g929lrxwybv_r80000gn/T/junit-6126795402789915243/upgrade (H2 2.3)
2026-10-07T03:54:28.651+09:00  INFO [requestId:] 4107 --- [sc-reference-app] [           main] o.f.core.internal.command.DbValidate     : Successfully validated 5 migrations (execution time 00:00.000s)
2026-10-07T03:54:28.652+09:00  INFO [requestId:] 4107 --- [sc-reference-app] [           main] o.f.core.internal.command.DbMigrate      : Current version of schema "PUBLIC": 3
2026-10-07T03:54:28.653+09:00  INFO [requestId:] 4107 --- [sc-reference-app] [           main] o.f.core.internal.command.DbMigrate      : Migrating schema "PUBLIC" to version "4 - media and files"
2026-10-07T03:54:28.654+09:00  INFO [requestId:] 4107 --- [sc-reference-app] [           main] o.f.core.internal.command.DbMigrate      : Successfully applied 1 migration to schema "PUBLIC", now at version v4 (execution time 00:00.001s)
2026-10-07T03:54:28.684+09:00  INFO [requestId:] 4107 --- [sc-reference-app] [           main] org.flywaydb.core.FlywayExecutor         : Database: jdbc:h2:file:/var/folders/8k/rv4bxj0115g929lrxwybv_r80000gn/T/junit-6126795402789915243/upgrade (H2 2.3)
2026-10-07T03:54:28.685+09:00  INFO [requestId:] 4107 --- [sc-reference-app] [           main] o.f.core.internal.command.DbValidate     : Successfully validated 5 migrations (execution time 00:00.000s)
2026-10-07T03:54:28.686+09:00  INFO [requestId:] 4107 --- [sc-reference-app] [           main] o.f.core.internal.command.DbMigrate      : Current version of schema "PUBLIC": 4
2026-10-07T03:54:28.686+09:00  INFO [requestId:] 4107 --- [sc-reference-app] [           main] o.f.core.internal.command.DbMigrate      : Schema "PUBLIC" is up to date. No migration necessary.
2026-10-07T03:54:28.699+09:00  INFO [requestId:] 4107 --- [sc-reference-app] [           main] org.flywaydb.core.FlywayExecutor         : Database: jdbc:h2:file:/var/folders/8k/rv4bxj0115g929lrxwybv_r80000gn/T/junit-6126795402789915243/upgrade (H2 2.3)
2026-10-07T03:54:28.700+09:00  INFO [requestId:] 4107 --- [sc-reference-app] [           main] o.f.core.internal.command.DbValidate     : Successfully validated 5 migrations (execution time 00:00.000s)
2026-10-07T03:54:28.714+09:00  INFO [requestId:] 4107 --- [sc-reference-app] [           main] org.flywaydb.core.FlywayExecutor         : Database: jdbc:h2:file:/var/folders/8k/rv4bxj0115g929lrxwybv_r80000gn/T/junit-6365980367332093550/fresh (H2 2.3)
2026-10-07T03:54:28.715+09:00  INFO [requestId:] 4107 --- [sc-reference-app] [           main] o.f.c.i.s.JdbcTableSchemaHistory         : Schema history table "PUBLIC"."flyway_schema_history" does not exist yet
2026-10-07T03:54:28.715+09:00  INFO [requestId:] 4107 --- [sc-reference-app] [           main] o.f.core.internal.command.DbValidate     : Successfully validated 5 migrations (execution time 00:00.000s)
2026-10-07T03:54:28.715+09:00  INFO [requestId:] 4107 --- [sc-reference-app] [           main] o.f.c.i.s.JdbcTableSchemaHistory         : Creating Schema History table "PUBLIC"."flyway_schema_history" ...
2026-10-07T03:54:28.715+09:00  INFO [requestId:] 4107 --- [sc-reference-app] [           main] o.f.core.internal.command.DbMigrate      : Current version of schema "PUBLIC": << Empty Schema >>
2026-10-07T03:54:28.716+09:00  INFO [requestId:] 4107 --- [sc-reference-app] [           main] o.f.core.internal.command.DbMigrate      : Migrating schema "PUBLIC" to version "1 - example baseline"
2026-10-07T03:54:28.717+09:00  INFO [requestId:] 4107 --- [sc-reference-app] [           main] o.f.core.internal.command.DbMigrate      : Migrating schema "PUBLIC" to version "2 - requirements baseline"
2026-10-07T03:54:28.718+09:00  INFO [requestId:] 4107 --- [sc-reference-app] [           main] o.f.core.internal.command.DbMigrate      : Migrating schema "PUBLIC" to version "3 - security audit"
2026-10-07T03:54:28.719+09:00  INFO [requestId:] 4107 --- [sc-reference-app] [           main] o.f.core.internal.command.DbMigrate      : Migrating schema "PUBLIC" to version "4 - media and files"
2026-10-07T03:54:28.720+09:00  INFO [requestId:] 4107 --- [sc-reference-app] [           main] o.f.core.internal.command.DbMigrate      : Successfully applied 4 migrations to schema "PUBLIC", now at version v4 (execution time 00:00.000s)
2026-10-07T03:54:28.738+09:00  INFO [requestId:] 4107 --- [sc-reference-app] [           main] org.flywaydb.core.FlywayExecutor         : Database: jdbc:h2:file:/var/folders/8k/rv4bxj0115g929lrxwybv_r80000gn/T/junit-6365980367332093550/fresh (H2 2.3)
2026-10-07T03:54:28.739+09:00  INFO [requestId:] 4107 --- [sc-reference-app] [           main] o.f.core.internal.command.DbValidate     : Successfully validated 5 migrations (execution time 00:00.000s)
[INFO] Tests run: 2, Failures: 0, Errors: 0, Skipped: 0, Time elapsed: 0.132 s -- in dev.scframework.reference.media.MediaMigrationTest
[INFO] 
[INFO] Results:
[INFO] 
[INFO] Tests run: 105, Failures: 0, Errors: 0, Skipped: 0
[INFO] 
[INFO] 
[INFO] --- jar:3.4.2:jar (default-jar) @ sc-reference-app ---
[INFO] Building jar: /Users/dk/Work/ScFramework/backend/reference-app/target/sc-reference-app.jar
[INFO] 
[INFO] --- spring-boot:3.5.16:repackage (repackage) @ sc-reference-app ---
[INFO] Replacing main artifact /Users/dk/Work/ScFramework/backend/reference-app/target/sc-reference-app.jar with repackaged archive, adding nested dependencies in BOOT-INF/.
[INFO] The original artifact has been renamed to /Users/dk/Work/ScFramework/backend/reference-app/target/sc-reference-app.jar.original
[INFO] 
[INFO] -------------------< dev.scframework:sc-starter-app >-------------------
[INFO] Building ScFramework minimal consumer app 0.1.0-SNAPSHOT           [6/6]
[INFO]   from starter-app/pom.xml
[INFO] --------------------------------[ jar ]---------------------------------
[INFO] 
[INFO] --- clean:3.4.1:clean (default-clean) @ sc-starter-app ---
[INFO] Deleting /Users/dk/Work/ScFramework/backend/starter-app/target
[INFO] 
[INFO] --- resources:3.3.1:resources (default-resources) @ sc-starter-app ---
[INFO] Copying 5 resources from src/main/resources to target/classes
[INFO] Copying 6 resources from ../../frontend/apps/starter-app/dist to target/classes/static
[INFO] 
[INFO] --- compiler:3.14.1:compile (default-compile) @ sc-starter-app ---
[INFO] Recompiling the module because of changed dependency.
[INFO] Compiling 4 source files with javac [debug parameters release 21] to target/classes
[INFO] 
[INFO] --- resources:3.3.1:testResources (default-testResources) @ sc-starter-app ---
[INFO] skip non existing resourceDirectory /Users/dk/Work/ScFramework/backend/starter-app/src/test/resources
[INFO] 
[INFO] --- compiler:3.14.1:testCompile (default-testCompile) @ sc-starter-app ---
[INFO] Recompiling the module because of changed dependency.
[INFO] Compiling 3 source files with javac [debug parameters release 21] to target/test-classes
[INFO] 
[INFO] --- surefire:3.5.6:test (default-test) @ sc-starter-app ---
[INFO] Using auto detected provider org.apache.maven.surefire.junitplatform.JUnitPlatformProvider
[INFO] 
[INFO] -------------------------------------------------------
[INFO]  T E S T S
[INFO] -------------------------------------------------------
[INFO] Running dev.scframework.starter.StarterAuditConsumerTest
03:54:29.971 [main] INFO org.springframework.boot.test.context.SpringBootTestContextBootstrapper -- Found @SpringBootConfiguration dev.scframework.starter.StarterApplication for test class dev.scframework.starter.StarterAuditConsumerTest

  .   ____          _            __ _ _
 /\\ / ___'_ __ _ _(_)_ __  __ _ \ \ \ \
( ( )\___ | '_ | '_| | '_ \/ _` | \ \ \ \
 \\/  ___)| |_)| | | | | || (_| |  ) ) ) )
  '  |____| .__|_| |_|_| |_\__, | / / / /
 =========|_|==============|___/=/_/_/_/

 :: Spring Boot ::               (v3.5.16)

2026-10-07T03:54:30.201+09:00  INFO [requestId:] 4389 --- [sc-starter-app] [           main] d.s.starter.StarterAuditConsumerTest     : Starting StarterAuditConsumerTest using Java 21.0.11 with PID 4389 (started by dk in /Users/dk/Work/ScFramework/backend/starter-app)
2026-10-07T03:54:30.204+09:00  INFO [requestId:] 4389 --- [sc-starter-app] [           main] d.s.starter.StarterAuditConsumerTest     : The following 1 profile is active: "audit"
2026-10-07T03:54:30.533+09:00  INFO [requestId:] 4389 --- [sc-starter-app] [           main] .s.d.r.c.RepositoryConfigurationDelegate : Bootstrapping Spring Data JPA repositories in DEFAULT mode.
2026-10-07T03:54:30.539+09:00  INFO [requestId:] 4389 --- [sc-starter-app] [           main] .s.d.r.c.RepositoryConfigurationDelegate : Finished Spring Data repository scanning in 2 ms. Found 0 JPA repository interfaces.
2026-10-07T03:54:30.592+09:00  WARN [requestId:] 4389 --- [sc-starter-app] [           main] o.m.s.mapper.ClassPathMapperScanner      : No MyBatis mapper was found in '[dev.scframework.starter]' package. Please check your configuration.
2026-10-07T03:54:30.596+09:00  INFO [requestId:] 4389 --- [sc-starter-app] [           main] o.s.cloud.context.scope.GenericScope     : BeanFactory id=68c0a35a-a151-3273-9932-ddeb9efa7c70
2026-10-07T03:54:30.754+09:00  INFO [requestId:] 4389 --- [sc-starter-app] [           main] com.zaxxer.hikari.HikariDataSource       : HikariPool-1 - Starting...
2026-10-07T03:54:30.810+09:00  INFO [requestId:] 4389 --- [sc-starter-app] [           main] com.zaxxer.hikari.pool.HikariPool        : HikariPool-1 - Added connection conn0: url=jdbc:h2:mem:starter-audit-sc-starter-audit-15136867512080454661 user=SA
2026-10-07T03:54:30.810+09:00  INFO [requestId:] 4389 --- [sc-starter-app] [           main] com.zaxxer.hikari.HikariDataSource       : HikariPool-1 - Start completed.
2026-10-07T03:54:30.827+09:00  INFO [requestId:] 4389 --- [sc-starter-app] [           main] org.flywaydb.core.FlywayExecutor         : Database: jdbc:h2:mem:starter-audit-sc-starter-audit-15136867512080454661 (H2 2.3)
2026-10-07T03:54:30.836+09:00  INFO [requestId:] 4389 --- [sc-starter-app] [           main] o.f.c.i.s.JdbcTableSchemaHistory         : Schema history table "PUBLIC"."flyway_schema_history" does not exist yet
2026-10-07T03:54:30.837+09:00  INFO [requestId:] 4389 --- [sc-starter-app] [           main] o.f.core.internal.command.DbValidate     : Successfully validated 1 migration (execution time 00:00.004s)
2026-10-07T03:54:30.839+09:00  INFO [requestId:] 4389 --- [sc-starter-app] [           main] o.f.c.i.s.JdbcTableSchemaHistory         : Creating Schema History table "PUBLIC"."flyway_schema_history" ...
2026-10-07T03:54:30.850+09:00  INFO [requestId:] 4389 --- [sc-starter-app] [           main] o.f.core.internal.command.DbMigrate      : Current version of schema "PUBLIC": << Empty Schema >>
2026-10-07T03:54:30.854+09:00  INFO [requestId:] 4389 --- [sc-starter-app] [           main] o.f.core.internal.command.DbMigrate      : Migrating schema "PUBLIC" to version "1 - security audit"
2026-10-07T03:54:30.863+09:00  INFO [requestId:] 4389 --- [sc-starter-app] [           main] o.f.core.internal.command.DbMigrate      : Successfully applied 1 migration to schema "PUBLIC", now at version v1 (execution time 00:00.004s)
2026-10-07T03:54:30.891+09:00  INFO [requestId:] 4389 --- [sc-starter-app] [           main] o.hibernate.jpa.internal.util.LogHelper  : HHH000204: Processing PersistenceUnitInfo [name: default]
2026-10-07T03:54:30.906+09:00  INFO [requestId:] 4389 --- [sc-starter-app] [           main] org.hibernate.Version                    : HHH000412: Hibernate ORM core version 6.6.53.Final
2026-10-07T03:54:30.917+09:00  INFO [requestId:] 4389 --- [sc-starter-app] [           main] o.h.c.internal.RegionFactoryInitiator    : HHH000026: Second-level cache disabled
2026-10-07T03:54:30.999+09:00  INFO [requestId:] 4389 --- [sc-starter-app] [           main] o.s.o.j.p.SpringPersistenceUnitInfo      : No LoadTimeWeaver setup: ignoring JPA class transformer
2026-10-07T03:54:31.020+09:00  INFO [requestId:] 4389 --- [sc-starter-app] [           main] org.hibernate.orm.connections.pooling    : HHH10001005: Database info:
	Database JDBC URL [Connecting through datasource 'HikariDataSource (HikariPool-1)']
	Database driver: undefined/unknown
	Database version: 2.3.232
	Autocommit mode: undefined/unknown
	Isolation level: undefined/unknown
	Minimum pool size: undefined/unknown
	Maximum pool size: undefined/unknown
2026-10-07T03:54:31.120+09:00  INFO [requestId:] 4389 --- [sc-starter-app] [           main] o.h.e.t.j.p.i.JtaPlatformInitiator       : HHH000489: No JTA platform available (set 'hibernate.transaction.jta.platform' to enable JTA platform integration)
2026-10-07T03:54:31.122+09:00  INFO [requestId:] 4389 --- [sc-starter-app] [           main] j.LocalContainerEntityManagerFactoryBean : Initialized JPA EntityManagerFactory for persistence unit 'default'
2026-10-07T03:54:31.241+09:00  INFO [requestId:] 4389 --- [sc-starter-app] [           main] o.s.b.a.w.s.WelcomePageHandlerMapping    : Adding welcome page: class path resource [static/index.html]
2026-10-07T03:54:31.378+09:00  INFO [requestId:] 4389 --- [sc-starter-app] [           main] r$InitializeUserDetailsManagerConfigurer : Global AuthenticationManager configured with UserDetailsService bean with name starterUsers
2026-10-07T03:54:31.436+09:00  INFO [requestId:] 4389 --- [sc-starter-app] [           main] o.s.b.a.e.web.EndpointLinksResolver      : Exposing 1 endpoint beneath base path '/actuator'
2026-10-07T03:54:31.564+09:00  INFO [requestId:] 4389 --- [sc-starter-app] [           main] o.s.b.t.m.w.SpringBootMockServletContext : Initializing Spring TestDispatcherServlet ''
2026-10-07T03:54:31.564+09:00  INFO [requestId:] 4389 --- [sc-starter-app] [           main] o.s.t.web.servlet.TestDispatcherServlet  : Initializing Servlet ''
2026-10-07T03:54:31.565+09:00  INFO [requestId:] 4389 --- [sc-starter-app] [           main] o.s.t.web.servlet.TestDispatcherServlet  : Completed initialization in 0 ms
2026-10-07T03:54:31.611+09:00  INFO [requestId:] 4389 --- [sc-starter-app] [           main] d.s.starter.StarterAuditConsumerTest     : Started StarterAuditConsumerTest in 1.547 seconds (process running for 1.919)
Mockito is currently self-attaching to enable the inline-mock-maker. This will no longer work in future releases of the JDK. Please add Mockito as an agent to your build as described in Mockito's documentation: https://javadoc.io/doc/org.mockito/mockito-core/latest/org.mockito/org/mockito/Mockito.html#0.3
WARNING: A Java agent has been loaded dynamically (/Users/dk/.m2/repository/net/bytebuddy/byte-buddy-agent/1.17.8/byte-buddy-agent-1.17.8.jar)
WARNING: If a serviceability tool is in use, please run with -XX:+EnableDynamicAgentLoading to hide this warning
WARNING: If a serviceability tool is not in use, please run with -Djdk.instrument.traceUsage for more information
WARNING: Dynamic loading of agents will be disallowed by default in a future release
OpenJDK 64-Bit Server VM warning: Sharing is only supported for boot loader classes because bootstrap classpath has been appended
[INFO] Tests run: 2, Failures: 0, Errors: 0, Skipped: 0, Time elapsed: 2.459 s -- in dev.scframework.starter.StarterAuditConsumerTest
[INFO] Running dev.scframework.starter.StarterConsumerTest
2026-10-07T03:54:32.342+09:00  INFO [requestId:] 4389 --- [sc-starter-app] [           main] t.c.s.AnnotationConfigContextLoaderUtils : Could not detect default configuration classes for test class [dev.scframework.starter.StarterConsumerTest]: StarterConsumerTest does not declare any static, non-private, non-final, nested classes annotated with @Configuration.
2026-10-07T03:54:32.344+09:00  INFO [requestId:] 4389 --- [sc-starter-app] [           main] .b.t.c.SpringBootTestContextBootstrapper : Found @SpringBootConfiguration dev.scframework.starter.StarterApplication for test class dev.scframework.starter.StarterConsumerTest

  .   ____          _            __ _ _
 /\\ / ___'_ __ _ _(_)_ __  __ _ \ \ \ \
( ( )\___ | '_ | '_| | '_ \/ _` | \ \ \ \
 \\/  ___)| |_)| | | | | || (_| |  ) ) ) )
  '  |____| .__|_| |_|_| |_\__, | / / / /
 =========|_|==============|___/=/_/_/_/

 :: Spring Boot ::               (v3.5.16)

2026-10-07T03:54:32.361+09:00  INFO [requestId:] 4389 --- [sc-starter-app] [           main] d.s.starter.StarterConsumerTest          : Starting StarterConsumerTest using Java 21.0.11 with PID 4389 (started by dk in /Users/dk/Work/ScFramework/backend/starter-app)
2026-10-07T03:54:32.361+09:00  INFO [requestId:] 4389 --- [sc-starter-app] [           main] d.s.starter.StarterConsumerTest          : No active profile set, falling back to 1 default profile: "default"
2026-10-07T03:54:32.446+09:00  INFO [requestId:] 4389 --- [sc-starter-app] [           main] .s.d.r.c.RepositoryConfigurationDelegate : Bootstrapping Spring Data JPA repositories in DEFAULT mode.
2026-10-07T03:54:32.448+09:00  INFO [requestId:] 4389 --- [sc-starter-app] [           main] .s.d.r.c.RepositoryConfigurationDelegate : Finished Spring Data repository scanning in 0 ms. Found 0 JPA repository interfaces.
2026-10-07T03:54:32.462+09:00  WARN [requestId:] 4389 --- [sc-starter-app] [           main] o.m.s.mapper.ClassPathMapperScanner      : No MyBatis mapper was found in '[dev.scframework.starter]' package. Please check your configuration.
2026-10-07T03:54:32.463+09:00  INFO [requestId:] 4389 --- [sc-starter-app] [           main] o.s.cloud.context.scope.GenericScope     : BeanFactory id=0781cbe6-b46e-34bb-8b59-5825b2352423
2026-10-07T03:54:32.478+09:00  INFO [requestId:] 4389 --- [sc-starter-app] [           main] o.hibernate.jpa.internal.util.LogHelper  : HHH000204: Processing PersistenceUnitInfo [name: default]
2026-10-07T03:54:32.479+09:00  INFO [requestId:] 4389 --- [sc-starter-app] [           main] o.h.c.internal.RegionFactoryInitiator    : HHH000026: Second-level cache disabled
2026-10-07T03:54:32.482+09:00  INFO [requestId:] 4389 --- [sc-starter-app] [           main] o.s.o.j.p.SpringPersistenceUnitInfo      : No LoadTimeWeaver setup: ignoring JPA class transformer
2026-10-07T03:54:32.482+09:00  INFO [requestId:] 4389 --- [sc-starter-app] [           main] com.zaxxer.hikari.HikariDataSource       : HikariPool-2 - Starting...
2026-10-07T03:54:32.484+09:00  INFO [requestId:] 4389 --- [sc-starter-app] [           main] com.zaxxer.hikari.pool.HikariPool        : HikariPool-2 - Added connection conn10: url=jdbc:h2:mem:starter-c047c000-d4ec-41c8-8efa-2fbefa3a8659 user=SA
2026-10-07T03:54:32.484+09:00  INFO [requestId:] 4389 --- [sc-starter-app] [           main] com.zaxxer.hikari.HikariDataSource       : HikariPool-2 - Start completed.
2026-10-07T03:54:32.484+09:00  INFO [requestId:] 4389 --- [sc-starter-app] [           main] org.hibernate.orm.connections.pooling    : HHH10001005: Database info:
	Database JDBC URL [Connecting through datasource 'HikariDataSource (HikariPool-2)']
	Database driver: undefined/unknown
	Database version: 2.3.232
	Autocommit mode: undefined/unknown
	Isolation level: undefined/unknown
	Minimum pool size: undefined/unknown
	Maximum pool size: undefined/unknown
2026-10-07T03:54:32.490+09:00  INFO [requestId:] 4389 --- [sc-starter-app] [           main] o.h.e.t.j.p.i.JtaPlatformInitiator       : HHH000489: No JTA platform available (set 'hibernate.transaction.jta.platform' to enable JTA platform integration)
2026-10-07T03:54:32.491+09:00  INFO [requestId:] 4389 --- [sc-starter-app] [           main] j.LocalContainerEntityManagerFactoryBean : Initialized JPA EntityManagerFactory for persistence unit 'default'
2026-10-07T03:54:32.559+09:00  INFO [requestId:] 4389 --- [sc-starter-app] [           main] o.s.b.a.w.s.WelcomePageHandlerMapping    : Adding welcome page: class path resource [static/index.html]
2026-10-07T03:54:32.580+09:00  INFO [requestId:] 4389 --- [sc-starter-app] [           main] r$InitializeUserDetailsManagerConfigurer : Global AuthenticationManager configured with UserDetailsService bean with name starterUsers
2026-10-07T03:54:32.590+09:00  INFO [requestId:] 4389 --- [sc-starter-app] [           main] o.s.b.a.e.web.EndpointLinksResolver      : Exposing 1 endpoint beneath base path '/actuator'
2026-10-07T03:54:32.612+09:00  INFO [requestId:] 4389 --- [sc-starter-app] [           main] o.s.b.t.m.w.SpringBootMockServletContext : Initializing Spring TestDispatcherServlet ''
2026-10-07T03:54:32.612+09:00  INFO [requestId:] 4389 --- [sc-starter-app] [           main] o.s.t.web.servlet.TestDispatcherServlet  : Initializing Servlet ''
2026-10-07T03:54:32.613+09:00  INFO [requestId:] 4389 --- [sc-starter-app] [           main] o.s.t.web.servlet.TestDispatcherServlet  : Completed initialization in 1 ms
2026-10-07T03:54:32.627+09:00  INFO [requestId:] 4389 --- [sc-starter-app] [           main] d.s.starter.StarterConsumerTest          : Started StarterConsumerTest in 0.281 seconds (process running for 2.935)
[INFO] Tests run: 4, Failures: 0, Errors: 0, Skipped: 0, Time elapsed: 0.548 s -- in dev.scframework.starter.StarterConsumerTest
[INFO] Running dev.scframework.starter.StarterFileStorageConsumerTest
2026-10-07T03:54:32.892+09:00  INFO [requestId:] 4389 --- [sc-starter-app] [           main] .b.t.c.SpringBootTestContextBootstrapper : Found @SpringBootConfiguration dev.scframework.starter.StarterApplication for test class dev.scframework.starter.StarterFileStorageConsumerTest

  .   ____          _            __ _ _
 /\\ / ___'_ __ _ _(_)_ __  __ _ \ \ \ \
( ( )\___ | '_ | '_| | '_ \/ _` | \ \ \ \
 \\/  ___)| |_)| | | | | || (_| |  ) ) ) )
  '  |____| .__|_| |_|_| |_\__, | / / / /
 =========|_|==============|___/=/_/_/_/

 :: Spring Boot ::               (v3.5.16)

2026-10-07T03:54:32.907+09:00  INFO [requestId:] 4389 --- [sc-starter-app] [           main] d.s.s.StarterFileStorageConsumerTest     : Starting StarterFileStorageConsumerTest using Java 21.0.11 with PID 4389 (started by dk in /Users/dk/Work/ScFramework/backend/starter-app)
2026-10-07T03:54:32.907+09:00  INFO [requestId:] 4389 --- [sc-starter-app] [           main] d.s.s.StarterFileStorageConsumerTest     : The following 1 profile is active: "file-storage"
2026-10-07T03:54:32.976+09:00  INFO [requestId:] 4389 --- [sc-starter-app] [           main] .s.d.r.c.RepositoryConfigurationDelegate : Bootstrapping Spring Data JPA repositories in DEFAULT mode.
2026-10-07T03:54:32.977+09:00  INFO [requestId:] 4389 --- [sc-starter-app] [           main] .s.d.r.c.RepositoryConfigurationDelegate : Finished Spring Data repository scanning in 0 ms. Found 0 JPA repository interfaces.
2026-10-07T03:54:32.986+09:00  WARN [requestId:] 4389 --- [sc-starter-app] [           main] o.m.s.mapper.ClassPathMapperScanner      : No MyBatis mapper was found in '[dev.scframework.starter]' package. Please check your configuration.
2026-10-07T03:54:32.987+09:00  INFO [requestId:] 4389 --- [sc-starter-app] [           main] o.s.cloud.context.scope.GenericScope     : BeanFactory id=8df82c54-0abf-3afc-8cd1-d44823fe1560
2026-10-07T03:54:33.000+09:00  INFO [requestId:] 4389 --- [sc-starter-app] [           main] o.hibernate.jpa.internal.util.LogHelper  : HHH000204: Processing PersistenceUnitInfo [name: default]
2026-10-07T03:54:33.000+09:00  INFO [requestId:] 4389 --- [sc-starter-app] [           main] o.h.c.internal.RegionFactoryInitiator    : HHH000026: Second-level cache disabled
2026-10-07T03:54:33.003+09:00  INFO [requestId:] 4389 --- [sc-starter-app] [           main] o.s.o.j.p.SpringPersistenceUnitInfo      : No LoadTimeWeaver setup: ignoring JPA class transformer
2026-10-07T03:54:33.004+09:00  INFO [requestId:] 4389 --- [sc-starter-app] [           main] com.zaxxer.hikari.HikariDataSource       : HikariPool-3 - Starting...
2026-10-07T03:54:33.005+09:00  INFO [requestId:] 4389 --- [sc-starter-app] [           main] com.zaxxer.hikari.pool.HikariPool        : HikariPool-3 - Added connection conn19: url=jdbc:h2:mem:starter-files-sc-starter-files-15305655064681405179 user=SA
2026-10-07T03:54:33.005+09:00  INFO [requestId:] 4389 --- [sc-starter-app] [           main] com.zaxxer.hikari.HikariDataSource       : HikariPool-3 - Start completed.
2026-10-07T03:54:33.005+09:00  INFO [requestId:] 4389 --- [sc-starter-app] [           main] org.hibernate.orm.connections.pooling    : HHH10001005: Database info:
	Database JDBC URL [Connecting through datasource 'HikariDataSource (HikariPool-3)']
	Database driver: undefined/unknown
	Database version: 2.3.232
	Autocommit mode: undefined/unknown
	Isolation level: undefined/unknown
	Minimum pool size: undefined/unknown
	Maximum pool size: undefined/unknown
2026-10-07T03:54:33.011+09:00  INFO [requestId:] 4389 --- [sc-starter-app] [           main] o.h.e.t.j.p.i.JtaPlatformInitiator       : HHH000489: No JTA platform available (set 'hibernate.transaction.jta.platform' to enable JTA platform integration)
2026-10-07T03:54:33.011+09:00  INFO [requestId:] 4389 --- [sc-starter-app] [           main] j.LocalContainerEntityManagerFactoryBean : Initialized JPA EntityManagerFactory for persistence unit 'default'
2026-10-07T03:54:33.139+09:00  INFO [requestId:] 4389 --- [sc-starter-app] [           main] o.s.b.a.w.s.WelcomePageHandlerMapping    : Adding welcome page: class path resource [static/index.html]
2026-10-07T03:54:33.157+09:00  INFO [requestId:] 4389 --- [sc-starter-app] [           main] eAuthenticationProviderManagerConfigurer : Global AuthenticationManager configured with AuthenticationProvider bean with name syntheticAuthenticationProvider
2026-10-07T03:54:33.157+09:00  WARN [requestId:] 4389 --- [sc-starter-app] [           main] r$InitializeUserDetailsManagerConfigurer : Global AuthenticationManager configured with an AuthenticationProvider bean. UserDetailsService beans will not be used by Spring Security for automatically configuring username/password login. Consider removing the AuthenticationProvider bean. Alternatively, consider using the UserDetailsService in a manually instantiated DaoAuthenticationProvider. If the current configuration is intentional, to turn off this warning, increase the logging level of 'org.springframework.security.config.annotation.authentication.configuration.InitializeUserDetailsBeanManagerConfigurer' to ERROR
2026-10-07T03:54:33.167+09:00  INFO [requestId:] 4389 --- [sc-starter-app] [           main] o.s.b.a.e.web.EndpointLinksResolver      : Exposing 1 endpoint beneath base path '/actuator'
2026-10-07T03:54:33.184+09:00  INFO [requestId:] 4389 --- [sc-starter-app] [           main] o.s.b.t.m.w.SpringBootMockServletContext : Initializing Spring TestDispatcherServlet ''
2026-10-07T03:54:33.184+09:00  INFO [requestId:] 4389 --- [sc-starter-app] [           main] o.s.t.web.servlet.TestDispatcherServlet  : Initializing Servlet ''
2026-10-07T03:54:33.184+09:00  INFO [requestId:] 4389 --- [sc-starter-app] [           main] o.s.t.web.servlet.TestDispatcherServlet  : Completed initialization in 0 ms
2026-10-07T03:54:33.196+09:00  INFO [requestId:] 4389 --- [sc-starter-app] [           main] d.s.s.StarterFileStorageConsumerTest     : Started StarterFileStorageConsumerTest in 0.302 seconds (process running for 3.504)
[INFO] Tests run: 2, Failures: 0, Errors: 0, Skipped: 0, Time elapsed: 0.584 s -- in dev.scframework.starter.StarterFileStorageConsumerTest
[INFO] 
[INFO] Results:
[INFO] 
[INFO] Tests run: 8, Failures: 0, Errors: 0, Skipped: 0
[INFO] 
[INFO] 
[INFO] --- jar:3.4.2:jar (default-jar) @ sc-starter-app ---
[INFO] Building jar: /Users/dk/Work/ScFramework/backend/starter-app/target/sc-starter-app.jar
[INFO] 
[INFO] --- spring-boot:3.5.16:repackage (repackage) @ sc-starter-app ---
[INFO] Replacing main artifact /Users/dk/Work/ScFramework/backend/starter-app/target/sc-starter-app.jar with repackaged archive, adding nested dependencies in BOOT-INF/.
[INFO] The original artifact has been renamed to /Users/dk/Work/ScFramework/backend/starter-app/target/sc-starter-app.jar.original
[INFO] ------------------------------------------------------------------------
[INFO] Reactor Summary for ScFramework backend 0.1.0-SNAPSHOT:
[INFO] 
[INFO] ScFramework backend ................................ SUCCESS [  0.038 s]
[INFO] ScFramework core contracts ......................... SUCCESS [  1.007 s]
[INFO] ScFramework auto configuration ..................... SUCCESS [  2.322 s]
[INFO] ScFramework Spring Boot Starter .................... SUCCESS [  0.043 s]
[INFO] ScFramework neutral reference app .................. SUCCESS [ 38.486 s]
[INFO] ScFramework minimal consumer app ................... SUCCESS [  4.435 s]
[INFO] ------------------------------------------------------------------------
[INFO] BUILD SUCCESS
[INFO] ------------------------------------------------------------------------
[INFO] Total time:  46.471 s
[INFO] Finished at: 2026-10-07T03:54:33+09:00
[INFO] ------------------------------------------------------------------------
통합 빌드 완료: reference-app과 starter-app의 실행 JAR를 생성했습니다.
