===== dev / launcher-1.log =====
Bootstrap secret file is ready (value omitted).

  VITE v8.3.1  ready in 138 ms

  ➜  Local:   http://127.0.0.1:5186/

  .   ____          _            __ _ _
 /\\ / ___'_ __ _ _(_)_ __  __ _ \ \ \ \
( ( )\___ | '_ | '_| | '_ \/ _` | \ \ \ \
 \\/  ___)| |_)| | | | | || (_| |  ) ) ) )
  '  |____| .__|_| |_|_| |_\__, | / / / /
 =========|_|==============|___/=/_/_/_/

 :: Spring Boot ::               (v3.5.16)

2026-10-07T05:54:59.914+09:00  INFO [requestId:] 32701 --- [sc-notes] [           main] d.s.notesapp.GeneratedApplication        : Starting GeneratedApplication v1.0.0 using Java 21.0.11 with PID 32701 (<generated-app>/backend/target/sc-notes.jar started by dk in <generated-app>)
2026-10-07T05:54:59.915+09:00  INFO [requestId:] 32701 --- [sc-notes] [           main] d.s.notesapp.GeneratedApplication        : The following 1 profile is active: "dev"
2026-10-07T05:55:00.433+09:00  INFO [requestId:] 32701 --- [sc-notes] [           main] .s.d.r.c.RepositoryConfigurationDelegate : Bootstrapping Spring Data JPA repositories in DEFAULT mode.
2026-10-07T05:55:00.483+09:00  INFO [requestId:] 32701 --- [sc-notes] [           main] .s.d.r.c.RepositoryConfigurationDelegate : Finished Spring Data repository scanning in 46 ms. Found 1 JPA repository interface.
2026-10-07T05:55:00.548+09:00  INFO [requestId:] 32701 --- [sc-notes] [           main] o.s.cloud.context.scope.GenericScope     : BeanFactory id=3e053abf-cc0b-3c80-bbb1-aea6d494f72f
2026-10-07T05:55:00.716+09:00  INFO [requestId:] 32701 --- [sc-notes] [           main] o.s.b.w.embedded.tomcat.TomcatWebServer  : Tomcat initialized with port 57500 (http)
2026-10-07T05:55:00.723+09:00  INFO [requestId:] 32701 --- [sc-notes] [           main] o.apache.catalina.core.StandardService   : Starting service [Tomcat]
2026-10-07T05:55:00.724+09:00  INFO [requestId:] 32701 --- [sc-notes] [           main] o.apache.catalina.core.StandardEngine    : Starting Servlet engine: [Apache Tomcat/10.1.55]
2026-10-07T05:55:00.736+09:00  INFO [requestId:] 32701 --- [sc-notes] [           main] o.a.c.c.C.[Tomcat].[localhost].[/]       : Initializing Spring embedded WebApplicationContext
2026-10-07T05:55:00.736+09:00  INFO [requestId:] 32701 --- [sc-notes] [           main] w.s.c.ServletWebServerApplicationContext : Root WebApplicationContext: initialization completed in 801 ms
2026-10-07T05:55:00.880+09:00  INFO [requestId:] 32701 --- [sc-notes] [           main] com.zaxxer.hikari.HikariDataSource       : HikariPool-1 - Starting...
2026-10-07T05:55:00.961+09:00  INFO [requestId:] 32701 --- [sc-notes] [           main] com.zaxxer.hikari.pool.HikariPool        : HikariPool-1 - Added connection conn0: url=jdbc:h2:file:<isolated-fixture>/data/app user=SA
2026-10-07T05:55:00.962+09:00  INFO [requestId:] 32701 --- [sc-notes] [           main] com.zaxxer.hikari.HikariDataSource       : HikariPool-1 - Start completed.
2026-10-07T05:55:00.980+09:00  INFO [requestId:] 32701 --- [sc-notes] [           main] org.flywaydb.core.FlywayExecutor         : Database: jdbc:h2:file:<isolated-fixture>/data/app (H2 2.3)
2026-10-07T05:55:00.989+09:00  INFO [requestId:] 32701 --- [sc-notes] [           main] o.f.c.i.s.JdbcTableSchemaHistory         : Schema history table "PUBLIC"."flyway_schema_history" does not exist yet
2026-10-07T05:55:00.990+09:00  INFO [requestId:] 32701 --- [sc-notes] [           main] o.f.core.internal.command.DbValidate     : Successfully validated 1 migration (execution time 00:00.004s)
2026-10-07T05:55:00.992+09:00  INFO [requestId:] 32701 --- [sc-notes] [           main] o.f.c.i.s.JdbcTableSchemaHistory         : Creating Schema History table "PUBLIC"."flyway_schema_history" ...
2026-10-07T05:55:01.005+09:00  INFO [requestId:] 32701 --- [sc-notes] [           main] o.f.core.internal.command.DbMigrate      : Current version of schema "PUBLIC": << Empty Schema >>
2026-10-07T05:55:01.007+09:00  INFO [requestId:] 32701 --- [sc-notes] [           main] o.f.core.internal.command.DbMigrate      : Migrating schema "PUBLIC" to version "1 - starter notes"
2026-10-07T05:55:01.013+09:00  INFO [requestId:] 32701 --- [sc-notes] [           main] o.f.core.internal.command.DbMigrate      : Successfully applied 1 migration to schema "PUBLIC", now at version v1 (execution time 00:00.002s)
2026-10-07T05:55:01.041+09:00  INFO [requestId:] 32701 --- [sc-notes] [           main] o.hibernate.jpa.internal.util.LogHelper  : HHH000204: Processing PersistenceUnitInfo [name: default]
2026-10-07T05:55:01.059+09:00  INFO [requestId:] 32701 --- [sc-notes] [           main] org.hibernate.Version                    : HHH000412: Hibernate ORM core version 6.6.53.Final
2026-10-07T05:55:01.071+09:00  INFO [requestId:] 32701 --- [sc-notes] [           main] o.h.c.internal.RegionFactoryInitiator    : HHH000026: Second-level cache disabled
2026-10-07T05:55:01.189+09:00  INFO [requestId:] 32701 --- [sc-notes] [           main] o.s.o.j.p.SpringPersistenceUnitInfo      : No LoadTimeWeaver setup: ignoring JPA class transformer
2026-10-07T05:55:01.213+09:00  INFO [requestId:] 32701 --- [sc-notes] [           main] org.hibernate.orm.connections.pooling    : HHH10001005: Database info:
	Database JDBC URL [Connecting through datasource 'HikariDataSource (HikariPool-1)']
	Database driver: undefined/unknown
	Database version: 2.3.232
	Autocommit mode: undefined/unknown
	Isolation level: undefined/unknown
	Minimum pool size: undefined/unknown
	Maximum pool size: undefined/unknown
2026-10-07T05:55:01.494+09:00  INFO [requestId:] 32701 --- [sc-notes] [           main] o.h.e.t.j.p.i.JtaPlatformInitiator       : HHH000489: No JTA platform available (set 'hibernate.transaction.jta.platform' to enable JTA platform integration)
2026-10-07T05:55:01.501+09:00  INFO [requestId:] 32701 --- [sc-notes] [           main] j.LocalContainerEntityManagerFactoryBean : Initialized JPA EntityManagerFactory for persistence unit 'default'
2026-10-07T05:55:01.842+09:00  INFO [requestId:] 32701 --- [sc-notes] [           main] o.s.b.a.w.s.WelcomePageHandlerMapping    : Adding welcome page: class path resource [static/index.html]
2026-10-07T05:55:02.000+09:00  INFO [requestId:] 32701 --- [sc-notes] [           main] r$InitializeUserDetailsManagerConfigurer : Global AuthenticationManager configured with UserDetailsService bean with name users
2026-10-07T05:55:02.059+09:00  INFO [requestId:] 32701 --- [sc-notes] [           main] o.s.b.a.e.web.EndpointLinksResolver      : Exposing 1 endpoint beneath base path '/actuator'
2026-10-07T05:55:02.185+09:00  INFO [requestId:] 32701 --- [sc-notes] [           main] o.s.b.w.embedded.tomcat.TomcatWebServer  : Tomcat started on port 57500 (http) with context path '/'
2026-10-07T05:55:02.196+09:00  INFO [requestId:] 32701 --- [sc-notes] [           main] d.s.notesapp.GeneratedApplication        : Started GeneratedApplication in 2.539 seconds (process running for 2.787)
2026-10-07T05:55:02.239+09:00  INFO [requestId:] 32701 --- [sc-notes] [.1-57500-exec-1] o.a.c.c.C.[Tomcat].[localhost].[/]       : Initializing Spring DispatcherServlet 'dispatcherServlet'
2026-10-07T05:55:02.239+09:00  INFO [requestId:] 32701 --- [sc-notes] [.1-57500-exec-1] o.s.web.servlet.DispatcherServlet        : Initializing Servlet 'dispatcherServlet'
2026-10-07T05:55:02.240+09:00  INFO [requestId:] 32701 --- [sc-notes] [.1-57500-exec-1] o.s.web.servlet.DispatcherServlet        : Completed initialization in 1 ms
2026-10-07T05:55:02.634+09:00  INFO [requestId:] 32701 --- [sc-notes] [ionShutdownHook] o.s.b.w.e.tomcat.GracefulShutdown        : Commencing graceful shutdown. Waiting for active requests to complete
2026-10-07T05:55:02.636+09:00  INFO [requestId:] 32701 --- [sc-notes] [tomcat-shutdown] o.s.b.w.e.tomcat.GracefulShutdown        : Graceful shutdown complete
2026-10-07T05:55:02.639+09:00  INFO [requestId:] 32701 --- [sc-notes] [ionShutdownHook] j.LocalContainerEntityManagerFactoryBean : Closing JPA EntityManagerFactory for persistence unit 'default'
2026-10-07T05:55:02.641+09:00  INFO [requestId:] 32701 --- [sc-notes] [ionShutdownHook] com.zaxxer.hikari.HikariDataSource       : HikariPool-1 - Shutdown initiated...
2026-10-07T05:55:02.648+09:00  INFO [requestId:] 32701 --- [sc-notes] [ionShutdownHook] com.zaxxer.hikari.HikariDataSource       : HikariPool-1 - Shutdown completed.

===== dev / app.log =====
2026-10-07T05:54:59.914+09:00  INFO [requestId:] 32701 --- [sc-notes] [main] d.s.notesapp.GeneratedApplication        : Starting GeneratedApplication v1.0.0 using Java 21.0.11 with PID 32701 (<generated-app>/backend/target/sc-notes.jar started by dk in <generated-app>)
2026-10-07T05:54:59.915+09:00  INFO [requestId:] 32701 --- [sc-notes] [main] d.s.notesapp.GeneratedApplication        : The following 1 profile is active: "dev"
2026-10-07T05:55:00.433+09:00  INFO [requestId:] 32701 --- [sc-notes] [main] .s.d.r.c.RepositoryConfigurationDelegate : Bootstrapping Spring Data JPA repositories in DEFAULT mode.
2026-10-07T05:55:00.483+09:00  INFO [requestId:] 32701 --- [sc-notes] [main] .s.d.r.c.RepositoryConfigurationDelegate : Finished Spring Data repository scanning in 46 ms. Found 1 JPA repository interface.
2026-10-07T05:55:00.548+09:00  INFO [requestId:] 32701 --- [sc-notes] [main] o.s.cloud.context.scope.GenericScope     : BeanFactory id=3e053abf-cc0b-3c80-bbb1-aea6d494f72f
2026-10-07T05:55:00.716+09:00  INFO [requestId:] 32701 --- [sc-notes] [main] o.s.b.w.embedded.tomcat.TomcatWebServer  : Tomcat initialized with port 57500 (http)
2026-10-07T05:55:00.723+09:00  INFO [requestId:] 32701 --- [sc-notes] [main] o.apache.catalina.core.StandardService   : Starting service [Tomcat]
2026-10-07T05:55:00.724+09:00  INFO [requestId:] 32701 --- [sc-notes] [main] o.apache.catalina.core.StandardEngine    : Starting Servlet engine: [Apache Tomcat/10.1.55]
2026-10-07T05:55:00.736+09:00  INFO [requestId:] 32701 --- [sc-notes] [main] o.a.c.c.C.[Tomcat].[localhost].[/]       : Initializing Spring embedded WebApplicationContext
2026-10-07T05:55:00.736+09:00  INFO [requestId:] 32701 --- [sc-notes] [main] w.s.c.ServletWebServerApplicationContext : Root WebApplicationContext: initialization completed in 801 ms
2026-10-07T05:55:00.880+09:00  INFO [requestId:] 32701 --- [sc-notes] [main] com.zaxxer.hikari.HikariDataSource       : HikariPool-1 - Starting...
2026-10-07T05:55:00.961+09:00  INFO [requestId:] 32701 --- [sc-notes] [main] com.zaxxer.hikari.pool.HikariPool        : HikariPool-1 - Added connection conn0: url=jdbc:h2:file:<isolated-fixture>/data/app user=SA
2026-10-07T05:55:00.962+09:00  INFO [requestId:] 32701 --- [sc-notes] [main] com.zaxxer.hikari.HikariDataSource       : HikariPool-1 - Start completed.
2026-10-07T05:55:00.980+09:00  INFO [requestId:] 32701 --- [sc-notes] [main] org.flywaydb.core.FlywayExecutor         : Database: jdbc:h2:file:<isolated-fixture>/data/app (H2 2.3)
2026-10-07T05:55:00.989+09:00  INFO [requestId:] 32701 --- [sc-notes] [main] o.f.c.i.s.JdbcTableSchemaHistory         : Schema history table "PUBLIC"."flyway_schema_history" does not exist yet
2026-10-07T05:55:00.990+09:00  INFO [requestId:] 32701 --- [sc-notes] [main] o.f.core.internal.command.DbValidate     : Successfully validated 1 migration (execution time 00:00.004s)
2026-10-07T05:55:00.992+09:00  INFO [requestId:] 32701 --- [sc-notes] [main] o.f.c.i.s.JdbcTableSchemaHistory         : Creating Schema History table "PUBLIC"."flyway_schema_history" ...
2026-10-07T05:55:01.005+09:00  INFO [requestId:] 32701 --- [sc-notes] [main] o.f.core.internal.command.DbMigrate      : Current version of schema "PUBLIC": << Empty Schema >>
2026-10-07T05:55:01.007+09:00  INFO [requestId:] 32701 --- [sc-notes] [main] o.f.core.internal.command.DbMigrate      : Migrating schema "PUBLIC" to version "1 - starter notes"
2026-10-07T05:55:01.013+09:00  INFO [requestId:] 32701 --- [sc-notes] [main] o.f.core.internal.command.DbMigrate      : Successfully applied 1 migration to schema "PUBLIC", now at version v1 (execution time 00:00.002s)
2026-10-07T05:55:01.041+09:00  INFO [requestId:] 32701 --- [sc-notes] [main] o.hibernate.jpa.internal.util.LogHelper  : HHH000204: Processing PersistenceUnitInfo [name: default]
2026-10-07T05:55:01.059+09:00  INFO [requestId:] 32701 --- [sc-notes] [main] org.hibernate.Version                    : HHH000412: Hibernate ORM core version 6.6.53.Final
2026-10-07T05:55:01.071+09:00  INFO [requestId:] 32701 --- [sc-notes] [main] o.h.c.internal.RegionFactoryInitiator    : HHH000026: Second-level cache disabled
2026-10-07T05:55:01.189+09:00  INFO [requestId:] 32701 --- [sc-notes] [main] o.s.o.j.p.SpringPersistenceUnitInfo      : No LoadTimeWeaver setup: ignoring JPA class transformer
2026-10-07T05:55:01.213+09:00  INFO [requestId:] 32701 --- [sc-notes] [main] org.hibernate.orm.connections.pooling    : HHH10001005: Database info:
	Database JDBC URL [Connecting through datasource 'HikariDataSource (HikariPool-1)']
	Database driver: undefined/unknown
	Database version: 2.3.232
	Autocommit mode: undefined/unknown
	Isolation level: undefined/unknown
	Minimum pool size: undefined/unknown
	Maximum pool size: undefined/unknown
2026-10-07T05:55:01.494+09:00  INFO [requestId:] 32701 --- [sc-notes] [main] o.h.e.t.j.p.i.JtaPlatformInitiator       : HHH000489: No JTA platform available (set 'hibernate.transaction.jta.platform' to enable JTA platform integration)
2026-10-07T05:55:01.501+09:00  INFO [requestId:] 32701 --- [sc-notes] [main] j.LocalContainerEntityManagerFactoryBean : Initialized JPA EntityManagerFactory for persistence unit 'default'
2026-10-07T05:55:01.842+09:00  INFO [requestId:] 32701 --- [sc-notes] [main] o.s.b.a.w.s.WelcomePageHandlerMapping    : Adding welcome page: class path resource [static/index.html]
2026-10-07T05:55:02.000+09:00  INFO [requestId:] 32701 --- [sc-notes] [main] r$InitializeUserDetailsManagerConfigurer : Global AuthenticationManager configured with UserDetailsService bean with name users
2026-10-07T05:55:02.059+09:00  INFO [requestId:] 32701 --- [sc-notes] [main] o.s.b.a.e.web.EndpointLinksResolver      : Exposing 1 endpoint beneath base path '/actuator'
2026-10-07T05:55:02.185+09:00  INFO [requestId:] 32701 --- [sc-notes] [main] o.s.b.w.embedded.tomcat.TomcatWebServer  : Tomcat started on port 57500 (http) with context path '/'
2026-10-07T05:55:02.196+09:00  INFO [requestId:] 32701 --- [sc-notes] [main] d.s.notesapp.GeneratedApplication        : Started GeneratedApplication in 2.539 seconds (process running for 2.787)
2026-10-07T05:55:02.239+09:00  INFO [requestId:] 32701 --- [sc-notes] [http-nio-127.0.0.1-57500-exec-1] o.a.c.c.C.[Tomcat].[localhost].[/]       : Initializing Spring DispatcherServlet 'dispatcherServlet'
2026-10-07T05:55:02.239+09:00  INFO [requestId:] 32701 --- [sc-notes] [http-nio-127.0.0.1-57500-exec-1] o.s.web.servlet.DispatcherServlet        : Initializing Servlet 'dispatcherServlet'
2026-10-07T05:55:02.240+09:00  INFO [requestId:] 32701 --- [sc-notes] [http-nio-127.0.0.1-57500-exec-1] o.s.web.servlet.DispatcherServlet        : Completed initialization in 1 ms
2026-10-07T05:55:02.634+09:00  INFO [requestId:] 32701 --- [sc-notes] [SpringApplicationShutdownHook] o.s.b.w.e.tomcat.GracefulShutdown        : Commencing graceful shutdown. Waiting for active requests to complete
2026-10-07T05:55:02.636+09:00  INFO [requestId:] 32701 --- [sc-notes] [tomcat-shutdown] o.s.b.w.e.tomcat.GracefulShutdown        : Graceful shutdown complete
2026-10-07T05:55:02.639+09:00  INFO [requestId:] 32701 --- [sc-notes] [SpringApplicationShutdownHook] j.LocalContainerEntityManagerFactoryBean : Closing JPA EntityManagerFactory for persistence unit 'default'
2026-10-07T05:55:02.641+09:00  INFO [requestId:] 32701 --- [sc-notes] [SpringApplicationShutdownHook] com.zaxxer.hikari.HikariDataSource       : HikariPool-1 - Shutdown initiated...
2026-10-07T05:55:02.648+09:00  INFO [requestId:] 32701 --- [sc-notes] [SpringApplicationShutdownHook] com.zaxxer.hikari.HikariDataSource       : HikariPool-1 - Shutdown completed.

===== dev,audit,file-storage / launcher-2.log =====
Bootstrap secret file is ready (value omitted).

  .   ____          _            __ _ _
 /\\ / ___'_ __ _ _(_)_ __  __ _ \ \ \ \
( ( )\___ | '_ | '_| | '_ \/ _` | \ \ \ \
 \\/  ___)| |_)| | | | | || (_| |  ) ) ) )
  '  |____| .__|_| |_|_| |_\__, | / / / /
 =========|_|==============|___/=/_/_/_/

 :: Spring Boot ::               (v3.5.16)

2026-10-07T05:54:56.162+09:00  INFO [requestId:] 32662 --- [sc-notes] [           main] d.s.notesapp.GeneratedApplication        : Starting GeneratedApplication v1.0.0 using Java 21.0.11 with PID 32662 (<generated-app>/backend/target/sc-notes.jar started by dk in <generated-app>)
2026-10-07T05:54:56.163+09:00  INFO [requestId:] 32662 --- [sc-notes] [           main] d.s.notesapp.GeneratedApplication        : The following 3 profiles are active: "dev", "audit", "file-storage"
2026-10-07T05:54:56.683+09:00  INFO [requestId:] 32662 --- [sc-notes] [           main] .s.d.r.c.RepositoryConfigurationDelegate : Bootstrapping Spring Data JPA repositories in DEFAULT mode.
2026-10-07T05:54:56.731+09:00  INFO [requestId:] 32662 --- [sc-notes] [           main] .s.d.r.c.RepositoryConfigurationDelegate : Finished Spring Data repository scanning in 43 ms. Found 1 JPA repository interface.
2026-10-07T05:54:56.794+09:00  INFO [requestId:] 32662 --- [sc-notes] [           main] o.s.cloud.context.scope.GenericScope     : BeanFactory id=ab288736-3df9-3de0-95a7-aa44144238f1
2026-10-07T05:54:56.964+09:00  INFO [requestId:] 32662 --- [sc-notes] [           main] o.s.b.w.embedded.tomcat.TomcatWebServer  : Tomcat initialized with port 0 (http)
2026-10-07T05:54:56.971+09:00  INFO [requestId:] 32662 --- [sc-notes] [           main] o.apache.catalina.core.StandardService   : Starting service [Tomcat]
2026-10-07T05:54:56.971+09:00  INFO [requestId:] 32662 --- [sc-notes] [           main] o.apache.catalina.core.StandardEngine    : Starting Servlet engine: [Apache Tomcat/10.1.55]
2026-10-07T05:54:56.983+09:00  INFO [requestId:] 32662 --- [sc-notes] [           main] o.a.c.c.C.[Tomcat].[localhost].[/]       : Initializing Spring embedded WebApplicationContext
2026-10-07T05:54:56.983+09:00  INFO [requestId:] 32662 --- [sc-notes] [           main] w.s.c.ServletWebServerApplicationContext : Root WebApplicationContext: initialization completed in 799 ms
2026-10-07T05:54:57.119+09:00  INFO [requestId:] 32662 --- [sc-notes] [           main] com.zaxxer.hikari.HikariDataSource       : HikariPool-1 - Starting...
2026-10-07T05:54:57.204+09:00  INFO [requestId:] 32662 --- [sc-notes] [           main] com.zaxxer.hikari.pool.HikariPool        : HikariPool-1 - Added connection conn0: url=jdbc:h2:file:<isolated-fixture>/data/app user=SA
2026-10-07T05:54:57.204+09:00  INFO [requestId:] 32662 --- [sc-notes] [           main] com.zaxxer.hikari.HikariDataSource       : HikariPool-1 - Start completed.
2026-10-07T05:54:57.220+09:00  INFO [requestId:] 32662 --- [sc-notes] [           main] org.flywaydb.core.FlywayExecutor         : Database: jdbc:h2:file:<isolated-fixture>/data/app (H2 2.3)
2026-10-07T05:54:57.234+09:00  INFO [requestId:] 32662 --- [sc-notes] [           main] o.f.core.internal.command.DbValidate     : Successfully validated 2 migrations (execution time 00:00.008s)
2026-10-07T05:54:57.238+09:00  INFO [requestId:] 32662 --- [sc-notes] [           main] o.f.core.internal.command.DbMigrate      : Current version of schema "PUBLIC": 2
2026-10-07T05:54:57.239+09:00  INFO [requestId:] 32662 --- [sc-notes] [           main] o.f.core.internal.command.DbMigrate      : Schema "PUBLIC" is up to date. No migration necessary.
2026-10-07T05:54:57.269+09:00  INFO [requestId:] 32662 --- [sc-notes] [           main] o.hibernate.jpa.internal.util.LogHelper  : HHH000204: Processing PersistenceUnitInfo [name: default]
2026-10-07T05:54:57.288+09:00  INFO [requestId:] 32662 --- [sc-notes] [           main] org.hibernate.Version                    : HHH000412: Hibernate ORM core version 6.6.53.Final
2026-10-07T05:54:57.300+09:00  INFO [requestId:] 32662 --- [sc-notes] [           main] o.h.c.internal.RegionFactoryInitiator    : HHH000026: Second-level cache disabled
2026-10-07T05:54:57.411+09:00  INFO [requestId:] 32662 --- [sc-notes] [           main] o.s.o.j.p.SpringPersistenceUnitInfo      : No LoadTimeWeaver setup: ignoring JPA class transformer
2026-10-07T05:54:57.435+09:00  INFO [requestId:] 32662 --- [sc-notes] [           main] org.hibernate.orm.connections.pooling    : HHH10001005: Database info:
	Database JDBC URL [Connecting through datasource 'HikariDataSource (HikariPool-1)']
	Database driver: undefined/unknown
	Database version: 2.3.232
	Autocommit mode: undefined/unknown
	Isolation level: undefined/unknown
	Minimum pool size: undefined/unknown
	Maximum pool size: undefined/unknown
2026-10-07T05:54:57.711+09:00  INFO [requestId:] 32662 --- [sc-notes] [           main] o.h.e.t.j.p.i.JtaPlatformInitiator       : HHH000489: No JTA platform available (set 'hibernate.transaction.jta.platform' to enable JTA platform integration)
2026-10-07T05:54:57.717+09:00  INFO [requestId:] 32662 --- [sc-notes] [           main] j.LocalContainerEntityManagerFactoryBean : Initialized JPA EntityManagerFactory for persistence unit 'default'
2026-10-07T05:54:58.059+09:00  INFO [requestId:] 32662 --- [sc-notes] [           main] o.s.b.a.w.s.WelcomePageHandlerMapping    : Adding welcome page: class path resource [static/index.html]
2026-10-07T05:54:58.222+09:00  INFO [requestId:] 32662 --- [sc-notes] [           main] r$InitializeUserDetailsManagerConfigurer : Global AuthenticationManager configured with UserDetailsService bean with name users
2026-10-07T05:54:58.287+09:00  INFO [requestId:] 32662 --- [sc-notes] [           main] o.s.b.a.e.web.EndpointLinksResolver      : Exposing 1 endpoint beneath base path '/actuator'
2026-10-07T05:54:58.413+09:00  INFO [requestId:] 32662 --- [sc-notes] [           main] o.s.b.w.embedded.tomcat.TomcatWebServer  : Tomcat started on port 57490 (http) with context path '/'
2026-10-07T05:54:58.423+09:00  INFO [requestId:] 32662 --- [sc-notes] [           main] d.s.notesapp.GeneratedApplication        : Started GeneratedApplication in 2.527 seconds (process running for 2.744)
2026-10-07T05:54:58.458+09:00  INFO [requestId:] 32662 --- [sc-notes] [1-auto-1-exec-1] o.a.c.c.C.[Tomcat].[localhost].[/]       : Initializing Spring DispatcherServlet 'dispatcherServlet'
2026-10-07T05:54:58.458+09:00  INFO [requestId:] 32662 --- [sc-notes] [1-auto-1-exec-1] o.s.web.servlet.DispatcherServlet        : Initializing Servlet 'dispatcherServlet'
2026-10-07T05:54:58.458+09:00  INFO [requestId:] 32662 --- [sc-notes] [1-auto-1-exec-1] o.s.web.servlet.DispatcherServlet        : Completed initialization in 0 ms
2026-10-07T05:54:58.715+09:00  INFO [requestId:] 32662 --- [sc-notes] [ionShutdownHook] o.s.b.w.e.tomcat.GracefulShutdown        : Commencing graceful shutdown. Waiting for active requests to complete
2026-10-07T05:54:58.717+09:00  INFO [requestId:] 32662 --- [sc-notes] [tomcat-shutdown] o.s.b.w.e.tomcat.GracefulShutdown        : Graceful shutdown complete
2026-10-07T05:54:58.720+09:00  INFO [requestId:] 32662 --- [sc-notes] [ionShutdownHook] j.LocalContainerEntityManagerFactoryBean : Closing JPA EntityManagerFactory for persistence unit 'default'
2026-10-07T05:54:58.721+09:00  INFO [requestId:] 32662 --- [sc-notes] [ionShutdownHook] com.zaxxer.hikari.HikariDataSource       : HikariPool-1 - Shutdown initiated...
2026-10-07T05:54:58.934+09:00  INFO [requestId:] 32662 --- [sc-notes] [ionShutdownHook] com.zaxxer.hikari.HikariDataSource       : HikariPool-1 - Shutdown completed.

===== dev,audit,file-storage / launcher-1.log =====
Bootstrap secret file is ready (value omitted).

  .   ____          _            __ _ _
 /\\ / ___'_ __ _ _(_)_ __  __ _ \ \ \ \
( ( )\___ | '_ | '_| | '_ \/ _` | \ \ \ \
 \\/  ___)| |_)| | | | | || (_| |  ) ) ) )
  '  |____| .__|_| |_|_| |_\__, | / / / /
 =========|_|==============|___/=/_/_/_/

 :: Spring Boot ::               (v3.5.16)

2026-10-07T05:54:51.891+09:00  INFO [requestId:] 32608 --- [sc-notes] [           main] d.s.notesapp.GeneratedApplication        : Starting GeneratedApplication v1.0.0 using Java 21.0.11 with PID 32608 (<generated-app>/backend/target/sc-notes.jar started by dk in <generated-app>)
2026-10-07T05:54:51.892+09:00  INFO [requestId:] 32608 --- [sc-notes] [           main] d.s.notesapp.GeneratedApplication        : The following 3 profiles are active: "dev", "audit", "file-storage"
2026-10-07T05:54:52.418+09:00  INFO [requestId:] 32608 --- [sc-notes] [           main] .s.d.r.c.RepositoryConfigurationDelegate : Bootstrapping Spring Data JPA repositories in DEFAULT mode.
2026-10-07T05:54:52.469+09:00  INFO [requestId:] 32608 --- [sc-notes] [           main] .s.d.r.c.RepositoryConfigurationDelegate : Finished Spring Data repository scanning in 47 ms. Found 1 JPA repository interface.
2026-10-07T05:54:52.533+09:00  INFO [requestId:] 32608 --- [sc-notes] [           main] o.s.cloud.context.scope.GenericScope     : BeanFactory id=ab288736-3df9-3de0-95a7-aa44144238f1
2026-10-07T05:54:52.706+09:00  INFO [requestId:] 32608 --- [sc-notes] [           main] o.s.b.w.embedded.tomcat.TomcatWebServer  : Tomcat initialized with port 0 (http)
2026-10-07T05:54:52.713+09:00  INFO [requestId:] 32608 --- [sc-notes] [           main] o.apache.catalina.core.StandardService   : Starting service [Tomcat]
2026-10-07T05:54:52.713+09:00  INFO [requestId:] 32608 --- [sc-notes] [           main] o.apache.catalina.core.StandardEngine    : Starting Servlet engine: [Apache Tomcat/10.1.55]
2026-10-07T05:54:52.725+09:00  INFO [requestId:] 32608 --- [sc-notes] [           main] o.a.c.c.C.[Tomcat].[localhost].[/]       : Initializing Spring embedded WebApplicationContext
2026-10-07T05:54:52.725+09:00  INFO [requestId:] 32608 --- [sc-notes] [           main] w.s.c.ServletWebServerApplicationContext : Root WebApplicationContext: initialization completed in 812 ms
2026-10-07T05:54:52.858+09:00  INFO [requestId:] 32608 --- [sc-notes] [           main] com.zaxxer.hikari.HikariDataSource       : HikariPool-1 - Starting...
2026-10-07T05:54:52.937+09:00  INFO [requestId:] 32608 --- [sc-notes] [           main] com.zaxxer.hikari.pool.HikariPool        : HikariPool-1 - Added connection conn0: url=jdbc:h2:file:<isolated-fixture>/data/app user=SA
2026-10-07T05:54:52.938+09:00  INFO [requestId:] 32608 --- [sc-notes] [           main] com.zaxxer.hikari.HikariDataSource       : HikariPool-1 - Start completed.
2026-10-07T05:54:52.956+09:00  INFO [requestId:] 32608 --- [sc-notes] [           main] org.flywaydb.core.FlywayExecutor         : Database: jdbc:h2:file:<isolated-fixture>/data/app (H2 2.3)
2026-10-07T05:54:52.966+09:00  INFO [requestId:] 32608 --- [sc-notes] [           main] o.f.c.i.s.JdbcTableSchemaHistory         : Schema history table "PUBLIC"."flyway_schema_history" does not exist yet
2026-10-07T05:54:52.967+09:00  INFO [requestId:] 32608 --- [sc-notes] [           main] o.f.core.internal.command.DbValidate     : Successfully validated 2 migrations (execution time 00:00.005s)
2026-10-07T05:54:52.969+09:00  INFO [requestId:] 32608 --- [sc-notes] [           main] o.f.c.i.s.JdbcTableSchemaHistory         : Creating Schema History table "PUBLIC"."flyway_schema_history" ...
2026-10-07T05:54:52.982+09:00  INFO [requestId:] 32608 --- [sc-notes] [           main] o.f.core.internal.command.DbMigrate      : Current version of schema "PUBLIC": << Empty Schema >>
2026-10-07T05:54:52.985+09:00  INFO [requestId:] 32608 --- [sc-notes] [           main] o.f.core.internal.command.DbMigrate      : Migrating schema "PUBLIC" to version "1 - starter notes"
2026-10-07T05:54:52.991+09:00  INFO [requestId:] 32608 --- [sc-notes] [           main] o.f.core.internal.command.DbMigrate      : Migrating schema "PUBLIC" to version "2 - security audit"
2026-10-07T05:54:52.998+09:00  INFO [requestId:] 32608 --- [sc-notes] [           main] o.f.core.internal.command.DbMigrate      : Successfully applied 2 migrations to schema "PUBLIC", now at version v2 (execution time 00:00.006s)
2026-10-07T05:54:53.028+09:00  INFO [requestId:] 32608 --- [sc-notes] [           main] o.hibernate.jpa.internal.util.LogHelper  : HHH000204: Processing PersistenceUnitInfo [name: default]
2026-10-07T05:54:53.047+09:00  INFO [requestId:] 32608 --- [sc-notes] [           main] org.hibernate.Version                    : HHH000412: Hibernate ORM core version 6.6.53.Final
2026-10-07T05:54:53.060+09:00  INFO [requestId:] 32608 --- [sc-notes] [           main] o.h.c.internal.RegionFactoryInitiator    : HHH000026: Second-level cache disabled
2026-10-07T05:54:53.173+09:00  INFO [requestId:] 32608 --- [sc-notes] [           main] o.s.o.j.p.SpringPersistenceUnitInfo      : No LoadTimeWeaver setup: ignoring JPA class transformer
2026-10-07T05:54:53.199+09:00  INFO [requestId:] 32608 --- [sc-notes] [           main] org.hibernate.orm.connections.pooling    : HHH10001005: Database info:
	Database JDBC URL [Connecting through datasource 'HikariDataSource (HikariPool-1)']
	Database driver: undefined/unknown
	Database version: 2.3.232
	Autocommit mode: undefined/unknown
	Isolation level: undefined/unknown
	Minimum pool size: undefined/unknown
	Maximum pool size: undefined/unknown
2026-10-07T05:54:53.477+09:00  INFO [requestId:] 32608 --- [sc-notes] [           main] o.h.e.t.j.p.i.JtaPlatformInitiator       : HHH000489: No JTA platform available (set 'hibernate.transaction.jta.platform' to enable JTA platform integration)
2026-10-07T05:54:53.484+09:00  INFO [requestId:] 32608 --- [sc-notes] [           main] j.LocalContainerEntityManagerFactoryBean : Initialized JPA EntityManagerFactory for persistence unit 'default'
2026-10-07T05:54:53.830+09:00  INFO [requestId:] 32608 --- [sc-notes] [           main] o.s.b.a.w.s.WelcomePageHandlerMapping    : Adding welcome page: class path resource [static/index.html]
2026-10-07T05:54:53.982+09:00  INFO [requestId:] 32608 --- [sc-notes] [           main] r$InitializeUserDetailsManagerConfigurer : Global AuthenticationManager configured with UserDetailsService bean with name users
2026-10-07T05:54:54.037+09:00  INFO [requestId:] 32608 --- [sc-notes] [           main] o.s.b.a.e.web.EndpointLinksResolver      : Exposing 1 endpoint beneath base path '/actuator'
2026-10-07T05:54:54.156+09:00  INFO [requestId:] 32608 --- [sc-notes] [           main] o.s.b.w.embedded.tomcat.TomcatWebServer  : Tomcat started on port 57464 (http) with context path '/'
2026-10-07T05:54:54.167+09:00  INFO [requestId:] 32608 --- [sc-notes] [           main] d.s.notesapp.GeneratedApplication        : Started GeneratedApplication in 2.542 seconds (process running for 2.756)
2026-10-07T05:54:54.206+09:00  INFO [requestId:] 32608 --- [sc-notes] [1-auto-1-exec-1] o.a.c.c.C.[Tomcat].[localhost].[/]       : Initializing Spring DispatcherServlet 'dispatcherServlet'
2026-10-07T05:54:54.207+09:00  INFO [requestId:] 32608 --- [sc-notes] [1-auto-1-exec-1] o.s.web.servlet.DispatcherServlet        : Initializing Servlet 'dispatcherServlet'
2026-10-07T05:54:54.207+09:00  INFO [requestId:] 32608 --- [sc-notes] [1-auto-1-exec-1] o.s.web.servlet.DispatcherServlet        : Completed initialization in 0 ms
2026-10-07T05:54:54.606+09:00  INFO [requestId:48b54e68-3bbc-4f0a-8aae-51a203342bb6] 32608 --- [sc-notes] [1-auto-1-exec-2] o.springdoc.api.AbstractOpenApiResource  : Init duration for springdoc-openapi is: 88 ms
2026-10-07T05:54:54.649+09:00  INFO [requestId:] 32608 --- [sc-notes] [ionShutdownHook] o.s.b.w.e.tomcat.GracefulShutdown        : Commencing graceful shutdown. Waiting for active requests to complete
2026-10-07T05:54:54.651+09:00  INFO [requestId:] 32608 --- [sc-notes] [tomcat-shutdown] o.s.b.w.e.tomcat.GracefulShutdown        : Graceful shutdown complete
2026-10-07T05:54:54.654+09:00  INFO [requestId:] 32608 --- [sc-notes] [ionShutdownHook] j.LocalContainerEntityManagerFactoryBean : Closing JPA EntityManagerFactory for persistence unit 'default'
2026-10-07T05:54:54.656+09:00  INFO [requestId:] 32608 --- [sc-notes] [ionShutdownHook] com.zaxxer.hikari.HikariDataSource       : HikariPool-1 - Shutdown initiated...
2026-10-07T05:54:54.729+09:00  INFO [requestId:] 32608 --- [sc-notes] [ionShutdownHook] com.zaxxer.hikari.HikariDataSource       : HikariPool-1 - Shutdown completed.

===== dev,audit,file-storage / app.log =====
2026-10-07T05:54:51.891+09:00  INFO [requestId:] 32608 --- [sc-notes] [main] d.s.notesapp.GeneratedApplication        : Starting GeneratedApplication v1.0.0 using Java 21.0.11 with PID 32608 (<generated-app>/backend/target/sc-notes.jar started by dk in <generated-app>)
2026-10-07T05:54:51.892+09:00  INFO [requestId:] 32608 --- [sc-notes] [main] d.s.notesapp.GeneratedApplication        : The following 3 profiles are active: "dev", "audit", "file-storage"
2026-10-07T05:54:52.418+09:00  INFO [requestId:] 32608 --- [sc-notes] [main] .s.d.r.c.RepositoryConfigurationDelegate : Bootstrapping Spring Data JPA repositories in DEFAULT mode.
2026-10-07T05:54:52.469+09:00  INFO [requestId:] 32608 --- [sc-notes] [main] .s.d.r.c.RepositoryConfigurationDelegate : Finished Spring Data repository scanning in 47 ms. Found 1 JPA repository interface.
2026-10-07T05:54:52.533+09:00  INFO [requestId:] 32608 --- [sc-notes] [main] o.s.cloud.context.scope.GenericScope     : BeanFactory id=ab288736-3df9-3de0-95a7-aa44144238f1
2026-10-07T05:54:52.706+09:00  INFO [requestId:] 32608 --- [sc-notes] [main] o.s.b.w.embedded.tomcat.TomcatWebServer  : Tomcat initialized with port 0 (http)
2026-10-07T05:54:52.713+09:00  INFO [requestId:] 32608 --- [sc-notes] [main] o.apache.catalina.core.StandardService   : Starting service [Tomcat]
2026-10-07T05:54:52.713+09:00  INFO [requestId:] 32608 --- [sc-notes] [main] o.apache.catalina.core.StandardEngine    : Starting Servlet engine: [Apache Tomcat/10.1.55]
2026-10-07T05:54:52.725+09:00  INFO [requestId:] 32608 --- [sc-notes] [main] o.a.c.c.C.[Tomcat].[localhost].[/]       : Initializing Spring embedded WebApplicationContext
2026-10-07T05:54:52.725+09:00  INFO [requestId:] 32608 --- [sc-notes] [main] w.s.c.ServletWebServerApplicationContext : Root WebApplicationContext: initialization completed in 812 ms
2026-10-07T05:54:52.858+09:00  INFO [requestId:] 32608 --- [sc-notes] [main] com.zaxxer.hikari.HikariDataSource       : HikariPool-1 - Starting...
2026-10-07T05:54:52.937+09:00  INFO [requestId:] 32608 --- [sc-notes] [main] com.zaxxer.hikari.pool.HikariPool        : HikariPool-1 - Added connection conn0: url=jdbc:h2:file:<isolated-fixture>/data/app user=SA
2026-10-07T05:54:52.938+09:00  INFO [requestId:] 32608 --- [sc-notes] [main] com.zaxxer.hikari.HikariDataSource       : HikariPool-1 - Start completed.
2026-10-07T05:54:52.956+09:00  INFO [requestId:] 32608 --- [sc-notes] [main] org.flywaydb.core.FlywayExecutor         : Database: jdbc:h2:file:<isolated-fixture>/data/app (H2 2.3)
2026-10-07T05:54:52.966+09:00  INFO [requestId:] 32608 --- [sc-notes] [main] o.f.c.i.s.JdbcTableSchemaHistory         : Schema history table "PUBLIC"."flyway_schema_history" does not exist yet
2026-10-07T05:54:52.967+09:00  INFO [requestId:] 32608 --- [sc-notes] [main] o.f.core.internal.command.DbValidate     : Successfully validated 2 migrations (execution time 00:00.005s)
2026-10-07T05:54:52.969+09:00  INFO [requestId:] 32608 --- [sc-notes] [main] o.f.c.i.s.JdbcTableSchemaHistory         : Creating Schema History table "PUBLIC"."flyway_schema_history" ...
2026-10-07T05:54:52.982+09:00  INFO [requestId:] 32608 --- [sc-notes] [main] o.f.core.internal.command.DbMigrate      : Current version of schema "PUBLIC": << Empty Schema >>
2026-10-07T05:54:52.985+09:00  INFO [requestId:] 32608 --- [sc-notes] [main] o.f.core.internal.command.DbMigrate      : Migrating schema "PUBLIC" to version "1 - starter notes"
2026-10-07T05:54:52.991+09:00  INFO [requestId:] 32608 --- [sc-notes] [main] o.f.core.internal.command.DbMigrate      : Migrating schema "PUBLIC" to version "2 - security audit"
2026-10-07T05:54:52.998+09:00  INFO [requestId:] 32608 --- [sc-notes] [main] o.f.core.internal.command.DbMigrate      : Successfully applied 2 migrations to schema "PUBLIC", now at version v2 (execution time 00:00.006s)
2026-10-07T05:54:53.028+09:00  INFO [requestId:] 32608 --- [sc-notes] [main] o.hibernate.jpa.internal.util.LogHelper  : HHH000204: Processing PersistenceUnitInfo [name: default]
2026-10-07T05:54:53.047+09:00  INFO [requestId:] 32608 --- [sc-notes] [main] org.hibernate.Version                    : HHH000412: Hibernate ORM core version 6.6.53.Final
2026-10-07T05:54:53.060+09:00  INFO [requestId:] 32608 --- [sc-notes] [main] o.h.c.internal.RegionFactoryInitiator    : HHH000026: Second-level cache disabled
2026-10-07T05:54:53.173+09:00  INFO [requestId:] 32608 --- [sc-notes] [main] o.s.o.j.p.SpringPersistenceUnitInfo      : No LoadTimeWeaver setup: ignoring JPA class transformer
2026-10-07T05:54:53.199+09:00  INFO [requestId:] 32608 --- [sc-notes] [main] org.hibernate.orm.connections.pooling    : HHH10001005: Database info:
	Database JDBC URL [Connecting through datasource 'HikariDataSource (HikariPool-1)']
	Database driver: undefined/unknown
	Database version: 2.3.232
	Autocommit mode: undefined/unknown
	Isolation level: undefined/unknown
	Minimum pool size: undefined/unknown
	Maximum pool size: undefined/unknown
2026-10-07T05:54:53.477+09:00  INFO [requestId:] 32608 --- [sc-notes] [main] o.h.e.t.j.p.i.JtaPlatformInitiator       : HHH000489: No JTA platform available (set 'hibernate.transaction.jta.platform' to enable JTA platform integration)
2026-10-07T05:54:53.484+09:00  INFO [requestId:] 32608 --- [sc-notes] [main] j.LocalContainerEntityManagerFactoryBean : Initialized JPA EntityManagerFactory for persistence unit 'default'
2026-10-07T05:54:53.830+09:00  INFO [requestId:] 32608 --- [sc-notes] [main] o.s.b.a.w.s.WelcomePageHandlerMapping    : Adding welcome page: class path resource [static/index.html]
2026-10-07T05:54:53.982+09:00  INFO [requestId:] 32608 --- [sc-notes] [main] r$InitializeUserDetailsManagerConfigurer : Global AuthenticationManager configured with UserDetailsService bean with name users
2026-10-07T05:54:54.037+09:00  INFO [requestId:] 32608 --- [sc-notes] [main] o.s.b.a.e.web.EndpointLinksResolver      : Exposing 1 endpoint beneath base path '/actuator'
2026-10-07T05:54:54.156+09:00  INFO [requestId:] 32608 --- [sc-notes] [main] o.s.b.w.embedded.tomcat.TomcatWebServer  : Tomcat started on port 57464 (http) with context path '/'
2026-10-07T05:54:54.167+09:00  INFO [requestId:] 32608 --- [sc-notes] [main] d.s.notesapp.GeneratedApplication        : Started GeneratedApplication in 2.542 seconds (process running for 2.756)
2026-10-07T05:54:54.206+09:00  INFO [requestId:] 32608 --- [sc-notes] [http-nio-127.0.0.1-auto-1-exec-1] o.a.c.c.C.[Tomcat].[localhost].[/]       : Initializing Spring DispatcherServlet 'dispatcherServlet'
2026-10-07T05:54:54.207+09:00  INFO [requestId:] 32608 --- [sc-notes] [http-nio-127.0.0.1-auto-1-exec-1] o.s.web.servlet.DispatcherServlet        : Initializing Servlet 'dispatcherServlet'
2026-10-07T05:54:54.207+09:00  INFO [requestId:] 32608 --- [sc-notes] [http-nio-127.0.0.1-auto-1-exec-1] o.s.web.servlet.DispatcherServlet        : Completed initialization in 0 ms
2026-10-07T05:54:54.606+09:00  INFO [requestId:48b54e68-3bbc-4f0a-8aae-51a203342bb6] 32608 --- [sc-notes] [http-nio-127.0.0.1-auto-1-exec-2] o.springdoc.api.AbstractOpenApiResource  : Init duration for springdoc-openapi is: 88 ms
2026-10-07T05:54:54.649+09:00  INFO [requestId:] 32608 --- [sc-notes] [SpringApplicationShutdownHook] o.s.b.w.e.tomcat.GracefulShutdown        : Commencing graceful shutdown. Waiting for active requests to complete
2026-10-07T05:54:54.651+09:00  INFO [requestId:] 32608 --- [sc-notes] [tomcat-shutdown] o.s.b.w.e.tomcat.GracefulShutdown        : Graceful shutdown complete
2026-10-07T05:54:54.654+09:00  INFO [requestId:] 32608 --- [sc-notes] [SpringApplicationShutdownHook] j.LocalContainerEntityManagerFactoryBean : Closing JPA EntityManagerFactory for persistence unit 'default'
2026-10-07T05:54:54.656+09:00  INFO [requestId:] 32608 --- [sc-notes] [SpringApplicationShutdownHook] com.zaxxer.hikari.HikariDataSource       : HikariPool-1 - Shutdown initiated...
2026-10-07T05:54:54.729+09:00  INFO [requestId:] 32608 --- [sc-notes] [SpringApplicationShutdownHook] com.zaxxer.hikari.HikariDataSource       : HikariPool-1 - Shutdown completed.
2026-10-07T05:54:56.162+09:00  INFO [requestId:] 32662 --- [sc-notes] [main] d.s.notesapp.GeneratedApplication        : Starting GeneratedApplication v1.0.0 using Java 21.0.11 with PID 32662 (<generated-app>/backend/target/sc-notes.jar started by dk in <generated-app>)
2026-10-07T05:54:56.163+09:00  INFO [requestId:] 32662 --- [sc-notes] [main] d.s.notesapp.GeneratedApplication        : The following 3 profiles are active: "dev", "audit", "file-storage"
2026-10-07T05:54:56.683+09:00  INFO [requestId:] 32662 --- [sc-notes] [main] .s.d.r.c.RepositoryConfigurationDelegate : Bootstrapping Spring Data JPA repositories in DEFAULT mode.
2026-10-07T05:54:56.731+09:00  INFO [requestId:] 32662 --- [sc-notes] [main] .s.d.r.c.RepositoryConfigurationDelegate : Finished Spring Data repository scanning in 43 ms. Found 1 JPA repository interface.
2026-10-07T05:54:56.794+09:00  INFO [requestId:] 32662 --- [sc-notes] [main] o.s.cloud.context.scope.GenericScope     : BeanFactory id=ab288736-3df9-3de0-95a7-aa44144238f1
2026-10-07T05:54:56.964+09:00  INFO [requestId:] 32662 --- [sc-notes] [main] o.s.b.w.embedded.tomcat.TomcatWebServer  : Tomcat initialized with port 0 (http)
2026-10-07T05:54:56.971+09:00  INFO [requestId:] 32662 --- [sc-notes] [main] o.apache.catalina.core.StandardService   : Starting service [Tomcat]
2026-10-07T05:54:56.971+09:00  INFO [requestId:] 32662 --- [sc-notes] [main] o.apache.catalina.core.StandardEngine    : Starting Servlet engine: [Apache Tomcat/10.1.55]
2026-10-07T05:54:56.983+09:00  INFO [requestId:] 32662 --- [sc-notes] [main] o.a.c.c.C.[Tomcat].[localhost].[/]       : Initializing Spring embedded WebApplicationContext
2026-10-07T05:54:56.983+09:00  INFO [requestId:] 32662 --- [sc-notes] [main] w.s.c.ServletWebServerApplicationContext : Root WebApplicationContext: initialization completed in 799 ms
2026-10-07T05:54:57.119+09:00  INFO [requestId:] 32662 --- [sc-notes] [main] com.zaxxer.hikari.HikariDataSource       : HikariPool-1 - Starting...
2026-10-07T05:54:57.204+09:00  INFO [requestId:] 32662 --- [sc-notes] [main] com.zaxxer.hikari.pool.HikariPool        : HikariPool-1 - Added connection conn0: url=jdbc:h2:file:<isolated-fixture>/data/app user=SA
2026-10-07T05:54:57.204+09:00  INFO [requestId:] 32662 --- [sc-notes] [main] com.zaxxer.hikari.HikariDataSource       : HikariPool-1 - Start completed.
2026-10-07T05:54:57.220+09:00  INFO [requestId:] 32662 --- [sc-notes] [main] org.flywaydb.core.FlywayExecutor         : Database: jdbc:h2:file:<isolated-fixture>/data/app (H2 2.3)
2026-10-07T05:54:57.234+09:00  INFO [requestId:] 32662 --- [sc-notes] [main] o.f.core.internal.command.DbValidate     : Successfully validated 2 migrations (execution time 00:00.008s)
2026-10-07T05:54:57.238+09:00  INFO [requestId:] 32662 --- [sc-notes] [main] o.f.core.internal.command.DbMigrate      : Current version of schema "PUBLIC": 2
2026-10-07T05:54:57.239+09:00  INFO [requestId:] 32662 --- [sc-notes] [main] o.f.core.internal.command.DbMigrate      : Schema "PUBLIC" is up to date. No migration necessary.
2026-10-07T05:54:57.269+09:00  INFO [requestId:] 32662 --- [sc-notes] [main] o.hibernate.jpa.internal.util.LogHelper  : HHH000204: Processing PersistenceUnitInfo [name: default]
2026-10-07T05:54:57.288+09:00  INFO [requestId:] 32662 --- [sc-notes] [main] org.hibernate.Version                    : HHH000412: Hibernate ORM core version 6.6.53.Final
2026-10-07T05:54:57.300+09:00  INFO [requestId:] 32662 --- [sc-notes] [main] o.h.c.internal.RegionFactoryInitiator    : HHH000026: Second-level cache disabled
2026-10-07T05:54:57.411+09:00  INFO [requestId:] 32662 --- [sc-notes] [main] o.s.o.j.p.SpringPersistenceUnitInfo      : No LoadTimeWeaver setup: ignoring JPA class transformer
2026-10-07T05:54:57.435+09:00  INFO [requestId:] 32662 --- [sc-notes] [main] org.hibernate.orm.connections.pooling    : HHH10001005: Database info:
	Database JDBC URL [Connecting through datasource 'HikariDataSource (HikariPool-1)']
	Database driver: undefined/unknown
	Database version: 2.3.232
	Autocommit mode: undefined/unknown
	Isolation level: undefined/unknown
	Minimum pool size: undefined/unknown
	Maximum pool size: undefined/unknown
2026-10-07T05:54:57.711+09:00  INFO [requestId:] 32662 --- [sc-notes] [main] o.h.e.t.j.p.i.JtaPlatformInitiator       : HHH000489: No JTA platform available (set 'hibernate.transaction.jta.platform' to enable JTA platform integration)
2026-10-07T05:54:57.717+09:00  INFO [requestId:] 32662 --- [sc-notes] [main] j.LocalContainerEntityManagerFactoryBean : Initialized JPA EntityManagerFactory for persistence unit 'default'
2026-10-07T05:54:58.059+09:00  INFO [requestId:] 32662 --- [sc-notes] [main] o.s.b.a.w.s.WelcomePageHandlerMapping    : Adding welcome page: class path resource [static/index.html]
2026-10-07T05:54:58.222+09:00  INFO [requestId:] 32662 --- [sc-notes] [main] r$InitializeUserDetailsManagerConfigurer : Global AuthenticationManager configured with UserDetailsService bean with name users
2026-10-07T05:54:58.287+09:00  INFO [requestId:] 32662 --- [sc-notes] [main] o.s.b.a.e.web.EndpointLinksResolver      : Exposing 1 endpoint beneath base path '/actuator'
2026-10-07T05:54:58.413+09:00  INFO [requestId:] 32662 --- [sc-notes] [main] o.s.b.w.embedded.tomcat.TomcatWebServer  : Tomcat started on port 57490 (http) with context path '/'
2026-10-07T05:54:58.423+09:00  INFO [requestId:] 32662 --- [sc-notes] [main] d.s.notesapp.GeneratedApplication        : Started GeneratedApplication in 2.527 seconds (process running for 2.744)
2026-10-07T05:54:58.458+09:00  INFO [requestId:] 32662 --- [sc-notes] [http-nio-127.0.0.1-auto-1-exec-1] o.a.c.c.C.[Tomcat].[localhost].[/]       : Initializing Spring DispatcherServlet 'dispatcherServlet'
2026-10-07T05:54:58.458+09:00  INFO [requestId:] 32662 --- [sc-notes] [http-nio-127.0.0.1-auto-1-exec-1] o.s.web.servlet.DispatcherServlet        : Initializing Servlet 'dispatcherServlet'
2026-10-07T05:54:58.458+09:00  INFO [requestId:] 32662 --- [sc-notes] [http-nio-127.0.0.1-auto-1-exec-1] o.s.web.servlet.DispatcherServlet        : Completed initialization in 0 ms
2026-10-07T05:54:58.715+09:00  INFO [requestId:] 32662 --- [sc-notes] [SpringApplicationShutdownHook] o.s.b.w.e.tomcat.GracefulShutdown        : Commencing graceful shutdown. Waiting for active requests to complete
2026-10-07T05:54:58.717+09:00  INFO [requestId:] 32662 --- [sc-notes] [tomcat-shutdown] o.s.b.w.e.tomcat.GracefulShutdown        : Graceful shutdown complete
2026-10-07T05:54:58.720+09:00  INFO [requestId:] 32662 --- [sc-notes] [SpringApplicationShutdownHook] j.LocalContainerEntityManagerFactoryBean : Closing JPA EntityManagerFactory for persistence unit 'default'
2026-10-07T05:54:58.721+09:00  INFO [requestId:] 32662 --- [sc-notes] [SpringApplicationShutdownHook] com.zaxxer.hikari.HikariDataSource       : HikariPool-1 - Shutdown initiated...
2026-10-07T05:54:58.934+09:00  INFO [requestId:] 32662 --- [sc-notes] [SpringApplicationShutdownHook] com.zaxxer.hikari.HikariDataSource       : HikariPool-1 - Shutdown completed.

===== dev,file-storage / launcher-2.log =====
Bootstrap secret file is ready (value omitted).

  .   ____          _            __ _ _
 /\\ / ___'_ __ _ _(_)_ __  __ _ \ \ \ \
( ( )\___ | '_ | '_| | '_ \/ _` | \ \ \ \
 \\/  ___)| |_)| | | | | || (_| |  ) ) ) )
  '  |____| .__|_| |_|_| |_\__, | / / / /
 =========|_|==============|___/=/_/_/_/

 :: Spring Boot ::               (v3.5.16)

2026-10-07T05:54:48.098+09:00  INFO [requestId:] 32583 --- [sc-notes] [           main] d.s.notesapp.GeneratedApplication        : Starting GeneratedApplication v1.0.0 using Java 21.0.11 with PID 32583 (<generated-app>/backend/target/sc-notes.jar started by dk in <generated-app>)
2026-10-07T05:54:48.099+09:00  INFO [requestId:] 32583 --- [sc-notes] [           main] d.s.notesapp.GeneratedApplication        : The following 2 profiles are active: "dev", "file-storage"
2026-10-07T05:54:48.627+09:00  INFO [requestId:] 32583 --- [sc-notes] [           main] .s.d.r.c.RepositoryConfigurationDelegate : Bootstrapping Spring Data JPA repositories in DEFAULT mode.
2026-10-07T05:54:48.676+09:00  INFO [requestId:] 32583 --- [sc-notes] [           main] .s.d.r.c.RepositoryConfigurationDelegate : Finished Spring Data repository scanning in 44 ms. Found 1 JPA repository interface.
2026-10-07T05:54:48.741+09:00  INFO [requestId:] 32583 --- [sc-notes] [           main] o.s.cloud.context.scope.GenericScope     : BeanFactory id=5094313a-f46c-332b-91d8-78e7c7bfb912
2026-10-07T05:54:48.914+09:00  INFO [requestId:] 32583 --- [sc-notes] [           main] o.s.b.w.embedded.tomcat.TomcatWebServer  : Tomcat initialized with port 0 (http)
2026-10-07T05:54:48.921+09:00  INFO [requestId:] 32583 --- [sc-notes] [           main] o.apache.catalina.core.StandardService   : Starting service [Tomcat]
2026-10-07T05:54:48.921+09:00  INFO [requestId:] 32583 --- [sc-notes] [           main] o.apache.catalina.core.StandardEngine    : Starting Servlet engine: [Apache Tomcat/10.1.55]
2026-10-07T05:54:48.932+09:00  INFO [requestId:] 32583 --- [sc-notes] [           main] o.a.c.c.C.[Tomcat].[localhost].[/]       : Initializing Spring embedded WebApplicationContext
2026-10-07T05:54:48.933+09:00  INFO [requestId:] 32583 --- [sc-notes] [           main] w.s.c.ServletWebServerApplicationContext : Root WebApplicationContext: initialization completed in 813 ms
2026-10-07T05:54:49.061+09:00  INFO [requestId:] 32583 --- [sc-notes] [           main] com.zaxxer.hikari.HikariDataSource       : HikariPool-1 - Starting...
2026-10-07T05:54:49.143+09:00  INFO [requestId:] 32583 --- [sc-notes] [           main] com.zaxxer.hikari.pool.HikariPool        : HikariPool-1 - Added connection conn0: url=jdbc:h2:file:<isolated-fixture>/data/app user=SA
2026-10-07T05:54:49.144+09:00  INFO [requestId:] 32583 --- [sc-notes] [           main] com.zaxxer.hikari.HikariDataSource       : HikariPool-1 - Start completed.
2026-10-07T05:54:49.160+09:00  INFO [requestId:] 32583 --- [sc-notes] [           main] org.flywaydb.core.FlywayExecutor         : Database: jdbc:h2:file:<isolated-fixture>/data/app (H2 2.3)
2026-10-07T05:54:49.174+09:00  INFO [requestId:] 32583 --- [sc-notes] [           main] o.f.core.internal.command.DbValidate     : Successfully validated 1 migration (execution time 00:00.008s)
2026-10-07T05:54:49.177+09:00  INFO [requestId:] 32583 --- [sc-notes] [           main] o.f.core.internal.command.DbMigrate      : Current version of schema "PUBLIC": 1
2026-10-07T05:54:49.178+09:00  INFO [requestId:] 32583 --- [sc-notes] [           main] o.f.core.internal.command.DbMigrate      : Schema "PUBLIC" is up to date. No migration necessary.
2026-10-07T05:54:49.210+09:00  INFO [requestId:] 32583 --- [sc-notes] [           main] o.hibernate.jpa.internal.util.LogHelper  : HHH000204: Processing PersistenceUnitInfo [name: default]
2026-10-07T05:54:49.230+09:00  INFO [requestId:] 32583 --- [sc-notes] [           main] org.hibernate.Version                    : HHH000412: Hibernate ORM core version 6.6.53.Final
2026-10-07T05:54:49.243+09:00  INFO [requestId:] 32583 --- [sc-notes] [           main] o.h.c.internal.RegionFactoryInitiator    : HHH000026: Second-level cache disabled
2026-10-07T05:54:49.355+09:00  INFO [requestId:] 32583 --- [sc-notes] [           main] o.s.o.j.p.SpringPersistenceUnitInfo      : No LoadTimeWeaver setup: ignoring JPA class transformer
2026-10-07T05:54:49.379+09:00  INFO [requestId:] 32583 --- [sc-notes] [           main] org.hibernate.orm.connections.pooling    : HHH10001005: Database info:
	Database JDBC URL [Connecting through datasource 'HikariDataSource (HikariPool-1)']
	Database driver: undefined/unknown
	Database version: 2.3.232
	Autocommit mode: undefined/unknown
	Isolation level: undefined/unknown
	Minimum pool size: undefined/unknown
	Maximum pool size: undefined/unknown
2026-10-07T05:54:49.655+09:00  INFO [requestId:] 32583 --- [sc-notes] [           main] o.h.e.t.j.p.i.JtaPlatformInitiator       : HHH000489: No JTA platform available (set 'hibernate.transaction.jta.platform' to enable JTA platform integration)
2026-10-07T05:54:49.662+09:00  INFO [requestId:] 32583 --- [sc-notes] [           main] j.LocalContainerEntityManagerFactoryBean : Initialized JPA EntityManagerFactory for persistence unit 'default'
2026-10-07T05:54:49.996+09:00  INFO [requestId:] 32583 --- [sc-notes] [           main] o.s.b.a.w.s.WelcomePageHandlerMapping    : Adding welcome page: class path resource [static/index.html]
2026-10-07T05:54:50.150+09:00  INFO [requestId:] 32583 --- [sc-notes] [           main] r$InitializeUserDetailsManagerConfigurer : Global AuthenticationManager configured with UserDetailsService bean with name users
2026-10-07T05:54:50.205+09:00  INFO [requestId:] 32583 --- [sc-notes] [           main] o.s.b.a.e.web.EndpointLinksResolver      : Exposing 1 endpoint beneath base path '/actuator'
2026-10-07T05:54:50.332+09:00  INFO [requestId:] 32583 --- [sc-notes] [           main] o.s.b.w.embedded.tomcat.TomcatWebServer  : Tomcat started on port 57447 (http) with context path '/'
2026-10-07T05:54:50.343+09:00  INFO [requestId:] 32583 --- [sc-notes] [           main] d.s.notesapp.GeneratedApplication        : Started GeneratedApplication in 2.5 seconds (process running for 2.713)
2026-10-07T05:54:50.697+09:00  INFO [requestId:] 32583 --- [sc-notes] [1-auto-1-exec-1] o.a.c.c.C.[Tomcat].[localhost].[/]       : Initializing Spring DispatcherServlet 'dispatcherServlet'
2026-10-07T05:54:50.697+09:00  INFO [requestId:] 32583 --- [sc-notes] [1-auto-1-exec-1] o.s.web.servlet.DispatcherServlet        : Initializing Servlet 'dispatcherServlet'
2026-10-07T05:54:50.697+09:00  INFO [requestId:] 32583 --- [sc-notes] [1-auto-1-exec-1] o.s.web.servlet.DispatcherServlet        : Completed initialization in 0 ms
2026-10-07T05:54:50.950+09:00  INFO [requestId:] 32583 --- [sc-notes] [ionShutdownHook] o.s.b.w.e.tomcat.GracefulShutdown        : Commencing graceful shutdown. Waiting for active requests to complete
2026-10-07T05:54:50.952+09:00  INFO [requestId:] 32583 --- [sc-notes] [tomcat-shutdown] o.s.b.w.e.tomcat.GracefulShutdown        : Graceful shutdown complete
2026-10-07T05:54:50.955+09:00  INFO [requestId:] 32583 --- [sc-notes] [ionShutdownHook] j.LocalContainerEntityManagerFactoryBean : Closing JPA EntityManagerFactory for persistence unit 'default'
2026-10-07T05:54:50.956+09:00  INFO [requestId:] 32583 --- [sc-notes] [ionShutdownHook] com.zaxxer.hikari.HikariDataSource       : HikariPool-1 - Shutdown initiated...
2026-10-07T05:54:51.168+09:00  INFO [requestId:] 32583 --- [sc-notes] [ionShutdownHook] com.zaxxer.hikari.HikariDataSource       : HikariPool-1 - Shutdown completed.

===== dev,file-storage / launcher-1.log =====
Bootstrap secret file is ready (value omitted).

  .   ____          _            __ _ _
 /\\ / ___'_ __ _ _(_)_ __  __ _ \ \ \ \
( ( )\___ | '_ | '_| | '_ \/ _` | \ \ \ \
 \\/  ___)| |_)| | | | | || (_| |  ) ) ) )
  '  |____| .__|_| |_|_| |_\__, | / / / /
 =========|_|==============|___/=/_/_/_/

 :: Spring Boot ::               (v3.5.16)

2026-10-07T05:54:43.868+09:00  INFO [requestId:] 32545 --- [sc-notes] [           main] d.s.notesapp.GeneratedApplication        : Starting GeneratedApplication v1.0.0 using Java 21.0.11 with PID 32545 (<generated-app>/backend/target/sc-notes.jar started by dk in <generated-app>)
2026-10-07T05:54:43.869+09:00  INFO [requestId:] 32545 --- [sc-notes] [           main] d.s.notesapp.GeneratedApplication        : The following 2 profiles are active: "dev", "file-storage"
2026-10-07T05:54:44.383+09:00  INFO [requestId:] 32545 --- [sc-notes] [           main] .s.d.r.c.RepositoryConfigurationDelegate : Bootstrapping Spring Data JPA repositories in DEFAULT mode.
2026-10-07T05:54:44.432+09:00  INFO [requestId:] 32545 --- [sc-notes] [           main] .s.d.r.c.RepositoryConfigurationDelegate : Finished Spring Data repository scanning in 44 ms. Found 1 JPA repository interface.
2026-10-07T05:54:44.496+09:00  INFO [requestId:] 32545 --- [sc-notes] [           main] o.s.cloud.context.scope.GenericScope     : BeanFactory id=5094313a-f46c-332b-91d8-78e7c7bfb912
2026-10-07T05:54:44.680+09:00  INFO [requestId:] 32545 --- [sc-notes] [           main] o.s.b.w.embedded.tomcat.TomcatWebServer  : Tomcat initialized with port 0 (http)
2026-10-07T05:54:44.687+09:00  INFO [requestId:] 32545 --- [sc-notes] [           main] o.apache.catalina.core.StandardService   : Starting service [Tomcat]
2026-10-07T05:54:44.687+09:00  INFO [requestId:] 32545 --- [sc-notes] [           main] o.apache.catalina.core.StandardEngine    : Starting Servlet engine: [Apache Tomcat/10.1.55]
2026-10-07T05:54:44.698+09:00  INFO [requestId:] 32545 --- [sc-notes] [           main] o.a.c.c.C.[Tomcat].[localhost].[/]       : Initializing Spring embedded WebApplicationContext
2026-10-07T05:54:44.698+09:00  INFO [requestId:] 32545 --- [sc-notes] [           main] w.s.c.ServletWebServerApplicationContext : Root WebApplicationContext: initialization completed in 808 ms
2026-10-07T05:54:44.838+09:00  INFO [requestId:] 32545 --- [sc-notes] [           main] com.zaxxer.hikari.HikariDataSource       : HikariPool-1 - Starting...
2026-10-07T05:54:44.914+09:00  INFO [requestId:] 32545 --- [sc-notes] [           main] com.zaxxer.hikari.pool.HikariPool        : HikariPool-1 - Added connection conn0: url=jdbc:h2:file:<isolated-fixture>/data/app user=SA
2026-10-07T05:54:44.915+09:00  INFO [requestId:] 32545 --- [sc-notes] [           main] com.zaxxer.hikari.HikariDataSource       : HikariPool-1 - Start completed.
2026-10-07T05:54:44.932+09:00  INFO [requestId:] 32545 --- [sc-notes] [           main] org.flywaydb.core.FlywayExecutor         : Database: jdbc:h2:file:<isolated-fixture>/data/app (H2 2.3)
2026-10-07T05:54:44.943+09:00  INFO [requestId:] 32545 --- [sc-notes] [           main] o.f.c.i.s.JdbcTableSchemaHistory         : Schema history table "PUBLIC"."flyway_schema_history" does not exist yet
2026-10-07T05:54:44.943+09:00  INFO [requestId:] 32545 --- [sc-notes] [           main] o.f.core.internal.command.DbValidate     : Successfully validated 1 migration (execution time 00:00.004s)
2026-10-07T05:54:44.949+09:00  INFO [requestId:] 32545 --- [sc-notes] [           main] o.f.c.i.s.JdbcTableSchemaHistory         : Creating Schema History table "PUBLIC"."flyway_schema_history" ...
2026-10-07T05:54:44.962+09:00  INFO [requestId:] 32545 --- [sc-notes] [           main] o.f.core.internal.command.DbMigrate      : Current version of schema "PUBLIC": << Empty Schema >>
2026-10-07T05:54:44.964+09:00  INFO [requestId:] 32545 --- [sc-notes] [           main] o.f.core.internal.command.DbMigrate      : Migrating schema "PUBLIC" to version "1 - starter notes"
2026-10-07T05:54:44.970+09:00  INFO [requestId:] 32545 --- [sc-notes] [           main] o.f.core.internal.command.DbMigrate      : Successfully applied 1 migration to schema "PUBLIC", now at version v1 (execution time 00:00.002s)
2026-10-07T05:54:44.999+09:00  INFO [requestId:] 32545 --- [sc-notes] [           main] o.hibernate.jpa.internal.util.LogHelper  : HHH000204: Processing PersistenceUnitInfo [name: default]
2026-10-07T05:54:45.019+09:00  INFO [requestId:] 32545 --- [sc-notes] [           main] org.hibernate.Version                    : HHH000412: Hibernate ORM core version 6.6.53.Final
2026-10-07T05:54:45.032+09:00  INFO [requestId:] 32545 --- [sc-notes] [           main] o.h.c.internal.RegionFactoryInitiator    : HHH000026: Second-level cache disabled
2026-10-07T05:54:45.141+09:00  INFO [requestId:] 32545 --- [sc-notes] [           main] o.s.o.j.p.SpringPersistenceUnitInfo      : No LoadTimeWeaver setup: ignoring JPA class transformer
2026-10-07T05:54:45.167+09:00  INFO [requestId:] 32545 --- [sc-notes] [           main] org.hibernate.orm.connections.pooling    : HHH10001005: Database info:
	Database JDBC URL [Connecting through datasource 'HikariDataSource (HikariPool-1)']
	Database driver: undefined/unknown
	Database version: 2.3.232
	Autocommit mode: undefined/unknown
	Isolation level: undefined/unknown
	Minimum pool size: undefined/unknown
	Maximum pool size: undefined/unknown
2026-10-07T05:54:45.441+09:00  INFO [requestId:] 32545 --- [sc-notes] [           main] o.h.e.t.j.p.i.JtaPlatformInitiator       : HHH000489: No JTA platform available (set 'hibernate.transaction.jta.platform' to enable JTA platform integration)
2026-10-07T05:54:45.448+09:00  INFO [requestId:] 32545 --- [sc-notes] [           main] j.LocalContainerEntityManagerFactoryBean : Initialized JPA EntityManagerFactory for persistence unit 'default'
2026-10-07T05:54:45.785+09:00  INFO [requestId:] 32545 --- [sc-notes] [           main] o.s.b.a.w.s.WelcomePageHandlerMapping    : Adding welcome page: class path resource [static/index.html]
2026-10-07T05:54:45.943+09:00  INFO [requestId:] 32545 --- [sc-notes] [           main] r$InitializeUserDetailsManagerConfigurer : Global AuthenticationManager configured with UserDetailsService bean with name users
2026-10-07T05:54:46.002+09:00  INFO [requestId:] 32545 --- [sc-notes] [           main] o.s.b.a.e.web.EndpointLinksResolver      : Exposing 1 endpoint beneath base path '/actuator'
2026-10-07T05:54:46.125+09:00  INFO [requestId:] 32545 --- [sc-notes] [           main] o.s.b.w.embedded.tomcat.TomcatWebServer  : Tomcat started on port 57423 (http) with context path '/'
2026-10-07T05:54:46.136+09:00  INFO [requestId:] 32545 --- [sc-notes] [           main] d.s.notesapp.GeneratedApplication        : Started GeneratedApplication in 2.525 seconds (process running for 2.739)
2026-10-07T05:54:46.461+09:00  INFO [requestId:] 32545 --- [sc-notes] [1-auto-1-exec-1] o.a.c.c.C.[Tomcat].[localhost].[/]       : Initializing Spring DispatcherServlet 'dispatcherServlet'
2026-10-07T05:54:46.461+09:00  INFO [requestId:] 32545 --- [sc-notes] [1-auto-1-exec-1] o.s.web.servlet.DispatcherServlet        : Initializing Servlet 'dispatcherServlet'
2026-10-07T05:54:46.461+09:00  INFO [requestId:] 32545 --- [sc-notes] [1-auto-1-exec-1] o.s.web.servlet.DispatcherServlet        : Completed initialization in 0 ms
2026-10-07T05:54:46.860+09:00  INFO [requestId:eefab1e4-94b8-426a-aa21-febaee4d5612] 32545 --- [sc-notes] [1-auto-1-exec-2] o.springdoc.api.AbstractOpenApiResource  : Init duration for springdoc-openapi is: 87 ms
2026-10-07T05:54:46.902+09:00  INFO [requestId:] 32545 --- [sc-notes] [ionShutdownHook] o.s.b.w.e.tomcat.GracefulShutdown        : Commencing graceful shutdown. Waiting for active requests to complete
2026-10-07T05:54:46.904+09:00  INFO [requestId:] 32545 --- [sc-notes] [tomcat-shutdown] o.s.b.w.e.tomcat.GracefulShutdown        : Graceful shutdown complete
2026-10-07T05:54:46.908+09:00  INFO [requestId:] 32545 --- [sc-notes] [ionShutdownHook] j.LocalContainerEntityManagerFactoryBean : Closing JPA EntityManagerFactory for persistence unit 'default'
2026-10-07T05:54:46.909+09:00  INFO [requestId:] 32545 --- [sc-notes] [ionShutdownHook] com.zaxxer.hikari.HikariDataSource       : HikariPool-1 - Shutdown initiated...
2026-10-07T05:54:47.130+09:00  INFO [requestId:] 32545 --- [sc-notes] [ionShutdownHook] com.zaxxer.hikari.HikariDataSource       : HikariPool-1 - Shutdown completed.

===== dev,file-storage / app.log =====
2026-10-07T05:54:43.868+09:00  INFO [requestId:] 32545 --- [sc-notes] [main] d.s.notesapp.GeneratedApplication        : Starting GeneratedApplication v1.0.0 using Java 21.0.11 with PID 32545 (<generated-app>/backend/target/sc-notes.jar started by dk in <generated-app>)
2026-10-07T05:54:43.869+09:00  INFO [requestId:] 32545 --- [sc-notes] [main] d.s.notesapp.GeneratedApplication        : The following 2 profiles are active: "dev", "file-storage"
2026-10-07T05:54:44.383+09:00  INFO [requestId:] 32545 --- [sc-notes] [main] .s.d.r.c.RepositoryConfigurationDelegate : Bootstrapping Spring Data JPA repositories in DEFAULT mode.
2026-10-07T05:54:44.432+09:00  INFO [requestId:] 32545 --- [sc-notes] [main] .s.d.r.c.RepositoryConfigurationDelegate : Finished Spring Data repository scanning in 44 ms. Found 1 JPA repository interface.
2026-10-07T05:54:44.496+09:00  INFO [requestId:] 32545 --- [sc-notes] [main] o.s.cloud.context.scope.GenericScope     : BeanFactory id=5094313a-f46c-332b-91d8-78e7c7bfb912
2026-10-07T05:54:44.680+09:00  INFO [requestId:] 32545 --- [sc-notes] [main] o.s.b.w.embedded.tomcat.TomcatWebServer  : Tomcat initialized with port 0 (http)
2026-10-07T05:54:44.687+09:00  INFO [requestId:] 32545 --- [sc-notes] [main] o.apache.catalina.core.StandardService   : Starting service [Tomcat]
2026-10-07T05:54:44.687+09:00  INFO [requestId:] 32545 --- [sc-notes] [main] o.apache.catalina.core.StandardEngine    : Starting Servlet engine: [Apache Tomcat/10.1.55]
2026-10-07T05:54:44.698+09:00  INFO [requestId:] 32545 --- [sc-notes] [main] o.a.c.c.C.[Tomcat].[localhost].[/]       : Initializing Spring embedded WebApplicationContext
2026-10-07T05:54:44.698+09:00  INFO [requestId:] 32545 --- [sc-notes] [main] w.s.c.ServletWebServerApplicationContext : Root WebApplicationContext: initialization completed in 808 ms
2026-10-07T05:54:44.838+09:00  INFO [requestId:] 32545 --- [sc-notes] [main] com.zaxxer.hikari.HikariDataSource       : HikariPool-1 - Starting...
2026-10-07T05:54:44.914+09:00  INFO [requestId:] 32545 --- [sc-notes] [main] com.zaxxer.hikari.pool.HikariPool        : HikariPool-1 - Added connection conn0: url=jdbc:h2:file:<isolated-fixture>/data/app user=SA
2026-10-07T05:54:44.915+09:00  INFO [requestId:] 32545 --- [sc-notes] [main] com.zaxxer.hikari.HikariDataSource       : HikariPool-1 - Start completed.
2026-10-07T05:54:44.932+09:00  INFO [requestId:] 32545 --- [sc-notes] [main] org.flywaydb.core.FlywayExecutor         : Database: jdbc:h2:file:<isolated-fixture>/data/app (H2 2.3)
2026-10-07T05:54:44.943+09:00  INFO [requestId:] 32545 --- [sc-notes] [main] o.f.c.i.s.JdbcTableSchemaHistory         : Schema history table "PUBLIC"."flyway_schema_history" does not exist yet
2026-10-07T05:54:44.943+09:00  INFO [requestId:] 32545 --- [sc-notes] [main] o.f.core.internal.command.DbValidate     : Successfully validated 1 migration (execution time 00:00.004s)
2026-10-07T05:54:44.949+09:00  INFO [requestId:] 32545 --- [sc-notes] [main] o.f.c.i.s.JdbcTableSchemaHistory         : Creating Schema History table "PUBLIC"."flyway_schema_history" ...
2026-10-07T05:54:44.962+09:00  INFO [requestId:] 32545 --- [sc-notes] [main] o.f.core.internal.command.DbMigrate      : Current version of schema "PUBLIC": << Empty Schema >>
2026-10-07T05:54:44.964+09:00  INFO [requestId:] 32545 --- [sc-notes] [main] o.f.core.internal.command.DbMigrate      : Migrating schema "PUBLIC" to version "1 - starter notes"
2026-10-07T05:54:44.970+09:00  INFO [requestId:] 32545 --- [sc-notes] [main] o.f.core.internal.command.DbMigrate      : Successfully applied 1 migration to schema "PUBLIC", now at version v1 (execution time 00:00.002s)
2026-10-07T05:54:44.999+09:00  INFO [requestId:] 32545 --- [sc-notes] [main] o.hibernate.jpa.internal.util.LogHelper  : HHH000204: Processing PersistenceUnitInfo [name: default]
2026-10-07T05:54:45.019+09:00  INFO [requestId:] 32545 --- [sc-notes] [main] org.hibernate.Version                    : HHH000412: Hibernate ORM core version 6.6.53.Final
2026-10-07T05:54:45.032+09:00  INFO [requestId:] 32545 --- [sc-notes] [main] o.h.c.internal.RegionFactoryInitiator    : HHH000026: Second-level cache disabled
2026-10-07T05:54:45.141+09:00  INFO [requestId:] 32545 --- [sc-notes] [main] o.s.o.j.p.SpringPersistenceUnitInfo      : No LoadTimeWeaver setup: ignoring JPA class transformer
2026-10-07T05:54:45.167+09:00  INFO [requestId:] 32545 --- [sc-notes] [main] org.hibernate.orm.connections.pooling    : HHH10001005: Database info:
	Database JDBC URL [Connecting through datasource 'HikariDataSource (HikariPool-1)']
	Database driver: undefined/unknown
	Database version: 2.3.232
	Autocommit mode: undefined/unknown
	Isolation level: undefined/unknown
	Minimum pool size: undefined/unknown
	Maximum pool size: undefined/unknown
2026-10-07T05:54:45.441+09:00  INFO [requestId:] 32545 --- [sc-notes] [main] o.h.e.t.j.p.i.JtaPlatformInitiator       : HHH000489: No JTA platform available (set 'hibernate.transaction.jta.platform' to enable JTA platform integration)
2026-10-07T05:54:45.448+09:00  INFO [requestId:] 32545 --- [sc-notes] [main] j.LocalContainerEntityManagerFactoryBean : Initialized JPA EntityManagerFactory for persistence unit 'default'
2026-10-07T05:54:45.785+09:00  INFO [requestId:] 32545 --- [sc-notes] [main] o.s.b.a.w.s.WelcomePageHandlerMapping    : Adding welcome page: class path resource [static/index.html]
2026-10-07T05:54:45.943+09:00  INFO [requestId:] 32545 --- [sc-notes] [main] r$InitializeUserDetailsManagerConfigurer : Global AuthenticationManager configured with UserDetailsService bean with name users
2026-10-07T05:54:46.002+09:00  INFO [requestId:] 32545 --- [sc-notes] [main] o.s.b.a.e.web.EndpointLinksResolver      : Exposing 1 endpoint beneath base path '/actuator'
2026-10-07T05:54:46.125+09:00  INFO [requestId:] 32545 --- [sc-notes] [main] o.s.b.w.embedded.tomcat.TomcatWebServer  : Tomcat started on port 57423 (http) with context path '/'
2026-10-07T05:54:46.136+09:00  INFO [requestId:] 32545 --- [sc-notes] [main] d.s.notesapp.GeneratedApplication        : Started GeneratedApplication in 2.525 seconds (process running for 2.739)
2026-10-07T05:54:46.461+09:00  INFO [requestId:] 32545 --- [sc-notes] [http-nio-127.0.0.1-auto-1-exec-1] o.a.c.c.C.[Tomcat].[localhost].[/]       : Initializing Spring DispatcherServlet 'dispatcherServlet'
2026-10-07T05:54:46.461+09:00  INFO [requestId:] 32545 --- [sc-notes] [http-nio-127.0.0.1-auto-1-exec-1] o.s.web.servlet.DispatcherServlet        : Initializing Servlet 'dispatcherServlet'
2026-10-07T05:54:46.461+09:00  INFO [requestId:] 32545 --- [sc-notes] [http-nio-127.0.0.1-auto-1-exec-1] o.s.web.servlet.DispatcherServlet        : Completed initialization in 0 ms
2026-10-07T05:54:46.860+09:00  INFO [requestId:eefab1e4-94b8-426a-aa21-febaee4d5612] 32545 --- [sc-notes] [http-nio-127.0.0.1-auto-1-exec-2] o.springdoc.api.AbstractOpenApiResource  : Init duration for springdoc-openapi is: 87 ms
2026-10-07T05:54:46.902+09:00  INFO [requestId:] 32545 --- [sc-notes] [SpringApplicationShutdownHook] o.s.b.w.e.tomcat.GracefulShutdown        : Commencing graceful shutdown. Waiting for active requests to complete
2026-10-07T05:54:46.904+09:00  INFO [requestId:] 32545 --- [sc-notes] [tomcat-shutdown] o.s.b.w.e.tomcat.GracefulShutdown        : Graceful shutdown complete
2026-10-07T05:54:46.908+09:00  INFO [requestId:] 32545 --- [sc-notes] [SpringApplicationShutdownHook] j.LocalContainerEntityManagerFactoryBean : Closing JPA EntityManagerFactory for persistence unit 'default'
2026-10-07T05:54:46.909+09:00  INFO [requestId:] 32545 --- [sc-notes] [SpringApplicationShutdownHook] com.zaxxer.hikari.HikariDataSource       : HikariPool-1 - Shutdown initiated...
2026-10-07T05:54:47.130+09:00  INFO [requestId:] 32545 --- [sc-notes] [SpringApplicationShutdownHook] com.zaxxer.hikari.HikariDataSource       : HikariPool-1 - Shutdown completed.
2026-10-07T05:54:48.098+09:00  INFO [requestId:] 32583 --- [sc-notes] [main] d.s.notesapp.GeneratedApplication        : Starting GeneratedApplication v1.0.0 using Java 21.0.11 with PID 32583 (<generated-app>/backend/target/sc-notes.jar started by dk in <generated-app>)
2026-10-07T05:54:48.099+09:00  INFO [requestId:] 32583 --- [sc-notes] [main] d.s.notesapp.GeneratedApplication        : The following 2 profiles are active: "dev", "file-storage"
2026-10-07T05:54:48.627+09:00  INFO [requestId:] 32583 --- [sc-notes] [main] .s.d.r.c.RepositoryConfigurationDelegate : Bootstrapping Spring Data JPA repositories in DEFAULT mode.
2026-10-07T05:54:48.676+09:00  INFO [requestId:] 32583 --- [sc-notes] [main] .s.d.r.c.RepositoryConfigurationDelegate : Finished Spring Data repository scanning in 44 ms. Found 1 JPA repository interface.
2026-10-07T05:54:48.741+09:00  INFO [requestId:] 32583 --- [sc-notes] [main] o.s.cloud.context.scope.GenericScope     : BeanFactory id=5094313a-f46c-332b-91d8-78e7c7bfb912
2026-10-07T05:54:48.914+09:00  INFO [requestId:] 32583 --- [sc-notes] [main] o.s.b.w.embedded.tomcat.TomcatWebServer  : Tomcat initialized with port 0 (http)
2026-10-07T05:54:48.921+09:00  INFO [requestId:] 32583 --- [sc-notes] [main] o.apache.catalina.core.StandardService   : Starting service [Tomcat]
2026-10-07T05:54:48.921+09:00  INFO [requestId:] 32583 --- [sc-notes] [main] o.apache.catalina.core.StandardEngine    : Starting Servlet engine: [Apache Tomcat/10.1.55]
2026-10-07T05:54:48.932+09:00  INFO [requestId:] 32583 --- [sc-notes] [main] o.a.c.c.C.[Tomcat].[localhost].[/]       : Initializing Spring embedded WebApplicationContext
2026-10-07T05:54:48.933+09:00  INFO [requestId:] 32583 --- [sc-notes] [main] w.s.c.ServletWebServerApplicationContext : Root WebApplicationContext: initialization completed in 813 ms
2026-10-07T05:54:49.061+09:00  INFO [requestId:] 32583 --- [sc-notes] [main] com.zaxxer.hikari.HikariDataSource       : HikariPool-1 - Starting...
2026-10-07T05:54:49.143+09:00  INFO [requestId:] 32583 --- [sc-notes] [main] com.zaxxer.hikari.pool.HikariPool        : HikariPool-1 - Added connection conn0: url=jdbc:h2:file:<isolated-fixture>/data/app user=SA
2026-10-07T05:54:49.144+09:00  INFO [requestId:] 32583 --- [sc-notes] [main] com.zaxxer.hikari.HikariDataSource       : HikariPool-1 - Start completed.
2026-10-07T05:54:49.160+09:00  INFO [requestId:] 32583 --- [sc-notes] [main] org.flywaydb.core.FlywayExecutor         : Database: jdbc:h2:file:<isolated-fixture>/data/app (H2 2.3)
2026-10-07T05:54:49.174+09:00  INFO [requestId:] 32583 --- [sc-notes] [main] o.f.core.internal.command.DbValidate     : Successfully validated 1 migration (execution time 00:00.008s)
2026-10-07T05:54:49.177+09:00  INFO [requestId:] 32583 --- [sc-notes] [main] o.f.core.internal.command.DbMigrate      : Current version of schema "PUBLIC": 1
2026-10-07T05:54:49.178+09:00  INFO [requestId:] 32583 --- [sc-notes] [main] o.f.core.internal.command.DbMigrate      : Schema "PUBLIC" is up to date. No migration necessary.
2026-10-07T05:54:49.210+09:00  INFO [requestId:] 32583 --- [sc-notes] [main] o.hibernate.jpa.internal.util.LogHelper  : HHH000204: Processing PersistenceUnitInfo [name: default]
2026-10-07T05:54:49.230+09:00  INFO [requestId:] 32583 --- [sc-notes] [main] org.hibernate.Version                    : HHH000412: Hibernate ORM core version 6.6.53.Final
2026-10-07T05:54:49.243+09:00  INFO [requestId:] 32583 --- [sc-notes] [main] o.h.c.internal.RegionFactoryInitiator    : HHH000026: Second-level cache disabled
2026-10-07T05:54:49.355+09:00  INFO [requestId:] 32583 --- [sc-notes] [main] o.s.o.j.p.SpringPersistenceUnitInfo      : No LoadTimeWeaver setup: ignoring JPA class transformer
2026-10-07T05:54:49.379+09:00  INFO [requestId:] 32583 --- [sc-notes] [main] org.hibernate.orm.connections.pooling    : HHH10001005: Database info:
	Database JDBC URL [Connecting through datasource 'HikariDataSource (HikariPool-1)']
	Database driver: undefined/unknown
	Database version: 2.3.232
	Autocommit mode: undefined/unknown
	Isolation level: undefined/unknown
	Minimum pool size: undefined/unknown
	Maximum pool size: undefined/unknown
2026-10-07T05:54:49.655+09:00  INFO [requestId:] 32583 --- [sc-notes] [main] o.h.e.t.j.p.i.JtaPlatformInitiator       : HHH000489: No JTA platform available (set 'hibernate.transaction.jta.platform' to enable JTA platform integration)
2026-10-07T05:54:49.662+09:00  INFO [requestId:] 32583 --- [sc-notes] [main] j.LocalContainerEntityManagerFactoryBean : Initialized JPA EntityManagerFactory for persistence unit 'default'
2026-10-07T05:54:49.996+09:00  INFO [requestId:] 32583 --- [sc-notes] [main] o.s.b.a.w.s.WelcomePageHandlerMapping    : Adding welcome page: class path resource [static/index.html]
2026-10-07T05:54:50.150+09:00  INFO [requestId:] 32583 --- [sc-notes] [main] r$InitializeUserDetailsManagerConfigurer : Global AuthenticationManager configured with UserDetailsService bean with name users
2026-10-07T05:54:50.205+09:00  INFO [requestId:] 32583 --- [sc-notes] [main] o.s.b.a.e.web.EndpointLinksResolver      : Exposing 1 endpoint beneath base path '/actuator'
2026-10-07T05:54:50.332+09:00  INFO [requestId:] 32583 --- [sc-notes] [main] o.s.b.w.embedded.tomcat.TomcatWebServer  : Tomcat started on port 57447 (http) with context path '/'
2026-10-07T05:54:50.343+09:00  INFO [requestId:] 32583 --- [sc-notes] [main] d.s.notesapp.GeneratedApplication        : Started GeneratedApplication in 2.5 seconds (process running for 2.713)
2026-10-07T05:54:50.697+09:00  INFO [requestId:] 32583 --- [sc-notes] [http-nio-127.0.0.1-auto-1-exec-1] o.a.c.c.C.[Tomcat].[localhost].[/]       : Initializing Spring DispatcherServlet 'dispatcherServlet'
2026-10-07T05:54:50.697+09:00  INFO [requestId:] 32583 --- [sc-notes] [http-nio-127.0.0.1-auto-1-exec-1] o.s.web.servlet.DispatcherServlet        : Initializing Servlet 'dispatcherServlet'
2026-10-07T05:54:50.697+09:00  INFO [requestId:] 32583 --- [sc-notes] [http-nio-127.0.0.1-auto-1-exec-1] o.s.web.servlet.DispatcherServlet        : Completed initialization in 0 ms
2026-10-07T05:54:50.950+09:00  INFO [requestId:] 32583 --- [sc-notes] [SpringApplicationShutdownHook] o.s.b.w.e.tomcat.GracefulShutdown        : Commencing graceful shutdown. Waiting for active requests to complete
2026-10-07T05:54:50.952+09:00  INFO [requestId:] 32583 --- [sc-notes] [tomcat-shutdown] o.s.b.w.e.tomcat.GracefulShutdown        : Graceful shutdown complete
2026-10-07T05:54:50.955+09:00  INFO [requestId:] 32583 --- [sc-notes] [SpringApplicationShutdownHook] j.LocalContainerEntityManagerFactoryBean : Closing JPA EntityManagerFactory for persistence unit 'default'
2026-10-07T05:54:50.956+09:00  INFO [requestId:] 32583 --- [sc-notes] [SpringApplicationShutdownHook] com.zaxxer.hikari.HikariDataSource       : HikariPool-1 - Shutdown initiated...
2026-10-07T05:54:51.168+09:00  INFO [requestId:] 32583 --- [sc-notes] [SpringApplicationShutdownHook] com.zaxxer.hikari.HikariDataSource       : HikariPool-1 - Shutdown completed.

===== dev,audit / launcher-2.log =====
Bootstrap secret file is ready (value omitted).

  .   ____          _            __ _ _
 /\\ / ___'_ __ _ _(_)_ __  __ _ \ \ \ \
( ( )\___ | '_ | '_| | '_ \/ _` | \ \ \ \
 \\/  ___)| |_)| | | | | || (_| |  ) ) ) )
  '  |____| .__|_| |_|_| |_\__, | / / / /
 =========|_|==============|___/=/_/_/_/

 :: Spring Boot ::               (v3.5.16)

2026-10-07T05:54:39.865+09:00  INFO [requestId:] 32510 --- [sc-notes] [           main] d.s.notesapp.GeneratedApplication        : Starting GeneratedApplication v1.0.0 using Java 21.0.11 with PID 32510 (<generated-app>/backend/target/sc-notes.jar started by dk in <generated-app>)
2026-10-07T05:54:39.867+09:00  INFO [requestId:] 32510 --- [sc-notes] [           main] d.s.notesapp.GeneratedApplication        : The following 2 profiles are active: "dev", "audit"
2026-10-07T05:54:40.376+09:00  INFO [requestId:] 32510 --- [sc-notes] [           main] .s.d.r.c.RepositoryConfigurationDelegate : Bootstrapping Spring Data JPA repositories in DEFAULT mode.
2026-10-07T05:54:40.422+09:00  INFO [requestId:] 32510 --- [sc-notes] [           main] .s.d.r.c.RepositoryConfigurationDelegate : Finished Spring Data repository scanning in 43 ms. Found 1 JPA repository interface.
2026-10-07T05:54:40.483+09:00  INFO [requestId:] 32510 --- [sc-notes] [           main] o.s.cloud.context.scope.GenericScope     : BeanFactory id=1eb3d43a-930f-3182-8fd3-2eabc409f8dc
2026-10-07T05:54:40.646+09:00  INFO [requestId:] 32510 --- [sc-notes] [           main] o.s.b.w.embedded.tomcat.TomcatWebServer  : Tomcat initialized with port 0 (http)
2026-10-07T05:54:40.652+09:00  INFO [requestId:] 32510 --- [sc-notes] [           main] o.apache.catalina.core.StandardService   : Starting service [Tomcat]
2026-10-07T05:54:40.652+09:00  INFO [requestId:] 32510 --- [sc-notes] [           main] o.apache.catalina.core.StandardEngine    : Starting Servlet engine: [Apache Tomcat/10.1.55]
2026-10-07T05:54:40.664+09:00  INFO [requestId:] 32510 --- [sc-notes] [           main] o.a.c.c.C.[Tomcat].[localhost].[/]       : Initializing Spring embedded WebApplicationContext
2026-10-07T05:54:40.664+09:00  INFO [requestId:] 32510 --- [sc-notes] [           main] w.s.c.ServletWebServerApplicationContext : Root WebApplicationContext: initialization completed in 777 ms
2026-10-07T05:54:40.806+09:00  INFO [requestId:] 32510 --- [sc-notes] [           main] com.zaxxer.hikari.HikariDataSource       : HikariPool-1 - Starting...
2026-10-07T05:54:40.890+09:00  INFO [requestId:] 32510 --- [sc-notes] [           main] com.zaxxer.hikari.pool.HikariPool        : HikariPool-1 - Added connection conn0: url=jdbc:h2:file:<isolated-fixture>/data/app user=SA
2026-10-07T05:54:40.890+09:00  INFO [requestId:] 32510 --- [sc-notes] [           main] com.zaxxer.hikari.HikariDataSource       : HikariPool-1 - Start completed.
2026-10-07T05:54:40.907+09:00  INFO [requestId:] 32510 --- [sc-notes] [           main] org.flywaydb.core.FlywayExecutor         : Database: jdbc:h2:file:<isolated-fixture>/data/app (H2 2.3)
2026-10-07T05:54:40.920+09:00  INFO [requestId:] 32510 --- [sc-notes] [           main] o.f.core.internal.command.DbValidate     : Successfully validated 2 migrations (execution time 00:00.008s)
2026-10-07T05:54:40.924+09:00  INFO [requestId:] 32510 --- [sc-notes] [           main] o.f.core.internal.command.DbMigrate      : Current version of schema "PUBLIC": 2
2026-10-07T05:54:40.925+09:00  INFO [requestId:] 32510 --- [sc-notes] [           main] o.f.core.internal.command.DbMigrate      : Schema "PUBLIC" is up to date. No migration necessary.
2026-10-07T05:54:40.957+09:00  INFO [requestId:] 32510 --- [sc-notes] [           main] o.hibernate.jpa.internal.util.LogHelper  : HHH000204: Processing PersistenceUnitInfo [name: default]
2026-10-07T05:54:40.977+09:00  INFO [requestId:] 32510 --- [sc-notes] [           main] org.hibernate.Version                    : HHH000412: Hibernate ORM core version 6.6.53.Final
2026-10-07T05:54:40.989+09:00  INFO [requestId:] 32510 --- [sc-notes] [           main] o.h.c.internal.RegionFactoryInitiator    : HHH000026: Second-level cache disabled
2026-10-07T05:54:41.103+09:00  INFO [requestId:] 32510 --- [sc-notes] [           main] o.s.o.j.p.SpringPersistenceUnitInfo      : No LoadTimeWeaver setup: ignoring JPA class transformer
2026-10-07T05:54:41.128+09:00  INFO [requestId:] 32510 --- [sc-notes] [           main] org.hibernate.orm.connections.pooling    : HHH10001005: Database info:
	Database JDBC URL [Connecting through datasource 'HikariDataSource (HikariPool-1)']
	Database driver: undefined/unknown
	Database version: 2.3.232
	Autocommit mode: undefined/unknown
	Isolation level: undefined/unknown
	Minimum pool size: undefined/unknown
	Maximum pool size: undefined/unknown
2026-10-07T05:54:41.406+09:00  INFO [requestId:] 32510 --- [sc-notes] [           main] o.h.e.t.j.p.i.JtaPlatformInitiator       : HHH000489: No JTA platform available (set 'hibernate.transaction.jta.platform' to enable JTA platform integration)
2026-10-07T05:54:41.412+09:00  INFO [requestId:] 32510 --- [sc-notes] [           main] j.LocalContainerEntityManagerFactoryBean : Initialized JPA EntityManagerFactory for persistence unit 'default'
2026-10-07T05:54:41.746+09:00  INFO [requestId:] 32510 --- [sc-notes] [           main] o.s.b.a.w.s.WelcomePageHandlerMapping    : Adding welcome page: class path resource [static/index.html]
2026-10-07T05:54:41.902+09:00  INFO [requestId:] 32510 --- [sc-notes] [           main] r$InitializeUserDetailsManagerConfigurer : Global AuthenticationManager configured with UserDetailsService bean with name users
2026-10-07T05:54:41.959+09:00  INFO [requestId:] 32510 --- [sc-notes] [           main] o.s.b.a.e.web.EndpointLinksResolver      : Exposing 1 endpoint beneath base path '/actuator'
2026-10-07T05:54:42.083+09:00  INFO [requestId:] 32510 --- [sc-notes] [           main] o.s.b.w.embedded.tomcat.TomcatWebServer  : Tomcat started on port 57415 (http) with context path '/'
2026-10-07T05:54:42.093+09:00  INFO [requestId:] 32510 --- [sc-notes] [           main] d.s.notesapp.GeneratedApplication        : Started GeneratedApplication in 2.485 seconds (process running for 2.693)
2026-10-07T05:54:42.399+09:00  INFO [requestId:] 32510 --- [sc-notes] [1-auto-1-exec-1] o.a.c.c.C.[Tomcat].[localhost].[/]       : Initializing Spring DispatcherServlet 'dispatcherServlet'
2026-10-07T05:54:42.399+09:00  INFO [requestId:] 32510 --- [sc-notes] [1-auto-1-exec-1] o.s.web.servlet.DispatcherServlet        : Initializing Servlet 'dispatcherServlet'
2026-10-07T05:54:42.399+09:00  INFO [requestId:] 32510 --- [sc-notes] [1-auto-1-exec-1] o.s.web.servlet.DispatcherServlet        : Completed initialization in 0 ms
2026-10-07T05:54:42.645+09:00  INFO [requestId:] 32510 --- [sc-notes] [ionShutdownHook] o.s.b.w.e.tomcat.GracefulShutdown        : Commencing graceful shutdown. Waiting for active requests to complete
2026-10-07T05:54:42.647+09:00  INFO [requestId:] 32510 --- [sc-notes] [tomcat-shutdown] o.s.b.w.e.tomcat.GracefulShutdown        : Graceful shutdown complete
2026-10-07T05:54:42.650+09:00  INFO [requestId:] 32510 --- [sc-notes] [ionShutdownHook] j.LocalContainerEntityManagerFactoryBean : Closing JPA EntityManagerFactory for persistence unit 'default'
2026-10-07T05:54:42.651+09:00  INFO [requestId:] 32510 --- [sc-notes] [ionShutdownHook] com.zaxxer.hikari.HikariDataSource       : HikariPool-1 - Shutdown initiated...
2026-10-07T05:54:42.862+09:00  INFO [requestId:] 32510 --- [sc-notes] [ionShutdownHook] com.zaxxer.hikari.HikariDataSource       : HikariPool-1 - Shutdown completed.

===== dev,audit / launcher-1.log =====
Bootstrap secret file is ready (value omitted).

  .   ____          _            __ _ _
 /\\ / ___'_ __ _ _(_)_ __  __ _ \ \ \ \
( ( )\___ | '_ | '_| | '_ \/ _` | \ \ \ \
 \\/  ___)| |_)| | | | | || (_| |  ) ) ) )
  '  |____| .__|_| |_|_| |_\__, | / / / /
 =========|_|==============|___/=/_/_/_/

 :: Spring Boot ::               (v3.5.16)

2026-10-07T05:54:35.868+09:00  INFO [requestId:] 32475 --- [sc-notes] [           main] d.s.notesapp.GeneratedApplication        : Starting GeneratedApplication v1.0.0 using Java 21.0.11 with PID 32475 (<generated-app>/backend/target/sc-notes.jar started by dk in <generated-app>)
2026-10-07T05:54:35.869+09:00  INFO [requestId:] 32475 --- [sc-notes] [           main] d.s.notesapp.GeneratedApplication        : The following 2 profiles are active: "dev", "audit"
2026-10-07T05:54:36.385+09:00  INFO [requestId:] 32475 --- [sc-notes] [           main] .s.d.r.c.RepositoryConfigurationDelegate : Bootstrapping Spring Data JPA repositories in DEFAULT mode.
2026-10-07T05:54:36.433+09:00  INFO [requestId:] 32475 --- [sc-notes] [           main] .s.d.r.c.RepositoryConfigurationDelegate : Finished Spring Data repository scanning in 43 ms. Found 1 JPA repository interface.
2026-10-07T05:54:36.493+09:00  INFO [requestId:] 32475 --- [sc-notes] [           main] o.s.cloud.context.scope.GenericScope     : BeanFactory id=1eb3d43a-930f-3182-8fd3-2eabc409f8dc
2026-10-07T05:54:36.653+09:00  INFO [requestId:] 32475 --- [sc-notes] [           main] o.s.b.w.embedded.tomcat.TomcatWebServer  : Tomcat initialized with port 0 (http)
2026-10-07T05:54:36.659+09:00  INFO [requestId:] 32475 --- [sc-notes] [           main] o.apache.catalina.core.StandardService   : Starting service [Tomcat]
2026-10-07T05:54:36.660+09:00  INFO [requestId:] 32475 --- [sc-notes] [           main] o.apache.catalina.core.StandardEngine    : Starting Servlet engine: [Apache Tomcat/10.1.55]
2026-10-07T05:54:36.671+09:00  INFO [requestId:] 32475 --- [sc-notes] [           main] o.a.c.c.C.[Tomcat].[localhost].[/]       : Initializing Spring embedded WebApplicationContext
2026-10-07T05:54:36.671+09:00  INFO [requestId:] 32475 --- [sc-notes] [           main] w.s.c.ServletWebServerApplicationContext : Root WebApplicationContext: initialization completed in 783 ms
2026-10-07T05:54:36.801+09:00  INFO [requestId:] 32475 --- [sc-notes] [           main] com.zaxxer.hikari.HikariDataSource       : HikariPool-1 - Starting...
2026-10-07T05:54:36.878+09:00  INFO [requestId:] 32475 --- [sc-notes] [           main] com.zaxxer.hikari.pool.HikariPool        : HikariPool-1 - Added connection conn0: url=jdbc:h2:file:<isolated-fixture>/data/app user=SA
2026-10-07T05:54:36.879+09:00  INFO [requestId:] 32475 --- [sc-notes] [           main] com.zaxxer.hikari.HikariDataSource       : HikariPool-1 - Start completed.
2026-10-07T05:54:36.896+09:00  INFO [requestId:] 32475 --- [sc-notes] [           main] org.flywaydb.core.FlywayExecutor         : Database: jdbc:h2:file:<isolated-fixture>/data/app (H2 2.3)
2026-10-07T05:54:36.906+09:00  INFO [requestId:] 32475 --- [sc-notes] [           main] o.f.c.i.s.JdbcTableSchemaHistory         : Schema history table "PUBLIC"."flyway_schema_history" does not exist yet
2026-10-07T05:54:36.907+09:00  INFO [requestId:] 32475 --- [sc-notes] [           main] o.f.core.internal.command.DbValidate     : Successfully validated 2 migrations (execution time 00:00.004s)
2026-10-07T05:54:36.909+09:00  INFO [requestId:] 32475 --- [sc-notes] [           main] o.f.c.i.s.JdbcTableSchemaHistory         : Creating Schema History table "PUBLIC"."flyway_schema_history" ...
2026-10-07T05:54:36.922+09:00  INFO [requestId:] 32475 --- [sc-notes] [           main] o.f.core.internal.command.DbMigrate      : Current version of schema "PUBLIC": << Empty Schema >>
2026-10-07T05:54:36.925+09:00  INFO [requestId:] 32475 --- [sc-notes] [           main] o.f.core.internal.command.DbMigrate      : Migrating schema "PUBLIC" to version "1 - starter notes"
2026-10-07T05:54:36.931+09:00  INFO [requestId:] 32475 --- [sc-notes] [           main] o.f.core.internal.command.DbMigrate      : Migrating schema "PUBLIC" to version "2 - security audit"
2026-10-07T05:54:36.938+09:00  INFO [requestId:] 32475 --- [sc-notes] [           main] o.f.core.internal.command.DbMigrate      : Successfully applied 2 migrations to schema "PUBLIC", now at version v2 (execution time 00:00.006s)
2026-10-07T05:54:36.966+09:00  INFO [requestId:] 32475 --- [sc-notes] [           main] o.hibernate.jpa.internal.util.LogHelper  : HHH000204: Processing PersistenceUnitInfo [name: default]
2026-10-07T05:54:36.983+09:00  INFO [requestId:] 32475 --- [sc-notes] [           main] org.hibernate.Version                    : HHH000412: Hibernate ORM core version 6.6.53.Final
2026-10-07T05:54:36.995+09:00  INFO [requestId:] 32475 --- [sc-notes] [           main] o.h.c.internal.RegionFactoryInitiator    : HHH000026: Second-level cache disabled
2026-10-07T05:54:37.102+09:00  INFO [requestId:] 32475 --- [sc-notes] [           main] o.s.o.j.p.SpringPersistenceUnitInfo      : No LoadTimeWeaver setup: ignoring JPA class transformer
2026-10-07T05:54:37.126+09:00  INFO [requestId:] 32475 --- [sc-notes] [           main] org.hibernate.orm.connections.pooling    : HHH10001005: Database info:
	Database JDBC URL [Connecting through datasource 'HikariDataSource (HikariPool-1)']
	Database driver: undefined/unknown
	Database version: 2.3.232
	Autocommit mode: undefined/unknown
	Isolation level: undefined/unknown
	Minimum pool size: undefined/unknown
	Maximum pool size: undefined/unknown
2026-10-07T05:54:37.394+09:00  INFO [requestId:] 32475 --- [sc-notes] [           main] o.h.e.t.j.p.i.JtaPlatformInitiator       : HHH000489: No JTA platform available (set 'hibernate.transaction.jta.platform' to enable JTA platform integration)
2026-10-07T05:54:37.401+09:00  INFO [requestId:] 32475 --- [sc-notes] [           main] j.LocalContainerEntityManagerFactoryBean : Initialized JPA EntityManagerFactory for persistence unit 'default'
2026-10-07T05:54:37.740+09:00  INFO [requestId:] 32475 --- [sc-notes] [           main] o.s.b.a.w.s.WelcomePageHandlerMapping    : Adding welcome page: class path resource [static/index.html]
2026-10-07T05:54:37.893+09:00  INFO [requestId:] 32475 --- [sc-notes] [           main] r$InitializeUserDetailsManagerConfigurer : Global AuthenticationManager configured with UserDetailsService bean with name users
2026-10-07T05:54:37.954+09:00  INFO [requestId:] 32475 --- [sc-notes] [           main] o.s.b.a.e.web.EndpointLinksResolver      : Exposing 1 endpoint beneath base path '/actuator'
2026-10-07T05:54:38.081+09:00  INFO [requestId:] 32475 --- [sc-notes] [           main] o.s.b.w.embedded.tomcat.TomcatWebServer  : Tomcat started on port 57389 (http) with context path '/'
2026-10-07T05:54:38.092+09:00  INFO [requestId:] 32475 --- [sc-notes] [           main] d.s.notesapp.GeneratedApplication        : Started GeneratedApplication in 2.471 seconds (process running for 2.697)
2026-10-07T05:54:38.289+09:00  INFO [requestId:] 32475 --- [sc-notes] [1-auto-1-exec-1] o.a.c.c.C.[Tomcat].[localhost].[/]       : Initializing Spring DispatcherServlet 'dispatcherServlet'
2026-10-07T05:54:38.289+09:00  INFO [requestId:] 32475 --- [sc-notes] [1-auto-1-exec-1] o.s.web.servlet.DispatcherServlet        : Initializing Servlet 'dispatcherServlet'
2026-10-07T05:54:38.290+09:00  INFO [requestId:] 32475 --- [sc-notes] [1-auto-1-exec-1] o.s.web.servlet.DispatcherServlet        : Completed initialization in 1 ms
2026-10-07T05:54:38.685+09:00  INFO [requestId:c0401e85-24fe-4eba-aeae-07b84652a905] 32475 --- [sc-notes] [1-auto-1-exec-2] o.springdoc.api.AbstractOpenApiResource  : Init duration for springdoc-openapi is: 80 ms
2026-10-07T05:54:38.708+09:00  INFO [requestId:] 32475 --- [sc-notes] [ionShutdownHook] o.s.b.w.e.tomcat.GracefulShutdown        : Commencing graceful shutdown. Waiting for active requests to complete
2026-10-07T05:54:38.710+09:00  INFO [requestId:] 32475 --- [sc-notes] [tomcat-shutdown] o.s.b.w.e.tomcat.GracefulShutdown        : Graceful shutdown complete
2026-10-07T05:54:38.713+09:00  INFO [requestId:] 32475 --- [sc-notes] [ionShutdownHook] j.LocalContainerEntityManagerFactoryBean : Closing JPA EntityManagerFactory for persistence unit 'default'
2026-10-07T05:54:38.715+09:00  INFO [requestId:] 32475 --- [sc-notes] [ionShutdownHook] com.zaxxer.hikari.HikariDataSource       : HikariPool-1 - Shutdown initiated...
2026-10-07T05:54:38.783+09:00  INFO [requestId:] 32475 --- [sc-notes] [ionShutdownHook] com.zaxxer.hikari.HikariDataSource       : HikariPool-1 - Shutdown completed.

===== dev,audit / app.log =====
2026-10-07T05:54:35.868+09:00  INFO [requestId:] 32475 --- [sc-notes] [main] d.s.notesapp.GeneratedApplication        : Starting GeneratedApplication v1.0.0 using Java 21.0.11 with PID 32475 (<generated-app>/backend/target/sc-notes.jar started by dk in <generated-app>)
2026-10-07T05:54:35.869+09:00  INFO [requestId:] 32475 --- [sc-notes] [main] d.s.notesapp.GeneratedApplication        : The following 2 profiles are active: "dev", "audit"
2026-10-07T05:54:36.385+09:00  INFO [requestId:] 32475 --- [sc-notes] [main] .s.d.r.c.RepositoryConfigurationDelegate : Bootstrapping Spring Data JPA repositories in DEFAULT mode.
2026-10-07T05:54:36.433+09:00  INFO [requestId:] 32475 --- [sc-notes] [main] .s.d.r.c.RepositoryConfigurationDelegate : Finished Spring Data repository scanning in 43 ms. Found 1 JPA repository interface.
2026-10-07T05:54:36.493+09:00  INFO [requestId:] 32475 --- [sc-notes] [main] o.s.cloud.context.scope.GenericScope     : BeanFactory id=1eb3d43a-930f-3182-8fd3-2eabc409f8dc
2026-10-07T05:54:36.653+09:00  INFO [requestId:] 32475 --- [sc-notes] [main] o.s.b.w.embedded.tomcat.TomcatWebServer  : Tomcat initialized with port 0 (http)
2026-10-07T05:54:36.659+09:00  INFO [requestId:] 32475 --- [sc-notes] [main] o.apache.catalina.core.StandardService   : Starting service [Tomcat]
2026-10-07T05:54:36.660+09:00  INFO [requestId:] 32475 --- [sc-notes] [main] o.apache.catalina.core.StandardEngine    : Starting Servlet engine: [Apache Tomcat/10.1.55]
2026-10-07T05:54:36.671+09:00  INFO [requestId:] 32475 --- [sc-notes] [main] o.a.c.c.C.[Tomcat].[localhost].[/]       : Initializing Spring embedded WebApplicationContext
2026-10-07T05:54:36.671+09:00  INFO [requestId:] 32475 --- [sc-notes] [main] w.s.c.ServletWebServerApplicationContext : Root WebApplicationContext: initialization completed in 783 ms
2026-10-07T05:54:36.801+09:00  INFO [requestId:] 32475 --- [sc-notes] [main] com.zaxxer.hikari.HikariDataSource       : HikariPool-1 - Starting...
2026-10-07T05:54:36.878+09:00  INFO [requestId:] 32475 --- [sc-notes] [main] com.zaxxer.hikari.pool.HikariPool        : HikariPool-1 - Added connection conn0: url=jdbc:h2:file:<isolated-fixture>/data/app user=SA
2026-10-07T05:54:36.879+09:00  INFO [requestId:] 32475 --- [sc-notes] [main] com.zaxxer.hikari.HikariDataSource       : HikariPool-1 - Start completed.
2026-10-07T05:54:36.896+09:00  INFO [requestId:] 32475 --- [sc-notes] [main] org.flywaydb.core.FlywayExecutor         : Database: jdbc:h2:file:<isolated-fixture>/data/app (H2 2.3)
2026-10-07T05:54:36.906+09:00  INFO [requestId:] 32475 --- [sc-notes] [main] o.f.c.i.s.JdbcTableSchemaHistory         : Schema history table "PUBLIC"."flyway_schema_history" does not exist yet
2026-10-07T05:54:36.907+09:00  INFO [requestId:] 32475 --- [sc-notes] [main] o.f.core.internal.command.DbValidate     : Successfully validated 2 migrations (execution time 00:00.004s)
2026-10-07T05:54:36.909+09:00  INFO [requestId:] 32475 --- [sc-notes] [main] o.f.c.i.s.JdbcTableSchemaHistory         : Creating Schema History table "PUBLIC"."flyway_schema_history" ...
2026-10-07T05:54:36.922+09:00  INFO [requestId:] 32475 --- [sc-notes] [main] o.f.core.internal.command.DbMigrate      : Current version of schema "PUBLIC": << Empty Schema >>
2026-10-07T05:54:36.925+09:00  INFO [requestId:] 32475 --- [sc-notes] [main] o.f.core.internal.command.DbMigrate      : Migrating schema "PUBLIC" to version "1 - starter notes"
2026-10-07T05:54:36.931+09:00  INFO [requestId:] 32475 --- [sc-notes] [main] o.f.core.internal.command.DbMigrate      : Migrating schema "PUBLIC" to version "2 - security audit"
2026-10-07T05:54:36.938+09:00  INFO [requestId:] 32475 --- [sc-notes] [main] o.f.core.internal.command.DbMigrate      : Successfully applied 2 migrations to schema "PUBLIC", now at version v2 (execution time 00:00.006s)
2026-10-07T05:54:36.966+09:00  INFO [requestId:] 32475 --- [sc-notes] [main] o.hibernate.jpa.internal.util.LogHelper  : HHH000204: Processing PersistenceUnitInfo [name: default]
2026-10-07T05:54:36.983+09:00  INFO [requestId:] 32475 --- [sc-notes] [main] org.hibernate.Version                    : HHH000412: Hibernate ORM core version 6.6.53.Final
2026-10-07T05:54:36.995+09:00  INFO [requestId:] 32475 --- [sc-notes] [main] o.h.c.internal.RegionFactoryInitiator    : HHH000026: Second-level cache disabled
2026-10-07T05:54:37.102+09:00  INFO [requestId:] 32475 --- [sc-notes] [main] o.s.o.j.p.SpringPersistenceUnitInfo      : No LoadTimeWeaver setup: ignoring JPA class transformer
2026-10-07T05:54:37.126+09:00  INFO [requestId:] 32475 --- [sc-notes] [main] org.hibernate.orm.connections.pooling    : HHH10001005: Database info:
	Database JDBC URL [Connecting through datasource 'HikariDataSource (HikariPool-1)']
	Database driver: undefined/unknown
	Database version: 2.3.232
	Autocommit mode: undefined/unknown
	Isolation level: undefined/unknown
	Minimum pool size: undefined/unknown
	Maximum pool size: undefined/unknown
2026-10-07T05:54:37.394+09:00  INFO [requestId:] 32475 --- [sc-notes] [main] o.h.e.t.j.p.i.JtaPlatformInitiator       : HHH000489: No JTA platform available (set 'hibernate.transaction.jta.platform' to enable JTA platform integration)
2026-10-07T05:54:37.401+09:00  INFO [requestId:] 32475 --- [sc-notes] [main] j.LocalContainerEntityManagerFactoryBean : Initialized JPA EntityManagerFactory for persistence unit 'default'
2026-10-07T05:54:37.740+09:00  INFO [requestId:] 32475 --- [sc-notes] [main] o.s.b.a.w.s.WelcomePageHandlerMapping    : Adding welcome page: class path resource [static/index.html]
2026-10-07T05:54:37.893+09:00  INFO [requestId:] 32475 --- [sc-notes] [main] r$InitializeUserDetailsManagerConfigurer : Global AuthenticationManager configured with UserDetailsService bean with name users
2026-10-07T05:54:37.954+09:00  INFO [requestId:] 32475 --- [sc-notes] [main] o.s.b.a.e.web.EndpointLinksResolver      : Exposing 1 endpoint beneath base path '/actuator'
2026-10-07T05:54:38.081+09:00  INFO [requestId:] 32475 --- [sc-notes] [main] o.s.b.w.embedded.tomcat.TomcatWebServer  : Tomcat started on port 57389 (http) with context path '/'
2026-10-07T05:54:38.092+09:00  INFO [requestId:] 32475 --- [sc-notes] [main] d.s.notesapp.GeneratedApplication        : Started GeneratedApplication in 2.471 seconds (process running for 2.697)
2026-10-07T05:54:38.289+09:00  INFO [requestId:] 32475 --- [sc-notes] [http-nio-127.0.0.1-auto-1-exec-1] o.a.c.c.C.[Tomcat].[localhost].[/]       : Initializing Spring DispatcherServlet 'dispatcherServlet'
2026-10-07T05:54:38.289+09:00  INFO [requestId:] 32475 --- [sc-notes] [http-nio-127.0.0.1-auto-1-exec-1] o.s.web.servlet.DispatcherServlet        : Initializing Servlet 'dispatcherServlet'
2026-10-07T05:54:38.290+09:00  INFO [requestId:] 32475 --- [sc-notes] [http-nio-127.0.0.1-auto-1-exec-1] o.s.web.servlet.DispatcherServlet        : Completed initialization in 1 ms
2026-10-07T05:54:38.685+09:00  INFO [requestId:c0401e85-24fe-4eba-aeae-07b84652a905] 32475 --- [sc-notes] [http-nio-127.0.0.1-auto-1-exec-2] o.springdoc.api.AbstractOpenApiResource  : Init duration for springdoc-openapi is: 80 ms
2026-10-07T05:54:38.708+09:00  INFO [requestId:] 32475 --- [sc-notes] [SpringApplicationShutdownHook] o.s.b.w.e.tomcat.GracefulShutdown        : Commencing graceful shutdown. Waiting for active requests to complete
2026-10-07T05:54:38.710+09:00  INFO [requestId:] 32475 --- [sc-notes] [tomcat-shutdown] o.s.b.w.e.tomcat.GracefulShutdown        : Graceful shutdown complete
2026-10-07T05:54:38.713+09:00  INFO [requestId:] 32475 --- [sc-notes] [SpringApplicationShutdownHook] j.LocalContainerEntityManagerFactoryBean : Closing JPA EntityManagerFactory for persistence unit 'default'
2026-10-07T05:54:38.715+09:00  INFO [requestId:] 32475 --- [sc-notes] [SpringApplicationShutdownHook] com.zaxxer.hikari.HikariDataSource       : HikariPool-1 - Shutdown initiated...
2026-10-07T05:54:38.783+09:00  INFO [requestId:] 32475 --- [sc-notes] [SpringApplicationShutdownHook] com.zaxxer.hikari.HikariDataSource       : HikariPool-1 - Shutdown completed.
2026-10-07T05:54:39.865+09:00  INFO [requestId:] 32510 --- [sc-notes] [main] d.s.notesapp.GeneratedApplication        : Starting GeneratedApplication v1.0.0 using Java 21.0.11 with PID 32510 (<generated-app>/backend/target/sc-notes.jar started by dk in <generated-app>)
2026-10-07T05:54:39.867+09:00  INFO [requestId:] 32510 --- [sc-notes] [main] d.s.notesapp.GeneratedApplication        : The following 2 profiles are active: "dev", "audit"
2026-10-07T05:54:40.376+09:00  INFO [requestId:] 32510 --- [sc-notes] [main] .s.d.r.c.RepositoryConfigurationDelegate : Bootstrapping Spring Data JPA repositories in DEFAULT mode.
2026-10-07T05:54:40.422+09:00  INFO [requestId:] 32510 --- [sc-notes] [main] .s.d.r.c.RepositoryConfigurationDelegate : Finished Spring Data repository scanning in 43 ms. Found 1 JPA repository interface.
2026-10-07T05:54:40.483+09:00  INFO [requestId:] 32510 --- [sc-notes] [main] o.s.cloud.context.scope.GenericScope     : BeanFactory id=1eb3d43a-930f-3182-8fd3-2eabc409f8dc
2026-10-07T05:54:40.646+09:00  INFO [requestId:] 32510 --- [sc-notes] [main] o.s.b.w.embedded.tomcat.TomcatWebServer  : Tomcat initialized with port 0 (http)
2026-10-07T05:54:40.652+09:00  INFO [requestId:] 32510 --- [sc-notes] [main] o.apache.catalina.core.StandardService   : Starting service [Tomcat]
2026-10-07T05:54:40.652+09:00  INFO [requestId:] 32510 --- [sc-notes] [main] o.apache.catalina.core.StandardEngine    : Starting Servlet engine: [Apache Tomcat/10.1.55]
2026-10-07T05:54:40.664+09:00  INFO [requestId:] 32510 --- [sc-notes] [main] o.a.c.c.C.[Tomcat].[localhost].[/]       : Initializing Spring embedded WebApplicationContext
2026-10-07T05:54:40.664+09:00  INFO [requestId:] 32510 --- [sc-notes] [main] w.s.c.ServletWebServerApplicationContext : Root WebApplicationContext: initialization completed in 777 ms
2026-10-07T05:54:40.806+09:00  INFO [requestId:] 32510 --- [sc-notes] [main] com.zaxxer.hikari.HikariDataSource       : HikariPool-1 - Starting...
2026-10-07T05:54:40.890+09:00  INFO [requestId:] 32510 --- [sc-notes] [main] com.zaxxer.hikari.pool.HikariPool        : HikariPool-1 - Added connection conn0: url=jdbc:h2:file:<isolated-fixture>/data/app user=SA
2026-10-07T05:54:40.890+09:00  INFO [requestId:] 32510 --- [sc-notes] [main] com.zaxxer.hikari.HikariDataSource       : HikariPool-1 - Start completed.
2026-10-07T05:54:40.907+09:00  INFO [requestId:] 32510 --- [sc-notes] [main] org.flywaydb.core.FlywayExecutor         : Database: jdbc:h2:file:<isolated-fixture>/data/app (H2 2.3)
2026-10-07T05:54:40.920+09:00  INFO [requestId:] 32510 --- [sc-notes] [main] o.f.core.internal.command.DbValidate     : Successfully validated 2 migrations (execution time 00:00.008s)
2026-10-07T05:54:40.924+09:00  INFO [requestId:] 32510 --- [sc-notes] [main] o.f.core.internal.command.DbMigrate      : Current version of schema "PUBLIC": 2
2026-10-07T05:54:40.925+09:00  INFO [requestId:] 32510 --- [sc-notes] [main] o.f.core.internal.command.DbMigrate      : Schema "PUBLIC" is up to date. No migration necessary.
2026-10-07T05:54:40.957+09:00  INFO [requestId:] 32510 --- [sc-notes] [main] o.hibernate.jpa.internal.util.LogHelper  : HHH000204: Processing PersistenceUnitInfo [name: default]
2026-10-07T05:54:40.977+09:00  INFO [requestId:] 32510 --- [sc-notes] [main] org.hibernate.Version                    : HHH000412: Hibernate ORM core version 6.6.53.Final
2026-10-07T05:54:40.989+09:00  INFO [requestId:] 32510 --- [sc-notes] [main] o.h.c.internal.RegionFactoryInitiator    : HHH000026: Second-level cache disabled
2026-10-07T05:54:41.103+09:00  INFO [requestId:] 32510 --- [sc-notes] [main] o.s.o.j.p.SpringPersistenceUnitInfo      : No LoadTimeWeaver setup: ignoring JPA class transformer
2026-10-07T05:54:41.128+09:00  INFO [requestId:] 32510 --- [sc-notes] [main] org.hibernate.orm.connections.pooling    : HHH10001005: Database info:
	Database JDBC URL [Connecting through datasource 'HikariDataSource (HikariPool-1)']
	Database driver: undefined/unknown
	Database version: 2.3.232
	Autocommit mode: undefined/unknown
	Isolation level: undefined/unknown
	Minimum pool size: undefined/unknown
	Maximum pool size: undefined/unknown
2026-10-07T05:54:41.406+09:00  INFO [requestId:] 32510 --- [sc-notes] [main] o.h.e.t.j.p.i.JtaPlatformInitiator       : HHH000489: No JTA platform available (set 'hibernate.transaction.jta.platform' to enable JTA platform integration)
2026-10-07T05:54:41.412+09:00  INFO [requestId:] 32510 --- [sc-notes] [main] j.LocalContainerEntityManagerFactoryBean : Initialized JPA EntityManagerFactory for persistence unit 'default'
2026-10-07T05:54:41.746+09:00  INFO [requestId:] 32510 --- [sc-notes] [main] o.s.b.a.w.s.WelcomePageHandlerMapping    : Adding welcome page: class path resource [static/index.html]
2026-10-07T05:54:41.902+09:00  INFO [requestId:] 32510 --- [sc-notes] [main] r$InitializeUserDetailsManagerConfigurer : Global AuthenticationManager configured with UserDetailsService bean with name users
2026-10-07T05:54:41.959+09:00  INFO [requestId:] 32510 --- [sc-notes] [main] o.s.b.a.e.web.EndpointLinksResolver      : Exposing 1 endpoint beneath base path '/actuator'
2026-10-07T05:54:42.083+09:00  INFO [requestId:] 32510 --- [sc-notes] [main] o.s.b.w.embedded.tomcat.TomcatWebServer  : Tomcat started on port 57415 (http) with context path '/'
2026-10-07T05:54:42.093+09:00  INFO [requestId:] 32510 --- [sc-notes] [main] d.s.notesapp.GeneratedApplication        : Started GeneratedApplication in 2.485 seconds (process running for 2.693)
2026-10-07T05:54:42.399+09:00  INFO [requestId:] 32510 --- [sc-notes] [http-nio-127.0.0.1-auto-1-exec-1] o.a.c.c.C.[Tomcat].[localhost].[/]       : Initializing Spring DispatcherServlet 'dispatcherServlet'
2026-10-07T05:54:42.399+09:00  INFO [requestId:] 32510 --- [sc-notes] [http-nio-127.0.0.1-auto-1-exec-1] o.s.web.servlet.DispatcherServlet        : Initializing Servlet 'dispatcherServlet'
2026-10-07T05:54:42.399+09:00  INFO [requestId:] 32510 --- [sc-notes] [http-nio-127.0.0.1-auto-1-exec-1] o.s.web.servlet.DispatcherServlet        : Completed initialization in 0 ms
2026-10-07T05:54:42.645+09:00  INFO [requestId:] 32510 --- [sc-notes] [SpringApplicationShutdownHook] o.s.b.w.e.tomcat.GracefulShutdown        : Commencing graceful shutdown. Waiting for active requests to complete
2026-10-07T05:54:42.647+09:00  INFO [requestId:] 32510 --- [sc-notes] [tomcat-shutdown] o.s.b.w.e.tomcat.GracefulShutdown        : Graceful shutdown complete
2026-10-07T05:54:42.650+09:00  INFO [requestId:] 32510 --- [sc-notes] [SpringApplicationShutdownHook] j.LocalContainerEntityManagerFactoryBean : Closing JPA EntityManagerFactory for persistence unit 'default'
2026-10-07T05:54:42.651+09:00  INFO [requestId:] 32510 --- [sc-notes] [SpringApplicationShutdownHook] com.zaxxer.hikari.HikariDataSource       : HikariPool-1 - Shutdown initiated...
2026-10-07T05:54:42.862+09:00  INFO [requestId:] 32510 --- [sc-notes] [SpringApplicationShutdownHook] com.zaxxer.hikari.HikariDataSource       : HikariPool-1 - Shutdown completed.

===== audit,file-storage / launcher-2.log =====
Bootstrap secret file is ready (value omitted).

  .   ____          _            __ _ _
 /\\ / ___'_ __ _ _(_)_ __  __ _ \ \ \ \
( ( )\___ | '_ | '_| | '_ \/ _` | \ \ \ \
 \\/  ___)| |_)| | | | | || (_| |  ) ) ) )
  '  |____| .__|_| |_|_| |_\__, | / / / /
 =========|_|==============|___/=/_/_/_/

 :: Spring Boot ::               (v3.5.16)

2026-10-07T05:54:32.206+09:00  INFO [requestId:] 32452 --- [sc-notes] [           main] d.s.notesapp.GeneratedApplication        : Starting GeneratedApplication v1.0.0 using Java 21.0.11 with PID 32452 (<generated-app>/backend/target/sc-notes.jar started by dk in <generated-app>)
2026-10-07T05:54:32.207+09:00  INFO [requestId:] 32452 --- [sc-notes] [           main] d.s.notesapp.GeneratedApplication        : The following 2 profiles are active: "audit", "file-storage"
2026-10-07T05:54:32.692+09:00  INFO [requestId:] 32452 --- [sc-notes] [           main] .s.d.r.c.RepositoryConfigurationDelegate : Bootstrapping Spring Data JPA repositories in DEFAULT mode.
2026-10-07T05:54:32.742+09:00  INFO [requestId:] 32452 --- [sc-notes] [           main] .s.d.r.c.RepositoryConfigurationDelegate : Finished Spring Data repository scanning in 46 ms. Found 1 JPA repository interface.
2026-10-07T05:54:32.808+09:00  INFO [requestId:] 32452 --- [sc-notes] [           main] o.s.cloud.context.scope.GenericScope     : BeanFactory id=866003c8-b879-36d6-bd5c-80ca94d4c6b6
2026-10-07T05:54:32.984+09:00  INFO [requestId:] 32452 --- [sc-notes] [           main] o.s.b.w.embedded.tomcat.TomcatWebServer  : Tomcat initialized with port 0 (http)
2026-10-07T05:54:32.991+09:00  INFO [requestId:] 32452 --- [sc-notes] [           main] o.apache.catalina.core.StandardService   : Starting service [Tomcat]
2026-10-07T05:54:32.991+09:00  INFO [requestId:] 32452 --- [sc-notes] [           main] o.apache.catalina.core.StandardEngine    : Starting Servlet engine: [Apache Tomcat/10.1.55]
2026-10-07T05:54:33.002+09:00  INFO [requestId:] 32452 --- [sc-notes] [           main] o.a.c.c.C.[Tomcat].[localhost].[/]       : Initializing Spring embedded WebApplicationContext
2026-10-07T05:54:33.002+09:00  INFO [requestId:] 32452 --- [sc-notes] [           main] w.s.c.ServletWebServerApplicationContext : Root WebApplicationContext: initialization completed in 772 ms
2026-10-07T05:54:33.136+09:00  INFO [requestId:] 32452 --- [sc-notes] [           main] com.zaxxer.hikari.HikariDataSource       : HikariPool-1 - Starting...
2026-10-07T05:54:33.222+09:00  INFO [requestId:] 32452 --- [sc-notes] [           main] com.zaxxer.hikari.pool.HikariPool        : HikariPool-1 - Added connection conn0: url=jdbc:h2:file:<isolated-fixture>/data/app user=SA
2026-10-07T05:54:33.222+09:00  INFO [requestId:] 32452 --- [sc-notes] [           main] com.zaxxer.hikari.HikariDataSource       : HikariPool-1 - Start completed.
2026-10-07T05:54:33.238+09:00  INFO [requestId:] 32452 --- [sc-notes] [           main] org.flywaydb.core.FlywayExecutor         : Database: jdbc:h2:file:<isolated-fixture>/data/app (H2 2.3)
2026-10-07T05:54:33.252+09:00  INFO [requestId:] 32452 --- [sc-notes] [           main] o.f.core.internal.command.DbValidate     : Successfully validated 2 migrations (execution time 00:00.008s)
2026-10-07T05:54:33.255+09:00  INFO [requestId:] 32452 --- [sc-notes] [           main] o.f.core.internal.command.DbMigrate      : Current version of schema "PUBLIC": 2
2026-10-07T05:54:33.256+09:00  INFO [requestId:] 32452 --- [sc-notes] [           main] o.f.core.internal.command.DbMigrate      : Schema "PUBLIC" is up to date. No migration necessary.
2026-10-07T05:54:33.285+09:00  INFO [requestId:] 32452 --- [sc-notes] [           main] o.hibernate.jpa.internal.util.LogHelper  : HHH000204: Processing PersistenceUnitInfo [name: default]
2026-10-07T05:54:33.308+09:00  INFO [requestId:] 32452 --- [sc-notes] [           main] org.hibernate.Version                    : HHH000412: Hibernate ORM core version 6.6.53.Final
2026-10-07T05:54:33.320+09:00  INFO [requestId:] 32452 --- [sc-notes] [           main] o.h.c.internal.RegionFactoryInitiator    : HHH000026: Second-level cache disabled
2026-10-07T05:54:33.424+09:00  INFO [requestId:] 32452 --- [sc-notes] [           main] o.s.o.j.p.SpringPersistenceUnitInfo      : No LoadTimeWeaver setup: ignoring JPA class transformer
2026-10-07T05:54:33.448+09:00  INFO [requestId:] 32452 --- [sc-notes] [           main] org.hibernate.orm.connections.pooling    : HHH10001005: Database info:
	Database JDBC URL [Connecting through datasource 'HikariDataSource (HikariPool-1)']
	Database driver: undefined/unknown
	Database version: 2.3.232
	Autocommit mode: undefined/unknown
	Isolation level: undefined/unknown
	Minimum pool size: undefined/unknown
	Maximum pool size: undefined/unknown
2026-10-07T05:54:33.723+09:00  INFO [requestId:] 32452 --- [sc-notes] [           main] o.h.e.t.j.p.i.JtaPlatformInitiator       : HHH000489: No JTA platform available (set 'hibernate.transaction.jta.platform' to enable JTA platform integration)
2026-10-07T05:54:33.729+09:00  INFO [requestId:] 32452 --- [sc-notes] [           main] j.LocalContainerEntityManagerFactoryBean : Initialized JPA EntityManagerFactory for persistence unit 'default'
2026-10-07T05:54:34.045+09:00  INFO [requestId:] 32452 --- [sc-notes] [           main] o.s.b.a.w.s.WelcomePageHandlerMapping    : Adding welcome page: class path resource [static/index.html]
2026-10-07T05:54:34.150+09:00  INFO [requestId:] 32452 --- [sc-notes] [           main] r$InitializeUserDetailsManagerConfigurer : Global AuthenticationManager configured with UserDetailsService bean with name users
2026-10-07T05:54:34.205+09:00  INFO [requestId:] 32452 --- [sc-notes] [           main] o.s.b.a.e.web.EndpointLinksResolver      : Exposing 1 endpoint beneath base path '/actuator'
2026-10-07T05:54:34.317+09:00  INFO [requestId:] 32452 --- [sc-notes] [           main] o.s.b.w.embedded.tomcat.TomcatWebServer  : Tomcat started on port 57373 (http) with context path '/'
2026-10-07T05:54:34.328+09:00  INFO [requestId:] 32452 --- [sc-notes] [           main] d.s.notesapp.GeneratedApplication        : Started GeneratedApplication in 2.381 seconds (process running for 2.595)
2026-10-07T05:54:34.441+09:00  INFO [requestId:] 32452 --- [sc-notes] [1-auto-1-exec-1] o.a.c.c.C.[Tomcat].[localhost].[/]       : Initializing Spring DispatcherServlet 'dispatcherServlet'
2026-10-07T05:54:34.441+09:00  INFO [requestId:] 32452 --- [sc-notes] [1-auto-1-exec-1] o.s.web.servlet.DispatcherServlet        : Initializing Servlet 'dispatcherServlet'
2026-10-07T05:54:34.441+09:00  INFO [requestId:] 32452 --- [sc-notes] [1-auto-1-exec-1] o.s.web.servlet.DispatcherServlet        : Completed initialization in 0 ms
2026-10-07T05:54:34.709+09:00  INFO [requestId:] 32452 --- [sc-notes] [ionShutdownHook] o.s.b.w.e.tomcat.GracefulShutdown        : Commencing graceful shutdown. Waiting for active requests to complete
2026-10-07T05:54:34.711+09:00  INFO [requestId:] 32452 --- [sc-notes] [tomcat-shutdown] o.s.b.w.e.tomcat.GracefulShutdown        : Graceful shutdown complete
2026-10-07T05:54:34.715+09:00  INFO [requestId:] 32452 --- [sc-notes] [ionShutdownHook] j.LocalContainerEntityManagerFactoryBean : Closing JPA EntityManagerFactory for persistence unit 'default'
2026-10-07T05:54:34.716+09:00  INFO [requestId:] 32452 --- [sc-notes] [ionShutdownHook] com.zaxxer.hikari.HikariDataSource       : HikariPool-1 - Shutdown initiated...
2026-10-07T05:54:34.924+09:00  INFO [requestId:] 32452 --- [sc-notes] [ionShutdownHook] com.zaxxer.hikari.HikariDataSource       : HikariPool-1 - Shutdown completed.

===== audit,file-storage / launcher-1.log =====
Bootstrap secret file is ready (value omitted).

  .   ____          _            __ _ _
 /\\ / ___'_ __ _ _(_)_ __  __ _ \ \ \ \
( ( )\___ | '_ | '_| | '_ \/ _` | \ \ \ \
 \\/  ___)| |_)| | | | | || (_| |  ) ) ) )
  '  |____| .__|_| |_|_| |_\__, | / / / /
 =========|_|==============|___/=/_/_/_/

 :: Spring Boot ::               (v3.5.16)

2026-10-07T05:54:28.521+09:00  INFO [requestId:] 32416 --- [sc-notes] [           main] d.s.notesapp.GeneratedApplication        : Starting GeneratedApplication v1.0.0 using Java 21.0.11 with PID 32416 (<generated-app>/backend/target/sc-notes.jar started by dk in <generated-app>)
2026-10-07T05:54:28.523+09:00  INFO [requestId:] 32416 --- [sc-notes] [           main] d.s.notesapp.GeneratedApplication        : The following 2 profiles are active: "audit", "file-storage"
2026-10-07T05:54:29.009+09:00  INFO [requestId:] 32416 --- [sc-notes] [           main] .s.d.r.c.RepositoryConfigurationDelegate : Bootstrapping Spring Data JPA repositories in DEFAULT mode.
2026-10-07T05:54:29.058+09:00  INFO [requestId:] 32416 --- [sc-notes] [           main] .s.d.r.c.RepositoryConfigurationDelegate : Finished Spring Data repository scanning in 45 ms. Found 1 JPA repository interface.
2026-10-07T05:54:29.122+09:00  INFO [requestId:] 32416 --- [sc-notes] [           main] o.s.cloud.context.scope.GenericScope     : BeanFactory id=866003c8-b879-36d6-bd5c-80ca94d4c6b6
2026-10-07T05:54:29.296+09:00  INFO [requestId:] 32416 --- [sc-notes] [           main] o.s.b.w.embedded.tomcat.TomcatWebServer  : Tomcat initialized with port 0 (http)
2026-10-07T05:54:29.303+09:00  INFO [requestId:] 32416 --- [sc-notes] [           main] o.apache.catalina.core.StandardService   : Starting service [Tomcat]
2026-10-07T05:54:29.303+09:00  INFO [requestId:] 32416 --- [sc-notes] [           main] o.apache.catalina.core.StandardEngine    : Starting Servlet engine: [Apache Tomcat/10.1.55]
2026-10-07T05:54:29.315+09:00  INFO [requestId:] 32416 --- [sc-notes] [           main] o.a.c.c.C.[Tomcat].[localhost].[/]       : Initializing Spring embedded WebApplicationContext
2026-10-07T05:54:29.315+09:00  INFO [requestId:] 32416 --- [sc-notes] [           main] w.s.c.ServletWebServerApplicationContext : Root WebApplicationContext: initialization completed in 769 ms
2026-10-07T05:54:29.455+09:00  INFO [requestId:] 32416 --- [sc-notes] [           main] com.zaxxer.hikari.HikariDataSource       : HikariPool-1 - Starting...
2026-10-07T05:54:29.530+09:00  INFO [requestId:] 32416 --- [sc-notes] [           main] com.zaxxer.hikari.pool.HikariPool        : HikariPool-1 - Added connection conn0: url=jdbc:h2:file:<isolated-fixture>/data/app user=SA
2026-10-07T05:54:29.530+09:00  INFO [requestId:] 32416 --- [sc-notes] [           main] com.zaxxer.hikari.HikariDataSource       : HikariPool-1 - Start completed.
2026-10-07T05:54:29.552+09:00  INFO [requestId:] 32416 --- [sc-notes] [           main] org.flywaydb.core.FlywayExecutor         : Database: jdbc:h2:file:<isolated-fixture>/data/app (H2 2.3)
2026-10-07T05:54:29.562+09:00  INFO [requestId:] 32416 --- [sc-notes] [           main] o.f.c.i.s.JdbcTableSchemaHistory         : Schema history table "PUBLIC"."flyway_schema_history" does not exist yet
2026-10-07T05:54:29.563+09:00  INFO [requestId:] 32416 --- [sc-notes] [           main] o.f.core.internal.command.DbValidate     : Successfully validated 2 migrations (execution time 00:00.005s)
2026-10-07T05:54:29.566+09:00  INFO [requestId:] 32416 --- [sc-notes] [           main] o.f.c.i.s.JdbcTableSchemaHistory         : Creating Schema History table "PUBLIC"."flyway_schema_history" ...
2026-10-07T05:54:29.579+09:00  INFO [requestId:] 32416 --- [sc-notes] [           main] o.f.core.internal.command.DbMigrate      : Current version of schema "PUBLIC": << Empty Schema >>
2026-10-07T05:54:29.582+09:00  INFO [requestId:] 32416 --- [sc-notes] [           main] o.f.core.internal.command.DbMigrate      : Migrating schema "PUBLIC" to version "1 - starter notes"
2026-10-07T05:54:29.589+09:00  INFO [requestId:] 32416 --- [sc-notes] [           main] o.f.core.internal.command.DbMigrate      : Migrating schema "PUBLIC" to version "2 - security audit"
2026-10-07T05:54:29.596+09:00  INFO [requestId:] 32416 --- [sc-notes] [           main] o.f.core.internal.command.DbMigrate      : Successfully applied 2 migrations to schema "PUBLIC", now at version v2 (execution time 00:00.006s)
2026-10-07T05:54:29.625+09:00  INFO [requestId:] 32416 --- [sc-notes] [           main] o.hibernate.jpa.internal.util.LogHelper  : HHH000204: Processing PersistenceUnitInfo [name: default]
2026-10-07T05:54:29.644+09:00  INFO [requestId:] 32416 --- [sc-notes] [           main] org.hibernate.Version                    : HHH000412: Hibernate ORM core version 6.6.53.Final
2026-10-07T05:54:29.655+09:00  INFO [requestId:] 32416 --- [sc-notes] [           main] o.h.c.internal.RegionFactoryInitiator    : HHH000026: Second-level cache disabled
2026-10-07T05:54:29.760+09:00  INFO [requestId:] 32416 --- [sc-notes] [           main] o.s.o.j.p.SpringPersistenceUnitInfo      : No LoadTimeWeaver setup: ignoring JPA class transformer
2026-10-07T05:54:29.785+09:00  INFO [requestId:] 32416 --- [sc-notes] [           main] org.hibernate.orm.connections.pooling    : HHH10001005: Database info:
	Database JDBC URL [Connecting through datasource 'HikariDataSource (HikariPool-1)']
	Database driver: undefined/unknown
	Database version: 2.3.232
	Autocommit mode: undefined/unknown
	Isolation level: undefined/unknown
	Minimum pool size: undefined/unknown
	Maximum pool size: undefined/unknown
2026-10-07T05:54:30.061+09:00  INFO [requestId:] 32416 --- [sc-notes] [           main] o.h.e.t.j.p.i.JtaPlatformInitiator       : HHH000489: No JTA platform available (set 'hibernate.transaction.jta.platform' to enable JTA platform integration)
2026-10-07T05:54:30.068+09:00  INFO [requestId:] 32416 --- [sc-notes] [           main] j.LocalContainerEntityManagerFactoryBean : Initialized JPA EntityManagerFactory for persistence unit 'default'
2026-10-07T05:54:30.382+09:00  INFO [requestId:] 32416 --- [sc-notes] [           main] o.s.b.a.w.s.WelcomePageHandlerMapping    : Adding welcome page: class path resource [static/index.html]
2026-10-07T05:54:30.489+09:00  INFO [requestId:] 32416 --- [sc-notes] [           main] r$InitializeUserDetailsManagerConfigurer : Global AuthenticationManager configured with UserDetailsService bean with name users
2026-10-07T05:54:30.547+09:00  INFO [requestId:] 32416 --- [sc-notes] [           main] o.s.b.a.e.web.EndpointLinksResolver      : Exposing 1 endpoint beneath base path '/actuator'
2026-10-07T05:54:30.658+09:00  INFO [requestId:] 32416 --- [sc-notes] [           main] o.s.b.w.embedded.tomcat.TomcatWebServer  : Tomcat started on port 57349 (http) with context path '/'
2026-10-07T05:54:30.669+09:00  INFO [requestId:] 32416 --- [sc-notes] [           main] d.s.notesapp.GeneratedApplication        : Started GeneratedApplication in 2.417 seconds (process running for 2.641)
2026-10-07T05:54:30.756+09:00  INFO [requestId:] 32416 --- [sc-notes] [1-auto-1-exec-1] o.a.c.c.C.[Tomcat].[localhost].[/]       : Initializing Spring DispatcherServlet 'dispatcherServlet'
2026-10-07T05:54:30.756+09:00  INFO [requestId:] 32416 --- [sc-notes] [1-auto-1-exec-1] o.s.web.servlet.DispatcherServlet        : Initializing Servlet 'dispatcherServlet'
2026-10-07T05:54:30.756+09:00  INFO [requestId:] 32416 --- [sc-notes] [1-auto-1-exec-1] o.s.web.servlet.DispatcherServlet        : Completed initialization in 0 ms
2026-10-07T05:54:31.102+09:00  INFO [requestId:] 32416 --- [sc-notes] [ionShutdownHook] o.s.b.w.e.tomcat.GracefulShutdown        : Commencing graceful shutdown. Waiting for active requests to complete
2026-10-07T05:54:31.104+09:00  INFO [requestId:] 32416 --- [sc-notes] [tomcat-shutdown] o.s.b.w.e.tomcat.GracefulShutdown        : Graceful shutdown complete
2026-10-07T05:54:31.108+09:00  INFO [requestId:] 32416 --- [sc-notes] [ionShutdownHook] j.LocalContainerEntityManagerFactoryBean : Closing JPA EntityManagerFactory for persistence unit 'default'
2026-10-07T05:54:31.109+09:00  INFO [requestId:] 32416 --- [sc-notes] [ionShutdownHook] com.zaxxer.hikari.HikariDataSource       : HikariPool-1 - Shutdown initiated...
2026-10-07T05:54:31.180+09:00  INFO [requestId:] 32416 --- [sc-notes] [ionShutdownHook] com.zaxxer.hikari.HikariDataSource       : HikariPool-1 - Shutdown completed.

===== audit,file-storage / app.log =====
2026-10-07T05:54:28.521+09:00  INFO [requestId:] 32416 --- [sc-notes] [main] d.s.notesapp.GeneratedApplication        : Starting GeneratedApplication v1.0.0 using Java 21.0.11 with PID 32416 (<generated-app>/backend/target/sc-notes.jar started by dk in <generated-app>)
2026-10-07T05:54:28.523+09:00  INFO [requestId:] 32416 --- [sc-notes] [main] d.s.notesapp.GeneratedApplication        : The following 2 profiles are active: "audit", "file-storage"
2026-10-07T05:54:29.009+09:00  INFO [requestId:] 32416 --- [sc-notes] [main] .s.d.r.c.RepositoryConfigurationDelegate : Bootstrapping Spring Data JPA repositories in DEFAULT mode.
2026-10-07T05:54:29.058+09:00  INFO [requestId:] 32416 --- [sc-notes] [main] .s.d.r.c.RepositoryConfigurationDelegate : Finished Spring Data repository scanning in 45 ms. Found 1 JPA repository interface.
2026-10-07T05:54:29.122+09:00  INFO [requestId:] 32416 --- [sc-notes] [main] o.s.cloud.context.scope.GenericScope     : BeanFactory id=866003c8-b879-36d6-bd5c-80ca94d4c6b6
2026-10-07T05:54:29.296+09:00  INFO [requestId:] 32416 --- [sc-notes] [main] o.s.b.w.embedded.tomcat.TomcatWebServer  : Tomcat initialized with port 0 (http)
2026-10-07T05:54:29.303+09:00  INFO [requestId:] 32416 --- [sc-notes] [main] o.apache.catalina.core.StandardService   : Starting service [Tomcat]
2026-10-07T05:54:29.303+09:00  INFO [requestId:] 32416 --- [sc-notes] [main] o.apache.catalina.core.StandardEngine    : Starting Servlet engine: [Apache Tomcat/10.1.55]
2026-10-07T05:54:29.315+09:00  INFO [requestId:] 32416 --- [sc-notes] [main] o.a.c.c.C.[Tomcat].[localhost].[/]       : Initializing Spring embedded WebApplicationContext
2026-10-07T05:54:29.315+09:00  INFO [requestId:] 32416 --- [sc-notes] [main] w.s.c.ServletWebServerApplicationContext : Root WebApplicationContext: initialization completed in 769 ms
2026-10-07T05:54:29.455+09:00  INFO [requestId:] 32416 --- [sc-notes] [main] com.zaxxer.hikari.HikariDataSource       : HikariPool-1 - Starting...
2026-10-07T05:54:29.530+09:00  INFO [requestId:] 32416 --- [sc-notes] [main] com.zaxxer.hikari.pool.HikariPool        : HikariPool-1 - Added connection conn0: url=jdbc:h2:file:<isolated-fixture>/data/app user=SA
2026-10-07T05:54:29.530+09:00  INFO [requestId:] 32416 --- [sc-notes] [main] com.zaxxer.hikari.HikariDataSource       : HikariPool-1 - Start completed.
2026-10-07T05:54:29.552+09:00  INFO [requestId:] 32416 --- [sc-notes] [main] org.flywaydb.core.FlywayExecutor         : Database: jdbc:h2:file:<isolated-fixture>/data/app (H2 2.3)
2026-10-07T05:54:29.562+09:00  INFO [requestId:] 32416 --- [sc-notes] [main] o.f.c.i.s.JdbcTableSchemaHistory         : Schema history table "PUBLIC"."flyway_schema_history" does not exist yet
2026-10-07T05:54:29.563+09:00  INFO [requestId:] 32416 --- [sc-notes] [main] o.f.core.internal.command.DbValidate     : Successfully validated 2 migrations (execution time 00:00.005s)
2026-10-07T05:54:29.566+09:00  INFO [requestId:] 32416 --- [sc-notes] [main] o.f.c.i.s.JdbcTableSchemaHistory         : Creating Schema History table "PUBLIC"."flyway_schema_history" ...
2026-10-07T05:54:29.579+09:00  INFO [requestId:] 32416 --- [sc-notes] [main] o.f.core.internal.command.DbMigrate      : Current version of schema "PUBLIC": << Empty Schema >>
2026-10-07T05:54:29.582+09:00  INFO [requestId:] 32416 --- [sc-notes] [main] o.f.core.internal.command.DbMigrate      : Migrating schema "PUBLIC" to version "1 - starter notes"
2026-10-07T05:54:29.589+09:00  INFO [requestId:] 32416 --- [sc-notes] [main] o.f.core.internal.command.DbMigrate      : Migrating schema "PUBLIC" to version "2 - security audit"
2026-10-07T05:54:29.596+09:00  INFO [requestId:] 32416 --- [sc-notes] [main] o.f.core.internal.command.DbMigrate      : Successfully applied 2 migrations to schema "PUBLIC", now at version v2 (execution time 00:00.006s)
2026-10-07T05:54:29.625+09:00  INFO [requestId:] 32416 --- [sc-notes] [main] o.hibernate.jpa.internal.util.LogHelper  : HHH000204: Processing PersistenceUnitInfo [name: default]
2026-10-07T05:54:29.644+09:00  INFO [requestId:] 32416 --- [sc-notes] [main] org.hibernate.Version                    : HHH000412: Hibernate ORM core version 6.6.53.Final
2026-10-07T05:54:29.655+09:00  INFO [requestId:] 32416 --- [sc-notes] [main] o.h.c.internal.RegionFactoryInitiator    : HHH000026: Second-level cache disabled
2026-10-07T05:54:29.760+09:00  INFO [requestId:] 32416 --- [sc-notes] [main] o.s.o.j.p.SpringPersistenceUnitInfo      : No LoadTimeWeaver setup: ignoring JPA class transformer
2026-10-07T05:54:29.785+09:00  INFO [requestId:] 32416 --- [sc-notes] [main] org.hibernate.orm.connections.pooling    : HHH10001005: Database info:
	Database JDBC URL [Connecting through datasource 'HikariDataSource (HikariPool-1)']
	Database driver: undefined/unknown
	Database version: 2.3.232
	Autocommit mode: undefined/unknown
	Isolation level: undefined/unknown
	Minimum pool size: undefined/unknown
	Maximum pool size: undefined/unknown
2026-10-07T05:54:30.061+09:00  INFO [requestId:] 32416 --- [sc-notes] [main] o.h.e.t.j.p.i.JtaPlatformInitiator       : HHH000489: No JTA platform available (set 'hibernate.transaction.jta.platform' to enable JTA platform integration)
2026-10-07T05:54:30.068+09:00  INFO [requestId:] 32416 --- [sc-notes] [main] j.LocalContainerEntityManagerFactoryBean : Initialized JPA EntityManagerFactory for persistence unit 'default'
2026-10-07T05:54:30.382+09:00  INFO [requestId:] 32416 --- [sc-notes] [main] o.s.b.a.w.s.WelcomePageHandlerMapping    : Adding welcome page: class path resource [static/index.html]
2026-10-07T05:54:30.489+09:00  INFO [requestId:] 32416 --- [sc-notes] [main] r$InitializeUserDetailsManagerConfigurer : Global AuthenticationManager configured with UserDetailsService bean with name users
2026-10-07T05:54:30.547+09:00  INFO [requestId:] 32416 --- [sc-notes] [main] o.s.b.a.e.web.EndpointLinksResolver      : Exposing 1 endpoint beneath base path '/actuator'
2026-10-07T05:54:30.658+09:00  INFO [requestId:] 32416 --- [sc-notes] [main] o.s.b.w.embedded.tomcat.TomcatWebServer  : Tomcat started on port 57349 (http) with context path '/'
2026-10-07T05:54:30.669+09:00  INFO [requestId:] 32416 --- [sc-notes] [main] d.s.notesapp.GeneratedApplication        : Started GeneratedApplication in 2.417 seconds (process running for 2.641)
2026-10-07T05:54:30.756+09:00  INFO [requestId:] 32416 --- [sc-notes] [http-nio-127.0.0.1-auto-1-exec-1] o.a.c.c.C.[Tomcat].[localhost].[/]       : Initializing Spring DispatcherServlet 'dispatcherServlet'
2026-10-07T05:54:30.756+09:00  INFO [requestId:] 32416 --- [sc-notes] [http-nio-127.0.0.1-auto-1-exec-1] o.s.web.servlet.DispatcherServlet        : Initializing Servlet 'dispatcherServlet'
2026-10-07T05:54:30.756+09:00  INFO [requestId:] 32416 --- [sc-notes] [http-nio-127.0.0.1-auto-1-exec-1] o.s.web.servlet.DispatcherServlet        : Completed initialization in 0 ms
2026-10-07T05:54:31.102+09:00  INFO [requestId:] 32416 --- [sc-notes] [SpringApplicationShutdownHook] o.s.b.w.e.tomcat.GracefulShutdown        : Commencing graceful shutdown. Waiting for active requests to complete
2026-10-07T05:54:31.104+09:00  INFO [requestId:] 32416 --- [sc-notes] [tomcat-shutdown] o.s.b.w.e.tomcat.GracefulShutdown        : Graceful shutdown complete
2026-10-07T05:54:31.108+09:00  INFO [requestId:] 32416 --- [sc-notes] [SpringApplicationShutdownHook] j.LocalContainerEntityManagerFactoryBean : Closing JPA EntityManagerFactory for persistence unit 'default'
2026-10-07T05:54:31.109+09:00  INFO [requestId:] 32416 --- [sc-notes] [SpringApplicationShutdownHook] com.zaxxer.hikari.HikariDataSource       : HikariPool-1 - Shutdown initiated...
2026-10-07T05:54:31.180+09:00  INFO [requestId:] 32416 --- [sc-notes] [SpringApplicationShutdownHook] com.zaxxer.hikari.HikariDataSource       : HikariPool-1 - Shutdown completed.
2026-10-07T05:54:32.206+09:00  INFO [requestId:] 32452 --- [sc-notes] [main] d.s.notesapp.GeneratedApplication        : Starting GeneratedApplication v1.0.0 using Java 21.0.11 with PID 32452 (<generated-app>/backend/target/sc-notes.jar started by dk in <generated-app>)
2026-10-07T05:54:32.207+09:00  INFO [requestId:] 32452 --- [sc-notes] [main] d.s.notesapp.GeneratedApplication        : The following 2 profiles are active: "audit", "file-storage"
2026-10-07T05:54:32.692+09:00  INFO [requestId:] 32452 --- [sc-notes] [main] .s.d.r.c.RepositoryConfigurationDelegate : Bootstrapping Spring Data JPA repositories in DEFAULT mode.
2026-10-07T05:54:32.742+09:00  INFO [requestId:] 32452 --- [sc-notes] [main] .s.d.r.c.RepositoryConfigurationDelegate : Finished Spring Data repository scanning in 46 ms. Found 1 JPA repository interface.
2026-10-07T05:54:32.808+09:00  INFO [requestId:] 32452 --- [sc-notes] [main] o.s.cloud.context.scope.GenericScope     : BeanFactory id=866003c8-b879-36d6-bd5c-80ca94d4c6b6
2026-10-07T05:54:32.984+09:00  INFO [requestId:] 32452 --- [sc-notes] [main] o.s.b.w.embedded.tomcat.TomcatWebServer  : Tomcat initialized with port 0 (http)
2026-10-07T05:54:32.991+09:00  INFO [requestId:] 32452 --- [sc-notes] [main] o.apache.catalina.core.StandardService   : Starting service [Tomcat]
2026-10-07T05:54:32.991+09:00  INFO [requestId:] 32452 --- [sc-notes] [main] o.apache.catalina.core.StandardEngine    : Starting Servlet engine: [Apache Tomcat/10.1.55]
2026-10-07T05:54:33.002+09:00  INFO [requestId:] 32452 --- [sc-notes] [main] o.a.c.c.C.[Tomcat].[localhost].[/]       : Initializing Spring embedded WebApplicationContext
2026-10-07T05:54:33.002+09:00  INFO [requestId:] 32452 --- [sc-notes] [main] w.s.c.ServletWebServerApplicationContext : Root WebApplicationContext: initialization completed in 772 ms
2026-10-07T05:54:33.136+09:00  INFO [requestId:] 32452 --- [sc-notes] [main] com.zaxxer.hikari.HikariDataSource       : HikariPool-1 - Starting...
2026-10-07T05:54:33.222+09:00  INFO [requestId:] 32452 --- [sc-notes] [main] com.zaxxer.hikari.pool.HikariPool        : HikariPool-1 - Added connection conn0: url=jdbc:h2:file:<isolated-fixture>/data/app user=SA
2026-10-07T05:54:33.222+09:00  INFO [requestId:] 32452 --- [sc-notes] [main] com.zaxxer.hikari.HikariDataSource       : HikariPool-1 - Start completed.
2026-10-07T05:54:33.238+09:00  INFO [requestId:] 32452 --- [sc-notes] [main] org.flywaydb.core.FlywayExecutor         : Database: jdbc:h2:file:<isolated-fixture>/data/app (H2 2.3)
2026-10-07T05:54:33.252+09:00  INFO [requestId:] 32452 --- [sc-notes] [main] o.f.core.internal.command.DbValidate     : Successfully validated 2 migrations (execution time 00:00.008s)
2026-10-07T05:54:33.255+09:00  INFO [requestId:] 32452 --- [sc-notes] [main] o.f.core.internal.command.DbMigrate      : Current version of schema "PUBLIC": 2
2026-10-07T05:54:33.256+09:00  INFO [requestId:] 32452 --- [sc-notes] [main] o.f.core.internal.command.DbMigrate      : Schema "PUBLIC" is up to date. No migration necessary.
2026-10-07T05:54:33.285+09:00  INFO [requestId:] 32452 --- [sc-notes] [main] o.hibernate.jpa.internal.util.LogHelper  : HHH000204: Processing PersistenceUnitInfo [name: default]
2026-10-07T05:54:33.308+09:00  INFO [requestId:] 32452 --- [sc-notes] [main] org.hibernate.Version                    : HHH000412: Hibernate ORM core version 6.6.53.Final
2026-10-07T05:54:33.320+09:00  INFO [requestId:] 32452 --- [sc-notes] [main] o.h.c.internal.RegionFactoryInitiator    : HHH000026: Second-level cache disabled
2026-10-07T05:54:33.424+09:00  INFO [requestId:] 32452 --- [sc-notes] [main] o.s.o.j.p.SpringPersistenceUnitInfo      : No LoadTimeWeaver setup: ignoring JPA class transformer
2026-10-07T05:54:33.448+09:00  INFO [requestId:] 32452 --- [sc-notes] [main] org.hibernate.orm.connections.pooling    : HHH10001005: Database info:
	Database JDBC URL [Connecting through datasource 'HikariDataSource (HikariPool-1)']
	Database driver: undefined/unknown
	Database version: 2.3.232
	Autocommit mode: undefined/unknown
	Isolation level: undefined/unknown
	Minimum pool size: undefined/unknown
	Maximum pool size: undefined/unknown
2026-10-07T05:54:33.723+09:00  INFO [requestId:] 32452 --- [sc-notes] [main] o.h.e.t.j.p.i.JtaPlatformInitiator       : HHH000489: No JTA platform available (set 'hibernate.transaction.jta.platform' to enable JTA platform integration)
2026-10-07T05:54:33.729+09:00  INFO [requestId:] 32452 --- [sc-notes] [main] j.LocalContainerEntityManagerFactoryBean : Initialized JPA EntityManagerFactory for persistence unit 'default'
2026-10-07T05:54:34.045+09:00  INFO [requestId:] 32452 --- [sc-notes] [main] o.s.b.a.w.s.WelcomePageHandlerMapping    : Adding welcome page: class path resource [static/index.html]
2026-10-07T05:54:34.150+09:00  INFO [requestId:] 32452 --- [sc-notes] [main] r$InitializeUserDetailsManagerConfigurer : Global AuthenticationManager configured with UserDetailsService bean with name users
2026-10-07T05:54:34.205+09:00  INFO [requestId:] 32452 --- [sc-notes] [main] o.s.b.a.e.web.EndpointLinksResolver      : Exposing 1 endpoint beneath base path '/actuator'
2026-10-07T05:54:34.317+09:00  INFO [requestId:] 32452 --- [sc-notes] [main] o.s.b.w.embedded.tomcat.TomcatWebServer  : Tomcat started on port 57373 (http) with context path '/'
2026-10-07T05:54:34.328+09:00  INFO [requestId:] 32452 --- [sc-notes] [main] d.s.notesapp.GeneratedApplication        : Started GeneratedApplication in 2.381 seconds (process running for 2.595)
2026-10-07T05:54:34.441+09:00  INFO [requestId:] 32452 --- [sc-notes] [http-nio-127.0.0.1-auto-1-exec-1] o.a.c.c.C.[Tomcat].[localhost].[/]       : Initializing Spring DispatcherServlet 'dispatcherServlet'
2026-10-07T05:54:34.441+09:00  INFO [requestId:] 32452 --- [sc-notes] [http-nio-127.0.0.1-auto-1-exec-1] o.s.web.servlet.DispatcherServlet        : Initializing Servlet 'dispatcherServlet'
2026-10-07T05:54:34.441+09:00  INFO [requestId:] 32452 --- [sc-notes] [http-nio-127.0.0.1-auto-1-exec-1] o.s.web.servlet.DispatcherServlet        : Completed initialization in 0 ms
2026-10-07T05:54:34.709+09:00  INFO [requestId:] 32452 --- [sc-notes] [SpringApplicationShutdownHook] o.s.b.w.e.tomcat.GracefulShutdown        : Commencing graceful shutdown. Waiting for active requests to complete
2026-10-07T05:54:34.711+09:00  INFO [requestId:] 32452 --- [sc-notes] [tomcat-shutdown] o.s.b.w.e.tomcat.GracefulShutdown        : Graceful shutdown complete
2026-10-07T05:54:34.715+09:00  INFO [requestId:] 32452 --- [sc-notes] [SpringApplicationShutdownHook] j.LocalContainerEntityManagerFactoryBean : Closing JPA EntityManagerFactory for persistence unit 'default'
2026-10-07T05:54:34.716+09:00  INFO [requestId:] 32452 --- [sc-notes] [SpringApplicationShutdownHook] com.zaxxer.hikari.HikariDataSource       : HikariPool-1 - Shutdown initiated...
2026-10-07T05:54:34.924+09:00  INFO [requestId:] 32452 --- [sc-notes] [SpringApplicationShutdownHook] com.zaxxer.hikari.HikariDataSource       : HikariPool-1 - Shutdown completed.

===== file-storage / launcher-2.log =====
Bootstrap secret file is ready (value omitted).

  .   ____          _            __ _ _
 /\\ / ___'_ __ _ _(_)_ __  __ _ \ \ \ \
( ( )\___ | '_ | '_| | '_ \/ _` | \ \ \ \
 \\/  ___)| |_)| | | | | || (_| |  ) ) ) )
  '  |____| .__|_| |_|_| |_\__, | / / / /
 =========|_|==============|___/=/_/_/_/

 :: Spring Boot ::               (v3.5.16)

2026-10-07T05:54:25.343+09:00  INFO [requestId:] 32393 --- [sc-notes] [           main] d.s.notesapp.GeneratedApplication        : Starting GeneratedApplication v1.0.0 using Java 21.0.11 with PID 32393 (<generated-app>/backend/target/sc-notes.jar started by dk in <generated-app>)
2026-10-07T05:54:25.344+09:00  INFO [requestId:] 32393 --- [sc-notes] [           main] d.s.notesapp.GeneratedApplication        : The following 1 profile is active: "file-storage"
2026-10-07T05:54:25.820+09:00  INFO [requestId:] 32393 --- [sc-notes] [           main] .s.d.r.c.RepositoryConfigurationDelegate : Bootstrapping Spring Data JPA repositories in DEFAULT mode.
2026-10-07T05:54:25.870+09:00  INFO [requestId:] 32393 --- [sc-notes] [           main] .s.d.r.c.RepositoryConfigurationDelegate : Finished Spring Data repository scanning in 46 ms. Found 1 JPA repository interface.
2026-10-07T05:54:25.934+09:00  INFO [requestId:] 32393 --- [sc-notes] [           main] o.s.cloud.context.scope.GenericScope     : BeanFactory id=09b7769a-26e1-3ae9-a10d-6ab83566a9fe
2026-10-07T05:54:26.101+09:00  INFO [requestId:] 32393 --- [sc-notes] [           main] o.s.b.w.embedded.tomcat.TomcatWebServer  : Tomcat initialized with port 0 (http)
2026-10-07T05:54:26.107+09:00  INFO [requestId:] 32393 --- [sc-notes] [           main] o.apache.catalina.core.StandardService   : Starting service [Tomcat]
2026-10-07T05:54:26.108+09:00  INFO [requestId:] 32393 --- [sc-notes] [           main] o.apache.catalina.core.StandardEngine    : Starting Servlet engine: [Apache Tomcat/10.1.55]
2026-10-07T05:54:26.119+09:00  INFO [requestId:] 32393 --- [sc-notes] [           main] o.a.c.c.C.[Tomcat].[localhost].[/]       : Initializing Spring embedded WebApplicationContext
2026-10-07T05:54:26.119+09:00  INFO [requestId:] 32393 --- [sc-notes] [           main] w.s.c.ServletWebServerApplicationContext : Root WebApplicationContext: initialization completed in 753 ms
2026-10-07T05:54:26.250+09:00  INFO [requestId:] 32393 --- [sc-notes] [           main] com.zaxxer.hikari.HikariDataSource       : HikariPool-1 - Starting...
2026-10-07T05:54:26.332+09:00  INFO [requestId:] 32393 --- [sc-notes] [           main] com.zaxxer.hikari.pool.HikariPool        : HikariPool-1 - Added connection conn0: url=jdbc:h2:file:<isolated-fixture>/data/app user=SA
2026-10-07T05:54:26.333+09:00  INFO [requestId:] 32393 --- [sc-notes] [           main] com.zaxxer.hikari.HikariDataSource       : HikariPool-1 - Start completed.
2026-10-07T05:54:26.348+09:00  INFO [requestId:] 32393 --- [sc-notes] [           main] org.flywaydb.core.FlywayExecutor         : Database: jdbc:h2:file:<isolated-fixture>/data/app (H2 2.3)
2026-10-07T05:54:26.362+09:00  INFO [requestId:] 32393 --- [sc-notes] [           main] o.f.core.internal.command.DbValidate     : Successfully validated 1 migration (execution time 00:00.007s)
2026-10-07T05:54:26.365+09:00  INFO [requestId:] 32393 --- [sc-notes] [           main] o.f.core.internal.command.DbMigrate      : Current version of schema "PUBLIC": 1
2026-10-07T05:54:26.366+09:00  INFO [requestId:] 32393 --- [sc-notes] [           main] o.f.core.internal.command.DbMigrate      : Schema "PUBLIC" is up to date. No migration necessary.
2026-10-07T05:54:26.394+09:00  INFO [requestId:] 32393 --- [sc-notes] [           main] o.hibernate.jpa.internal.util.LogHelper  : HHH000204: Processing PersistenceUnitInfo [name: default]
2026-10-07T05:54:26.416+09:00  INFO [requestId:] 32393 --- [sc-notes] [           main] org.hibernate.Version                    : HHH000412: Hibernate ORM core version 6.6.53.Final
2026-10-07T05:54:26.428+09:00  INFO [requestId:] 32393 --- [sc-notes] [           main] o.h.c.internal.RegionFactoryInitiator    : HHH000026: Second-level cache disabled
2026-10-07T05:54:26.528+09:00  INFO [requestId:] 32393 --- [sc-notes] [           main] o.s.o.j.p.SpringPersistenceUnitInfo      : No LoadTimeWeaver setup: ignoring JPA class transformer
2026-10-07T05:54:26.550+09:00  INFO [requestId:] 32393 --- [sc-notes] [           main] org.hibernate.orm.connections.pooling    : HHH10001005: Database info:
	Database JDBC URL [Connecting through datasource 'HikariDataSource (HikariPool-1)']
	Database driver: undefined/unknown
	Database version: 2.3.232
	Autocommit mode: undefined/unknown
	Isolation level: undefined/unknown
	Minimum pool size: undefined/unknown
	Maximum pool size: undefined/unknown
2026-10-07T05:54:26.815+09:00  INFO [requestId:] 32393 --- [sc-notes] [           main] o.h.e.t.j.p.i.JtaPlatformInitiator       : HHH000489: No JTA platform available (set 'hibernate.transaction.jta.platform' to enable JTA platform integration)
2026-10-07T05:54:26.821+09:00  INFO [requestId:] 32393 --- [sc-notes] [           main] j.LocalContainerEntityManagerFactoryBean : Initialized JPA EntityManagerFactory for persistence unit 'default'
2026-10-07T05:54:27.127+09:00  INFO [requestId:] 32393 --- [sc-notes] [           main] o.s.b.a.w.s.WelcomePageHandlerMapping    : Adding welcome page: class path resource [static/index.html]
2026-10-07T05:54:27.241+09:00  INFO [requestId:] 32393 --- [sc-notes] [           main] r$InitializeUserDetailsManagerConfigurer : Global AuthenticationManager configured with UserDetailsService bean with name users
2026-10-07T05:54:27.304+09:00  INFO [requestId:] 32393 --- [sc-notes] [           main] o.s.b.a.e.web.EndpointLinksResolver      : Exposing 1 endpoint beneath base path '/actuator'
2026-10-07T05:54:27.417+09:00  INFO [requestId:] 32393 --- [sc-notes] [           main] o.s.b.w.embedded.tomcat.TomcatWebServer  : Tomcat started on port 57328 (http) with context path '/'
2026-10-07T05:54:27.427+09:00  INFO [requestId:] 32393 --- [sc-notes] [           main] d.s.notesapp.GeneratedApplication        : Started GeneratedApplication in 2.335 seconds (process running for 2.547)
2026-10-07T05:54:27.505+09:00  INFO [requestId:] 32393 --- [sc-notes] [1-auto-1-exec-1] o.a.c.c.C.[Tomcat].[localhost].[/]       : Initializing Spring DispatcherServlet 'dispatcherServlet'
2026-10-07T05:54:27.505+09:00  INFO [requestId:] 32393 --- [sc-notes] [1-auto-1-exec-1] o.s.web.servlet.DispatcherServlet        : Initializing Servlet 'dispatcherServlet'
2026-10-07T05:54:27.506+09:00  INFO [requestId:] 32393 --- [sc-notes] [1-auto-1-exec-1] o.s.web.servlet.DispatcherServlet        : Completed initialization in 1 ms
2026-10-07T05:54:27.761+09:00  INFO [requestId:] 32393 --- [sc-notes] [ionShutdownHook] o.s.b.w.e.tomcat.GracefulShutdown        : Commencing graceful shutdown. Waiting for active requests to complete
2026-10-07T05:54:27.763+09:00  INFO [requestId:] 32393 --- [sc-notes] [tomcat-shutdown] o.s.b.w.e.tomcat.GracefulShutdown        : Graceful shutdown complete
2026-10-07T05:54:27.766+09:00  INFO [requestId:] 32393 --- [sc-notes] [ionShutdownHook] j.LocalContainerEntityManagerFactoryBean : Closing JPA EntityManagerFactory for persistence unit 'default'
2026-10-07T05:54:27.768+09:00  INFO [requestId:] 32393 --- [sc-notes] [ionShutdownHook] com.zaxxer.hikari.HikariDataSource       : HikariPool-1 - Shutdown initiated...
2026-10-07T05:54:27.796+09:00  INFO [requestId:] 32393 --- [sc-notes] [ionShutdownHook] com.zaxxer.hikari.HikariDataSource       : HikariPool-1 - Shutdown completed.

===== file-storage / launcher-1.log =====
Bootstrap secret file is ready (value omitted).

  .   ____          _            __ _ _
 /\\ / ___'_ __ _ _(_)_ __  __ _ \ \ \ \
( ( )\___ | '_ | '_| | '_ \/ _` | \ \ \ \
 \\/  ___)| |_)| | | | | || (_| |  ) ) ) )
  '  |____| .__|_| |_|_| |_\__, | / / / /
 =========|_|==============|___/=/_/_/_/

 :: Spring Boot ::               (v3.5.16)

2026-10-07T05:54:21.945+09:00  INFO [requestId:] 32354 --- [sc-notes] [           main] d.s.notesapp.GeneratedApplication        : Starting GeneratedApplication v1.0.0 using Java 21.0.11 with PID 32354 (<generated-app>/backend/target/sc-notes.jar started by dk in <generated-app>)
2026-10-07T05:54:21.946+09:00  INFO [requestId:] 32354 --- [sc-notes] [           main] d.s.notesapp.GeneratedApplication        : The following 1 profile is active: "file-storage"
2026-10-07T05:54:22.421+09:00  INFO [requestId:] 32354 --- [sc-notes] [           main] .s.d.r.c.RepositoryConfigurationDelegate : Bootstrapping Spring Data JPA repositories in DEFAULT mode.
2026-10-07T05:54:22.471+09:00  INFO [requestId:] 32354 --- [sc-notes] [           main] .s.d.r.c.RepositoryConfigurationDelegate : Finished Spring Data repository scanning in 45 ms. Found 1 JPA repository interface.
2026-10-07T05:54:22.534+09:00  INFO [requestId:] 32354 --- [sc-notes] [           main] o.s.cloud.context.scope.GenericScope     : BeanFactory id=09b7769a-26e1-3ae9-a10d-6ab83566a9fe
2026-10-07T05:54:22.706+09:00  INFO [requestId:] 32354 --- [sc-notes] [           main] o.s.b.w.embedded.tomcat.TomcatWebServer  : Tomcat initialized with port 0 (http)
2026-10-07T05:54:22.713+09:00  INFO [requestId:] 32354 --- [sc-notes] [           main] o.apache.catalina.core.StandardService   : Starting service [Tomcat]
2026-10-07T05:54:22.713+09:00  INFO [requestId:] 32354 --- [sc-notes] [           main] o.apache.catalina.core.StandardEngine    : Starting Servlet engine: [Apache Tomcat/10.1.55]
2026-10-07T05:54:22.725+09:00  INFO [requestId:] 32354 --- [sc-notes] [           main] o.a.c.c.C.[Tomcat].[localhost].[/]       : Initializing Spring embedded WebApplicationContext
2026-10-07T05:54:22.725+09:00  INFO [requestId:] 32354 --- [sc-notes] [           main] w.s.c.ServletWebServerApplicationContext : Root WebApplicationContext: initialization completed in 757 ms
2026-10-07T05:54:22.857+09:00  INFO [requestId:] 32354 --- [sc-notes] [           main] com.zaxxer.hikari.HikariDataSource       : HikariPool-1 - Starting...
2026-10-07T05:54:22.935+09:00  INFO [requestId:] 32354 --- [sc-notes] [           main] com.zaxxer.hikari.pool.HikariPool        : HikariPool-1 - Added connection conn0: url=jdbc:h2:file:<isolated-fixture>/data/app user=SA
2026-10-07T05:54:22.936+09:00  INFO [requestId:] 32354 --- [sc-notes] [           main] com.zaxxer.hikari.HikariDataSource       : HikariPool-1 - Start completed.
2026-10-07T05:54:22.954+09:00  INFO [requestId:] 32354 --- [sc-notes] [           main] org.flywaydb.core.FlywayExecutor         : Database: jdbc:h2:file:<isolated-fixture>/data/app (H2 2.3)
2026-10-07T05:54:22.965+09:00  INFO [requestId:] 32354 --- [sc-notes] [           main] o.f.c.i.s.JdbcTableSchemaHistory         : Schema history table "PUBLIC"."flyway_schema_history" does not exist yet
2026-10-07T05:54:22.967+09:00  INFO [requestId:] 32354 --- [sc-notes] [           main] o.f.core.internal.command.DbValidate     : Successfully validated 1 migration (execution time 00:00.005s)
2026-10-07T05:54:22.969+09:00  INFO [requestId:] 32354 --- [sc-notes] [           main] o.f.c.i.s.JdbcTableSchemaHistory         : Creating Schema History table "PUBLIC"."flyway_schema_history" ...
2026-10-07T05:54:22.983+09:00  INFO [requestId:] 32354 --- [sc-notes] [           main] o.f.core.internal.command.DbMigrate      : Current version of schema "PUBLIC": << Empty Schema >>
2026-10-07T05:54:22.986+09:00  INFO [requestId:] 32354 --- [sc-notes] [           main] o.f.core.internal.command.DbMigrate      : Migrating schema "PUBLIC" to version "1 - starter notes"
2026-10-07T05:54:22.992+09:00  INFO [requestId:] 32354 --- [sc-notes] [           main] o.f.core.internal.command.DbMigrate      : Successfully applied 1 migration to schema "PUBLIC", now at version v1 (execution time 00:00.002s)
2026-10-07T05:54:23.022+09:00  INFO [requestId:] 32354 --- [sc-notes] [           main] o.hibernate.jpa.internal.util.LogHelper  : HHH000204: Processing PersistenceUnitInfo [name: default]
2026-10-07T05:54:23.045+09:00  INFO [requestId:] 32354 --- [sc-notes] [           main] org.hibernate.Version                    : HHH000412: Hibernate ORM core version 6.6.53.Final
2026-10-07T05:54:23.058+09:00  INFO [requestId:] 32354 --- [sc-notes] [           main] o.h.c.internal.RegionFactoryInitiator    : HHH000026: Second-level cache disabled
2026-10-07T05:54:23.169+09:00  INFO [requestId:] 32354 --- [sc-notes] [           main] o.s.o.j.p.SpringPersistenceUnitInfo      : No LoadTimeWeaver setup: ignoring JPA class transformer
2026-10-07T05:54:23.194+09:00  INFO [requestId:] 32354 --- [sc-notes] [           main] org.hibernate.orm.connections.pooling    : HHH10001005: Database info:
	Database JDBC URL [Connecting through datasource 'HikariDataSource (HikariPool-1)']
	Database driver: undefined/unknown
	Database version: 2.3.232
	Autocommit mode: undefined/unknown
	Isolation level: undefined/unknown
	Minimum pool size: undefined/unknown
	Maximum pool size: undefined/unknown
2026-10-07T05:54:23.470+09:00  INFO [requestId:] 32354 --- [sc-notes] [           main] o.h.e.t.j.p.i.JtaPlatformInitiator       : HHH000489: No JTA platform available (set 'hibernate.transaction.jta.platform' to enable JTA platform integration)
2026-10-07T05:54:23.477+09:00  INFO [requestId:] 32354 --- [sc-notes] [           main] j.LocalContainerEntityManagerFactoryBean : Initialized JPA EntityManagerFactory for persistence unit 'default'
2026-10-07T05:54:23.790+09:00  INFO [requestId:] 32354 --- [sc-notes] [           main] o.s.b.a.w.s.WelcomePageHandlerMapping    : Adding welcome page: class path resource [static/index.html]
2026-10-07T05:54:23.905+09:00  INFO [requestId:] 32354 --- [sc-notes] [           main] r$InitializeUserDetailsManagerConfigurer : Global AuthenticationManager configured with UserDetailsService bean with name users
2026-10-07T05:54:23.968+09:00  INFO [requestId:] 32354 --- [sc-notes] [           main] o.s.b.a.e.web.EndpointLinksResolver      : Exposing 1 endpoint beneath base path '/actuator'
2026-10-07T05:54:24.079+09:00  INFO [requestId:] 32354 --- [sc-notes] [           main] o.s.b.w.embedded.tomcat.TomcatWebServer  : Tomcat started on port 57307 (http) with context path '/'
2026-10-07T05:54:24.089+09:00  INFO [requestId:] 32354 --- [sc-notes] [           main] d.s.notesapp.GeneratedApplication        : Started GeneratedApplication in 2.397 seconds (process running for 2.609)
2026-10-07T05:54:24.155+09:00  INFO [requestId:] 32354 --- [sc-notes] [1-auto-1-exec-1] o.a.c.c.C.[Tomcat].[localhost].[/]       : Initializing Spring DispatcherServlet 'dispatcherServlet'
2026-10-07T05:54:24.156+09:00  INFO [requestId:] 32354 --- [sc-notes] [1-auto-1-exec-1] o.s.web.servlet.DispatcherServlet        : Initializing Servlet 'dispatcherServlet'
2026-10-07T05:54:24.156+09:00  INFO [requestId:] 32354 --- [sc-notes] [1-auto-1-exec-1] o.s.web.servlet.DispatcherServlet        : Completed initialization in 0 ms
2026-10-07T05:54:24.506+09:00  INFO [requestId:] 32354 --- [sc-notes] [ionShutdownHook] o.s.b.w.e.tomcat.GracefulShutdown        : Commencing graceful shutdown. Waiting for active requests to complete
2026-10-07T05:54:24.508+09:00  INFO [requestId:] 32354 --- [sc-notes] [tomcat-shutdown] o.s.b.w.e.tomcat.GracefulShutdown        : Graceful shutdown complete
2026-10-07T05:54:24.511+09:00  INFO [requestId:] 32354 --- [sc-notes] [ionShutdownHook] j.LocalContainerEntityManagerFactoryBean : Closing JPA EntityManagerFactory for persistence unit 'default'
2026-10-07T05:54:24.512+09:00  INFO [requestId:] 32354 --- [sc-notes] [ionShutdownHook] com.zaxxer.hikari.HikariDataSource       : HikariPool-1 - Shutdown initiated...
2026-10-07T05:54:24.563+09:00  INFO [requestId:] 32354 --- [sc-notes] [ionShutdownHook] com.zaxxer.hikari.HikariDataSource       : HikariPool-1 - Shutdown completed.

===== file-storage / app.log =====
2026-10-07T05:54:21.945+09:00  INFO [requestId:] 32354 --- [sc-notes] [main] d.s.notesapp.GeneratedApplication        : Starting GeneratedApplication v1.0.0 using Java 21.0.11 with PID 32354 (<generated-app>/backend/target/sc-notes.jar started by dk in <generated-app>)
2026-10-07T05:54:21.946+09:00  INFO [requestId:] 32354 --- [sc-notes] [main] d.s.notesapp.GeneratedApplication        : The following 1 profile is active: "file-storage"
2026-10-07T05:54:22.421+09:00  INFO [requestId:] 32354 --- [sc-notes] [main] .s.d.r.c.RepositoryConfigurationDelegate : Bootstrapping Spring Data JPA repositories in DEFAULT mode.
2026-10-07T05:54:22.471+09:00  INFO [requestId:] 32354 --- [sc-notes] [main] .s.d.r.c.RepositoryConfigurationDelegate : Finished Spring Data repository scanning in 45 ms. Found 1 JPA repository interface.
2026-10-07T05:54:22.534+09:00  INFO [requestId:] 32354 --- [sc-notes] [main] o.s.cloud.context.scope.GenericScope     : BeanFactory id=09b7769a-26e1-3ae9-a10d-6ab83566a9fe
2026-10-07T05:54:22.706+09:00  INFO [requestId:] 32354 --- [sc-notes] [main] o.s.b.w.embedded.tomcat.TomcatWebServer  : Tomcat initialized with port 0 (http)
2026-10-07T05:54:22.713+09:00  INFO [requestId:] 32354 --- [sc-notes] [main] o.apache.catalina.core.StandardService   : Starting service [Tomcat]
2026-10-07T05:54:22.713+09:00  INFO [requestId:] 32354 --- [sc-notes] [main] o.apache.catalina.core.StandardEngine    : Starting Servlet engine: [Apache Tomcat/10.1.55]
2026-10-07T05:54:22.725+09:00  INFO [requestId:] 32354 --- [sc-notes] [main] o.a.c.c.C.[Tomcat].[localhost].[/]       : Initializing Spring embedded WebApplicationContext
2026-10-07T05:54:22.725+09:00  INFO [requestId:] 32354 --- [sc-notes] [main] w.s.c.ServletWebServerApplicationContext : Root WebApplicationContext: initialization completed in 757 ms
2026-10-07T05:54:22.857+09:00  INFO [requestId:] 32354 --- [sc-notes] [main] com.zaxxer.hikari.HikariDataSource       : HikariPool-1 - Starting...
2026-10-07T05:54:22.935+09:00  INFO [requestId:] 32354 --- [sc-notes] [main] com.zaxxer.hikari.pool.HikariPool        : HikariPool-1 - Added connection conn0: url=jdbc:h2:file:<isolated-fixture>/data/app user=SA
2026-10-07T05:54:22.936+09:00  INFO [requestId:] 32354 --- [sc-notes] [main] com.zaxxer.hikari.HikariDataSource       : HikariPool-1 - Start completed.
2026-10-07T05:54:22.954+09:00  INFO [requestId:] 32354 --- [sc-notes] [main] org.flywaydb.core.FlywayExecutor         : Database: jdbc:h2:file:<isolated-fixture>/data/app (H2 2.3)
2026-10-07T05:54:22.965+09:00  INFO [requestId:] 32354 --- [sc-notes] [main] o.f.c.i.s.JdbcTableSchemaHistory         : Schema history table "PUBLIC"."flyway_schema_history" does not exist yet
2026-10-07T05:54:22.967+09:00  INFO [requestId:] 32354 --- [sc-notes] [main] o.f.core.internal.command.DbValidate     : Successfully validated 1 migration (execution time 00:00.005s)
2026-10-07T05:54:22.969+09:00  INFO [requestId:] 32354 --- [sc-notes] [main] o.f.c.i.s.JdbcTableSchemaHistory         : Creating Schema History table "PUBLIC"."flyway_schema_history" ...
2026-10-07T05:54:22.983+09:00  INFO [requestId:] 32354 --- [sc-notes] [main] o.f.core.internal.command.DbMigrate      : Current version of schema "PUBLIC": << Empty Schema >>
2026-10-07T05:54:22.986+09:00  INFO [requestId:] 32354 --- [sc-notes] [main] o.f.core.internal.command.DbMigrate      : Migrating schema "PUBLIC" to version "1 - starter notes"
2026-10-07T05:54:22.992+09:00  INFO [requestId:] 32354 --- [sc-notes] [main] o.f.core.internal.command.DbMigrate      : Successfully applied 1 migration to schema "PUBLIC", now at version v1 (execution time 00:00.002s)
2026-10-07T05:54:23.022+09:00  INFO [requestId:] 32354 --- [sc-notes] [main] o.hibernate.jpa.internal.util.LogHelper  : HHH000204: Processing PersistenceUnitInfo [name: default]
2026-10-07T05:54:23.045+09:00  INFO [requestId:] 32354 --- [sc-notes] [main] org.hibernate.Version                    : HHH000412: Hibernate ORM core version 6.6.53.Final
2026-10-07T05:54:23.058+09:00  INFO [requestId:] 32354 --- [sc-notes] [main] o.h.c.internal.RegionFactoryInitiator    : HHH000026: Second-level cache disabled
2026-10-07T05:54:23.169+09:00  INFO [requestId:] 32354 --- [sc-notes] [main] o.s.o.j.p.SpringPersistenceUnitInfo      : No LoadTimeWeaver setup: ignoring JPA class transformer
2026-10-07T05:54:23.194+09:00  INFO [requestId:] 32354 --- [sc-notes] [main] org.hibernate.orm.connections.pooling    : HHH10001005: Database info:
	Database JDBC URL [Connecting through datasource 'HikariDataSource (HikariPool-1)']
	Database driver: undefined/unknown
	Database version: 2.3.232
	Autocommit mode: undefined/unknown
	Isolation level: undefined/unknown
	Minimum pool size: undefined/unknown
	Maximum pool size: undefined/unknown
2026-10-07T05:54:23.470+09:00  INFO [requestId:] 32354 --- [sc-notes] [main] o.h.e.t.j.p.i.JtaPlatformInitiator       : HHH000489: No JTA platform available (set 'hibernate.transaction.jta.platform' to enable JTA platform integration)
2026-10-07T05:54:23.477+09:00  INFO [requestId:] 32354 --- [sc-notes] [main] j.LocalContainerEntityManagerFactoryBean : Initialized JPA EntityManagerFactory for persistence unit 'default'
2026-10-07T05:54:23.790+09:00  INFO [requestId:] 32354 --- [sc-notes] [main] o.s.b.a.w.s.WelcomePageHandlerMapping    : Adding welcome page: class path resource [static/index.html]
2026-10-07T05:54:23.905+09:00  INFO [requestId:] 32354 --- [sc-notes] [main] r$InitializeUserDetailsManagerConfigurer : Global AuthenticationManager configured with UserDetailsService bean with name users
2026-10-07T05:54:23.968+09:00  INFO [requestId:] 32354 --- [sc-notes] [main] o.s.b.a.e.web.EndpointLinksResolver      : Exposing 1 endpoint beneath base path '/actuator'
2026-10-07T05:54:24.079+09:00  INFO [requestId:] 32354 --- [sc-notes] [main] o.s.b.w.embedded.tomcat.TomcatWebServer  : Tomcat started on port 57307 (http) with context path '/'
2026-10-07T05:54:24.089+09:00  INFO [requestId:] 32354 --- [sc-notes] [main] d.s.notesapp.GeneratedApplication        : Started GeneratedApplication in 2.397 seconds (process running for 2.609)
2026-10-07T05:54:24.155+09:00  INFO [requestId:] 32354 --- [sc-notes] [http-nio-127.0.0.1-auto-1-exec-1] o.a.c.c.C.[Tomcat].[localhost].[/]       : Initializing Spring DispatcherServlet 'dispatcherServlet'
2026-10-07T05:54:24.156+09:00  INFO [requestId:] 32354 --- [sc-notes] [http-nio-127.0.0.1-auto-1-exec-1] o.s.web.servlet.DispatcherServlet        : Initializing Servlet 'dispatcherServlet'
2026-10-07T05:54:24.156+09:00  INFO [requestId:] 32354 --- [sc-notes] [http-nio-127.0.0.1-auto-1-exec-1] o.s.web.servlet.DispatcherServlet        : Completed initialization in 0 ms
2026-10-07T05:54:24.506+09:00  INFO [requestId:] 32354 --- [sc-notes] [SpringApplicationShutdownHook] o.s.b.w.e.tomcat.GracefulShutdown        : Commencing graceful shutdown. Waiting for active requests to complete
2026-10-07T05:54:24.508+09:00  INFO [requestId:] 32354 --- [sc-notes] [tomcat-shutdown] o.s.b.w.e.tomcat.GracefulShutdown        : Graceful shutdown complete
2026-10-07T05:54:24.511+09:00  INFO [requestId:] 32354 --- [sc-notes] [SpringApplicationShutdownHook] j.LocalContainerEntityManagerFactoryBean : Closing JPA EntityManagerFactory for persistence unit 'default'
2026-10-07T05:54:24.512+09:00  INFO [requestId:] 32354 --- [sc-notes] [SpringApplicationShutdownHook] com.zaxxer.hikari.HikariDataSource       : HikariPool-1 - Shutdown initiated...
2026-10-07T05:54:24.563+09:00  INFO [requestId:] 32354 --- [sc-notes] [SpringApplicationShutdownHook] com.zaxxer.hikari.HikariDataSource       : HikariPool-1 - Shutdown completed.
2026-10-07T05:54:25.343+09:00  INFO [requestId:] 32393 --- [sc-notes] [main] d.s.notesapp.GeneratedApplication        : Starting GeneratedApplication v1.0.0 using Java 21.0.11 with PID 32393 (<generated-app>/backend/target/sc-notes.jar started by dk in <generated-app>)
2026-10-07T05:54:25.344+09:00  INFO [requestId:] 32393 --- [sc-notes] [main] d.s.notesapp.GeneratedApplication        : The following 1 profile is active: "file-storage"
2026-10-07T05:54:25.820+09:00  INFO [requestId:] 32393 --- [sc-notes] [main] .s.d.r.c.RepositoryConfigurationDelegate : Bootstrapping Spring Data JPA repositories in DEFAULT mode.
2026-10-07T05:54:25.870+09:00  INFO [requestId:] 32393 --- [sc-notes] [main] .s.d.r.c.RepositoryConfigurationDelegate : Finished Spring Data repository scanning in 46 ms. Found 1 JPA repository interface.
2026-10-07T05:54:25.934+09:00  INFO [requestId:] 32393 --- [sc-notes] [main] o.s.cloud.context.scope.GenericScope     : BeanFactory id=09b7769a-26e1-3ae9-a10d-6ab83566a9fe
2026-10-07T05:54:26.101+09:00  INFO [requestId:] 32393 --- [sc-notes] [main] o.s.b.w.embedded.tomcat.TomcatWebServer  : Tomcat initialized with port 0 (http)
2026-10-07T05:54:26.107+09:00  INFO [requestId:] 32393 --- [sc-notes] [main] o.apache.catalina.core.StandardService   : Starting service [Tomcat]
2026-10-07T05:54:26.108+09:00  INFO [requestId:] 32393 --- [sc-notes] [main] o.apache.catalina.core.StandardEngine    : Starting Servlet engine: [Apache Tomcat/10.1.55]
2026-10-07T05:54:26.119+09:00  INFO [requestId:] 32393 --- [sc-notes] [main] o.a.c.c.C.[Tomcat].[localhost].[/]       : Initializing Spring embedded WebApplicationContext
2026-10-07T05:54:26.119+09:00  INFO [requestId:] 32393 --- [sc-notes] [main] w.s.c.ServletWebServerApplicationContext : Root WebApplicationContext: initialization completed in 753 ms
2026-10-07T05:54:26.250+09:00  INFO [requestId:] 32393 --- [sc-notes] [main] com.zaxxer.hikari.HikariDataSource       : HikariPool-1 - Starting...
2026-10-07T05:54:26.332+09:00  INFO [requestId:] 32393 --- [sc-notes] [main] com.zaxxer.hikari.pool.HikariPool        : HikariPool-1 - Added connection conn0: url=jdbc:h2:file:<isolated-fixture>/data/app user=SA
2026-10-07T05:54:26.333+09:00  INFO [requestId:] 32393 --- [sc-notes] [main] com.zaxxer.hikari.HikariDataSource       : HikariPool-1 - Start completed.
2026-10-07T05:54:26.348+09:00  INFO [requestId:] 32393 --- [sc-notes] [main] org.flywaydb.core.FlywayExecutor         : Database: jdbc:h2:file:<isolated-fixture>/data/app (H2 2.3)
2026-10-07T05:54:26.362+09:00  INFO [requestId:] 32393 --- [sc-notes] [main] o.f.core.internal.command.DbValidate     : Successfully validated 1 migration (execution time 00:00.007s)
2026-10-07T05:54:26.365+09:00  INFO [requestId:] 32393 --- [sc-notes] [main] o.f.core.internal.command.DbMigrate      : Current version of schema "PUBLIC": 1
2026-10-07T05:54:26.366+09:00  INFO [requestId:] 32393 --- [sc-notes] [main] o.f.core.internal.command.DbMigrate      : Schema "PUBLIC" is up to date. No migration necessary.
2026-10-07T05:54:26.394+09:00  INFO [requestId:] 32393 --- [sc-notes] [main] o.hibernate.jpa.internal.util.LogHelper  : HHH000204: Processing PersistenceUnitInfo [name: default]
2026-10-07T05:54:26.416+09:00  INFO [requestId:] 32393 --- [sc-notes] [main] org.hibernate.Version                    : HHH000412: Hibernate ORM core version 6.6.53.Final
2026-10-07T05:54:26.428+09:00  INFO [requestId:] 32393 --- [sc-notes] [main] o.h.c.internal.RegionFactoryInitiator    : HHH000026: Second-level cache disabled
2026-10-07T05:54:26.528+09:00  INFO [requestId:] 32393 --- [sc-notes] [main] o.s.o.j.p.SpringPersistenceUnitInfo      : No LoadTimeWeaver setup: ignoring JPA class transformer
2026-10-07T05:54:26.550+09:00  INFO [requestId:] 32393 --- [sc-notes] [main] org.hibernate.orm.connections.pooling    : HHH10001005: Database info:
	Database JDBC URL [Connecting through datasource 'HikariDataSource (HikariPool-1)']
	Database driver: undefined/unknown
	Database version: 2.3.232
	Autocommit mode: undefined/unknown
	Isolation level: undefined/unknown
	Minimum pool size: undefined/unknown
	Maximum pool size: undefined/unknown
2026-10-07T05:54:26.815+09:00  INFO [requestId:] 32393 --- [sc-notes] [main] o.h.e.t.j.p.i.JtaPlatformInitiator       : HHH000489: No JTA platform available (set 'hibernate.transaction.jta.platform' to enable JTA platform integration)
2026-10-07T05:54:26.821+09:00  INFO [requestId:] 32393 --- [sc-notes] [main] j.LocalContainerEntityManagerFactoryBean : Initialized JPA EntityManagerFactory for persistence unit 'default'
2026-10-07T05:54:27.127+09:00  INFO [requestId:] 32393 --- [sc-notes] [main] o.s.b.a.w.s.WelcomePageHandlerMapping    : Adding welcome page: class path resource [static/index.html]
2026-10-07T05:54:27.241+09:00  INFO [requestId:] 32393 --- [sc-notes] [main] r$InitializeUserDetailsManagerConfigurer : Global AuthenticationManager configured with UserDetailsService bean with name users
2026-10-07T05:54:27.304+09:00  INFO [requestId:] 32393 --- [sc-notes] [main] o.s.b.a.e.web.EndpointLinksResolver      : Exposing 1 endpoint beneath base path '/actuator'
2026-10-07T05:54:27.417+09:00  INFO [requestId:] 32393 --- [sc-notes] [main] o.s.b.w.embedded.tomcat.TomcatWebServer  : Tomcat started on port 57328 (http) with context path '/'
2026-10-07T05:54:27.427+09:00  INFO [requestId:] 32393 --- [sc-notes] [main] d.s.notesapp.GeneratedApplication        : Started GeneratedApplication in 2.335 seconds (process running for 2.547)
2026-10-07T05:54:27.505+09:00  INFO [requestId:] 32393 --- [sc-notes] [http-nio-127.0.0.1-auto-1-exec-1] o.a.c.c.C.[Tomcat].[localhost].[/]       : Initializing Spring DispatcherServlet 'dispatcherServlet'
2026-10-07T05:54:27.505+09:00  INFO [requestId:] 32393 --- [sc-notes] [http-nio-127.0.0.1-auto-1-exec-1] o.s.web.servlet.DispatcherServlet        : Initializing Servlet 'dispatcherServlet'
2026-10-07T05:54:27.506+09:00  INFO [requestId:] 32393 --- [sc-notes] [http-nio-127.0.0.1-auto-1-exec-1] o.s.web.servlet.DispatcherServlet        : Completed initialization in 1 ms
2026-10-07T05:54:27.761+09:00  INFO [requestId:] 32393 --- [sc-notes] [SpringApplicationShutdownHook] o.s.b.w.e.tomcat.GracefulShutdown        : Commencing graceful shutdown. Waiting for active requests to complete
2026-10-07T05:54:27.763+09:00  INFO [requestId:] 32393 --- [sc-notes] [tomcat-shutdown] o.s.b.w.e.tomcat.GracefulShutdown        : Graceful shutdown complete
2026-10-07T05:54:27.766+09:00  INFO [requestId:] 32393 --- [sc-notes] [SpringApplicationShutdownHook] j.LocalContainerEntityManagerFactoryBean : Closing JPA EntityManagerFactory for persistence unit 'default'
2026-10-07T05:54:27.768+09:00  INFO [requestId:] 32393 --- [sc-notes] [SpringApplicationShutdownHook] com.zaxxer.hikari.HikariDataSource       : HikariPool-1 - Shutdown initiated...
2026-10-07T05:54:27.796+09:00  INFO [requestId:] 32393 --- [sc-notes] [SpringApplicationShutdownHook] com.zaxxer.hikari.HikariDataSource       : HikariPool-1 - Shutdown completed.

===== audit / launcher-2.log =====
Bootstrap secret file is ready (value omitted).

  .   ____          _            __ _ _
 /\\ / ___'_ __ _ _(_)_ __  __ _ \ \ \ \
( ( )\___ | '_ | '_| | '_ \/ _` | \ \ \ \
 \\/  ___)| |_)| | | | | || (_| |  ) ) ) )
  '  |____| .__|_| |_|_| |_\__, | / / / /
 =========|_|==============|___/=/_/_/_/

 :: Spring Boot ::               (v3.5.16)

2026-10-07T05:54:18.313+09:00  INFO [requestId:] 32328 --- [sc-notes] [           main] d.s.notesapp.GeneratedApplication        : Starting GeneratedApplication v1.0.0 using Java 21.0.11 with PID 32328 (<generated-app>/backend/target/sc-notes.jar started by dk in <generated-app>)
2026-10-07T05:54:18.314+09:00  INFO [requestId:] 32328 --- [sc-notes] [           main] d.s.notesapp.GeneratedApplication        : The following 1 profile is active: "audit"
2026-10-07T05:54:18.787+09:00  INFO [requestId:] 32328 --- [sc-notes] [           main] .s.d.r.c.RepositoryConfigurationDelegate : Bootstrapping Spring Data JPA repositories in DEFAULT mode.
2026-10-07T05:54:18.837+09:00  INFO [requestId:] 32328 --- [sc-notes] [           main] .s.d.r.c.RepositoryConfigurationDelegate : Finished Spring Data repository scanning in 45 ms. Found 1 JPA repository interface.
2026-10-07T05:54:18.902+09:00  INFO [requestId:] 32328 --- [sc-notes] [           main] o.s.cloud.context.scope.GenericScope     : BeanFactory id=963e70ae-ba52-34c0-ae90-6be0ec1f6ef4
2026-10-07T05:54:19.077+09:00  INFO [requestId:] 32328 --- [sc-notes] [           main] o.s.b.w.embedded.tomcat.TomcatWebServer  : Tomcat initialized with port 0 (http)
2026-10-07T05:54:19.084+09:00  INFO [requestId:] 32328 --- [sc-notes] [           main] o.apache.catalina.core.StandardService   : Starting service [Tomcat]
2026-10-07T05:54:19.084+09:00  INFO [requestId:] 32328 --- [sc-notes] [           main] o.apache.catalina.core.StandardEngine    : Starting Servlet engine: [Apache Tomcat/10.1.55]
2026-10-07T05:54:19.096+09:00  INFO [requestId:] 32328 --- [sc-notes] [           main] o.a.c.c.C.[Tomcat].[localhost].[/]       : Initializing Spring embedded WebApplicationContext
2026-10-07T05:54:19.096+09:00  INFO [requestId:] 32328 --- [sc-notes] [           main] w.s.c.ServletWebServerApplicationContext : Root WebApplicationContext: initialization completed in 760 ms
2026-10-07T05:54:19.232+09:00  INFO [requestId:] 32328 --- [sc-notes] [           main] com.zaxxer.hikari.HikariDataSource       : HikariPool-1 - Starting...
2026-10-07T05:54:19.318+09:00  INFO [requestId:] 32328 --- [sc-notes] [           main] com.zaxxer.hikari.pool.HikariPool        : HikariPool-1 - Added connection conn0: url=jdbc:h2:file:<isolated-fixture>/data/app user=SA
2026-10-07T05:54:19.319+09:00  INFO [requestId:] 32328 --- [sc-notes] [           main] com.zaxxer.hikari.HikariDataSource       : HikariPool-1 - Start completed.
2026-10-07T05:54:19.338+09:00  INFO [requestId:] 32328 --- [sc-notes] [           main] org.flywaydb.core.FlywayExecutor         : Database: jdbc:h2:file:<isolated-fixture>/data/app (H2 2.3)
2026-10-07T05:54:19.353+09:00  INFO [requestId:] 32328 --- [sc-notes] [           main] o.f.core.internal.command.DbValidate     : Successfully validated 2 migrations (execution time 00:00.009s)
2026-10-07T05:54:19.357+09:00  INFO [requestId:] 32328 --- [sc-notes] [           main] o.f.core.internal.command.DbMigrate      : Current version of schema "PUBLIC": 2
2026-10-07T05:54:19.358+09:00  INFO [requestId:] 32328 --- [sc-notes] [           main] o.f.core.internal.command.DbMigrate      : Schema "PUBLIC" is up to date. No migration necessary.
2026-10-07T05:54:19.386+09:00  INFO [requestId:] 32328 --- [sc-notes] [           main] o.hibernate.jpa.internal.util.LogHelper  : HHH000204: Processing PersistenceUnitInfo [name: default]
2026-10-07T05:54:19.405+09:00  INFO [requestId:] 32328 --- [sc-notes] [           main] org.hibernate.Version                    : HHH000412: Hibernate ORM core version 6.6.53.Final
2026-10-07T05:54:19.417+09:00  INFO [requestId:] 32328 --- [sc-notes] [           main] o.h.c.internal.RegionFactoryInitiator    : HHH000026: Second-level cache disabled
2026-10-07T05:54:19.524+09:00  INFO [requestId:] 32328 --- [sc-notes] [           main] o.s.o.j.p.SpringPersistenceUnitInfo      : No LoadTimeWeaver setup: ignoring JPA class transformer
2026-10-07T05:54:19.549+09:00  INFO [requestId:] 32328 --- [sc-notes] [           main] org.hibernate.orm.connections.pooling    : HHH10001005: Database info:
	Database JDBC URL [Connecting through datasource 'HikariDataSource (HikariPool-1)']
	Database driver: undefined/unknown
	Database version: 2.3.232
	Autocommit mode: undefined/unknown
	Isolation level: undefined/unknown
	Minimum pool size: undefined/unknown
	Maximum pool size: undefined/unknown
2026-10-07T05:54:19.824+09:00  INFO [requestId:] 32328 --- [sc-notes] [           main] o.h.e.t.j.p.i.JtaPlatformInitiator       : HHH000489: No JTA platform available (set 'hibernate.transaction.jta.platform' to enable JTA platform integration)
2026-10-07T05:54:19.831+09:00  INFO [requestId:] 32328 --- [sc-notes] [           main] j.LocalContainerEntityManagerFactoryBean : Initialized JPA EntityManagerFactory for persistence unit 'default'
2026-10-07T05:54:20.146+09:00  INFO [requestId:] 32328 --- [sc-notes] [           main] o.s.b.a.w.s.WelcomePageHandlerMapping    : Adding welcome page: class path resource [static/index.html]
2026-10-07T05:54:20.254+09:00  INFO [requestId:] 32328 --- [sc-notes] [           main] r$InitializeUserDetailsManagerConfigurer : Global AuthenticationManager configured with UserDetailsService bean with name users
2026-10-07T05:54:20.319+09:00  INFO [requestId:] 32328 --- [sc-notes] [           main] o.s.b.a.e.web.EndpointLinksResolver      : Exposing 1 endpoint beneath base path '/actuator'
2026-10-07T05:54:20.433+09:00  INFO [requestId:] 32328 --- [sc-notes] [           main] o.s.b.w.embedded.tomcat.TomcatWebServer  : Tomcat started on port 57290 (http) with context path '/'
2026-10-07T05:54:20.443+09:00  INFO [requestId:] 32328 --- [sc-notes] [           main] d.s.notesapp.GeneratedApplication        : Started GeneratedApplication in 2.399 seconds (process running for 2.612)
2026-10-07T05:54:20.505+09:00  INFO [requestId:] 32328 --- [sc-notes] [1-auto-1-exec-1] o.a.c.c.C.[Tomcat].[localhost].[/]       : Initializing Spring DispatcherServlet 'dispatcherServlet'
2026-10-07T05:54:20.505+09:00  INFO [requestId:] 32328 --- [sc-notes] [1-auto-1-exec-1] o.s.web.servlet.DispatcherServlet        : Initializing Servlet 'dispatcherServlet'
2026-10-07T05:54:20.505+09:00  INFO [requestId:] 32328 --- [sc-notes] [1-auto-1-exec-1] o.s.web.servlet.DispatcherServlet        : Completed initialization in 0 ms
2026-10-07T05:54:20.756+09:00  INFO [requestId:] 32328 --- [sc-notes] [ionShutdownHook] o.s.b.w.e.tomcat.GracefulShutdown        : Commencing graceful shutdown. Waiting for active requests to complete
2026-10-07T05:54:20.758+09:00  INFO [requestId:] 32328 --- [sc-notes] [tomcat-shutdown] o.s.b.w.e.tomcat.GracefulShutdown        : Graceful shutdown complete
2026-10-07T05:54:20.761+09:00  INFO [requestId:] 32328 --- [sc-notes] [ionShutdownHook] j.LocalContainerEntityManagerFactoryBean : Closing JPA EntityManagerFactory for persistence unit 'default'
2026-10-07T05:54:20.762+09:00  INFO [requestId:] 32328 --- [sc-notes] [ionShutdownHook] com.zaxxer.hikari.HikariDataSource       : HikariPool-1 - Shutdown initiated...
2026-10-07T05:54:20.988+09:00  INFO [requestId:] 32328 --- [sc-notes] [ionShutdownHook] com.zaxxer.hikari.HikariDataSource       : HikariPool-1 - Shutdown completed.

===== audit / launcher-1.log =====
Bootstrap secret file is ready (value omitted).

  .   ____          _            __ _ _
 /\\ / ___'_ __ _ _(_)_ __  __ _ \ \ \ \
( ( )\___ | '_ | '_| | '_ \/ _` | \ \ \ \
 \\/  ___)| |_)| | | | | || (_| |  ) ) ) )
  '  |____| .__|_| |_|_| |_\__, | / / / /
 =========|_|==============|___/=/_/_/_/

 :: Spring Boot ::               (v3.5.16)

2026-10-07T05:54:14.083+09:00  INFO [requestId:] 32284 --- [sc-notes] [           main] d.s.notesapp.GeneratedApplication        : Starting GeneratedApplication v1.0.0 using Java 21.0.11 with PID 32284 (<generated-app>/backend/target/sc-notes.jar started by dk in <generated-app>)
2026-10-07T05:54:14.084+09:00  INFO [requestId:] 32284 --- [sc-notes] [           main] d.s.notesapp.GeneratedApplication        : The following 1 profile is active: "audit"
2026-10-07T05:54:14.561+09:00  INFO [requestId:] 32284 --- [sc-notes] [           main] .s.d.r.c.RepositoryConfigurationDelegate : Bootstrapping Spring Data JPA repositories in DEFAULT mode.
2026-10-07T05:54:14.611+09:00  INFO [requestId:] 32284 --- [sc-notes] [           main] .s.d.r.c.RepositoryConfigurationDelegate : Finished Spring Data repository scanning in 46 ms. Found 1 JPA repository interface.
2026-10-07T05:54:14.678+09:00  INFO [requestId:] 32284 --- [sc-notes] [           main] o.s.cloud.context.scope.GenericScope     : BeanFactory id=963e70ae-ba52-34c0-ae90-6be0ec1f6ef4
2026-10-07T05:54:14.863+09:00  INFO [requestId:] 32284 --- [sc-notes] [           main] o.s.b.w.embedded.tomcat.TomcatWebServer  : Tomcat initialized with port 0 (http)
2026-10-07T05:54:14.870+09:00  INFO [requestId:] 32284 --- [sc-notes] [           main] o.apache.catalina.core.StandardService   : Starting service [Tomcat]
2026-10-07T05:54:14.870+09:00  INFO [requestId:] 32284 --- [sc-notes] [           main] o.apache.catalina.core.StandardEngine    : Starting Servlet engine: [Apache Tomcat/10.1.55]
2026-10-07T05:54:14.881+09:00  INFO [requestId:] 32284 --- [sc-notes] [           main] o.a.c.c.C.[Tomcat].[localhost].[/]       : Initializing Spring embedded WebApplicationContext
2026-10-07T05:54:14.882+09:00  INFO [requestId:] 32284 --- [sc-notes] [           main] w.s.c.ServletWebServerApplicationContext : Root WebApplicationContext: initialization completed in 777 ms
2026-10-07T05:54:15.012+09:00  INFO [requestId:] 32284 --- [sc-notes] [           main] com.zaxxer.hikari.HikariDataSource       : HikariPool-1 - Starting...
2026-10-07T05:54:15.089+09:00  INFO [requestId:] 32284 --- [sc-notes] [           main] com.zaxxer.hikari.pool.HikariPool        : HikariPool-1 - Added connection conn0: url=jdbc:h2:file:<isolated-fixture>/data/app user=SA
2026-10-07T05:54:15.090+09:00  INFO [requestId:] 32284 --- [sc-notes] [           main] com.zaxxer.hikari.HikariDataSource       : HikariPool-1 - Start completed.
2026-10-07T05:54:15.107+09:00  INFO [requestId:] 32284 --- [sc-notes] [           main] org.flywaydb.core.FlywayExecutor         : Database: jdbc:h2:file:<isolated-fixture>/data/app (H2 2.3)
2026-10-07T05:54:15.118+09:00  INFO [requestId:] 32284 --- [sc-notes] [           main] o.f.c.i.s.JdbcTableSchemaHistory         : Schema history table "PUBLIC"."flyway_schema_history" does not exist yet
2026-10-07T05:54:15.119+09:00  INFO [requestId:] 32284 --- [sc-notes] [           main] o.f.core.internal.command.DbValidate     : Successfully validated 2 migrations (execution time 00:00.005s)
2026-10-07T05:54:15.121+09:00  INFO [requestId:] 32284 --- [sc-notes] [           main] o.f.c.i.s.JdbcTableSchemaHistory         : Creating Schema History table "PUBLIC"."flyway_schema_history" ...
2026-10-07T05:54:15.134+09:00  INFO [requestId:] 32284 --- [sc-notes] [           main] o.f.core.internal.command.DbMigrate      : Current version of schema "PUBLIC": << Empty Schema >>
2026-10-07T05:54:15.137+09:00  INFO [requestId:] 32284 --- [sc-notes] [           main] o.f.core.internal.command.DbMigrate      : Migrating schema "PUBLIC" to version "1 - starter notes"
2026-10-07T05:54:15.144+09:00  INFO [requestId:] 32284 --- [sc-notes] [           main] o.f.core.internal.command.DbMigrate      : Migrating schema "PUBLIC" to version "2 - security audit"
2026-10-07T05:54:15.151+09:00  INFO [requestId:] 32284 --- [sc-notes] [           main] o.f.core.internal.command.DbMigrate      : Successfully applied 2 migrations to schema "PUBLIC", now at version v2 (execution time 00:00.006s)
2026-10-07T05:54:15.180+09:00  INFO [requestId:] 32284 --- [sc-notes] [           main] o.hibernate.jpa.internal.util.LogHelper  : HHH000204: Processing PersistenceUnitInfo [name: default]
2026-10-07T05:54:15.203+09:00  INFO [requestId:] 32284 --- [sc-notes] [           main] org.hibernate.Version                    : HHH000412: Hibernate ORM core version 6.6.53.Final
2026-10-07T05:54:15.214+09:00  INFO [requestId:] 32284 --- [sc-notes] [           main] o.h.c.internal.RegionFactoryInitiator    : HHH000026: Second-level cache disabled
2026-10-07T05:54:15.319+09:00  INFO [requestId:] 32284 --- [sc-notes] [           main] o.s.o.j.p.SpringPersistenceUnitInfo      : No LoadTimeWeaver setup: ignoring JPA class transformer
2026-10-07T05:54:15.342+09:00  INFO [requestId:] 32284 --- [sc-notes] [           main] org.hibernate.orm.connections.pooling    : HHH10001005: Database info:
	Database JDBC URL [Connecting through datasource 'HikariDataSource (HikariPool-1)']
	Database driver: undefined/unknown
	Database version: 2.3.232
	Autocommit mode: undefined/unknown
	Isolation level: undefined/unknown
	Minimum pool size: undefined/unknown
	Maximum pool size: undefined/unknown
2026-10-07T05:54:15.615+09:00  INFO [requestId:] 32284 --- [sc-notes] [           main] o.h.e.t.j.p.i.JtaPlatformInitiator       : HHH000489: No JTA platform available (set 'hibernate.transaction.jta.platform' to enable JTA platform integration)
2026-10-07T05:54:15.622+09:00  INFO [requestId:] 32284 --- [sc-notes] [           main] j.LocalContainerEntityManagerFactoryBean : Initialized JPA EntityManagerFactory for persistence unit 'default'
2026-10-07T05:54:15.939+09:00  INFO [requestId:] 32284 --- [sc-notes] [           main] o.s.b.a.w.s.WelcomePageHandlerMapping    : Adding welcome page: class path resource [static/index.html]
2026-10-07T05:54:16.048+09:00  INFO [requestId:] 32284 --- [sc-notes] [           main] r$InitializeUserDetailsManagerConfigurer : Global AuthenticationManager configured with UserDetailsService bean with name users
2026-10-07T05:54:16.109+09:00  INFO [requestId:] 32284 --- [sc-notes] [           main] o.s.b.a.e.web.EndpointLinksResolver      : Exposing 1 endpoint beneath base path '/actuator'
2026-10-07T05:54:16.224+09:00  INFO [requestId:] 32284 --- [sc-notes] [           main] o.s.b.w.embedded.tomcat.TomcatWebServer  : Tomcat started on port 57271 (http) with context path '/'
2026-10-07T05:54:16.234+09:00  INFO [requestId:] 32284 --- [sc-notes] [           main] d.s.notesapp.GeneratedApplication        : Started GeneratedApplication in 2.41 seconds (process running for 2.624)
2026-10-07T05:54:16.442+09:00  INFO [requestId:] 32284 --- [sc-notes] [1-auto-1-exec-1] o.a.c.c.C.[Tomcat].[localhost].[/]       : Initializing Spring DispatcherServlet 'dispatcherServlet'
2026-10-07T05:54:16.442+09:00  INFO [requestId:] 32284 --- [sc-notes] [1-auto-1-exec-1] o.s.web.servlet.DispatcherServlet        : Initializing Servlet 'dispatcherServlet'
2026-10-07T05:54:16.442+09:00  INFO [requestId:] 32284 --- [sc-notes] [1-auto-1-exec-1] o.s.web.servlet.DispatcherServlet        : Completed initialization in 0 ms
2026-10-07T05:54:16.783+09:00  INFO [requestId:] 32284 --- [sc-notes] [ionShutdownHook] o.s.b.w.e.tomcat.GracefulShutdown        : Commencing graceful shutdown. Waiting for active requests to complete
2026-10-07T05:54:16.785+09:00  INFO [requestId:] 32284 --- [sc-notes] [tomcat-shutdown] o.s.b.w.e.tomcat.GracefulShutdown        : Graceful shutdown complete
2026-10-07T05:54:16.788+09:00  INFO [requestId:] 32284 --- [sc-notes] [ionShutdownHook] j.LocalContainerEntityManagerFactoryBean : Closing JPA EntityManagerFactory for persistence unit 'default'
2026-10-07T05:54:16.789+09:00  INFO [requestId:] 32284 --- [sc-notes] [ionShutdownHook] com.zaxxer.hikari.HikariDataSource       : HikariPool-1 - Shutdown initiated...
2026-10-07T05:54:16.860+09:00  INFO [requestId:] 32284 --- [sc-notes] [ionShutdownHook] com.zaxxer.hikari.HikariDataSource       : HikariPool-1 - Shutdown completed.

===== audit / app.log =====
2026-10-07T05:54:14.083+09:00  INFO [requestId:] 32284 --- [sc-notes] [main] d.s.notesapp.GeneratedApplication        : Starting GeneratedApplication v1.0.0 using Java 21.0.11 with PID 32284 (<generated-app>/backend/target/sc-notes.jar started by dk in <generated-app>)
2026-10-07T05:54:14.084+09:00  INFO [requestId:] 32284 --- [sc-notes] [main] d.s.notesapp.GeneratedApplication        : The following 1 profile is active: "audit"
2026-10-07T05:54:14.561+09:00  INFO [requestId:] 32284 --- [sc-notes] [main] .s.d.r.c.RepositoryConfigurationDelegate : Bootstrapping Spring Data JPA repositories in DEFAULT mode.
2026-10-07T05:54:14.611+09:00  INFO [requestId:] 32284 --- [sc-notes] [main] .s.d.r.c.RepositoryConfigurationDelegate : Finished Spring Data repository scanning in 46 ms. Found 1 JPA repository interface.
2026-10-07T05:54:14.678+09:00  INFO [requestId:] 32284 --- [sc-notes] [main] o.s.cloud.context.scope.GenericScope     : BeanFactory id=963e70ae-ba52-34c0-ae90-6be0ec1f6ef4
2026-10-07T05:54:14.863+09:00  INFO [requestId:] 32284 --- [sc-notes] [main] o.s.b.w.embedded.tomcat.TomcatWebServer  : Tomcat initialized with port 0 (http)
2026-10-07T05:54:14.870+09:00  INFO [requestId:] 32284 --- [sc-notes] [main] o.apache.catalina.core.StandardService   : Starting service [Tomcat]
2026-10-07T05:54:14.870+09:00  INFO [requestId:] 32284 --- [sc-notes] [main] o.apache.catalina.core.StandardEngine    : Starting Servlet engine: [Apache Tomcat/10.1.55]
2026-10-07T05:54:14.881+09:00  INFO [requestId:] 32284 --- [sc-notes] [main] o.a.c.c.C.[Tomcat].[localhost].[/]       : Initializing Spring embedded WebApplicationContext
2026-10-07T05:54:14.882+09:00  INFO [requestId:] 32284 --- [sc-notes] [main] w.s.c.ServletWebServerApplicationContext : Root WebApplicationContext: initialization completed in 777 ms
2026-10-07T05:54:15.012+09:00  INFO [requestId:] 32284 --- [sc-notes] [main] com.zaxxer.hikari.HikariDataSource       : HikariPool-1 - Starting...
2026-10-07T05:54:15.089+09:00  INFO [requestId:] 32284 --- [sc-notes] [main] com.zaxxer.hikari.pool.HikariPool        : HikariPool-1 - Added connection conn0: url=jdbc:h2:file:<isolated-fixture>/data/app user=SA
2026-10-07T05:54:15.090+09:00  INFO [requestId:] 32284 --- [sc-notes] [main] com.zaxxer.hikari.HikariDataSource       : HikariPool-1 - Start completed.
2026-10-07T05:54:15.107+09:00  INFO [requestId:] 32284 --- [sc-notes] [main] org.flywaydb.core.FlywayExecutor         : Database: jdbc:h2:file:<isolated-fixture>/data/app (H2 2.3)
2026-10-07T05:54:15.118+09:00  INFO [requestId:] 32284 --- [sc-notes] [main] o.f.c.i.s.JdbcTableSchemaHistory         : Schema history table "PUBLIC"."flyway_schema_history" does not exist yet
2026-10-07T05:54:15.119+09:00  INFO [requestId:] 32284 --- [sc-notes] [main] o.f.core.internal.command.DbValidate     : Successfully validated 2 migrations (execution time 00:00.005s)
2026-10-07T05:54:15.121+09:00  INFO [requestId:] 32284 --- [sc-notes] [main] o.f.c.i.s.JdbcTableSchemaHistory         : Creating Schema History table "PUBLIC"."flyway_schema_history" ...
2026-10-07T05:54:15.134+09:00  INFO [requestId:] 32284 --- [sc-notes] [main] o.f.core.internal.command.DbMigrate      : Current version of schema "PUBLIC": << Empty Schema >>
2026-10-07T05:54:15.137+09:00  INFO [requestId:] 32284 --- [sc-notes] [main] o.f.core.internal.command.DbMigrate      : Migrating schema "PUBLIC" to version "1 - starter notes"
2026-10-07T05:54:15.144+09:00  INFO [requestId:] 32284 --- [sc-notes] [main] o.f.core.internal.command.DbMigrate      : Migrating schema "PUBLIC" to version "2 - security audit"
2026-10-07T05:54:15.151+09:00  INFO [requestId:] 32284 --- [sc-notes] [main] o.f.core.internal.command.DbMigrate      : Successfully applied 2 migrations to schema "PUBLIC", now at version v2 (execution time 00:00.006s)
2026-10-07T05:54:15.180+09:00  INFO [requestId:] 32284 --- [sc-notes] [main] o.hibernate.jpa.internal.util.LogHelper  : HHH000204: Processing PersistenceUnitInfo [name: default]
2026-10-07T05:54:15.203+09:00  INFO [requestId:] 32284 --- [sc-notes] [main] org.hibernate.Version                    : HHH000412: Hibernate ORM core version 6.6.53.Final
2026-10-07T05:54:15.214+09:00  INFO [requestId:] 32284 --- [sc-notes] [main] o.h.c.internal.RegionFactoryInitiator    : HHH000026: Second-level cache disabled
2026-10-07T05:54:15.319+09:00  INFO [requestId:] 32284 --- [sc-notes] [main] o.s.o.j.p.SpringPersistenceUnitInfo      : No LoadTimeWeaver setup: ignoring JPA class transformer
2026-10-07T05:54:15.342+09:00  INFO [requestId:] 32284 --- [sc-notes] [main] org.hibernate.orm.connections.pooling    : HHH10001005: Database info:
	Database JDBC URL [Connecting through datasource 'HikariDataSource (HikariPool-1)']
	Database driver: undefined/unknown
	Database version: 2.3.232
	Autocommit mode: undefined/unknown
	Isolation level: undefined/unknown
	Minimum pool size: undefined/unknown
	Maximum pool size: undefined/unknown
2026-10-07T05:54:15.615+09:00  INFO [requestId:] 32284 --- [sc-notes] [main] o.h.e.t.j.p.i.JtaPlatformInitiator       : HHH000489: No JTA platform available (set 'hibernate.transaction.jta.platform' to enable JTA platform integration)
2026-10-07T05:54:15.622+09:00  INFO [requestId:] 32284 --- [sc-notes] [main] j.LocalContainerEntityManagerFactoryBean : Initialized JPA EntityManagerFactory for persistence unit 'default'
2026-10-07T05:54:15.939+09:00  INFO [requestId:] 32284 --- [sc-notes] [main] o.s.b.a.w.s.WelcomePageHandlerMapping    : Adding welcome page: class path resource [static/index.html]
2026-10-07T05:54:16.048+09:00  INFO [requestId:] 32284 --- [sc-notes] [main] r$InitializeUserDetailsManagerConfigurer : Global AuthenticationManager configured with UserDetailsService bean with name users
2026-10-07T05:54:16.109+09:00  INFO [requestId:] 32284 --- [sc-notes] [main] o.s.b.a.e.web.EndpointLinksResolver      : Exposing 1 endpoint beneath base path '/actuator'
2026-10-07T05:54:16.224+09:00  INFO [requestId:] 32284 --- [sc-notes] [main] o.s.b.w.embedded.tomcat.TomcatWebServer  : Tomcat started on port 57271 (http) with context path '/'
2026-10-07T05:54:16.234+09:00  INFO [requestId:] 32284 --- [sc-notes] [main] d.s.notesapp.GeneratedApplication        : Started GeneratedApplication in 2.41 seconds (process running for 2.624)
2026-10-07T05:54:16.442+09:00  INFO [requestId:] 32284 --- [sc-notes] [http-nio-127.0.0.1-auto-1-exec-1] o.a.c.c.C.[Tomcat].[localhost].[/]       : Initializing Spring DispatcherServlet 'dispatcherServlet'
2026-10-07T05:54:16.442+09:00  INFO [requestId:] 32284 --- [sc-notes] [http-nio-127.0.0.1-auto-1-exec-1] o.s.web.servlet.DispatcherServlet        : Initializing Servlet 'dispatcherServlet'
2026-10-07T05:54:16.442+09:00  INFO [requestId:] 32284 --- [sc-notes] [http-nio-127.0.0.1-auto-1-exec-1] o.s.web.servlet.DispatcherServlet        : Completed initialization in 0 ms
2026-10-07T05:54:16.783+09:00  INFO [requestId:] 32284 --- [sc-notes] [SpringApplicationShutdownHook] o.s.b.w.e.tomcat.GracefulShutdown        : Commencing graceful shutdown. Waiting for active requests to complete
2026-10-07T05:54:16.785+09:00  INFO [requestId:] 32284 --- [sc-notes] [tomcat-shutdown] o.s.b.w.e.tomcat.GracefulShutdown        : Graceful shutdown complete
2026-10-07T05:54:16.788+09:00  INFO [requestId:] 32284 --- [sc-notes] [SpringApplicationShutdownHook] j.LocalContainerEntityManagerFactoryBean : Closing JPA EntityManagerFactory for persistence unit 'default'
2026-10-07T05:54:16.789+09:00  INFO [requestId:] 32284 --- [sc-notes] [SpringApplicationShutdownHook] com.zaxxer.hikari.HikariDataSource       : HikariPool-1 - Shutdown initiated...
2026-10-07T05:54:16.860+09:00  INFO [requestId:] 32284 --- [sc-notes] [SpringApplicationShutdownHook] com.zaxxer.hikari.HikariDataSource       : HikariPool-1 - Shutdown completed.
2026-10-07T05:54:18.313+09:00  INFO [requestId:] 32328 --- [sc-notes] [main] d.s.notesapp.GeneratedApplication        : Starting GeneratedApplication v1.0.0 using Java 21.0.11 with PID 32328 (<generated-app>/backend/target/sc-notes.jar started by dk in <generated-app>)
2026-10-07T05:54:18.314+09:00  INFO [requestId:] 32328 --- [sc-notes] [main] d.s.notesapp.GeneratedApplication        : The following 1 profile is active: "audit"
2026-10-07T05:54:18.787+09:00  INFO [requestId:] 32328 --- [sc-notes] [main] .s.d.r.c.RepositoryConfigurationDelegate : Bootstrapping Spring Data JPA repositories in DEFAULT mode.
2026-10-07T05:54:18.837+09:00  INFO [requestId:] 32328 --- [sc-notes] [main] .s.d.r.c.RepositoryConfigurationDelegate : Finished Spring Data repository scanning in 45 ms. Found 1 JPA repository interface.
2026-10-07T05:54:18.902+09:00  INFO [requestId:] 32328 --- [sc-notes] [main] o.s.cloud.context.scope.GenericScope     : BeanFactory id=963e70ae-ba52-34c0-ae90-6be0ec1f6ef4
2026-10-07T05:54:19.077+09:00  INFO [requestId:] 32328 --- [sc-notes] [main] o.s.b.w.embedded.tomcat.TomcatWebServer  : Tomcat initialized with port 0 (http)
2026-10-07T05:54:19.084+09:00  INFO [requestId:] 32328 --- [sc-notes] [main] o.apache.catalina.core.StandardService   : Starting service [Tomcat]
2026-10-07T05:54:19.084+09:00  INFO [requestId:] 32328 --- [sc-notes] [main] o.apache.catalina.core.StandardEngine    : Starting Servlet engine: [Apache Tomcat/10.1.55]
2026-10-07T05:54:19.096+09:00  INFO [requestId:] 32328 --- [sc-notes] [main] o.a.c.c.C.[Tomcat].[localhost].[/]       : Initializing Spring embedded WebApplicationContext
2026-10-07T05:54:19.096+09:00  INFO [requestId:] 32328 --- [sc-notes] [main] w.s.c.ServletWebServerApplicationContext : Root WebApplicationContext: initialization completed in 760 ms
2026-10-07T05:54:19.232+09:00  INFO [requestId:] 32328 --- [sc-notes] [main] com.zaxxer.hikari.HikariDataSource       : HikariPool-1 - Starting...
2026-10-07T05:54:19.318+09:00  INFO [requestId:] 32328 --- [sc-notes] [main] com.zaxxer.hikari.pool.HikariPool        : HikariPool-1 - Added connection conn0: url=jdbc:h2:file:<isolated-fixture>/data/app user=SA
2026-10-07T05:54:19.319+09:00  INFO [requestId:] 32328 --- [sc-notes] [main] com.zaxxer.hikari.HikariDataSource       : HikariPool-1 - Start completed.
2026-10-07T05:54:19.338+09:00  INFO [requestId:] 32328 --- [sc-notes] [main] org.flywaydb.core.FlywayExecutor         : Database: jdbc:h2:file:<isolated-fixture>/data/app (H2 2.3)
2026-10-07T05:54:19.353+09:00  INFO [requestId:] 32328 --- [sc-notes] [main] o.f.core.internal.command.DbValidate     : Successfully validated 2 migrations (execution time 00:00.009s)
2026-10-07T05:54:19.357+09:00  INFO [requestId:] 32328 --- [sc-notes] [main] o.f.core.internal.command.DbMigrate      : Current version of schema "PUBLIC": 2
2026-10-07T05:54:19.358+09:00  INFO [requestId:] 32328 --- [sc-notes] [main] o.f.core.internal.command.DbMigrate      : Schema "PUBLIC" is up to date. No migration necessary.
2026-10-07T05:54:19.386+09:00  INFO [requestId:] 32328 --- [sc-notes] [main] o.hibernate.jpa.internal.util.LogHelper  : HHH000204: Processing PersistenceUnitInfo [name: default]
2026-10-07T05:54:19.405+09:00  INFO [requestId:] 32328 --- [sc-notes] [main] org.hibernate.Version                    : HHH000412: Hibernate ORM core version 6.6.53.Final
2026-10-07T05:54:19.417+09:00  INFO [requestId:] 32328 --- [sc-notes] [main] o.h.c.internal.RegionFactoryInitiator    : HHH000026: Second-level cache disabled
2026-10-07T05:54:19.524+09:00  INFO [requestId:] 32328 --- [sc-notes] [main] o.s.o.j.p.SpringPersistenceUnitInfo      : No LoadTimeWeaver setup: ignoring JPA class transformer
2026-10-07T05:54:19.549+09:00  INFO [requestId:] 32328 --- [sc-notes] [main] org.hibernate.orm.connections.pooling    : HHH10001005: Database info:
	Database JDBC URL [Connecting through datasource 'HikariDataSource (HikariPool-1)']
	Database driver: undefined/unknown
	Database version: 2.3.232
	Autocommit mode: undefined/unknown
	Isolation level: undefined/unknown
	Minimum pool size: undefined/unknown
	Maximum pool size: undefined/unknown
2026-10-07T05:54:19.824+09:00  INFO [requestId:] 32328 --- [sc-notes] [main] o.h.e.t.j.p.i.JtaPlatformInitiator       : HHH000489: No JTA platform available (set 'hibernate.transaction.jta.platform' to enable JTA platform integration)
2026-10-07T05:54:19.831+09:00  INFO [requestId:] 32328 --- [sc-notes] [main] j.LocalContainerEntityManagerFactoryBean : Initialized JPA EntityManagerFactory for persistence unit 'default'
2026-10-07T05:54:20.146+09:00  INFO [requestId:] 32328 --- [sc-notes] [main] o.s.b.a.w.s.WelcomePageHandlerMapping    : Adding welcome page: class path resource [static/index.html]
2026-10-07T05:54:20.254+09:00  INFO [requestId:] 32328 --- [sc-notes] [main] r$InitializeUserDetailsManagerConfigurer : Global AuthenticationManager configured with UserDetailsService bean with name users
2026-10-07T05:54:20.319+09:00  INFO [requestId:] 32328 --- [sc-notes] [main] o.s.b.a.e.web.EndpointLinksResolver      : Exposing 1 endpoint beneath base path '/actuator'
2026-10-07T05:54:20.433+09:00  INFO [requestId:] 32328 --- [sc-notes] [main] o.s.b.w.embedded.tomcat.TomcatWebServer  : Tomcat started on port 57290 (http) with context path '/'
2026-10-07T05:54:20.443+09:00  INFO [requestId:] 32328 --- [sc-notes] [main] d.s.notesapp.GeneratedApplication        : Started GeneratedApplication in 2.399 seconds (process running for 2.612)
2026-10-07T05:54:20.505+09:00  INFO [requestId:] 32328 --- [sc-notes] [http-nio-127.0.0.1-auto-1-exec-1] o.a.c.c.C.[Tomcat].[localhost].[/]       : Initializing Spring DispatcherServlet 'dispatcherServlet'
2026-10-07T05:54:20.505+09:00  INFO [requestId:] 32328 --- [sc-notes] [http-nio-127.0.0.1-auto-1-exec-1] o.s.web.servlet.DispatcherServlet        : Initializing Servlet 'dispatcherServlet'
2026-10-07T05:54:20.505+09:00  INFO [requestId:] 32328 --- [sc-notes] [http-nio-127.0.0.1-auto-1-exec-1] o.s.web.servlet.DispatcherServlet        : Completed initialization in 0 ms
2026-10-07T05:54:20.756+09:00  INFO [requestId:] 32328 --- [sc-notes] [SpringApplicationShutdownHook] o.s.b.w.e.tomcat.GracefulShutdown        : Commencing graceful shutdown. Waiting for active requests to complete
2026-10-07T05:54:20.758+09:00  INFO [requestId:] 32328 --- [sc-notes] [tomcat-shutdown] o.s.b.w.e.tomcat.GracefulShutdown        : Graceful shutdown complete
2026-10-07T05:54:20.761+09:00  INFO [requestId:] 32328 --- [sc-notes] [SpringApplicationShutdownHook] j.LocalContainerEntityManagerFactoryBean : Closing JPA EntityManagerFactory for persistence unit 'default'
2026-10-07T05:54:20.762+09:00  INFO [requestId:] 32328 --- [sc-notes] [SpringApplicationShutdownHook] com.zaxxer.hikari.HikariDataSource       : HikariPool-1 - Shutdown initiated...
2026-10-07T05:54:20.988+09:00  INFO [requestId:] 32328 --- [sc-notes] [SpringApplicationShutdownHook] com.zaxxer.hikari.HikariDataSource       : HikariPool-1 - Shutdown completed.

===== default-prod / launcher-2.log =====
Bootstrap secret file is ready (value omitted).

  .   ____          _            __ _ _
 /\\ / ___'_ __ _ _(_)_ __  __ _ \ \ \ \
( ( )\___ | '_ | '_| | '_ \/ _` | \ \ \ \
 \\/  ___)| |_)| | | | | || (_| |  ) ) ) )
  '  |____| .__|_| |_|_| |_\__, | / / / /
 =========|_|==============|___/=/_/_/_/

 :: Spring Boot ::               (v3.5.16)

2026-10-07T05:54:10.788+09:00  INFO [requestId:] 32262 --- [sc-notes] [           main] d.s.notesapp.GeneratedApplication        : Starting GeneratedApplication v1.0.0 using Java 21.0.11 with PID 32262 (<generated-app>/backend/target/sc-notes.jar started by dk in <generated-app>)
2026-10-07T05:54:10.788+09:00  INFO [requestId:] 32262 --- [sc-notes] [           main] d.s.notesapp.GeneratedApplication        : The following 1 profile is active: "prod"
2026-10-07T05:54:11.251+09:00  INFO [requestId:] 32262 --- [sc-notes] [           main] .s.d.r.c.RepositoryConfigurationDelegate : Bootstrapping Spring Data JPA repositories in DEFAULT mode.
2026-10-07T05:54:11.300+09:00  INFO [requestId:] 32262 --- [sc-notes] [           main] .s.d.r.c.RepositoryConfigurationDelegate : Finished Spring Data repository scanning in 45 ms. Found 1 JPA repository interface.
2026-10-07T05:54:11.362+09:00  INFO [requestId:] 32262 --- [sc-notes] [           main] o.s.cloud.context.scope.GenericScope     : BeanFactory id=d9f566fd-9f01-3d1c-8ed7-218817618368
2026-10-07T05:54:11.524+09:00  INFO [requestId:] 32262 --- [sc-notes] [           main] o.s.b.w.embedded.tomcat.TomcatWebServer  : Tomcat initialized with port 0 (http)
2026-10-07T05:54:11.530+09:00  INFO [requestId:] 32262 --- [sc-notes] [           main] o.apache.catalina.core.StandardService   : Starting service [Tomcat]
2026-10-07T05:54:11.530+09:00  INFO [requestId:] 32262 --- [sc-notes] [           main] o.apache.catalina.core.StandardEngine    : Starting Servlet engine: [Apache Tomcat/10.1.55]
2026-10-07T05:54:11.541+09:00  INFO [requestId:] 32262 --- [sc-notes] [           main] o.a.c.c.C.[Tomcat].[localhost].[/]       : Initializing Spring embedded WebApplicationContext
2026-10-07T05:54:11.541+09:00  INFO [requestId:] 32262 --- [sc-notes] [           main] w.s.c.ServletWebServerApplicationContext : Root WebApplicationContext: initialization completed in 733 ms
2026-10-07T05:54:11.673+09:00  INFO [requestId:] 32262 --- [sc-notes] [           main] com.zaxxer.hikari.HikariDataSource       : HikariPool-1 - Starting...
2026-10-07T05:54:11.755+09:00  INFO [requestId:] 32262 --- [sc-notes] [           main] com.zaxxer.hikari.pool.HikariPool        : HikariPool-1 - Added connection conn0: url=jdbc:h2:file:<isolated-fixture>/data/app user=SA
2026-10-07T05:54:11.756+09:00  INFO [requestId:] 32262 --- [sc-notes] [           main] com.zaxxer.hikari.HikariDataSource       : HikariPool-1 - Start completed.
2026-10-07T05:54:11.771+09:00  INFO [requestId:] 32262 --- [sc-notes] [           main] org.flywaydb.core.FlywayExecutor         : Database: jdbc:h2:file:<isolated-fixture>/data/app (H2 2.3)
2026-10-07T05:54:11.784+09:00  INFO [requestId:] 32262 --- [sc-notes] [           main] o.f.core.internal.command.DbValidate     : Successfully validated 1 migration (execution time 00:00.007s)
2026-10-07T05:54:11.787+09:00  INFO [requestId:] 32262 --- [sc-notes] [           main] o.f.core.internal.command.DbMigrate      : Current version of schema "PUBLIC": 1
2026-10-07T05:54:11.788+09:00  INFO [requestId:] 32262 --- [sc-notes] [           main] o.f.core.internal.command.DbMigrate      : Schema "PUBLIC" is up to date. No migration necessary.
2026-10-07T05:54:11.817+09:00  INFO [requestId:] 32262 --- [sc-notes] [           main] o.hibernate.jpa.internal.util.LogHelper  : HHH000204: Processing PersistenceUnitInfo [name: default]
2026-10-07T05:54:11.835+09:00  INFO [requestId:] 32262 --- [sc-notes] [           main] org.hibernate.Version                    : HHH000412: Hibernate ORM core version 6.6.53.Final
2026-10-07T05:54:11.850+09:00  INFO [requestId:] 32262 --- [sc-notes] [           main] o.h.c.internal.RegionFactoryInitiator    : HHH000026: Second-level cache disabled
2026-10-07T05:54:11.950+09:00  INFO [requestId:] 32262 --- [sc-notes] [           main] o.s.o.j.p.SpringPersistenceUnitInfo      : No LoadTimeWeaver setup: ignoring JPA class transformer
2026-10-07T05:54:11.972+09:00  INFO [requestId:] 32262 --- [sc-notes] [           main] org.hibernate.orm.connections.pooling    : HHH10001005: Database info:
	Database JDBC URL [Connecting through datasource 'HikariDataSource (HikariPool-1)']
	Database driver: undefined/unknown
	Database version: 2.3.232
	Autocommit mode: undefined/unknown
	Isolation level: undefined/unknown
	Minimum pool size: undefined/unknown
	Maximum pool size: undefined/unknown
2026-10-07T05:54:12.234+09:00  INFO [requestId:] 32262 --- [sc-notes] [           main] o.h.e.t.j.p.i.JtaPlatformInitiator       : HHH000489: No JTA platform available (set 'hibernate.transaction.jta.platform' to enable JTA platform integration)
2026-10-07T05:54:12.240+09:00  INFO [requestId:] 32262 --- [sc-notes] [           main] j.LocalContainerEntityManagerFactoryBean : Initialized JPA EntityManagerFactory for persistence unit 'default'
2026-10-07T05:54:12.556+09:00  INFO [requestId:] 32262 --- [sc-notes] [           main] o.s.b.a.w.s.WelcomePageHandlerMapping    : Adding welcome page: class path resource [static/index.html]
2026-10-07T05:54:12.669+09:00  INFO [requestId:] 32262 --- [sc-notes] [           main] r$InitializeUserDetailsManagerConfigurer : Global AuthenticationManager configured with UserDetailsService bean with name users
2026-10-07T05:54:12.736+09:00  INFO [requestId:] 32262 --- [sc-notes] [           main] o.s.b.a.e.web.EndpointLinksResolver      : Exposing 1 endpoint beneath base path '/actuator'
2026-10-07T05:54:12.849+09:00  INFO [requestId:] 32262 --- [sc-notes] [           main] o.s.b.w.embedded.tomcat.TomcatWebServer  : Tomcat started on port 57263 (http) with context path '/'
2026-10-07T05:54:12.859+09:00  INFO [requestId:] 32262 --- [sc-notes] [           main] d.s.notesapp.GeneratedApplication        : Started GeneratedApplication in 2.317 seconds (process running for 2.531)
2026-10-07T05:54:13.038+09:00  INFO [requestId:] 32262 --- [sc-notes] [1-auto-1-exec-1] o.a.c.c.C.[Tomcat].[localhost].[/]       : Initializing Spring DispatcherServlet 'dispatcherServlet'
2026-10-07T05:54:13.039+09:00  INFO [requestId:] 32262 --- [sc-notes] [1-auto-1-exec-1] o.s.web.servlet.DispatcherServlet        : Initializing Servlet 'dispatcherServlet'
2026-10-07T05:54:13.039+09:00  INFO [requestId:] 32262 --- [sc-notes] [1-auto-1-exec-1] o.s.web.servlet.DispatcherServlet        : Completed initialization in 0 ms
2026-10-07T05:54:13.287+09:00  INFO [requestId:] 32262 --- [sc-notes] [ionShutdownHook] o.s.b.w.e.tomcat.GracefulShutdown        : Commencing graceful shutdown. Waiting for active requests to complete
2026-10-07T05:54:13.288+09:00  INFO [requestId:] 32262 --- [sc-notes] [tomcat-shutdown] o.s.b.w.e.tomcat.GracefulShutdown        : Graceful shutdown complete
2026-10-07T05:54:13.291+09:00  INFO [requestId:] 32262 --- [sc-notes] [ionShutdownHook] j.LocalContainerEntityManagerFactoryBean : Closing JPA EntityManagerFactory for persistence unit 'default'
2026-10-07T05:54:13.293+09:00  INFO [requestId:] 32262 --- [sc-notes] [ionShutdownHook] com.zaxxer.hikari.HikariDataSource       : HikariPool-1 - Shutdown initiated...
2026-10-07T05:54:13.321+09:00  INFO [requestId:] 32262 --- [sc-notes] [ionShutdownHook] com.zaxxer.hikari.HikariDataSource       : HikariPool-1 - Shutdown completed.

===== default-prod / launcher-1.log =====
Bootstrap secret file is ready (value omitted).

  .   ____          _            __ _ _
 /\\ / ___'_ __ _ _(_)_ __  __ _ \ \ \ \
( ( )\___ | '_ | '_| | '_ \/ _` | \ \ \ \
 \\/  ___)| |_)| | | | | || (_| |  ) ) ) )
  '  |____| .__|_| |_|_| |_\__, | / / / /
 =========|_|==============|___/=/_/_/_/

 :: Spring Boot ::               (v3.5.16)

2026-10-07T05:54:06.862+09:00  INFO [requestId:] 32208 --- [sc-notes] [           main] d.s.notesapp.GeneratedApplication        : Starting GeneratedApplication v1.0.0 using Java 21.0.11 with PID 32208 (<generated-app>/backend/target/sc-notes.jar started by dk in <generated-app>)
2026-10-07T05:54:06.863+09:00  INFO [requestId:] 32208 --- [sc-notes] [           main] d.s.notesapp.GeneratedApplication        : The following 1 profile is active: "prod"
2026-10-07T05:54:07.442+09:00  INFO [requestId:] 32208 --- [sc-notes] [           main] .s.d.r.c.RepositoryConfigurationDelegate : Bootstrapping Spring Data JPA repositories in DEFAULT mode.
2026-10-07T05:54:07.500+09:00  INFO [requestId:] 32208 --- [sc-notes] [           main] .s.d.r.c.RepositoryConfigurationDelegate : Finished Spring Data repository scanning in 53 ms. Found 1 JPA repository interface.
2026-10-07T05:54:07.592+09:00  INFO [requestId:] 32208 --- [sc-notes] [           main] o.s.cloud.context.scope.GenericScope     : BeanFactory id=d9f566fd-9f01-3d1c-8ed7-218817618368
2026-10-07T05:54:07.812+09:00  INFO [requestId:] 32208 --- [sc-notes] [           main] o.s.b.w.embedded.tomcat.TomcatWebServer  : Tomcat initialized with port 0 (http)
2026-10-07T05:54:07.819+09:00  INFO [requestId:] 32208 --- [sc-notes] [           main] o.apache.catalina.core.StandardService   : Starting service [Tomcat]
2026-10-07T05:54:07.820+09:00  INFO [requestId:] 32208 --- [sc-notes] [           main] o.apache.catalina.core.StandardEngine    : Starting Servlet engine: [Apache Tomcat/10.1.55]
2026-10-07T05:54:07.833+09:00  INFO [requestId:] 32208 --- [sc-notes] [           main] o.a.c.c.C.[Tomcat].[localhost].[/]       : Initializing Spring embedded WebApplicationContext
2026-10-07T05:54:07.834+09:00  INFO [requestId:] 32208 --- [sc-notes] [           main] w.s.c.ServletWebServerApplicationContext : Root WebApplicationContext: initialization completed in 946 ms
2026-10-07T05:54:08.005+09:00  INFO [requestId:] 32208 --- [sc-notes] [           main] com.zaxxer.hikari.HikariDataSource       : HikariPool-1 - Starting...
2026-10-07T05:54:08.086+09:00  INFO [requestId:] 32208 --- [sc-notes] [           main] com.zaxxer.hikari.pool.HikariPool        : HikariPool-1 - Added connection conn0: url=jdbc:h2:file:<isolated-fixture>/data/app user=SA
2026-10-07T05:54:08.087+09:00  INFO [requestId:] 32208 --- [sc-notes] [           main] com.zaxxer.hikari.HikariDataSource       : HikariPool-1 - Start completed.
2026-10-07T05:54:08.109+09:00  INFO [requestId:] 32208 --- [sc-notes] [           main] org.flywaydb.core.FlywayExecutor         : Database: jdbc:h2:file:<isolated-fixture>/data/app (H2 2.3)
2026-10-07T05:54:08.119+09:00  INFO [requestId:] 32208 --- [sc-notes] [           main] o.f.c.i.s.JdbcTableSchemaHistory         : Schema history table "PUBLIC"."flyway_schema_history" does not exist yet
2026-10-07T05:54:08.120+09:00  INFO [requestId:] 32208 --- [sc-notes] [           main] o.f.core.internal.command.DbValidate     : Successfully validated 1 migration (execution time 00:00.004s)
2026-10-07T05:54:08.123+09:00  INFO [requestId:] 32208 --- [sc-notes] [           main] o.f.c.i.s.JdbcTableSchemaHistory         : Creating Schema History table "PUBLIC"."flyway_schema_history" ...
2026-10-07T05:54:08.137+09:00  INFO [requestId:] 32208 --- [sc-notes] [           main] o.f.core.internal.command.DbMigrate      : Current version of schema "PUBLIC": << Empty Schema >>
2026-10-07T05:54:08.140+09:00  INFO [requestId:] 32208 --- [sc-notes] [           main] o.f.core.internal.command.DbMigrate      : Migrating schema "PUBLIC" to version "1 - starter notes"
2026-10-07T05:54:08.146+09:00  INFO [requestId:] 32208 --- [sc-notes] [           main] o.f.core.internal.command.DbMigrate      : Successfully applied 1 migration to schema "PUBLIC", now at version v1 (execution time 00:00.002s)
2026-10-07T05:54:08.176+09:00  INFO [requestId:] 32208 --- [sc-notes] [           main] o.hibernate.jpa.internal.util.LogHelper  : HHH000204: Processing PersistenceUnitInfo [name: default]
2026-10-07T05:54:08.196+09:00  INFO [requestId:] 32208 --- [sc-notes] [           main] org.hibernate.Version                    : HHH000412: Hibernate ORM core version 6.6.53.Final
2026-10-07T05:54:08.208+09:00  INFO [requestId:] 32208 --- [sc-notes] [           main] o.h.c.internal.RegionFactoryInitiator    : HHH000026: Second-level cache disabled
2026-10-07T05:54:08.335+09:00  INFO [requestId:] 32208 --- [sc-notes] [           main] o.s.o.j.p.SpringPersistenceUnitInfo      : No LoadTimeWeaver setup: ignoring JPA class transformer
2026-10-07T05:54:08.361+09:00  INFO [requestId:] 32208 --- [sc-notes] [           main] org.hibernate.orm.connections.pooling    : HHH10001005: Database info:
	Database JDBC URL [Connecting through datasource 'HikariDataSource (HikariPool-1)']
	Database driver: undefined/unknown
	Database version: 2.3.232
	Autocommit mode: undefined/unknown
	Isolation level: undefined/unknown
	Minimum pool size: undefined/unknown
	Maximum pool size: undefined/unknown
2026-10-07T05:54:08.659+09:00  INFO [requestId:] 32208 --- [sc-notes] [           main] o.h.e.t.j.p.i.JtaPlatformInitiator       : HHH000489: No JTA platform available (set 'hibernate.transaction.jta.platform' to enable JTA platform integration)
2026-10-07T05:54:08.666+09:00  INFO [requestId:] 32208 --- [sc-notes] [           main] j.LocalContainerEntityManagerFactoryBean : Initialized JPA EntityManagerFactory for persistence unit 'default'
2026-10-07T05:54:08.983+09:00  INFO [requestId:] 32208 --- [sc-notes] [           main] o.s.b.a.w.s.WelcomePageHandlerMapping    : Adding welcome page: class path resource [static/index.html]
2026-10-07T05:54:09.107+09:00  INFO [requestId:] 32208 --- [sc-notes] [           main] r$InitializeUserDetailsManagerConfigurer : Global AuthenticationManager configured with UserDetailsService bean with name users
2026-10-07T05:54:09.167+09:00  INFO [requestId:] 32208 --- [sc-notes] [           main] o.s.b.a.e.web.EndpointLinksResolver      : Exposing 1 endpoint beneath base path '/actuator'
2026-10-07T05:54:09.291+09:00  INFO [requestId:] 32208 --- [sc-notes] [           main] o.s.b.w.embedded.tomcat.TomcatWebServer  : Tomcat started on port 57244 (http) with context path '/'
2026-10-07T05:54:09.302+09:00  INFO [requestId:] 32208 --- [sc-notes] [           main] d.s.notesapp.GeneratedApplication        : Started GeneratedApplication in 2.719 seconds (process running for 2.941)
2026-10-07T05:54:09.427+09:00  INFO [requestId:] 32208 --- [sc-notes] [1-auto-1-exec-1] o.a.c.c.C.[Tomcat].[localhost].[/]       : Initializing Spring DispatcherServlet 'dispatcherServlet'
2026-10-07T05:54:09.427+09:00  INFO [requestId:] 32208 --- [sc-notes] [1-auto-1-exec-1] o.s.web.servlet.DispatcherServlet        : Initializing Servlet 'dispatcherServlet'
2026-10-07T05:54:09.428+09:00  INFO [requestId:] 32208 --- [sc-notes] [1-auto-1-exec-1] o.s.web.servlet.DispatcherServlet        : Completed initialization in 1 ms
2026-10-07T05:54:09.769+09:00  INFO [requestId:] 32208 --- [sc-notes] [ionShutdownHook] o.s.b.w.e.tomcat.GracefulShutdown        : Commencing graceful shutdown. Waiting for active requests to complete
2026-10-07T05:54:09.771+09:00  INFO [requestId:] 32208 --- [sc-notes] [tomcat-shutdown] o.s.b.w.e.tomcat.GracefulShutdown        : Graceful shutdown complete
2026-10-07T05:54:09.773+09:00  INFO [requestId:] 32208 --- [sc-notes] [ionShutdownHook] j.LocalContainerEntityManagerFactoryBean : Closing JPA EntityManagerFactory for persistence unit 'default'
2026-10-07T05:54:09.774+09:00  INFO [requestId:] 32208 --- [sc-notes] [ionShutdownHook] com.zaxxer.hikari.HikariDataSource       : HikariPool-1 - Shutdown initiated...
2026-10-07T05:54:09.834+09:00  INFO [requestId:] 32208 --- [sc-notes] [ionShutdownHook] com.zaxxer.hikari.HikariDataSource       : HikariPool-1 - Shutdown completed.

===== default-prod / app.log =====
2026-10-07T05:54:06.862+09:00  INFO [requestId:] 32208 --- [sc-notes] [main] d.s.notesapp.GeneratedApplication        : Starting GeneratedApplication v1.0.0 using Java 21.0.11 with PID 32208 (<generated-app>/backend/target/sc-notes.jar started by dk in <generated-app>)
2026-10-07T05:54:06.863+09:00  INFO [requestId:] 32208 --- [sc-notes] [main] d.s.notesapp.GeneratedApplication        : The following 1 profile is active: "prod"
2026-10-07T05:54:07.442+09:00  INFO [requestId:] 32208 --- [sc-notes] [main] .s.d.r.c.RepositoryConfigurationDelegate : Bootstrapping Spring Data JPA repositories in DEFAULT mode.
2026-10-07T05:54:07.500+09:00  INFO [requestId:] 32208 --- [sc-notes] [main] .s.d.r.c.RepositoryConfigurationDelegate : Finished Spring Data repository scanning in 53 ms. Found 1 JPA repository interface.
2026-10-07T05:54:07.592+09:00  INFO [requestId:] 32208 --- [sc-notes] [main] o.s.cloud.context.scope.GenericScope     : BeanFactory id=d9f566fd-9f01-3d1c-8ed7-218817618368
2026-10-07T05:54:07.812+09:00  INFO [requestId:] 32208 --- [sc-notes] [main] o.s.b.w.embedded.tomcat.TomcatWebServer  : Tomcat initialized with port 0 (http)
2026-10-07T05:54:07.819+09:00  INFO [requestId:] 32208 --- [sc-notes] [main] o.apache.catalina.core.StandardService   : Starting service [Tomcat]
2026-10-07T05:54:07.820+09:00  INFO [requestId:] 32208 --- [sc-notes] [main] o.apache.catalina.core.StandardEngine    : Starting Servlet engine: [Apache Tomcat/10.1.55]
2026-10-07T05:54:07.833+09:00  INFO [requestId:] 32208 --- [sc-notes] [main] o.a.c.c.C.[Tomcat].[localhost].[/]       : Initializing Spring embedded WebApplicationContext
2026-10-07T05:54:07.834+09:00  INFO [requestId:] 32208 --- [sc-notes] [main] w.s.c.ServletWebServerApplicationContext : Root WebApplicationContext: initialization completed in 946 ms
2026-10-07T05:54:08.005+09:00  INFO [requestId:] 32208 --- [sc-notes] [main] com.zaxxer.hikari.HikariDataSource       : HikariPool-1 - Starting...
2026-10-07T05:54:08.086+09:00  INFO [requestId:] 32208 --- [sc-notes] [main] com.zaxxer.hikari.pool.HikariPool        : HikariPool-1 - Added connection conn0: url=jdbc:h2:file:<isolated-fixture>/data/app user=SA
2026-10-07T05:54:08.087+09:00  INFO [requestId:] 32208 --- [sc-notes] [main] com.zaxxer.hikari.HikariDataSource       : HikariPool-1 - Start completed.
2026-10-07T05:54:08.109+09:00  INFO [requestId:] 32208 --- [sc-notes] [main] org.flywaydb.core.FlywayExecutor         : Database: jdbc:h2:file:<isolated-fixture>/data/app (H2 2.3)
2026-10-07T05:54:08.119+09:00  INFO [requestId:] 32208 --- [sc-notes] [main] o.f.c.i.s.JdbcTableSchemaHistory         : Schema history table "PUBLIC"."flyway_schema_history" does not exist yet
2026-10-07T05:54:08.120+09:00  INFO [requestId:] 32208 --- [sc-notes] [main] o.f.core.internal.command.DbValidate     : Successfully validated 1 migration (execution time 00:00.004s)
2026-10-07T05:54:08.123+09:00  INFO [requestId:] 32208 --- [sc-notes] [main] o.f.c.i.s.JdbcTableSchemaHistory         : Creating Schema History table "PUBLIC"."flyway_schema_history" ...
2026-10-07T05:54:08.137+09:00  INFO [requestId:] 32208 --- [sc-notes] [main] o.f.core.internal.command.DbMigrate      : Current version of schema "PUBLIC": << Empty Schema >>
2026-10-07T05:54:08.140+09:00  INFO [requestId:] 32208 --- [sc-notes] [main] o.f.core.internal.command.DbMigrate      : Migrating schema "PUBLIC" to version "1 - starter notes"
2026-10-07T05:54:08.146+09:00  INFO [requestId:] 32208 --- [sc-notes] [main] o.f.core.internal.command.DbMigrate      : Successfully applied 1 migration to schema "PUBLIC", now at version v1 (execution time 00:00.002s)
2026-10-07T05:54:08.176+09:00  INFO [requestId:] 32208 --- [sc-notes] [main] o.hibernate.jpa.internal.util.LogHelper  : HHH000204: Processing PersistenceUnitInfo [name: default]
2026-10-07T05:54:08.196+09:00  INFO [requestId:] 32208 --- [sc-notes] [main] org.hibernate.Version                    : HHH000412: Hibernate ORM core version 6.6.53.Final
2026-10-07T05:54:08.208+09:00  INFO [requestId:] 32208 --- [sc-notes] [main] o.h.c.internal.RegionFactoryInitiator    : HHH000026: Second-level cache disabled
2026-10-07T05:54:08.335+09:00  INFO [requestId:] 32208 --- [sc-notes] [main] o.s.o.j.p.SpringPersistenceUnitInfo      : No LoadTimeWeaver setup: ignoring JPA class transformer
2026-10-07T05:54:08.361+09:00  INFO [requestId:] 32208 --- [sc-notes] [main] org.hibernate.orm.connections.pooling    : HHH10001005: Database info:
	Database JDBC URL [Connecting through datasource 'HikariDataSource (HikariPool-1)']
	Database driver: undefined/unknown
	Database version: 2.3.232
	Autocommit mode: undefined/unknown
	Isolation level: undefined/unknown
	Minimum pool size: undefined/unknown
	Maximum pool size: undefined/unknown
2026-10-07T05:54:08.659+09:00  INFO [requestId:] 32208 --- [sc-notes] [main] o.h.e.t.j.p.i.JtaPlatformInitiator       : HHH000489: No JTA platform available (set 'hibernate.transaction.jta.platform' to enable JTA platform integration)
2026-10-07T05:54:08.666+09:00  INFO [requestId:] 32208 --- [sc-notes] [main] j.LocalContainerEntityManagerFactoryBean : Initialized JPA EntityManagerFactory for persistence unit 'default'
2026-10-07T05:54:08.983+09:00  INFO [requestId:] 32208 --- [sc-notes] [main] o.s.b.a.w.s.WelcomePageHandlerMapping    : Adding welcome page: class path resource [static/index.html]
2026-10-07T05:54:09.107+09:00  INFO [requestId:] 32208 --- [sc-notes] [main] r$InitializeUserDetailsManagerConfigurer : Global AuthenticationManager configured with UserDetailsService bean with name users
2026-10-07T05:54:09.167+09:00  INFO [requestId:] 32208 --- [sc-notes] [main] o.s.b.a.e.web.EndpointLinksResolver      : Exposing 1 endpoint beneath base path '/actuator'
2026-10-07T05:54:09.291+09:00  INFO [requestId:] 32208 --- [sc-notes] [main] o.s.b.w.embedded.tomcat.TomcatWebServer  : Tomcat started on port 57244 (http) with context path '/'
2026-10-07T05:54:09.302+09:00  INFO [requestId:] 32208 --- [sc-notes] [main] d.s.notesapp.GeneratedApplication        : Started GeneratedApplication in 2.719 seconds (process running for 2.941)
2026-10-07T05:54:09.427+09:00  INFO [requestId:] 32208 --- [sc-notes] [http-nio-127.0.0.1-auto-1-exec-1] o.a.c.c.C.[Tomcat].[localhost].[/]       : Initializing Spring DispatcherServlet 'dispatcherServlet'
2026-10-07T05:54:09.427+09:00  INFO [requestId:] 32208 --- [sc-notes] [http-nio-127.0.0.1-auto-1-exec-1] o.s.web.servlet.DispatcherServlet        : Initializing Servlet 'dispatcherServlet'
2026-10-07T05:54:09.428+09:00  INFO [requestId:] 32208 --- [sc-notes] [http-nio-127.0.0.1-auto-1-exec-1] o.s.web.servlet.DispatcherServlet        : Completed initialization in 1 ms
2026-10-07T05:54:09.769+09:00  INFO [requestId:] 32208 --- [sc-notes] [SpringApplicationShutdownHook] o.s.b.w.e.tomcat.GracefulShutdown        : Commencing graceful shutdown. Waiting for active requests to complete
2026-10-07T05:54:09.771+09:00  INFO [requestId:] 32208 --- [sc-notes] [tomcat-shutdown] o.s.b.w.e.tomcat.GracefulShutdown        : Graceful shutdown complete
2026-10-07T05:54:09.773+09:00  INFO [requestId:] 32208 --- [sc-notes] [SpringApplicationShutdownHook] j.LocalContainerEntityManagerFactoryBean : Closing JPA EntityManagerFactory for persistence unit 'default'
2026-10-07T05:54:09.774+09:00  INFO [requestId:] 32208 --- [sc-notes] [SpringApplicationShutdownHook] com.zaxxer.hikari.HikariDataSource       : HikariPool-1 - Shutdown initiated...
2026-10-07T05:54:09.834+09:00  INFO [requestId:] 32208 --- [sc-notes] [SpringApplicationShutdownHook] com.zaxxer.hikari.HikariDataSource       : HikariPool-1 - Shutdown completed.
2026-10-07T05:54:10.788+09:00  INFO [requestId:] 32262 --- [sc-notes] [main] d.s.notesapp.GeneratedApplication        : Starting GeneratedApplication v1.0.0 using Java 21.0.11 with PID 32262 (<generated-app>/backend/target/sc-notes.jar started by dk in <generated-app>)
2026-10-07T05:54:10.788+09:00  INFO [requestId:] 32262 --- [sc-notes] [main] d.s.notesapp.GeneratedApplication        : The following 1 profile is active: "prod"
2026-10-07T05:54:11.251+09:00  INFO [requestId:] 32262 --- [sc-notes] [main] .s.d.r.c.RepositoryConfigurationDelegate : Bootstrapping Spring Data JPA repositories in DEFAULT mode.
2026-10-07T05:54:11.300+09:00  INFO [requestId:] 32262 --- [sc-notes] [main] .s.d.r.c.RepositoryConfigurationDelegate : Finished Spring Data repository scanning in 45 ms. Found 1 JPA repository interface.
2026-10-07T05:54:11.362+09:00  INFO [requestId:] 32262 --- [sc-notes] [main] o.s.cloud.context.scope.GenericScope     : BeanFactory id=d9f566fd-9f01-3d1c-8ed7-218817618368
2026-10-07T05:54:11.524+09:00  INFO [requestId:] 32262 --- [sc-notes] [main] o.s.b.w.embedded.tomcat.TomcatWebServer  : Tomcat initialized with port 0 (http)
2026-10-07T05:54:11.530+09:00  INFO [requestId:] 32262 --- [sc-notes] [main] o.apache.catalina.core.StandardService   : Starting service [Tomcat]
2026-10-07T05:54:11.530+09:00  INFO [requestId:] 32262 --- [sc-notes] [main] o.apache.catalina.core.StandardEngine    : Starting Servlet engine: [Apache Tomcat/10.1.55]
2026-10-07T05:54:11.541+09:00  INFO [requestId:] 32262 --- [sc-notes] [main] o.a.c.c.C.[Tomcat].[localhost].[/]       : Initializing Spring embedded WebApplicationContext
2026-10-07T05:54:11.541+09:00  INFO [requestId:] 32262 --- [sc-notes] [main] w.s.c.ServletWebServerApplicationContext : Root WebApplicationContext: initialization completed in 733 ms
2026-10-07T05:54:11.673+09:00  INFO [requestId:] 32262 --- [sc-notes] [main] com.zaxxer.hikari.HikariDataSource       : HikariPool-1 - Starting...
2026-10-07T05:54:11.755+09:00  INFO [requestId:] 32262 --- [sc-notes] [main] com.zaxxer.hikari.pool.HikariPool        : HikariPool-1 - Added connection conn0: url=jdbc:h2:file:<isolated-fixture>/data/app user=SA
2026-10-07T05:54:11.756+09:00  INFO [requestId:] 32262 --- [sc-notes] [main] com.zaxxer.hikari.HikariDataSource       : HikariPool-1 - Start completed.
2026-10-07T05:54:11.771+09:00  INFO [requestId:] 32262 --- [sc-notes] [main] org.flywaydb.core.FlywayExecutor         : Database: jdbc:h2:file:<isolated-fixture>/data/app (H2 2.3)
2026-10-07T05:54:11.784+09:00  INFO [requestId:] 32262 --- [sc-notes] [main] o.f.core.internal.command.DbValidate     : Successfully validated 1 migration (execution time 00:00.007s)
2026-10-07T05:54:11.787+09:00  INFO [requestId:] 32262 --- [sc-notes] [main] o.f.core.internal.command.DbMigrate      : Current version of schema "PUBLIC": 1
2026-10-07T05:54:11.788+09:00  INFO [requestId:] 32262 --- [sc-notes] [main] o.f.core.internal.command.DbMigrate      : Schema "PUBLIC" is up to date. No migration necessary.
2026-10-07T05:54:11.817+09:00  INFO [requestId:] 32262 --- [sc-notes] [main] o.hibernate.jpa.internal.util.LogHelper  : HHH000204: Processing PersistenceUnitInfo [name: default]
2026-10-07T05:54:11.835+09:00  INFO [requestId:] 32262 --- [sc-notes] [main] org.hibernate.Version                    : HHH000412: Hibernate ORM core version 6.6.53.Final
2026-10-07T05:54:11.850+09:00  INFO [requestId:] 32262 --- [sc-notes] [main] o.h.c.internal.RegionFactoryInitiator    : HHH000026: Second-level cache disabled
2026-10-07T05:54:11.950+09:00  INFO [requestId:] 32262 --- [sc-notes] [main] o.s.o.j.p.SpringPersistenceUnitInfo      : No LoadTimeWeaver setup: ignoring JPA class transformer
2026-10-07T05:54:11.972+09:00  INFO [requestId:] 32262 --- [sc-notes] [main] org.hibernate.orm.connections.pooling    : HHH10001005: Database info:
	Database JDBC URL [Connecting through datasource 'HikariDataSource (HikariPool-1)']
	Database driver: undefined/unknown
	Database version: 2.3.232
	Autocommit mode: undefined/unknown
	Isolation level: undefined/unknown
	Minimum pool size: undefined/unknown
	Maximum pool size: undefined/unknown
2026-10-07T05:54:12.234+09:00  INFO [requestId:] 32262 --- [sc-notes] [main] o.h.e.t.j.p.i.JtaPlatformInitiator       : HHH000489: No JTA platform available (set 'hibernate.transaction.jta.platform' to enable JTA platform integration)
2026-10-07T05:54:12.240+09:00  INFO [requestId:] 32262 --- [sc-notes] [main] j.LocalContainerEntityManagerFactoryBean : Initialized JPA EntityManagerFactory for persistence unit 'default'
2026-10-07T05:54:12.556+09:00  INFO [requestId:] 32262 --- [sc-notes] [main] o.s.b.a.w.s.WelcomePageHandlerMapping    : Adding welcome page: class path resource [static/index.html]
2026-10-07T05:54:12.669+09:00  INFO [requestId:] 32262 --- [sc-notes] [main] r$InitializeUserDetailsManagerConfigurer : Global AuthenticationManager configured with UserDetailsService bean with name users
2026-10-07T05:54:12.736+09:00  INFO [requestId:] 32262 --- [sc-notes] [main] o.s.b.a.e.web.EndpointLinksResolver      : Exposing 1 endpoint beneath base path '/actuator'
2026-10-07T05:54:12.849+09:00  INFO [requestId:] 32262 --- [sc-notes] [main] o.s.b.w.embedded.tomcat.TomcatWebServer  : Tomcat started on port 57263 (http) with context path '/'
2026-10-07T05:54:12.859+09:00  INFO [requestId:] 32262 --- [sc-notes] [main] d.s.notesapp.GeneratedApplication        : Started GeneratedApplication in 2.317 seconds (process running for 2.531)
2026-10-07T05:54:13.038+09:00  INFO [requestId:] 32262 --- [sc-notes] [http-nio-127.0.0.1-auto-1-exec-1] o.a.c.c.C.[Tomcat].[localhost].[/]       : Initializing Spring DispatcherServlet 'dispatcherServlet'
2026-10-07T05:54:13.039+09:00  INFO [requestId:] 32262 --- [sc-notes] [http-nio-127.0.0.1-auto-1-exec-1] o.s.web.servlet.DispatcherServlet        : Initializing Servlet 'dispatcherServlet'
2026-10-07T05:54:13.039+09:00  INFO [requestId:] 32262 --- [sc-notes] [http-nio-127.0.0.1-auto-1-exec-1] o.s.web.servlet.DispatcherServlet        : Completed initialization in 0 ms
2026-10-07T05:54:13.287+09:00  INFO [requestId:] 32262 --- [sc-notes] [SpringApplicationShutdownHook] o.s.b.w.e.tomcat.GracefulShutdown        : Commencing graceful shutdown. Waiting for active requests to complete
2026-10-07T05:54:13.288+09:00  INFO [requestId:] 32262 --- [sc-notes] [tomcat-shutdown] o.s.b.w.e.tomcat.GracefulShutdown        : Graceful shutdown complete
2026-10-07T05:54:13.291+09:00  INFO [requestId:] 32262 --- [sc-notes] [SpringApplicationShutdownHook] j.LocalContainerEntityManagerFactoryBean : Closing JPA EntityManagerFactory for persistence unit 'default'
2026-10-07T05:54:13.293+09:00  INFO [requestId:] 32262 --- [sc-notes] [SpringApplicationShutdownHook] com.zaxxer.hikari.HikariDataSource       : HikariPool-1 - Shutdown initiated...
2026-10-07T05:54:13.321+09:00  INFO [requestId:] 32262 --- [sc-notes] [SpringApplicationShutdownHook] com.zaxxer.hikari.HikariDataSource       : HikariPool-1 - Shutdown completed.
