npm warn deprecated inflight@1.0.6: This module is not supported, and leaks memory. Do not use it. Check out lru-cache if you want a good and tested way to coalesce async requests by a key value, which is much more comprehensive and powerful.
npm warn deprecated rimraf@2.7.1: Rimraf versions prior to v4 are no longer supported
npm warn deprecated lodash.isequal@4.5.0: This package is deprecated. Use require('node:util').isDeepStrictEqual instead.
npm warn deprecated glob@7.2.3: Old versions of glob are not supported, and contain widely publicized security vulnerabilities, which have been fixed in the current version. Please update. Support for old versions may be purchased (at exorbitant rates) by contacting i@izs.me
npm warn deprecated fstream@1.0.12: This package is no longer supported.
npm warn deprecated vue-i18n@11.1.12: This version is NOT deprecated. Previous deprecation was a mistake.

added 456 packages, and audited 457 packages in 3s

129 packages are looking for funding
  run `npm fund` for details

found 0 vulnerabilities
[INFO] Scanning for projects...
[INFO] Downloading from sc-generated-vendor: file:///private/tmp/sc-framework-consumer-011-20261007/sc-notes-candidate3/vendor/maven/dev/scframework/sc-framework-parent/0.1.0-SNAPSHOT/maven-metadata.xml
[INFO] Downloading from sc-generated-vendor: file:///private/tmp/sc-framework-consumer-011-20261007/sc-notes-candidate3/vendor/maven/dev/scframework/sc-framework-parent/0.1.0-SNAPSHOT/sc-framework-parent-0.1.0-SNAPSHOT.pom
[WARNING] Could not validate integrity of download from file:///private/tmp/sc-framework-consumer-011-20261007/sc-notes-candidate3/vendor/maven/dev/scframework/sc-framework-parent/0.1.0-SNAPSHOT/sc-framework-parent-0.1.0-SNAPSHOT.pom
org.eclipse.aether.transfer.ChecksumFailureException: Checksum validation failed, no checksums available
    at org.eclipse.aether.internal.impl.AbstractChecksumPolicy.onNoMoreChecksums (AbstractChecksumPolicy.java:63)
    at org.eclipse.aether.connector.basic.ChecksumValidator.validate (ChecksumValidator.java:112)
    at org.eclipse.aether.connector.basic.BasicRepositoryConnector$GetTaskRunner.runTask (BasicRepositoryConnector.java:486)
    at org.eclipse.aether.connector.basic.BasicRepositoryConnector$TaskRunner.run (BasicRepositoryConnector.java:416)
    at org.eclipse.aether.connector.basic.BasicRepositoryConnector.get (BasicRepositoryConnector.java:260)
    at org.eclipse.aether.internal.impl.DefaultArtifactResolver.performDownloads (DefaultArtifactResolver.java:550)
    at org.eclipse.aether.internal.impl.DefaultArtifactResolver.resolve (DefaultArtifactResolver.java:450)
    at org.eclipse.aether.internal.impl.DefaultArtifactResolver.resolveArtifacts (DefaultArtifactResolver.java:261)
    at org.eclipse.aether.internal.impl.DefaultArtifactResolver.resolveArtifact (DefaultArtifactResolver.java:243)
    at org.eclipse.aether.internal.impl.DefaultRepositorySystem.resolveArtifact (DefaultRepositorySystem.java:278)
    at org.apache.maven.project.ProjectModelResolver.resolveModel (ProjectModelResolver.java:172)
    at org.apache.maven.project.ProjectModelResolver.resolveModel (ProjectModelResolver.java:218)
    at org.apache.maven.model.building.DefaultModelBuilder.readParentExternally (DefaultModelBuilder.java:1035)
    at org.apache.maven.model.building.DefaultModelBuilder.readParent (DefaultModelBuilder.java:827)
    at org.apache.maven.model.building.DefaultModelBuilder.build (DefaultModelBuilder.java:336)
    at org.apache.maven.model.building.DefaultModelBuilder.build (DefaultModelBuilder.java:248)
    at org.apache.maven.project.DefaultProjectBuilder.build (DefaultProjectBuilder.java:447)
    at org.apache.maven.project.DefaultProjectBuilder.build (DefaultProjectBuilder.java:410)
    at org.apache.maven.project.DefaultProjectBuilder.build (DefaultProjectBuilder.java:367)
    at org.apache.maven.graph.DefaultGraphBuilder.collectProjects (DefaultGraphBuilder.java:351)
    at org.apache.maven.graph.DefaultGraphBuilder.getProjectsForMavenReactor (DefaultGraphBuilder.java:342)
    at org.apache.maven.graph.DefaultGraphBuilder.build (DefaultGraphBuilder.java:76)
    at org.apache.maven.DefaultMaven.buildGraph (DefaultMaven.java:448)
    at org.apache.maven.DefaultMaven.doExecute (DefaultMaven.java:197)
    at org.apache.maven.DefaultMaven.doExecute (DefaultMaven.java:173)
    at org.apache.maven.DefaultMaven.execute (DefaultMaven.java:101)
    at org.apache.maven.cli.MavenCli.execute (MavenCli.java:919)
    at org.apache.maven.cli.MavenCli.doMain (MavenCli.java:285)
    at org.apache.maven.cli.MavenCli.main (MavenCli.java:207)
    at jdk.internal.reflect.DirectMethodHandleAccessor.invoke (DirectMethodHandleAccessor.java:103)
    at java.lang.reflect.Method.invoke (Method.java:580)
    at org.codehaus.plexus.classworlds.launcher.Launcher.launchEnhanced (Launcher.java:255)
    at org.codehaus.plexus.classworlds.launcher.Launcher.launch (Launcher.java:201)
    at org.codehaus.plexus.classworlds.launcher.Launcher.mainWithExitCode (Launcher.java:362)
    at org.codehaus.plexus.classworlds.launcher.Launcher.main (Launcher.java:314)
[WARNING] Checksum validation failed, no checksums available from sc-generated-vendor for file:///private/tmp/sc-framework-consumer-011-20261007/sc-notes-candidate3/vendor/maven/dev/scframework/sc-framework-parent/0.1.0-SNAPSHOT/sc-framework-parent-0.1.0-SNAPSHOT.pom
[INFO] Downloaded from sc-generated-vendor: file:///private/tmp/sc-framework-consumer-011-20261007/sc-notes-candidate3/vendor/maven/dev/scframework/sc-framework-parent/0.1.0-SNAPSHOT/sc-framework-parent-0.1.0-SNAPSHOT.pom (4.4 kB at 730 kB/s)
[INFO] Downloading from sc-generated-vendor: file:///private/tmp/sc-framework-consumer-011-20261007/sc-notes-candidate3/vendor/maven/org/springframework/boot/spring-boot-starter-parent/3.5.16/spring-boot-starter-parent-3.5.16.pom
[INFO] Downloading from central: https://repo.maven.apache.org/maven2/org/springframework/boot/spring-boot-starter-parent/3.5.16/spring-boot-starter-parent-3.5.16.pom
[INFO] Downloaded from central: https://repo.maven.apache.org/maven2/org/springframework/boot/spring-boot-starter-parent/3.5.16/spring-boot-starter-parent-3.5.16.pom (13 kB at 94 kB/s)
[INFO] Downloading from sc-generated-vendor: file:///private/tmp/sc-framework-consumer-011-20261007/sc-notes-candidate3/vendor/maven/org/springframework/boot/spring-boot-dependencies/3.5.16/spring-boot-dependencies-3.5.16.pom
[INFO] Downloading from central: https://repo.maven.apache.org/maven2/org/springframework/boot/spring-boot-dependencies/3.5.16/spring-boot-dependencies-3.5.16.pom
[INFO] Downloaded from central: https://repo.maven.apache.org/maven2/org/springframework/boot/spring-boot-dependencies/3.5.16/spring-boot-dependencies-3.5.16.pom (97 kB at 3.7 MB/s)
[INFO] Downloading from sc-generated-vendor: file:///private/tmp/sc-framework-consumer-011-20261007/sc-notes-candidate3/vendor/maven/org/springframework/cloud/spring-cloud-dependencies/2025.0.3/spring-cloud-dependencies-2025.0.3.pom
[INFO] Downloading from central: https://repo.maven.apache.org/maven2/org/springframework/cloud/spring-cloud-dependencies/2025.0.3/spring-cloud-dependencies-2025.0.3.pom
[INFO] Downloaded from central: https://repo.maven.apache.org/maven2/org/springframework/cloud/spring-cloud-dependencies/2025.0.3/spring-cloud-dependencies-2025.0.3.pom (10 kB at 605 kB/s)
[INFO] Downloading from sc-generated-vendor: file:///private/tmp/sc-framework-consumer-011-20261007/sc-notes-candidate3/vendor/maven/org/springframework/cloud/spring-cloud-dependencies-parent/4.3.4/spring-cloud-dependencies-parent-4.3.4.pom
[INFO] Downloading from central: https://repo.maven.apache.org/maven2/org/springframework/cloud/spring-cloud-dependencies-parent/4.3.4/spring-cloud-dependencies-parent-4.3.4.pom
[INFO] Downloaded from central: https://repo.maven.apache.org/maven2/org/springframework/cloud/spring-cloud-dependencies-parent/4.3.4/spring-cloud-dependencies-parent-4.3.4.pom (7.9 kB at 395 kB/s)
[INFO] Downloading from sc-generated-vendor: file:///private/tmp/sc-framework-consumer-011-20261007/sc-notes-candidate3/vendor/maven/org/springframework/cloud/spring-cloud-commons-dependencies/4.3.3/spring-cloud-commons-dependencies-4.3.3.pom
[INFO] Downloading from central: https://repo.maven.apache.org/maven2/org/springframework/cloud/spring-cloud-commons-dependencies/4.3.3/spring-cloud-commons-dependencies-4.3.3.pom
[INFO] Downloaded from central: https://repo.maven.apache.org/maven2/org/springframework/cloud/spring-cloud-commons-dependencies/4.3.3/spring-cloud-commons-dependencies-4.3.3.pom (6.9 kB at 344 kB/s)
[INFO] Downloading from sc-generated-vendor: file:///private/tmp/sc-framework-consumer-011-20261007/sc-notes-candidate3/vendor/maven/com/squareup/okhttp3/okhttp-bom/4.12.0/okhttp-bom-4.12.0.pom
[INFO] Downloading from central: https://repo.maven.apache.org/maven2/com/squareup/okhttp3/okhttp-bom/4.12.0/okhttp-bom-4.12.0.pom
[INFO] Downloaded from central: https://repo.maven.apache.org/maven2/com/squareup/okhttp3/okhttp-bom/4.12.0/okhttp-bom-4.12.0.pom (3.1 kB at 170 kB/s)
[INFO] Downloading from sc-generated-vendor: file:///private/tmp/sc-framework-consumer-011-20261007/sc-notes-candidate3/vendor/maven/org/springframework/cloud/spring-cloud-netflix-dependencies/4.3.3/spring-cloud-netflix-dependencies-4.3.3.pom
[INFO] Downloading from central: https://repo.maven.apache.org/maven2/org/springframework/cloud/spring-cloud-netflix-dependencies/4.3.3/spring-cloud-netflix-dependencies-4.3.3.pom
[INFO] Downloaded from central: https://repo.maven.apache.org/maven2/org/springframework/cloud/spring-cloud-netflix-dependencies/4.3.3/spring-cloud-netflix-dependencies-4.3.3.pom (10 kB at 507 kB/s)
[INFO] Downloading from sc-generated-vendor: file:///private/tmp/sc-framework-consumer-011-20261007/sc-notes-candidate3/vendor/maven/org/springframework/cloud/spring-cloud-stream-dependencies/4.3.3/spring-cloud-stream-dependencies-4.3.3.pom
[INFO] Downloading from central: https://repo.maven.apache.org/maven2/org/springframework/cloud/spring-cloud-stream-dependencies/4.3.3/spring-cloud-stream-dependencies-4.3.3.pom
[INFO] Downloaded from central: https://repo.maven.apache.org/maven2/org/springframework/cloud/spring-cloud-stream-dependencies/4.3.3/spring-cloud-stream-dependencies-4.3.3.pom (8.6 kB at 356 kB/s)
[INFO] Downloading from sc-generated-vendor: file:///private/tmp/sc-framework-consumer-011-20261007/sc-notes-candidate3/vendor/maven/org/springframework/cloud/spring-cloud-task-dependencies/3.3.2/spring-cloud-task-dependencies-3.3.2.pom
[INFO] Downloading from central: https://repo.maven.apache.org/maven2/org/springframework/cloud/spring-cloud-task-dependencies/3.3.2/spring-cloud-task-dependencies-3.3.2.pom
[INFO] Downloaded from central: https://repo.maven.apache.org/maven2/org/springframework/cloud/spring-cloud-task-dependencies/3.3.2/spring-cloud-task-dependencies-3.3.2.pom (5.8 kB at 305 kB/s)
[INFO] Downloading from sc-generated-vendor: file:///private/tmp/sc-framework-consumer-011-20261007/sc-notes-candidate3/vendor/maven/org/springframework/cloud/spring-cloud-circuitbreaker-dependencies/3.3.3/spring-cloud-circuitbreaker-dependencies-3.3.3.pom
[INFO] Downloading from central: https://repo.maven.apache.org/maven2/org/springframework/cloud/spring-cloud-circuitbreaker-dependencies/3.3.3/spring-cloud-circuitbreaker-dependencies-3.3.3.pom
[INFO] Downloaded from central: https://repo.maven.apache.org/maven2/org/springframework/cloud/spring-cloud-circuitbreaker-dependencies/3.3.3/spring-cloud-circuitbreaker-dependencies-3.3.3.pom (6.7 kB at 395 kB/s)
[INFO] Downloading from sc-generated-vendor: file:///private/tmp/sc-framework-consumer-011-20261007/sc-notes-candidate3/vendor/maven/io/github/resilience4j/resilience4j-bom/2.2.0/resilience4j-bom-2.2.0.pom
[INFO] Downloading from central: https://repo.maven.apache.org/maven2/io/github/resilience4j/resilience4j-bom/2.2.0/resilience4j-bom-2.2.0.pom
[INFO] Downloaded from central: https://repo.maven.apache.org/maven2/io/github/resilience4j/resilience4j-bom/2.2.0/resilience4j-bom-2.2.0.pom (6.4 kB at 266 kB/s)
[INFO] Downloading from sc-generated-vendor: file:///private/tmp/sc-framework-consumer-011-20261007/sc-notes-candidate3/vendor/maven/org/springframework/cloud/spring-cloud-config-dependencies/4.3.4/spring-cloud-config-dependencies-4.3.4.pom
[INFO] Downloading from central: https://repo.maven.apache.org/maven2/org/springframework/cloud/spring-cloud-config-dependencies/4.3.4/spring-cloud-config-dependencies-4.3.4.pom
[INFO] Downloaded from central: https://repo.maven.apache.org/maven2/org/springframework/cloud/spring-cloud-config-dependencies/4.3.4/spring-cloud-config-dependencies-4.3.4.pom (7.7 kB at 454 kB/s)
[INFO] Downloading from sc-generated-vendor: file:///private/tmp/sc-framework-consumer-011-20261007/sc-notes-candidate3/vendor/maven/org/springframework/cloud/spring-cloud-function-dependencies/4.3.4/spring-cloud-function-dependencies-4.3.4.pom
[INFO] Downloading from central: https://repo.maven.apache.org/maven2/org/springframework/cloud/spring-cloud-function-dependencies/4.3.4/spring-cloud-function-dependencies-4.3.4.pom
[INFO] Downloaded from central: https://repo.maven.apache.org/maven2/org/springframework/cloud/spring-cloud-function-dependencies/4.3.4/spring-cloud-function-dependencies-4.3.4.pom (7.0 kB at 389 kB/s)
[INFO] Downloading from sc-generated-vendor: file:///private/tmp/sc-framework-consumer-011-20261007/sc-notes-candidate3/vendor/maven/org/springframework/cloud/spring-cloud-gateway-dependencies/4.3.5/spring-cloud-gateway-dependencies-4.3.5.pom
[INFO] Downloading from central: https://repo.maven.apache.org/maven2/org/springframework/cloud/spring-cloud-gateway-dependencies/4.3.5/spring-cloud-gateway-dependencies-4.3.5.pom
[INFO] Downloaded from central: https://repo.maven.apache.org/maven2/org/springframework/cloud/spring-cloud-gateway-dependencies/4.3.5/spring-cloud-gateway-dependencies-4.3.5.pom (7.7 kB at 348 kB/s)
[INFO] Downloading from sc-generated-vendor: file:///private/tmp/sc-framework-consumer-011-20261007/sc-notes-candidate3/vendor/maven/org/springframework/cloud/spring-cloud-consul-dependencies/4.3.3/spring-cloud-consul-dependencies-4.3.3.pom
[INFO] Downloading from central: https://repo.maven.apache.org/maven2/org/springframework/cloud/spring-cloud-consul-dependencies/4.3.3/spring-cloud-consul-dependencies-4.3.3.pom
[INFO] Downloaded from central: https://repo.maven.apache.org/maven2/org/springframework/cloud/spring-cloud-consul-dependencies/4.3.3/spring-cloud-consul-dependencies-4.3.3.pom (7.5 kB at 393 kB/s)
[INFO] Downloading from sc-generated-vendor: file:///private/tmp/sc-framework-consumer-011-20261007/sc-notes-candidate3/vendor/maven/org/springframework/cloud/spring-cloud-vault-dependencies/4.3.3/spring-cloud-vault-dependencies-4.3.3.pom
[INFO] Downloading from central: https://repo.maven.apache.org/maven2/org/springframework/cloud/spring-cloud-vault-dependencies/4.3.3/spring-cloud-vault-dependencies-4.3.3.pom
[INFO] Downloaded from central: https://repo.maven.apache.org/maven2/org/springframework/cloud/spring-cloud-vault-dependencies/4.3.3/spring-cloud-vault-dependencies-4.3.3.pom (6.2 kB at 260 kB/s)
[INFO] Downloading from sc-generated-vendor: file:///private/tmp/sc-framework-consumer-011-20261007/sc-notes-candidate3/vendor/maven/org/springframework/cloud/spring-cloud-zookeeper-dependencies/4.3.3/spring-cloud-zookeeper-dependencies-4.3.3.pom
[INFO] Downloading from central: https://repo.maven.apache.org/maven2/org/springframework/cloud/spring-cloud-zookeeper-dependencies/4.3.3/spring-cloud-zookeeper-dependencies-4.3.3.pom
[INFO] Downloaded from central: https://repo.maven.apache.org/maven2/org/springframework/cloud/spring-cloud-zookeeper-dependencies/4.3.3/spring-cloud-zookeeper-dependencies-4.3.3.pom (8.9 kB at 389 kB/s)
[INFO] Downloading from sc-generated-vendor: file:///private/tmp/sc-framework-consumer-011-20261007/sc-notes-candidate3/vendor/maven/org/springframework/cloud/spring-cloud-bus-dependencies/4.3.2/spring-cloud-bus-dependencies-4.3.2.pom
[INFO] Downloading from central: https://repo.maven.apache.org/maven2/org/springframework/cloud/spring-cloud-bus-dependencies/4.3.2/spring-cloud-bus-dependencies-4.3.2.pom
[INFO] Downloaded from central: https://repo.maven.apache.org/maven2/org/springframework/cloud/spring-cloud-bus-dependencies/4.3.2/spring-cloud-bus-dependencies-4.3.2.pom (6.1 kB at 280 kB/s)
[INFO] Downloading from sc-generated-vendor: file:///private/tmp/sc-framework-consumer-011-20261007/sc-notes-candidate3/vendor/maven/org/springframework/cloud/spring-cloud-contract-dependencies/4.3.4/spring-cloud-contract-dependencies-4.3.4.pom
[INFO] Downloading from central: https://repo.maven.apache.org/maven2/org/springframework/cloud/spring-cloud-contract-dependencies/4.3.4/spring-cloud-contract-dependencies-4.3.4.pom
[INFO] Downloaded from central: https://repo.maven.apache.org/maven2/org/springframework/cloud/spring-cloud-contract-dependencies/4.3.4/spring-cloud-contract-dependencies-4.3.4.pom (8.7 kB at 437 kB/s)
[INFO] Downloading from sc-generated-vendor: file:///private/tmp/sc-framework-consumer-011-20261007/sc-notes-candidate3/vendor/maven/org/springframework/cloud/spring-cloud-openfeign-dependencies/4.3.3/spring-cloud-openfeign-dependencies-4.3.3.pom
[INFO] Downloading from central: https://repo.maven.apache.org/maven2/org/springframework/cloud/spring-cloud-openfeign-dependencies/4.3.3/spring-cloud-openfeign-dependencies-4.3.3.pom
[INFO] Downloaded from central: https://repo.maven.apache.org/maven2/org/springframework/cloud/spring-cloud-openfeign-dependencies/4.3.3/spring-cloud-openfeign-dependencies-4.3.3.pom (5.9 kB at 269 kB/s)
[INFO] Downloading from sc-generated-vendor: file:///private/tmp/sc-framework-consumer-011-20261007/sc-notes-candidate3/vendor/maven/io/github/openfeign/feign-bom/13.6.1/feign-bom-13.6.1.pom
[INFO] Downloading from central: https://repo.maven.apache.org/maven2/io/github/openfeign/feign-bom/13.6.1/feign-bom-13.6.1.pom
[INFO] Downloaded from central: https://repo.maven.apache.org/maven2/io/github/openfeign/feign-bom/13.6.1/feign-bom-13.6.1.pom (8.3 kB at 436 kB/s)
[INFO] Downloading from sc-generated-vendor: file:///private/tmp/sc-framework-consumer-011-20261007/sc-notes-candidate3/vendor/maven/org/springframework/cloud/spring-cloud-kubernetes-dependencies/3.3.3/spring-cloud-kubernetes-dependencies-3.3.3.pom
[INFO] Downloading from central: https://repo.maven.apache.org/maven2/org/springframework/cloud/spring-cloud-kubernetes-dependencies/3.3.3/spring-cloud-kubernetes-dependencies-3.3.3.pom
[INFO] Downloaded from central: https://repo.maven.apache.org/maven2/org/springframework/cloud/spring-cloud-kubernetes-dependencies/3.3.3/spring-cloud-kubernetes-dependencies-3.3.3.pom (12 kB at 541 kB/s)
[INFO] Downloading from sc-generated-vendor: file:///private/tmp/sc-framework-consumer-011-20261007/sc-notes-candidate3/vendor/maven/io/fabric8/kubernetes-client-bom/7.3.2/kubernetes-client-bom-7.3.2.pom
[INFO] Downloading from central: https://repo.maven.apache.org/maven2/io/fabric8/kubernetes-client-bom/7.3.2/kubernetes-client-bom-7.3.2.pom
[INFO] Downloaded from central: https://repo.maven.apache.org/maven2/io/fabric8/kubernetes-client-bom/7.3.2/kubernetes-client-bom-7.3.2.pom (19 kB at 1.0 MB/s)
[INFO] Downloading from sc-generated-vendor: file:///private/tmp/sc-framework-consumer-011-20261007/sc-notes-candidate3/vendor/maven/org/apache/activemq/activemq-bom/6.1.8/activemq-bom-6.1.8.pom
[INFO] Downloading from central: https://repo.maven.apache.org/maven2/org/apache/activemq/activemq-bom/6.1.8/activemq-bom-6.1.8.pom
[INFO] Downloaded from central: https://repo.maven.apache.org/maven2/org/apache/activemq/activemq-bom/6.1.8/activemq-bom-6.1.8.pom (7.9 kB at 394 kB/s)
[INFO] Downloading from sc-generated-vendor: file:///private/tmp/sc-framework-consumer-011-20261007/sc-notes-candidate3/vendor/maven/org/apache/activemq/artemis-bom/2.40.0/artemis-bom-2.40.0.pom
[INFO] Downloading from central: https://repo.maven.apache.org/maven2/org/apache/activemq/artemis-bom/2.40.0/artemis-bom-2.40.0.pom
[INFO] Downloaded from central: https://repo.maven.apache.org/maven2/org/apache/activemq/artemis-bom/2.40.0/artemis-bom-2.40.0.pom (9.6 kB at 566 kB/s)
[INFO] Downloading from sc-generated-vendor: file:///private/tmp/sc-framework-consumer-011-20261007/sc-notes-candidate3/vendor/maven/org/apache/activemq/artemis-project/2.40.0/artemis-project-2.40.0.pom
[INFO] Downloading from central: https://repo.maven.apache.org/maven2/org/apache/activemq/artemis-project/2.40.0/artemis-project-2.40.0.pom
[INFO] Downloaded from central: https://repo.maven.apache.org/maven2/org/apache/activemq/artemis-project/2.40.0/artemis-project-2.40.0.pom (56 kB at 2.5 MB/s)
[INFO] Downloading from sc-generated-vendor: file:///private/tmp/sc-framework-consumer-011-20261007/sc-notes-candidate3/vendor/maven/org/apache/apache/33/apache-33.pom
[INFO] Downloading from central: https://repo.maven.apache.org/maven2/org/apache/apache/33/apache-33.pom
[INFO] Downloaded from central: https://repo.maven.apache.org/maven2/org/apache/apache/33/apache-33.pom (24 kB at 1.1 MB/s)
[INFO] Downloading from sc-generated-vendor: file:///private/tmp/sc-framework-consumer-011-20261007/sc-notes-candidate3/vendor/maven/org/assertj/assertj-bom/3.27.7/assertj-bom-3.27.7.pom
[INFO] Downloading from central: https://repo.maven.apache.org/maven2/org/assertj/assertj-bom/3.27.7/assertj-bom-3.27.7.pom
[INFO] Downloaded from central: https://repo.maven.apache.org/maven2/org/assertj/assertj-bom/3.27.7/assertj-bom-3.27.7.pom (3.3 kB at 159 kB/s)
[INFO] Downloading from sc-generated-vendor: file:///private/tmp/sc-framework-consumer-011-20261007/sc-notes-candidate3/vendor/maven/io/zipkin/reporter2/zipkin-reporter-bom/3.5.3/zipkin-reporter-bom-3.5.3.pom
[INFO] Downloading from central: https://repo.maven.apache.org/maven2/io/zipkin/reporter2/zipkin-reporter-bom/3.5.3/zipkin-reporter-bom-3.5.3.pom
[INFO] Downloaded from central: https://repo.maven.apache.org/maven2/io/zipkin/reporter2/zipkin-reporter-bom/3.5.3/zipkin-reporter-bom-3.5.3.pom (6.1 kB at 243 kB/s)
[INFO] Downloading from sc-generated-vendor: file:///private/tmp/sc-framework-consumer-011-20261007/sc-notes-candidate3/vendor/maven/io/zipkin/brave/brave-bom/6.1.0/brave-bom-6.1.0.pom
[INFO] Downloading from central: https://repo.maven.apache.org/maven2/io/zipkin/brave/brave-bom/6.1.0/brave-bom-6.1.0.pom
[INFO] Downloaded from central: https://repo.maven.apache.org/maven2/io/zipkin/brave/brave-bom/6.1.0/brave-bom-6.1.0.pom (11 kB at 549 kB/s)
[INFO] Downloading from sc-generated-vendor: file:///private/tmp/sc-framework-consumer-011-20261007/sc-notes-candidate3/vendor/maven/org/apache/cassandra/java-driver-bom/4.19.3/java-driver-bom-4.19.3.pom
[INFO] Downloading from central: https://repo.maven.apache.org/maven2/org/apache/cassandra/java-driver-bom/4.19.3/java-driver-bom-4.19.3.pom
[INFO] Downloaded from central: https://repo.maven.apache.org/maven2/org/apache/cassandra/java-driver-bom/4.19.3/java-driver-bom-4.19.3.pom (5.5 kB at 287 kB/s)
[INFO] Downloading from sc-generated-vendor: file:///private/tmp/sc-framework-consumer-011-20261007/sc-notes-candidate3/vendor/maven/org/glassfish/jaxb/jaxb-bom/4.0.9/jaxb-bom-4.0.9.pom
[INFO] Downloading from central: https://repo.maven.apache.org/maven2/org/glassfish/jaxb/jaxb-bom/4.0.9/jaxb-bom-4.0.9.pom
[INFO] Downloaded from central: https://repo.maven.apache.org/maven2/org/glassfish/jaxb/jaxb-bom/4.0.9/jaxb-bom-4.0.9.pom (13 kB at 640 kB/s)
[INFO] Downloading from sc-generated-vendor: file:///private/tmp/sc-framework-consumer-011-20261007/sc-notes-candidate3/vendor/maven/org/eclipse/ee4j/project/2.0.4/project-2.0.4.pom
[INFO] Downloading from central: https://repo.maven.apache.org/maven2/org/eclipse/ee4j/project/2.0.4/project-2.0.4.pom
[INFO] Downloaded from central: https://repo.maven.apache.org/maven2/org/eclipse/ee4j/project/2.0.4/project-2.0.4.pom (27 kB at 1.1 MB/s)
[INFO] Downloading from sc-generated-vendor: file:///private/tmp/sc-framework-consumer-011-20261007/sc-notes-candidate3/vendor/maven/org/apache/groovy/groovy-bom/4.0.32/groovy-bom-4.0.32.pom
[INFO] Downloading from central: https://repo.maven.apache.org/maven2/org/apache/groovy/groovy-bom/4.0.32/groovy-bom-4.0.32.pom
[INFO] Downloaded from central: https://repo.maven.apache.org/maven2/org/apache/groovy/groovy-bom/4.0.32/groovy-bom-4.0.32.pom (27 kB at 1.2 MB/s)
[INFO] Downloading from sc-generated-vendor: file:///private/tmp/sc-framework-consumer-011-20261007/sc-notes-candidate3/vendor/maven/org/infinispan/infinispan-bom/15.2.6.Final/infinispan-bom-15.2.6.Final.pom
[INFO] Downloading from central: https://repo.maven.apache.org/maven2/org/infinispan/infinispan-bom/15.2.6.Final/infinispan-bom-15.2.6.Final.pom
[INFO] Downloaded from central: https://repo.maven.apache.org/maven2/org/infinispan/infinispan-bom/15.2.6.Final/infinispan-bom-15.2.6.Final.pom (17 kB at 830 kB/s)
[INFO] Downloading from sc-generated-vendor: file:///private/tmp/sc-framework-consumer-011-20261007/sc-notes-candidate3/vendor/maven/org/infinispan/infinispan-build-configuration-parent/15.2.6.Final/infinispan-build-configuration-parent-15.2.6.Final.pom
[INFO] Downloading from central: https://repo.maven.apache.org/maven2/org/infinispan/infinispan-build-configuration-parent/15.2.6.Final/infinispan-build-configuration-parent-15.2.6.Final.pom
[INFO] Downloaded from central: https://repo.maven.apache.org/maven2/org/infinispan/infinispan-build-configuration-parent/15.2.6.Final/infinispan-build-configuration-parent-15.2.6.Final.pom (17 kB at 780 kB/s)
[INFO] Downloading from sc-generated-vendor: file:///private/tmp/sc-framework-consumer-011-20261007/sc-notes-candidate3/vendor/maven/com/fasterxml/jackson/jackson-bom/2.21.4/jackson-bom-2.21.4.pom
[INFO] Downloading from central: https://repo.maven.apache.org/maven2/com/fasterxml/jackson/jackson-bom/2.21.4/jackson-bom-2.21.4.pom
[INFO] Downloaded from central: https://repo.maven.apache.org/maven2/com/fasterxml/jackson/jackson-bom/2.21.4/jackson-bom-2.21.4.pom (20 kB at 963 kB/s)
[INFO] Downloading from sc-generated-vendor: file:///private/tmp/sc-framework-consumer-011-20261007/sc-notes-candidate3/vendor/maven/com/fasterxml/jackson/jackson-parent/2.21/jackson-parent-2.21.pom
[INFO] Downloading from central: https://repo.maven.apache.org/maven2/com/fasterxml/jackson/jackson-parent/2.21/jackson-parent-2.21.pom
[INFO] Downloaded from central: https://repo.maven.apache.org/maven2/com/fasterxml/jackson/jackson-parent/2.21/jackson-parent-2.21.pom (6.9 kB at 362 kB/s)
[INFO] Downloading from sc-generated-vendor: file:///private/tmp/sc-framework-consumer-011-20261007/sc-notes-candidate3/vendor/maven/com/fasterxml/oss-parent/75/oss-parent-75.pom
[INFO] Downloading from central: https://repo.maven.apache.org/maven2/com/fasterxml/oss-parent/75/oss-parent-75.pom
[INFO] Downloaded from central: https://repo.maven.apache.org/maven2/com/fasterxml/oss-parent/75/oss-parent-75.pom (24 kB at 1.0 MB/s)
[INFO] Downloading from sc-generated-vendor: file:///private/tmp/sc-framework-consumer-011-20261007/sc-notes-candidate3/vendor/maven/org/glassfish/jersey/jersey-bom/3.1.11/jersey-bom-3.1.11.pom
[INFO] Downloading from central: https://repo.maven.apache.org/maven2/org/glassfish/jersey/jersey-bom/3.1.11/jersey-bom-3.1.11.pom
[INFO] Downloaded from central: https://repo.maven.apache.org/maven2/org/glassfish/jersey/jersey-bom/3.1.11/jersey-bom-3.1.11.pom (21 kB at 1.2 MB/s)
[INFO] Downloading from sc-generated-vendor: file:///private/tmp/sc-framework-consumer-011-20261007/sc-notes-candidate3/vendor/maven/org/eclipse/ee4j/project/1.0.9/project-1.0.9.pom
[INFO] Downloading from central: https://repo.maven.apache.org/maven2/org/eclipse/ee4j/project/1.0.9/project-1.0.9.pom
[INFO] Downloaded from central: https://repo.maven.apache.org/maven2/org/eclipse/ee4j/project/1.0.9/project-1.0.9.pom (16 kB at 733 kB/s)
[INFO] Downloading from sc-generated-vendor: file:///private/tmp/sc-framework-consumer-011-20261007/sc-notes-candidate3/vendor/maven/org/eclipse/jetty/ee10/jetty-ee10-bom/12.0.36/jetty-ee10-bom-12.0.36.pom
[INFO] Downloading from central: https://repo.maven.apache.org/maven2/org/eclipse/jetty/ee10/jetty-ee10-bom/12.0.36/jetty-ee10-bom-12.0.36.pom
[INFO] Downloaded from central: https://repo.maven.apache.org/maven2/org/eclipse/jetty/ee10/jetty-ee10-bom/12.0.36/jetty-ee10-bom-12.0.36.pom (9.6 kB at 416 kB/s)
[INFO] Downloading from sc-generated-vendor: file:///private/tmp/sc-framework-consumer-011-20261007/sc-notes-candidate3/vendor/maven/org/eclipse/jetty/jetty-bom/12.0.36/jetty-bom-12.0.36.pom
[INFO] Downloading from central: https://repo.maven.apache.org/maven2/org/eclipse/jetty/jetty-bom/12.0.36/jetty-bom-12.0.36.pom
[INFO] Downloaded from central: https://repo.maven.apache.org/maven2/org/eclipse/jetty/jetty-bom/12.0.36/jetty-bom-12.0.36.pom (15 kB at 697 kB/s)
[INFO] Downloading from sc-generated-vendor: file:///private/tmp/sc-framework-consumer-011-20261007/sc-notes-candidate3/vendor/maven/org/junit/junit-bom/5.12.2/junit-bom-5.12.2.pom
[INFO] Downloading from central: https://repo.maven.apache.org/maven2/org/junit/junit-bom/5.12.2/junit-bom-5.12.2.pom
[INFO] Downloaded from central: https://repo.maven.apache.org/maven2/org/junit/junit-bom/5.12.2/junit-bom-5.12.2.pom (5.6 kB at 282 kB/s)
[INFO] Downloading from sc-generated-vendor: file:///private/tmp/sc-framework-consumer-011-20261007/sc-notes-candidate3/vendor/maven/org/jetbrains/kotlin/kotlin-bom/1.9.25/kotlin-bom-1.9.25.pom
[INFO] Downloading from central: https://repo.maven.apache.org/maven2/org/jetbrains/kotlin/kotlin-bom/1.9.25/kotlin-bom-1.9.25.pom
[INFO] Downloaded from central: https://repo.maven.apache.org/maven2/org/jetbrains/kotlin/kotlin-bom/1.9.25/kotlin-bom-1.9.25.pom (9.1 kB at 397 kB/s)
[INFO] Downloading from sc-generated-vendor: file:///private/tmp/sc-framework-consumer-011-20261007/sc-notes-candidate3/vendor/maven/org/jetbrains/kotlinx/kotlinx-coroutines-bom/1.8.1/kotlinx-coroutines-bom-1.8.1.pom
[INFO] Downloading from central: https://repo.maven.apache.org/maven2/org/jetbrains/kotlinx/kotlinx-coroutines-bom/1.8.1/kotlinx-coroutines-bom-1.8.1.pom
[INFO] Downloaded from central: https://repo.maven.apache.org/maven2/org/jetbrains/kotlinx/kotlinx-coroutines-bom/1.8.1/kotlinx-coroutines-bom-1.8.1.pom (4.3 kB at 226 kB/s)
[INFO] Downloading from sc-generated-vendor: file:///private/tmp/sc-framework-consumer-011-20261007/sc-notes-candidate3/vendor/maven/org/jetbrains/kotlinx/kotlinx-serialization-bom/1.6.3/kotlinx-serialization-bom-1.6.3.pom
[INFO] Downloading from central: https://repo.maven.apache.org/maven2/org/jetbrains/kotlinx/kotlinx-serialization-bom/1.6.3/kotlinx-serialization-bom-1.6.3.pom
[INFO] Downloaded from central: https://repo.maven.apache.org/maven2/org/jetbrains/kotlinx/kotlinx-serialization-bom/1.6.3/kotlinx-serialization-bom-1.6.3.pom (3.7 kB at 183 kB/s)
[INFO] Downloading from sc-generated-vendor: file:///private/tmp/sc-framework-consumer-011-20261007/sc-notes-candidate3/vendor/maven/org/apache/logging/log4j/log4j-bom/2.24.3/log4j-bom-2.24.3.pom
[INFO] Downloading from central: https://repo.maven.apache.org/maven2/org/apache/logging/log4j/log4j-bom/2.24.3/log4j-bom-2.24.3.pom
[INFO] Downloaded from central: https://repo.maven.apache.org/maven2/org/apache/logging/log4j/log4j-bom/2.24.3/log4j-bom-2.24.3.pom (12 kB at 681 kB/s)
[INFO] Downloading from sc-generated-vendor: file:///private/tmp/sc-framework-consumer-011-20261007/sc-notes-candidate3/vendor/maven/org/apache/logging/logging-parent/11.3.0/logging-parent-11.3.0.pom
[INFO] Downloading from central: https://repo.maven.apache.org/maven2/org/apache/logging/logging-parent/11.3.0/logging-parent-11.3.0.pom
[INFO] Downloaded from central: https://repo.maven.apache.org/maven2/org/apache/logging/logging-parent/11.3.0/logging-parent-11.3.0.pom (53 kB at 2.3 MB/s)
[INFO] Downloading from sc-generated-vendor: file:///private/tmp/sc-framework-consumer-011-20261007/sc-notes-candidate3/vendor/maven/io/micrometer/micrometer-bom/1.15.12/micrometer-bom-1.15.12.pom
[INFO] Downloading from central: https://repo.maven.apache.org/maven2/io/micrometer/micrometer-bom/1.15.12/micrometer-bom-1.15.12.pom
[INFO] Downloaded from central: https://repo.maven.apache.org/maven2/io/micrometer/micrometer-bom/1.15.12/micrometer-bom-1.15.12.pom (8.6 kB at 431 kB/s)
[INFO] Downloading from sc-generated-vendor: file:///private/tmp/sc-framework-consumer-011-20261007/sc-notes-candidate3/vendor/maven/org/mockito/mockito-bom/5.17.0/mockito-bom-5.17.0.pom
[INFO] Downloading from central: https://repo.maven.apache.org/maven2/org/mockito/mockito-bom/5.17.0/mockito-bom-5.17.0.pom
[INFO] Downloaded from central: https://repo.maven.apache.org/maven2/org/mockito/mockito-bom/5.17.0/mockito-bom-5.17.0.pom (3.0 kB at 174 kB/s)
[INFO] Downloading from sc-generated-vendor: file:///private/tmp/sc-framework-consumer-011-20261007/sc-notes-candidate3/vendor/maven/org/mongodb/mongodb-driver-bom/5.5.2/mongodb-driver-bom-5.5.2.pom
[INFO] Downloading from central: https://repo.maven.apache.org/maven2/org/mongodb/mongodb-driver-bom/5.5.2/mongodb-driver-bom-5.5.2.pom
[INFO] Downloaded from central: https://repo.maven.apache.org/maven2/org/mongodb/mongodb-driver-bom/5.5.2/mongodb-driver-bom-5.5.2.pom (4.2 kB at 219 kB/s)
[INFO] Downloading from sc-generated-vendor: file:///private/tmp/sc-framework-consumer-011-20261007/sc-notes-candidate3/vendor/maven/io/netty/netty-bom/4.1.135.Final/netty-bom-4.1.135.Final.pom
[INFO] Downloading from central: https://repo.maven.apache.org/maven2/io/netty/netty-bom/4.1.135.Final/netty-bom-4.1.135.Final.pom
[INFO] Downloaded from central: https://repo.maven.apache.org/maven2/io/netty/netty-bom/4.1.135.Final/netty-bom-4.1.135.Final.pom (15 kB at 702 kB/s)
[INFO] Downloading from sc-generated-vendor: file:///private/tmp/sc-framework-consumer-011-20261007/sc-notes-candidate3/vendor/maven/org/sonatype/oss/oss-parent/7/oss-parent-7.pom
[INFO] Downloading from central: https://repo.maven.apache.org/maven2/org/sonatype/oss/oss-parent/7/oss-parent-7.pom
[INFO] Downloaded from central: https://repo.maven.apache.org/maven2/org/sonatype/oss/oss-parent/7/oss-parent-7.pom (4.8 kB at 241 kB/s)
[INFO] Downloading from sc-generated-vendor: file:///private/tmp/sc-framework-consumer-011-20261007/sc-notes-candidate3/vendor/maven/io/opentelemetry/opentelemetry-bom/1.49.0/opentelemetry-bom-1.49.0.pom
[INFO] Downloading from central: https://repo.maven.apache.org/maven2/io/opentelemetry/opentelemetry-bom/1.49.0/opentelemetry-bom-1.49.0.pom
[INFO] Downloaded from central: https://repo.maven.apache.org/maven2/io/opentelemetry/opentelemetry-bom/1.49.0/opentelemetry-bom-1.49.0.pom (5.9 kB at 267 kB/s)
[INFO] Downloading from sc-generated-vendor: file:///private/tmp/sc-framework-consumer-011-20261007/sc-notes-candidate3/vendor/maven/io/prometheus/prometheus-metrics-bom/1.3.10/prometheus-metrics-bom-1.3.10.pom
[INFO] Downloading from central: https://repo.maven.apache.org/maven2/io/prometheus/prometheus-metrics-bom/1.3.10/prometheus-metrics-bom-1.3.10.pom
[INFO] Downloaded from central: https://repo.maven.apache.org/maven2/io/prometheus/prometheus-metrics-bom/1.3.10/prometheus-metrics-bom-1.3.10.pom (5.8 kB at 292 kB/s)
[INFO] Downloading from sc-generated-vendor: file:///private/tmp/sc-framework-consumer-011-20261007/sc-notes-candidate3/vendor/maven/io/prometheus/client_java_parent/1.3.10/client_java_parent-1.3.10.pom
[INFO] Downloading from central: https://repo.maven.apache.org/maven2/io/prometheus/client_java_parent/1.3.10/client_java_parent-1.3.10.pom
[INFO] Downloaded from central: https://repo.maven.apache.org/maven2/io/prometheus/client_java_parent/1.3.10/client_java_parent-1.3.10.pom (4.4 kB at 242 kB/s)
[INFO] Downloading from sc-generated-vendor: file:///private/tmp/sc-framework-consumer-011-20261007/sc-notes-candidate3/vendor/maven/io/prometheus/simpleclient_bom/0.16.0/simpleclient_bom-0.16.0.pom
[INFO] Downloading from central: https://repo.maven.apache.org/maven2/io/prometheus/simpleclient_bom/0.16.0/simpleclient_bom-0.16.0.pom
[INFO] Downloaded from central: https://repo.maven.apache.org/maven2/io/prometheus/simpleclient_bom/0.16.0/simpleclient_bom-0.16.0.pom (6.0 kB at 286 kB/s)
[INFO] Downloading from sc-generated-vendor: file:///private/tmp/sc-framework-consumer-011-20261007/sc-notes-candidate3/vendor/maven/io/prometheus/parent/0.16.0/parent-0.16.0.pom
[INFO] Downloading from central: https://repo.maven.apache.org/maven2/io/prometheus/parent/0.16.0/parent-0.16.0.pom
[INFO] Downloaded from central: https://repo.maven.apache.org/maven2/io/prometheus/parent/0.16.0/parent-0.16.0.pom (13 kB at 659 kB/s)
[INFO] Downloading from sc-generated-vendor: file:///private/tmp/sc-framework-consumer-011-20261007/sc-notes-candidate3/vendor/maven/org/apache/pulsar/pulsar-bom/4.0.11/pulsar-bom-4.0.11.pom
[INFO] Downloading from central: https://repo.maven.apache.org/maven2/org/apache/pulsar/pulsar-bom/4.0.11/pulsar-bom-4.0.11.pom
[INFO] Downloaded from central: https://repo.maven.apache.org/maven2/org/apache/pulsar/pulsar-bom/4.0.11/pulsar-bom-4.0.11.pom (25 kB at 1.1 MB/s)
[INFO] Downloading from sc-generated-vendor: file:///private/tmp/sc-framework-consumer-011-20261007/sc-notes-candidate3/vendor/maven/org/apache/apache/35/apache-35.pom
[INFO] Downloading from central: https://repo.maven.apache.org/maven2/org/apache/apache/35/apache-35.pom
[INFO] Downloaded from central: https://repo.maven.apache.org/maven2/org/apache/apache/35/apache-35.pom (24 kB at 1.3 MB/s)
[INFO] Downloading from sc-generated-vendor: file:///private/tmp/sc-framework-consumer-011-20261007/sc-notes-candidate3/vendor/maven/org/apache/pulsar/pulsar-client-reactive-bom/0.6.0/pulsar-client-reactive-bom-0.6.0.pom
[INFO] Downloading from central: https://repo.maven.apache.org/maven2/org/apache/pulsar/pulsar-client-reactive-bom/0.6.0/pulsar-client-reactive-bom-0.6.0.pom
[INFO] Downloaded from central: https://repo.maven.apache.org/maven2/org/apache/pulsar/pulsar-client-reactive-bom/0.6.0/pulsar-client-reactive-bom-0.6.0.pom (2.8 kB at 156 kB/s)
[INFO] Downloading from sc-generated-vendor: file:///private/tmp/sc-framework-consumer-011-20261007/sc-notes-candidate3/vendor/maven/com/querydsl/querydsl-bom/5.1.0/querydsl-bom-5.1.0.pom
[INFO] Downloading from central: https://repo.maven.apache.org/maven2/com/querydsl/querydsl-bom/5.1.0/querydsl-bom-5.1.0.pom
[INFO] Downloaded from central: https://repo.maven.apache.org/maven2/com/querydsl/querydsl-bom/5.1.0/querydsl-bom-5.1.0.pom (7.2 kB at 325 kB/s)
[INFO] Downloading from sc-generated-vendor: file:///private/tmp/sc-framework-consumer-011-20261007/sc-notes-candidate3/vendor/maven/io/projectreactor/reactor-bom/2024.0.18/reactor-bom-2024.0.18.pom
[INFO] Downloading from central: https://repo.maven.apache.org/maven2/io/projectreactor/reactor-bom/2024.0.18/reactor-bom-2024.0.18.pom
[INFO] Downloaded from central: https://repo.maven.apache.org/maven2/io/projectreactor/reactor-bom/2024.0.18/reactor-bom-2024.0.18.pom (4.8 kB at 208 kB/s)
[INFO] Downloading from sc-generated-vendor: file:///private/tmp/sc-framework-consumer-011-20261007/sc-notes-candidate3/vendor/maven/io/rest-assured/rest-assured-bom/5.5.7/rest-assured-bom-5.5.7.pom
[INFO] Downloading from central: https://repo.maven.apache.org/maven2/io/rest-assured/rest-assured-bom/5.5.7/rest-assured-bom-5.5.7.pom
[INFO] Downloaded from central: https://repo.maven.apache.org/maven2/io/rest-assured/rest-assured-bom/5.5.7/rest-assured-bom-5.5.7.pom (4.7 kB at 195 kB/s)
[INFO] Downloading from sc-generated-vendor: file:///private/tmp/sc-framework-consumer-011-20261007/sc-notes-candidate3/vendor/maven/io/rsocket/rsocket-bom/1.1.5/rsocket-bom-1.1.5.pom
[INFO] Downloading from central: https://repo.maven.apache.org/maven2/io/rsocket/rsocket-bom/1.1.5/rsocket-bom-1.1.5.pom
[INFO] Downloaded from central: https://repo.maven.apache.org/maven2/io/rsocket/rsocket-bom/1.1.5/rsocket-bom-1.1.5.pom (2.4 kB at 113 kB/s)
[INFO] Downloading from sc-generated-vendor: file:///private/tmp/sc-framework-consumer-011-20261007/sc-notes-candidate3/vendor/maven/org/seleniumhq/selenium/selenium-bom/4.31.0/selenium-bom-4.31.0.pom
[INFO] Downloading from central: https://repo.maven.apache.org/maven2/org/seleniumhq/selenium/selenium-bom/4.31.0/selenium-bom-4.31.0.pom
[INFO] Downloaded from central: https://repo.maven.apache.org/maven2/org/seleniumhq/selenium/selenium-bom/4.31.0/selenium-bom-4.31.0.pom (5.8 kB at 278 kB/s)
[INFO] Downloading from sc-generated-vendor: file:///private/tmp/sc-framework-consumer-011-20261007/sc-notes-candidate3/vendor/maven/org/springframework/amqp/spring-amqp-bom/3.2.12/spring-amqp-bom-3.2.12.pom
[INFO] Downloading from central: https://repo.maven.apache.org/maven2/org/springframework/amqp/spring-amqp-bom/3.2.12/spring-amqp-bom-3.2.12.pom
[INFO] Downloaded from central: https://repo.maven.apache.org/maven2/org/springframework/amqp/spring-amqp-bom/3.2.12/spring-amqp-bom-3.2.12.pom (3.9 kB at 156 kB/s)
[INFO] Downloading from sc-generated-vendor: file:///private/tmp/sc-framework-consumer-011-20261007/sc-notes-candidate3/vendor/maven/org/springframework/batch/spring-batch-bom/5.2.6/spring-batch-bom-5.2.6.pom
[INFO] Downloading from central: https://repo.maven.apache.org/maven2/org/springframework/batch/spring-batch-bom/5.2.6/spring-batch-bom-5.2.6.pom
[INFO] Downloaded from central: https://repo.maven.apache.org/maven2/org/springframework/batch/spring-batch-bom/5.2.6/spring-batch-bom-5.2.6.pom (3.2 kB at 147 kB/s)
[INFO] Downloading from sc-generated-vendor: file:///private/tmp/sc-framework-consumer-011-20261007/sc-notes-candidate3/vendor/maven/org/springframework/data/spring-data-bom/2025.0.13/spring-data-bom-2025.0.13.pom
[INFO] Downloading from central: https://repo.maven.apache.org/maven2/org/springframework/data/spring-data-bom/2025.0.13/spring-data-bom-2025.0.13.pom
[INFO] Downloaded from central: https://repo.maven.apache.org/maven2/org/springframework/data/spring-data-bom/2025.0.13/spring-data-bom-2025.0.13.pom (5.5 kB at 263 kB/s)
[INFO] Downloading from sc-generated-vendor: file:///private/tmp/sc-framework-consumer-011-20261007/sc-notes-candidate3/vendor/maven/org/springframework/spring-framework-bom/6.2.19/spring-framework-bom-6.2.19.pom
[INFO] Downloading from central: https://repo.maven.apache.org/maven2/org/springframework/spring-framework-bom/6.2.19/spring-framework-bom-6.2.19.pom
[INFO] Downloaded from central: https://repo.maven.apache.org/maven2/org/springframework/spring-framework-bom/6.2.19/spring-framework-bom-6.2.19.pom (5.8 kB at 278 kB/s)
[INFO] Downloading from sc-generated-vendor: file:///private/tmp/sc-framework-consumer-011-20261007/sc-notes-candidate3/vendor/maven/org/springframework/integration/spring-integration-bom/6.5.10/spring-integration-bom-6.5.10.pom
[INFO] Downloading from central: https://repo.maven.apache.org/maven2/org/springframework/integration/spring-integration-bom/6.5.10/spring-integration-bom-6.5.10.pom
[INFO] Downloaded from central: https://repo.maven.apache.org/maven2/org/springframework/integration/spring-integration-bom/6.5.10/spring-integration-bom-6.5.10.pom (10 kB at 542 kB/s)
[INFO] Downloading from sc-generated-vendor: file:///private/tmp/sc-framework-consumer-011-20261007/sc-notes-candidate3/vendor/maven/org/springframework/pulsar/spring-pulsar-bom/1.2.18/spring-pulsar-bom-1.2.18.pom
[INFO] Downloading from central: https://repo.maven.apache.org/maven2/org/springframework/pulsar/spring-pulsar-bom/1.2.18/spring-pulsar-bom-1.2.18.pom
[INFO] Downloaded from central: https://repo.maven.apache.org/maven2/org/springframework/pulsar/spring-pulsar-bom/1.2.18/spring-pulsar-bom-1.2.18.pom (2.9 kB at 146 kB/s)
[INFO] Downloading from sc-generated-vendor: file:///private/tmp/sc-framework-consumer-011-20261007/sc-notes-candidate3/vendor/maven/org/springframework/restdocs/spring-restdocs-bom/3.0.6/spring-restdocs-bom-3.0.6.pom
[INFO] Downloading from central: https://repo.maven.apache.org/maven2/org/springframework/restdocs/spring-restdocs-bom/3.0.6/spring-restdocs-bom-3.0.6.pom
[INFO] Downloaded from central: https://repo.maven.apache.org/maven2/org/springframework/restdocs/spring-restdocs-bom/3.0.6/spring-restdocs-bom-3.0.6.pom (2.6 kB at 143 kB/s)
[INFO] Downloading from sc-generated-vendor: file:///private/tmp/sc-framework-consumer-011-20261007/sc-notes-candidate3/vendor/maven/org/springframework/security/spring-security-bom/6.5.11/spring-security-bom-6.5.11.pom
[INFO] Downloading from central: https://repo.maven.apache.org/maven2/org/springframework/security/spring-security-bom/6.5.11/spring-security-bom-6.5.11.pom
[INFO] Downloaded from central: https://repo.maven.apache.org/maven2/org/springframework/security/spring-security-bom/6.5.11/spring-security-bom-6.5.11.pom (5.3 kB at 255 kB/s)
[INFO] Downloading from sc-generated-vendor: file:///private/tmp/sc-framework-consumer-011-20261007/sc-notes-candidate3/vendor/maven/org/springframework/session/spring-session-bom/3.5.7/spring-session-bom-3.5.7.pom
[INFO] Downloading from central: https://repo.maven.apache.org/maven2/org/springframework/session/spring-session-bom/3.5.7/spring-session-bom-3.5.7.pom
[INFO] Downloaded from central: https://repo.maven.apache.org/maven2/org/springframework/session/spring-session-bom/3.5.7/spring-session-bom-3.5.7.pom (2.9 kB at 131 kB/s)
[INFO] Downloading from sc-generated-vendor: file:///private/tmp/sc-framework-consumer-011-20261007/sc-notes-candidate3/vendor/maven/org/springframework/ws/spring-ws-bom/4.1.4/spring-ws-bom-4.1.4.pom
[INFO] Downloading from central: https://repo.maven.apache.org/maven2/org/springframework/ws/spring-ws-bom/4.1.4/spring-ws-bom-4.1.4.pom
[INFO] Downloaded from central: https://repo.maven.apache.org/maven2/org/springframework/ws/spring-ws-bom/4.1.4/spring-ws-bom-4.1.4.pom (2.3 kB at 89 kB/s)
[INFO] Downloading from sc-generated-vendor: file:///private/tmp/sc-framework-consumer-011-20261007/sc-notes-candidate3/vendor/maven/org/testcontainers/testcontainers-bom/1.21.4/testcontainers-bom-1.21.4.pom
[INFO] Downloading from central: https://repo.maven.apache.org/maven2/org/testcontainers/testcontainers-bom/1.21.4/testcontainers-bom-1.21.4.pom
[INFO] Downloaded from central: https://repo.maven.apache.org/maven2/org/testcontainers/testcontainers-bom/1.21.4/testcontainers-bom-1.21.4.pom (12 kB at 550 kB/s)
[INFO] 
[INFO] ------------------< dev.scconsumer.notesapp:sc-notes >------------------
[INFO] Building sc-notes 1.0.0
[INFO]   from pom.xml
[INFO] --------------------------------[ jar ]---------------------------------
[INFO] Downloading from central: https://repo.maven.apache.org/maven2/org/springframework/boot/spring-boot-maven-plugin/3.5.16/spring-boot-maven-plugin-3.5.16.pom
[INFO] Downloaded from central: https://repo.maven.apache.org/maven2/org/springframework/boot/spring-boot-maven-plugin/3.5.16/spring-boot-maven-plugin-3.5.16.pom (4.0 kB at 223 kB/s)
[INFO] Downloading from central: https://repo.maven.apache.org/maven2/org/springframework/boot/spring-boot-maven-plugin/3.5.16/spring-boot-maven-plugin-3.5.16.jar
[INFO] Downloaded from central: https://repo.maven.apache.org/maven2/org/springframework/boot/spring-boot-maven-plugin/3.5.16/spring-boot-maven-plugin-3.5.16.jar (138 kB at 5.1 MB/s)
[INFO] Downloading from central: https://repo.maven.apache.org/maven2/org/apache/maven/plugins/maven-clean-plugin/3.4.1/maven-clean-plugin-3.4.1.pom
[INFO] Downloaded from central: https://repo.maven.apache.org/maven2/org/apache/maven/plugins/maven-clean-plugin/3.4.1/maven-clean-plugin-3.4.1.pom (5.6 kB at 296 kB/s)
[INFO] Downloading from central: https://repo.maven.apache.org/maven2/org/apache/maven/plugins/maven-plugins/43/maven-plugins-43.pom
[INFO] Downloaded from central: https://repo.maven.apache.org/maven2/org/apache/maven/plugins/maven-plugins/43/maven-plugins-43.pom (7.5 kB at 415 kB/s)
[INFO] Downloading from central: https://repo.maven.apache.org/maven2/org/apache/maven/maven-parent/43/maven-parent-43.pom
[INFO] Downloaded from central: https://repo.maven.apache.org/maven2/org/apache/maven/maven-parent/43/maven-parent-43.pom (50 kB at 2.4 MB/s)
[INFO] Downloading from central: https://repo.maven.apache.org/maven2/org/junit/junit-bom/5.10.3/junit-bom-5.10.3.pom
[INFO] Downloaded from central: https://repo.maven.apache.org/maven2/org/junit/junit-bom/5.10.3/junit-bom-5.10.3.pom (5.6 kB at 353 kB/s)
[INFO] Downloading from central: https://repo.maven.apache.org/maven2/org/apache/maven/plugins/maven-clean-plugin/3.4.1/maven-clean-plugin-3.4.1.jar
[INFO] Downloaded from central: https://repo.maven.apache.org/maven2/org/apache/maven/plugins/maven-clean-plugin/3.4.1/maven-clean-plugin-3.4.1.jar (36 kB at 1.9 MB/s)
[INFO] Downloading from central: https://repo.maven.apache.org/maven2/org/apache/maven/plugins/maven-resources-plugin/3.3.1/maven-resources-plugin-3.3.1.pom
[INFO] Downloaded from central: https://repo.maven.apache.org/maven2/org/apache/maven/plugins/maven-resources-plugin/3.3.1/maven-resources-plugin-3.3.1.pom (8.2 kB at 480 kB/s)
[INFO] Downloading from central: https://repo.maven.apache.org/maven2/org/apache/maven/plugins/maven-plugins/39/maven-plugins-39.pom
[INFO] Downloaded from central: https://repo.maven.apache.org/maven2/org/apache/maven/plugins/maven-plugins/39/maven-plugins-39.pom (8.1 kB at 450 kB/s)
[INFO] Downloading from central: https://repo.maven.apache.org/maven2/org/apache/maven/maven-parent/39/maven-parent-39.pom
[INFO] Downloaded from central: https://repo.maven.apache.org/maven2/org/apache/maven/maven-parent/39/maven-parent-39.pom (48 kB at 2.5 MB/s)
[INFO] Downloading from central: https://repo.maven.apache.org/maven2/org/apache/apache/29/apache-29.pom
[INFO] Downloaded from central: https://repo.maven.apache.org/maven2/org/apache/apache/29/apache-29.pom (21 kB at 1.2 MB/s)
[INFO] Downloading from central: https://repo.maven.apache.org/maven2/org/apache/maven/plugins/maven-resources-plugin/3.3.1/maven-resources-plugin-3.3.1.jar
[INFO] Downloaded from central: https://repo.maven.apache.org/maven2/org/apache/maven/plugins/maven-resources-plugin/3.3.1/maven-resources-plugin-3.3.1.jar (31 kB at 1.7 MB/s)
[INFO] Downloading from central: https://repo.maven.apache.org/maven2/org/apache/maven/plugins/maven-compiler-plugin/3.14.1/maven-compiler-plugin-3.14.1.pom
[INFO] Downloaded from central: https://repo.maven.apache.org/maven2/org/apache/maven/plugins/maven-compiler-plugin/3.14.1/maven-compiler-plugin-3.14.1.pom (9.9 kB at 520 kB/s)
[INFO] Downloading from central: https://repo.maven.apache.org/maven2/org/apache/maven/plugins/maven-plugins/45/maven-plugins-45.pom
[INFO] Downloaded from central: https://repo.maven.apache.org/maven2/org/apache/maven/plugins/maven-plugins/45/maven-plugins-45.pom (8.4 kB at 464 kB/s)
[INFO] Downloading from central: https://repo.maven.apache.org/maven2/org/apache/maven/maven-parent/45/maven-parent-45.pom
[INFO] Downloaded from central: https://repo.maven.apache.org/maven2/org/apache/maven/maven-parent/45/maven-parent-45.pom (53 kB at 2.3 MB/s)
[INFO] Downloading from central: https://repo.maven.apache.org/maven2/org/junit/junit-bom/5.13.1/junit-bom-5.13.1.pom
[INFO] Downloaded from central: https://repo.maven.apache.org/maven2/org/junit/junit-bom/5.13.1/junit-bom-5.13.1.pom (5.6 kB at 353 kB/s)
[INFO] Downloading from central: https://repo.maven.apache.org/maven2/org/apache/maven/plugins/maven-compiler-plugin/3.14.1/maven-compiler-plugin-3.14.1.jar
[INFO] Downloaded from central: https://repo.maven.apache.org/maven2/org/apache/maven/plugins/maven-compiler-plugin/3.14.1/maven-compiler-plugin-3.14.1.jar (84 kB at 4.4 MB/s)
[INFO] Downloading from central: https://repo.maven.apache.org/maven2/org/apache/maven/plugins/maven-surefire-plugin/3.5.6/maven-surefire-plugin-3.5.6.pom
[INFO] Downloaded from central: https://repo.maven.apache.org/maven2/org/apache/maven/plugins/maven-surefire-plugin/3.5.6/maven-surefire-plugin-3.5.6.pom (4.9 kB at 287 kB/s)
[INFO] Downloading from central: https://repo.maven.apache.org/maven2/org/apache/maven/surefire/surefire/3.5.6/surefire-3.5.6.pom
[INFO] Downloaded from central: https://repo.maven.apache.org/maven2/org/apache/maven/surefire/surefire/3.5.6/surefire-3.5.6.pom (19 kB at 960 kB/s)
[INFO] Downloading from central: https://repo.maven.apache.org/maven2/org/apache/maven/maven-parent/47/maven-parent-47.pom
[INFO] Downloaded from central: https://repo.maven.apache.org/maven2/org/apache/maven/maven-parent/47/maven-parent-47.pom (54 kB at 2.6 MB/s)
[INFO] Downloading from central: https://repo.maven.apache.org/maven2/org/apache/apache/37/apache-37.pom
[INFO] Downloaded from central: https://repo.maven.apache.org/maven2/org/apache/apache/37/apache-37.pom (26 kB at 1.3 MB/s)
[INFO] Downloading from central: https://repo.maven.apache.org/maven2/org/apache/maven/plugins/maven-surefire-plugin/3.5.6/maven-surefire-plugin-3.5.6.jar
[INFO] Downloaded from central: https://repo.maven.apache.org/maven2/org/apache/maven/plugins/maven-surefire-plugin/3.5.6/maven-surefire-plugin-3.5.6.jar (47 kB at 3.1 MB/s)
[INFO] Downloading from central: https://repo.maven.apache.org/maven2/org/apache/maven/plugins/maven-jar-plugin/3.4.2/maven-jar-plugin-3.4.2.pom
[INFO] Downloaded from central: https://repo.maven.apache.org/maven2/org/apache/maven/plugins/maven-jar-plugin/3.4.2/maven-jar-plugin-3.4.2.pom (7.7 kB at 366 kB/s)
[INFO] Downloading from central: https://repo.maven.apache.org/maven2/org/apache/maven/plugins/maven-plugins/42/maven-plugins-42.pom
[INFO] Downloaded from central: https://repo.maven.apache.org/maven2/org/apache/maven/plugins/maven-plugins/42/maven-plugins-42.pom (7.7 kB at 427 kB/s)
[INFO] Downloading from central: https://repo.maven.apache.org/maven2/org/apache/maven/maven-parent/42/maven-parent-42.pom
[INFO] Downloaded from central: https://repo.maven.apache.org/maven2/org/apache/maven/maven-parent/42/maven-parent-42.pom (50 kB at 2.3 MB/s)
[INFO] Downloading from central: https://repo.maven.apache.org/maven2/org/apache/apache/32/apache-32.pom
[INFO] Downloaded from central: https://repo.maven.apache.org/maven2/org/apache/apache/32/apache-32.pom (24 kB at 1.3 MB/s)
[INFO] Downloading from central: https://repo.maven.apache.org/maven2/org/junit/junit-bom/5.10.2/junit-bom-5.10.2.pom
[INFO] Downloaded from central: https://repo.maven.apache.org/maven2/org/junit/junit-bom/5.10.2/junit-bom-5.10.2.pom (5.6 kB at 314 kB/s)
[INFO] Downloading from central: https://repo.maven.apache.org/maven2/org/apache/maven/plugins/maven-jar-plugin/3.4.2/maven-jar-plugin-3.4.2.jar
[INFO] Downloaded from central: https://repo.maven.apache.org/maven2/org/apache/maven/plugins/maven-jar-plugin/3.4.2/maven-jar-plugin-3.4.2.jar (34 kB at 1.5 MB/s)
[INFO] Downloading from sc-generated-vendor: file:///private/tmp/sc-framework-consumer-011-20261007/sc-notes-candidate3/vendor/maven/dev/scframework/framework-spring-boot-starter/0.1.0-SNAPSHOT/maven-metadata.xml
[INFO] Downloading from sc-generated-vendor: file:///private/tmp/sc-framework-consumer-011-20261007/sc-notes-candidate3/vendor/maven/dev/scframework/framework-spring-boot-starter/0.1.0-SNAPSHOT/framework-spring-boot-starter-0.1.0-SNAPSHOT.pom
[WARNING] Could not validate integrity of download from file:///private/tmp/sc-framework-consumer-011-20261007/sc-notes-candidate3/vendor/maven/dev/scframework/framework-spring-boot-starter/0.1.0-SNAPSHOT/framework-spring-boot-starter-0.1.0-SNAPSHOT.pom
org.eclipse.aether.transfer.ChecksumFailureException: Checksum validation failed, no checksums available
    at org.eclipse.aether.internal.impl.AbstractChecksumPolicy.onNoMoreChecksums (AbstractChecksumPolicy.java:63)
    at org.eclipse.aether.connector.basic.ChecksumValidator.validate (ChecksumValidator.java:112)
    at org.eclipse.aether.connector.basic.BasicRepositoryConnector$GetTaskRunner.runTask (BasicRepositoryConnector.java:486)
    at org.eclipse.aether.connector.basic.BasicRepositoryConnector$TaskRunner.run (BasicRepositoryConnector.java:416)
    at org.eclipse.aether.connector.basic.BasicRepositoryConnector.get (BasicRepositoryConnector.java:260)
    at org.eclipse.aether.internal.impl.DefaultArtifactResolver.performDownloads (DefaultArtifactResolver.java:550)
    at org.eclipse.aether.internal.impl.DefaultArtifactResolver.resolve (DefaultArtifactResolver.java:450)
    at org.eclipse.aether.internal.impl.DefaultArtifactResolver.resolveArtifacts (DefaultArtifactResolver.java:261)
    at org.eclipse.aether.internal.impl.DefaultArtifactResolver.resolveArtifact (DefaultArtifactResolver.java:243)
    at org.apache.maven.repository.internal.DefaultArtifactDescriptorReader.loadPom (DefaultArtifactDescriptorReader.java:243)
    at org.apache.maven.repository.internal.DefaultArtifactDescriptorReader.readArtifactDescriptor (DefaultArtifactDescriptorReader.java:183)
    at org.eclipse.aether.internal.impl.collect.df.DfDependencyCollector.resolveCachedArtifactDescriptor (DfDependencyCollector.java:382)
    at org.eclipse.aether.internal.impl.collect.df.DfDependencyCollector.getArtifactDescriptorResult (DfDependencyCollector.java:368)
    at org.eclipse.aether.internal.impl.collect.df.DfDependencyCollector.processDependency (DfDependencyCollector.java:218)
    at org.eclipse.aether.internal.impl.collect.df.DfDependencyCollector.processDependency (DfDependencyCollector.java:156)
    at org.eclipse.aether.internal.impl.collect.df.DfDependencyCollector.process (DfDependencyCollector.java:138)
    at org.eclipse.aether.internal.impl.collect.df.DfDependencyCollector.doCollectDependencies (DfDependencyCollector.java:108)
    at org.eclipse.aether.internal.impl.collect.DependencyCollectorDelegate.collectDependencies (DependencyCollectorDelegate.java:222)
    at org.eclipse.aether.internal.impl.collect.DefaultDependencyCollector.collectDependencies (DefaultDependencyCollector.java:87)
    at org.eclipse.aether.internal.impl.DefaultRepositorySystem.collectDependencies (DefaultRepositorySystem.java:306)
    at org.apache.maven.project.DefaultProjectDependenciesResolver.resolve (DefaultProjectDependenciesResolver.java:151)
    at org.apache.maven.lifecycle.internal.LifecycleDependencyResolver.getDependencies (LifecycleDependencyResolver.java:227)
    at org.apache.maven.lifecycle.internal.LifecycleDependencyResolver.resolveProjectDependencies (LifecycleDependencyResolver.java:136)
    at org.apache.maven.lifecycle.internal.MojoExecutor.ensureDependenciesAreResolved (MojoExecutor.java:355)
    at org.apache.maven.lifecycle.internal.MojoExecutor.doExecute (MojoExecutor.java:314)
    at org.apache.maven.lifecycle.internal.MojoExecutor.execute (MojoExecutor.java:212)
    at org.apache.maven.lifecycle.internal.MojoExecutor.execute (MojoExecutor.java:174)
    at org.apache.maven.lifecycle.internal.MojoExecutor.access$000 (MojoExecutor.java:75)
    at org.apache.maven.lifecycle.internal.MojoExecutor$1.run (MojoExecutor.java:162)
    at org.apache.maven.plugin.DefaultMojosExecutionStrategy.execute (DefaultMojosExecutionStrategy.java:39)
    at org.apache.maven.lifecycle.internal.MojoExecutor.execute (MojoExecutor.java:159)
    at org.apache.maven.lifecycle.internal.LifecycleModuleBuilder.buildProject (LifecycleModuleBuilder.java:105)
    at org.apache.maven.lifecycle.internal.LifecycleModuleBuilder.buildProject (LifecycleModuleBuilder.java:73)
    at org.apache.maven.lifecycle.internal.builder.singlethreaded.SingleThreadedBuilder.build (SingleThreadedBuilder.java:53)
    at org.apache.maven.lifecycle.internal.LifecycleStarter.execute (LifecycleStarter.java:118)
    at org.apache.maven.DefaultMaven.doExecute (DefaultMaven.java:261)
    at org.apache.maven.DefaultMaven.doExecute (DefaultMaven.java:173)
    at org.apache.maven.DefaultMaven.execute (DefaultMaven.java:101)
    at org.apache.maven.cli.MavenCli.execute (MavenCli.java:919)
    at org.apache.maven.cli.MavenCli.doMain (MavenCli.java:285)
    at org.apache.maven.cli.MavenCli.main (MavenCli.java:207)
    at jdk.internal.reflect.DirectMethodHandleAccessor.invoke (DirectMethodHandleAccessor.java:103)
    at java.lang.reflect.Method.invoke (Method.java:580)
    at org.codehaus.plexus.classworlds.launcher.Launcher.launchEnhanced (Launcher.java:255)
    at org.codehaus.plexus.classworlds.launcher.Launcher.launch (Launcher.java:201)
    at org.codehaus.plexus.classworlds.launcher.Launcher.mainWithExitCode (Launcher.java:362)
    at org.codehaus.plexus.classworlds.launcher.Launcher.main (Launcher.java:314)
[WARNING] Checksum validation failed, no checksums available from sc-generated-vendor for file:///private/tmp/sc-framework-consumer-011-20261007/sc-notes-candidate3/vendor/maven/dev/scframework/framework-spring-boot-starter/0.1.0-SNAPSHOT/framework-spring-boot-starter-0.1.0-SNAPSHOT.pom
[INFO] Downloaded from sc-generated-vendor: file:///private/tmp/sc-framework-consumer-011-20261007/sc-notes-candidate3/vendor/maven/dev/scframework/framework-spring-boot-starter/0.1.0-SNAPSHOT/framework-spring-boot-starter-0.1.0-SNAPSHOT.pom (1.6 kB at 1.6 MB/s)
[INFO] Downloading from sc-generated-vendor: file:///private/tmp/sc-framework-consumer-011-20261007/sc-notes-candidate3/vendor/maven/dev/scframework/framework-autoconfigure/0.1.0-SNAPSHOT/maven-metadata.xml
[INFO] Downloading from sc-generated-vendor: file:///private/tmp/sc-framework-consumer-011-20261007/sc-notes-candidate3/vendor/maven/dev/scframework/framework-autoconfigure/0.1.0-SNAPSHOT/framework-autoconfigure-0.1.0-SNAPSHOT.pom
[WARNING] Could not validate integrity of download from file:///private/tmp/sc-framework-consumer-011-20261007/sc-notes-candidate3/vendor/maven/dev/scframework/framework-autoconfigure/0.1.0-SNAPSHOT/framework-autoconfigure-0.1.0-SNAPSHOT.pom
org.eclipse.aether.transfer.ChecksumFailureException: Checksum validation failed, no checksums available
    at org.eclipse.aether.internal.impl.AbstractChecksumPolicy.onNoMoreChecksums (AbstractChecksumPolicy.java:63)
    at org.eclipse.aether.connector.basic.ChecksumValidator.validate (ChecksumValidator.java:112)
    at org.eclipse.aether.connector.basic.BasicRepositoryConnector$GetTaskRunner.runTask (BasicRepositoryConnector.java:486)
    at org.eclipse.aether.connector.basic.BasicRepositoryConnector$TaskRunner.run (BasicRepositoryConnector.java:416)
    at org.eclipse.aether.connector.basic.BasicRepositoryConnector.get (BasicRepositoryConnector.java:260)
    at org.eclipse.aether.internal.impl.DefaultArtifactResolver.performDownloads (DefaultArtifactResolver.java:550)
    at org.eclipse.aether.internal.impl.DefaultArtifactResolver.resolve (DefaultArtifactResolver.java:450)
    at org.eclipse.aether.internal.impl.DefaultArtifactResolver.resolveArtifacts (DefaultArtifactResolver.java:261)
    at org.eclipse.aether.internal.impl.DefaultArtifactResolver.resolveArtifact (DefaultArtifactResolver.java:243)
    at org.apache.maven.repository.internal.DefaultArtifactDescriptorReader.loadPom (DefaultArtifactDescriptorReader.java:243)
    at org.apache.maven.repository.internal.DefaultArtifactDescriptorReader.readArtifactDescriptor (DefaultArtifactDescriptorReader.java:183)
    at org.eclipse.aether.internal.impl.collect.df.DfDependencyCollector.resolveCachedArtifactDescriptor (DfDependencyCollector.java:382)
    at org.eclipse.aether.internal.impl.collect.df.DfDependencyCollector.getArtifactDescriptorResult (DfDependencyCollector.java:368)
    at org.eclipse.aether.internal.impl.collect.df.DfDependencyCollector.processDependency (DfDependencyCollector.java:218)
    at org.eclipse.aether.internal.impl.collect.df.DfDependencyCollector.processDependency (DfDependencyCollector.java:156)
    at org.eclipse.aether.internal.impl.collect.df.DfDependencyCollector.process (DfDependencyCollector.java:138)
    at org.eclipse.aether.internal.impl.collect.df.DfDependencyCollector.doRecurse (DfDependencyCollector.java:343)
    at org.eclipse.aether.internal.impl.collect.df.DfDependencyCollector.processDependency (DfDependencyCollector.java:277)
    at org.eclipse.aether.internal.impl.collect.df.DfDependencyCollector.processDependency (DfDependencyCollector.java:156)
    at org.eclipse.aether.internal.impl.collect.df.DfDependencyCollector.process (DfDependencyCollector.java:138)
    at org.eclipse.aether.internal.impl.collect.df.DfDependencyCollector.doCollectDependencies (DfDependencyCollector.java:108)
    at org.eclipse.aether.internal.impl.collect.DependencyCollectorDelegate.collectDependencies (DependencyCollectorDelegate.java:222)
    at org.eclipse.aether.internal.impl.collect.DefaultDependencyCollector.collectDependencies (DefaultDependencyCollector.java:87)
    at org.eclipse.aether.internal.impl.DefaultRepositorySystem.collectDependencies (DefaultRepositorySystem.java:306)
    at org.apache.maven.project.DefaultProjectDependenciesResolver.resolve (DefaultProjectDependenciesResolver.java:151)
    at org.apache.maven.lifecycle.internal.LifecycleDependencyResolver.getDependencies (LifecycleDependencyResolver.java:227)
    at org.apache.maven.lifecycle.internal.LifecycleDependencyResolver.resolveProjectDependencies (LifecycleDependencyResolver.java:136)
    at org.apache.maven.lifecycle.internal.MojoExecutor.ensureDependenciesAreResolved (MojoExecutor.java:355)
    at org.apache.maven.lifecycle.internal.MojoExecutor.doExecute (MojoExecutor.java:314)
    at org.apache.maven.lifecycle.internal.MojoExecutor.execute (MojoExecutor.java:212)
    at org.apache.maven.lifecycle.internal.MojoExecutor.execute (MojoExecutor.java:174)
    at org.apache.maven.lifecycle.internal.MojoExecutor.access$000 (MojoExecutor.java:75)
    at org.apache.maven.lifecycle.internal.MojoExecutor$1.run (MojoExecutor.java:162)
    at org.apache.maven.plugin.DefaultMojosExecutionStrategy.execute (DefaultMojosExecutionStrategy.java:39)
    at org.apache.maven.lifecycle.internal.MojoExecutor.execute (MojoExecutor.java:159)
    at org.apache.maven.lifecycle.internal.LifecycleModuleBuilder.buildProject (LifecycleModuleBuilder.java:105)
    at org.apache.maven.lifecycle.internal.LifecycleModuleBuilder.buildProject (LifecycleModuleBuilder.java:73)
    at org.apache.maven.lifecycle.internal.builder.singlethreaded.SingleThreadedBuilder.build (SingleThreadedBuilder.java:53)
    at org.apache.maven.lifecycle.internal.LifecycleStarter.execute (LifecycleStarter.java:118)
    at org.apache.maven.DefaultMaven.doExecute (DefaultMaven.java:261)
    at org.apache.maven.DefaultMaven.doExecute (DefaultMaven.java:173)
    at org.apache.maven.DefaultMaven.execute (DefaultMaven.java:101)
    at org.apache.maven.cli.MavenCli.execute (MavenCli.java:919)
    at org.apache.maven.cli.MavenCli.doMain (MavenCli.java:285)
    at org.apache.maven.cli.MavenCli.main (MavenCli.java:207)
    at jdk.internal.reflect.DirectMethodHandleAccessor.invoke (DirectMethodHandleAccessor.java:103)
    at java.lang.reflect.Method.invoke (Method.java:580)
    at org.codehaus.plexus.classworlds.launcher.Launcher.launchEnhanced (Launcher.java:255)
    at org.codehaus.plexus.classworlds.launcher.Launcher.launch (Launcher.java:201)
    at org.codehaus.plexus.classworlds.launcher.Launcher.mainWithExitCode (Launcher.java:362)
    at org.codehaus.plexus.classworlds.launcher.Launcher.main (Launcher.java:314)
[WARNING] Checksum validation failed, no checksums available from sc-generated-vendor for file:///private/tmp/sc-framework-consumer-011-20261007/sc-notes-candidate3/vendor/maven/dev/scframework/framework-autoconfigure/0.1.0-SNAPSHOT/framework-autoconfigure-0.1.0-SNAPSHOT.pom
[INFO] Downloaded from sc-generated-vendor: file:///private/tmp/sc-framework-consumer-011-20261007/sc-notes-candidate3/vendor/maven/dev/scframework/framework-autoconfigure/0.1.0-SNAPSHOT/framework-autoconfigure-0.1.0-SNAPSHOT.pom (2.3 kB at 2.3 MB/s)
[INFO] Downloading from sc-generated-vendor: file:///private/tmp/sc-framework-consumer-011-20261007/sc-notes-candidate3/vendor/maven/dev/scframework/framework-core/0.1.0-SNAPSHOT/maven-metadata.xml
[INFO] Downloading from sc-generated-vendor: file:///private/tmp/sc-framework-consumer-011-20261007/sc-notes-candidate3/vendor/maven/dev/scframework/framework-core/0.1.0-SNAPSHOT/framework-core-0.1.0-SNAPSHOT.pom
[WARNING] Could not validate integrity of download from file:///private/tmp/sc-framework-consumer-011-20261007/sc-notes-candidate3/vendor/maven/dev/scframework/framework-core/0.1.0-SNAPSHOT/framework-core-0.1.0-SNAPSHOT.pom
org.eclipse.aether.transfer.ChecksumFailureException: Checksum validation failed, no checksums available
    at org.eclipse.aether.internal.impl.AbstractChecksumPolicy.onNoMoreChecksums (AbstractChecksumPolicy.java:63)
    at org.eclipse.aether.connector.basic.ChecksumValidator.validate (ChecksumValidator.java:112)
    at org.eclipse.aether.connector.basic.BasicRepositoryConnector$GetTaskRunner.runTask (BasicRepositoryConnector.java:486)
    at org.eclipse.aether.connector.basic.BasicRepositoryConnector$TaskRunner.run (BasicRepositoryConnector.java:416)
    at org.eclipse.aether.connector.basic.BasicRepositoryConnector.get (BasicRepositoryConnector.java:260)
    at org.eclipse.aether.internal.impl.DefaultArtifactResolver.performDownloads (DefaultArtifactResolver.java:550)
    at org.eclipse.aether.internal.impl.DefaultArtifactResolver.resolve (DefaultArtifactResolver.java:450)
    at org.eclipse.aether.internal.impl.DefaultArtifactResolver.resolveArtifacts (DefaultArtifactResolver.java:261)
    at org.eclipse.aether.internal.impl.DefaultArtifactResolver.resolveArtifact (DefaultArtifactResolver.java:243)
    at org.apache.maven.repository.internal.DefaultArtifactDescriptorReader.loadPom (DefaultArtifactDescriptorReader.java:243)
    at org.apache.maven.repository.internal.DefaultArtifactDescriptorReader.readArtifactDescriptor (DefaultArtifactDescriptorReader.java:183)
    at org.eclipse.aether.internal.impl.collect.df.DfDependencyCollector.resolveCachedArtifactDescriptor (DfDependencyCollector.java:382)
    at org.eclipse.aether.internal.impl.collect.df.DfDependencyCollector.getArtifactDescriptorResult (DfDependencyCollector.java:368)
    at org.eclipse.aether.internal.impl.collect.df.DfDependencyCollector.processDependency (DfDependencyCollector.java:218)
    at org.eclipse.aether.internal.impl.collect.df.DfDependencyCollector.processDependency (DfDependencyCollector.java:156)
    at org.eclipse.aether.internal.impl.collect.df.DfDependencyCollector.process (DfDependencyCollector.java:138)
    at org.eclipse.aether.internal.impl.collect.df.DfDependencyCollector.doRecurse (DfDependencyCollector.java:343)
    at org.eclipse.aether.internal.impl.collect.df.DfDependencyCollector.processDependency (DfDependencyCollector.java:277)
    at org.eclipse.aether.internal.impl.collect.df.DfDependencyCollector.processDependency (DfDependencyCollector.java:156)
    at org.eclipse.aether.internal.impl.collect.df.DfDependencyCollector.process (DfDependencyCollector.java:138)
    at org.eclipse.aether.internal.impl.collect.df.DfDependencyCollector.doRecurse (DfDependencyCollector.java:343)
    at org.eclipse.aether.internal.impl.collect.df.DfDependencyCollector.processDependency (DfDependencyCollector.java:277)
    at org.eclipse.aether.internal.impl.collect.df.DfDependencyCollector.processDependency (DfDependencyCollector.java:156)
    at org.eclipse.aether.internal.impl.collect.df.DfDependencyCollector.process (DfDependencyCollector.java:138)
    at org.eclipse.aether.internal.impl.collect.df.DfDependencyCollector.doCollectDependencies (DfDependencyCollector.java:108)
    at org.eclipse.aether.internal.impl.collect.DependencyCollectorDelegate.collectDependencies (DependencyCollectorDelegate.java:222)
    at org.eclipse.aether.internal.impl.collect.DefaultDependencyCollector.collectDependencies (DefaultDependencyCollector.java:87)
    at org.eclipse.aether.internal.impl.DefaultRepositorySystem.collectDependencies (DefaultRepositorySystem.java:306)
    at org.apache.maven.project.DefaultProjectDependenciesResolver.resolve (DefaultProjectDependenciesResolver.java:151)
    at org.apache.maven.lifecycle.internal.LifecycleDependencyResolver.getDependencies (LifecycleDependencyResolver.java:227)
    at org.apache.maven.lifecycle.internal.LifecycleDependencyResolver.resolveProjectDependencies (LifecycleDependencyResolver.java:136)
    at org.apache.maven.lifecycle.internal.MojoExecutor.ensureDependenciesAreResolved (MojoExecutor.java:355)
    at org.apache.maven.lifecycle.internal.MojoExecutor.doExecute (MojoExecutor.java:314)
    at org.apache.maven.lifecycle.internal.MojoExecutor.execute (MojoExecutor.java:212)
    at org.apache.maven.lifecycle.internal.MojoExecutor.execute (MojoExecutor.java:174)
    at org.apache.maven.lifecycle.internal.MojoExecutor.access$000 (MojoExecutor.java:75)
    at org.apache.maven.lifecycle.internal.MojoExecutor$1.run (MojoExecutor.java:162)
    at org.apache.maven.plugin.DefaultMojosExecutionStrategy.execute (DefaultMojosExecutionStrategy.java:39)
    at org.apache.maven.lifecycle.internal.MojoExecutor.execute (MojoExecutor.java:159)
    at org.apache.maven.lifecycle.internal.LifecycleModuleBuilder.buildProject (LifecycleModuleBuilder.java:105)
    at org.apache.maven.lifecycle.internal.LifecycleModuleBuilder.buildProject (LifecycleModuleBuilder.java:73)
    at org.apache.maven.lifecycle.internal.builder.singlethreaded.SingleThreadedBuilder.build (SingleThreadedBuilder.java:53)
    at org.apache.maven.lifecycle.internal.LifecycleStarter.execute (LifecycleStarter.java:118)
    at org.apache.maven.DefaultMaven.doExecute (DefaultMaven.java:261)
    at org.apache.maven.DefaultMaven.doExecute (DefaultMaven.java:173)
    at org.apache.maven.DefaultMaven.execute (DefaultMaven.java:101)
    at org.apache.maven.cli.MavenCli.execute (MavenCli.java:919)
    at org.apache.maven.cli.MavenCli.doMain (MavenCli.java:285)
    at org.apache.maven.cli.MavenCli.main (MavenCli.java:207)
    at jdk.internal.reflect.DirectMethodHandleAccessor.invoke (DirectMethodHandleAccessor.java:103)
    at java.lang.reflect.Method.invoke (Method.java:580)
    at org.codehaus.plexus.classworlds.launcher.Launcher.launchEnhanced (Launcher.java:255)
    at org.codehaus.plexus.classworlds.launcher.Launcher.launch (Launcher.java:201)
    at org.codehaus.plexus.classworlds.launcher.Launcher.mainWithExitCode (Launcher.java:362)
    at org.codehaus.plexus.classworlds.launcher.Launcher.main (Launcher.java:314)
[WARNING] Checksum validation failed, no checksums available from sc-generated-vendor for file:///private/tmp/sc-framework-consumer-011-20261007/sc-notes-candidate3/vendor/maven/dev/scframework/framework-core/0.1.0-SNAPSHOT/framework-core-0.1.0-SNAPSHOT.pom
[INFO] Downloaded from sc-generated-vendor: file:///private/tmp/sc-framework-consumer-011-20261007/sc-notes-candidate3/vendor/maven/dev/scframework/framework-core/0.1.0-SNAPSHOT/framework-core-0.1.0-SNAPSHOT.pom (652 B at 326 kB/s)
[INFO] Downloading from sc-generated-vendor: file:///private/tmp/sc-framework-consumer-011-20261007/sc-notes-candidate3/vendor/maven/org/springframework/boot/spring-boot-starter-web/3.5.16/spring-boot-starter-web-3.5.16.pom
[INFO] Downloading from central: https://repo.maven.apache.org/maven2/org/springframework/boot/spring-boot-starter-web/3.5.16/spring-boot-starter-web-3.5.16.pom
[INFO] Downloaded from central: https://repo.maven.apache.org/maven2/org/springframework/boot/spring-boot-starter-web/3.5.16/spring-boot-starter-web-3.5.16.pom (2.9 kB at 155 kB/s)
[INFO] Downloading from sc-generated-vendor: file:///private/tmp/sc-framework-consumer-011-20261007/sc-notes-candidate3/vendor/maven/org/springframework/boot/spring-boot-starter/3.5.16/spring-boot-starter-3.5.16.pom
[INFO] Downloading from central: https://repo.maven.apache.org/maven2/org/springframework/boot/spring-boot-starter/3.5.16/spring-boot-starter-3.5.16.pom
[INFO] Downloaded from central: https://repo.maven.apache.org/maven2/org/springframework/boot/spring-boot-starter/3.5.16/spring-boot-starter-3.5.16.pom (3.0 kB at 179 kB/s)
[INFO] Downloading from sc-generated-vendor: file:///private/tmp/sc-framework-consumer-011-20261007/sc-notes-candidate3/vendor/maven/org/springframework/boot/spring-boot/3.5.16/spring-boot-3.5.16.pom
[INFO] Downloading from central: https://repo.maven.apache.org/maven2/org/springframework/boot/spring-boot/3.5.16/spring-boot-3.5.16.pom
[INFO] Downloaded from central: https://repo.maven.apache.org/maven2/org/springframework/boot/spring-boot/3.5.16/spring-boot-3.5.16.pom (2.2 kB at 116 kB/s)
[INFO] Downloading from sc-generated-vendor: file:///private/tmp/sc-framework-consumer-011-20261007/sc-notes-candidate3/vendor/maven/org/springframework/spring-core/6.2.19/spring-core-6.2.19.pom
[INFO] Downloading from central: https://repo.maven.apache.org/maven2/org/springframework/spring-core/6.2.19/spring-core-6.2.19.pom
[INFO] Downloaded from central: https://repo.maven.apache.org/maven2/org/springframework/spring-core/6.2.19/spring-core-6.2.19.pom (2.0 kB at 119 kB/s)
[INFO] Downloading from sc-generated-vendor: file:///private/tmp/sc-framework-consumer-011-20261007/sc-notes-candidate3/vendor/maven/org/springframework/spring-jcl/6.2.19/spring-jcl-6.2.19.pom
[INFO] Downloading from central: https://repo.maven.apache.org/maven2/org/springframework/spring-jcl/6.2.19/spring-jcl-6.2.19.pom
[INFO] Downloaded from central: https://repo.maven.apache.org/maven2/org/springframework/spring-jcl/6.2.19/spring-jcl-6.2.19.pom (1.8 kB at 62 kB/s)
[INFO] Downloading from sc-generated-vendor: file:///private/tmp/sc-framework-consumer-011-20261007/sc-notes-candidate3/vendor/maven/org/springframework/spring-context/6.2.19/spring-context-6.2.19.pom
[INFO] Downloading from central: https://repo.maven.apache.org/maven2/org/springframework/spring-context/6.2.19/spring-context-6.2.19.pom
[INFO] Downloaded from central: https://repo.maven.apache.org/maven2/org/springframework/spring-context/6.2.19/spring-context-6.2.19.pom (2.8 kB at 164 kB/s)
[INFO] Downloading from sc-generated-vendor: file:///private/tmp/sc-framework-consumer-011-20261007/sc-notes-candidate3/vendor/maven/org/springframework/spring-aop/6.2.19/spring-aop-6.2.19.pom
[INFO] Downloading from central: https://repo.maven.apache.org/maven2/org/springframework/spring-aop/6.2.19/spring-aop-6.2.19.pom
[INFO] Downloaded from central: https://repo.maven.apache.org/maven2/org/springframework/spring-aop/6.2.19/spring-aop-6.2.19.pom (2.2 kB at 138 kB/s)
[INFO] Downloading from sc-generated-vendor: file:///private/tmp/sc-framework-consumer-011-20261007/sc-notes-candidate3/vendor/maven/org/springframework/spring-beans/6.2.19/spring-beans-6.2.19.pom
[INFO] Downloading from central: https://repo.maven.apache.org/maven2/org/springframework/spring-beans/6.2.19/spring-beans-6.2.19.pom
[INFO] Downloaded from central: https://repo.maven.apache.org/maven2/org/springframework/spring-beans/6.2.19/spring-beans-6.2.19.pom (2.0 kB at 119 kB/s)
[INFO] Downloading from sc-generated-vendor: file:///private/tmp/sc-framework-consumer-011-20261007/sc-notes-candidate3/vendor/maven/org/springframework/spring-expression/6.2.19/spring-expression-6.2.19.pom
[INFO] Downloading from central: https://repo.maven.apache.org/maven2/org/springframework/spring-expression/6.2.19/spring-expression-6.2.19.pom
[INFO] Downloaded from central: https://repo.maven.apache.org/maven2/org/springframework/spring-expression/6.2.19/spring-expression-6.2.19.pom (2.1 kB at 99 kB/s)
[INFO] Downloading from sc-generated-vendor: file:///private/tmp/sc-framework-consumer-011-20261007/sc-notes-candidate3/vendor/maven/io/micrometer/micrometer-observation/1.15.12/micrometer-observation-1.15.12.pom
[INFO] Downloading from central: https://repo.maven.apache.org/maven2/io/micrometer/micrometer-observation/1.15.12/micrometer-observation-1.15.12.pom
[INFO] Downloaded from central: https://repo.maven.apache.org/maven2/io/micrometer/micrometer-observation/1.15.12/micrometer-observation-1.15.12.pom (3.8 kB at 226 kB/s)
[INFO] Downloading from sc-generated-vendor: file:///private/tmp/sc-framework-consumer-011-20261007/sc-notes-candidate3/vendor/maven/io/micrometer/micrometer-commons/1.15.12/micrometer-commons-1.15.12.pom
[INFO] Downloading from central: https://repo.maven.apache.org/maven2/io/micrometer/micrometer-commons/1.15.12/micrometer-commons-1.15.12.pom
[INFO] Downloaded from central: https://repo.maven.apache.org/maven2/io/micrometer/micrometer-commons/1.15.12/micrometer-commons-1.15.12.pom (3.4 kB at 201 kB/s)
[INFO] Downloading from sc-generated-vendor: file:///private/tmp/sc-framework-consumer-011-20261007/sc-notes-candidate3/vendor/maven/org/springframework/boot/spring-boot-autoconfigure/3.5.16/spring-boot-autoconfigure-3.5.16.pom
[INFO] Downloading from central: https://repo.maven.apache.org/maven2/org/springframework/boot/spring-boot-autoconfigure/3.5.16/spring-boot-autoconfigure-3.5.16.pom
[INFO] Downloaded from central: https://repo.maven.apache.org/maven2/org/springframework/boot/spring-boot-autoconfigure/3.5.16/spring-boot-autoconfigure-3.5.16.pom (2.1 kB at 121 kB/s)
[INFO] Downloading from sc-generated-vendor: file:///private/tmp/sc-framework-consumer-011-20261007/sc-notes-candidate3/vendor/maven/org/springframework/boot/spring-boot-starter-logging/3.5.16/spring-boot-starter-logging-3.5.16.pom
[INFO] Downloading from central: https://repo.maven.apache.org/maven2/org/springframework/boot/spring-boot-starter-logging/3.5.16/spring-boot-starter-logging-3.5.16.pom
[INFO] Downloaded from central: https://repo.maven.apache.org/maven2/org/springframework/boot/spring-boot-starter-logging/3.5.16/spring-boot-starter-logging-3.5.16.pom (2.5 kB at 145 kB/s)
[INFO] Downloading from sc-generated-vendor: file:///private/tmp/sc-framework-consumer-011-20261007/sc-notes-candidate3/vendor/maven/ch/qos/logback/logback-classic/1.5.34/logback-classic-1.5.34.pom
[INFO] Downloading from central: https://repo.maven.apache.org/maven2/ch/qos/logback/logback-classic/1.5.34/logback-classic-1.5.34.pom
[INFO] Downloaded from central: https://repo.maven.apache.org/maven2/ch/qos/logback/logback-classic/1.5.34/logback-classic-1.5.34.pom (16 kB at 690 kB/s)
[INFO] Downloading from sc-generated-vendor: file:///private/tmp/sc-framework-consumer-011-20261007/sc-notes-candidate3/vendor/maven/ch/qos/logback/logback-parent/1.5.34/logback-parent-1.5.34.pom
[INFO] Downloading from central: https://repo.maven.apache.org/maven2/ch/qos/logback/logback-parent/1.5.34/logback-parent-1.5.34.pom
[INFO] Downloaded from central: https://repo.maven.apache.org/maven2/ch/qos/logback/logback-parent/1.5.34/logback-parent-1.5.34.pom (20 kB at 1.0 MB/s)
[INFO] Downloading from sc-generated-vendor: file:///private/tmp/sc-framework-consumer-011-20261007/sc-notes-candidate3/vendor/maven/ch/qos/logback/logback-core/1.5.34/logback-core-1.5.34.pom
[INFO] Downloading from central: https://repo.maven.apache.org/maven2/ch/qos/logback/logback-core/1.5.34/logback-core-1.5.34.pom
[INFO] Downloaded from central: https://repo.maven.apache.org/maven2/ch/qos/logback/logback-core/1.5.34/logback-core-1.5.34.pom (9.4 kB at 496 kB/s)
[INFO] Downloading from sc-generated-vendor: file:///private/tmp/sc-framework-consumer-011-20261007/sc-notes-candidate3/vendor/maven/org/slf4j/slf4j-api/2.0.18/slf4j-api-2.0.18.pom
[INFO] Downloading from central: https://repo.maven.apache.org/maven2/org/slf4j/slf4j-api/2.0.18/slf4j-api-2.0.18.pom
[INFO] Downloaded from central: https://repo.maven.apache.org/maven2/org/slf4j/slf4j-api/2.0.18/slf4j-api-2.0.18.pom (2.8 kB at 128 kB/s)
[INFO] Downloading from sc-generated-vendor: file:///private/tmp/sc-framework-consumer-011-20261007/sc-notes-candidate3/vendor/maven/org/slf4j/slf4j-parent/2.0.18/slf4j-parent-2.0.18.pom
[INFO] Downloading from central: https://repo.maven.apache.org/maven2/org/slf4j/slf4j-parent/2.0.18/slf4j-parent-2.0.18.pom
[INFO] Downloaded from central: https://repo.maven.apache.org/maven2/org/slf4j/slf4j-parent/2.0.18/slf4j-parent-2.0.18.pom (13 kB at 636 kB/s)
[INFO] Downloading from sc-generated-vendor: file:///private/tmp/sc-framework-consumer-011-20261007/sc-notes-candidate3/vendor/maven/org/slf4j/slf4j-bom/2.0.18/slf4j-bom-2.0.18.pom
[INFO] Downloading from central: https://repo.maven.apache.org/maven2/org/slf4j/slf4j-bom/2.0.18/slf4j-bom-2.0.18.pom
[INFO] Downloaded from central: https://repo.maven.apache.org/maven2/org/slf4j/slf4j-bom/2.0.18/slf4j-bom-2.0.18.pom (7.9 kB at 375 kB/s)
[INFO] Downloading from sc-generated-vendor: file:///private/tmp/sc-framework-consumer-011-20261007/sc-notes-candidate3/vendor/maven/org/apache/logging/log4j/log4j-to-slf4j/2.24.3/log4j-to-slf4j-2.24.3.pom
[INFO] Downloading from central: https://repo.maven.apache.org/maven2/org/apache/logging/log4j/log4j-to-slf4j/2.24.3/log4j-to-slf4j-2.24.3.pom
[INFO] Downloaded from central: https://repo.maven.apache.org/maven2/org/apache/logging/log4j/log4j-to-slf4j/2.24.3/log4j-to-slf4j-2.24.3.pom (5.0 kB at 280 kB/s)
[INFO] Downloading from sc-generated-vendor: file:///private/tmp/sc-framework-consumer-011-20261007/sc-notes-candidate3/vendor/maven/org/apache/logging/log4j/log4j/2.24.3/log4j-2.24.3.pom
[INFO] Downloading from central: https://repo.maven.apache.org/maven2/org/apache/logging/log4j/log4j/2.24.3/log4j-2.24.3.pom
[INFO] Downloaded from central: https://repo.maven.apache.org/maven2/org/apache/logging/log4j/log4j/2.24.3/log4j-2.24.3.pom (35 kB at 1.8 MB/s)
[INFO] Downloading from sc-generated-vendor: file:///private/tmp/sc-framework-consumer-011-20261007/sc-notes-candidate3/vendor/maven/org/apache/groovy/groovy-bom/4.0.22/groovy-bom-4.0.22.pom
[INFO] Downloading from central: https://repo.maven.apache.org/maven2/org/apache/groovy/groovy-bom/4.0.22/groovy-bom-4.0.22.pom
[INFO] Downloaded from central: https://repo.maven.apache.org/maven2/org/apache/groovy/groovy-bom/4.0.22/groovy-bom-4.0.22.pom (27 kB at 1.4 MB/s)
[INFO] Downloading from sc-generated-vendor: file:///private/tmp/sc-framework-consumer-011-20261007/sc-notes-candidate3/vendor/maven/com/fasterxml/jackson/jackson-bom/2.17.2/jackson-bom-2.17.2.pom
[INFO] Downloading from central: https://repo.maven.apache.org/maven2/com/fasterxml/jackson/jackson-bom/2.17.2/jackson-bom-2.17.2.pom
[INFO] Downloaded from central: https://repo.maven.apache.org/maven2/com/fasterxml/jackson/jackson-bom/2.17.2/jackson-bom-2.17.2.pom (19 kB at 984 kB/s)
[INFO] Downloading from sc-generated-vendor: file:///private/tmp/sc-framework-consumer-011-20261007/sc-notes-candidate3/vendor/maven/com/fasterxml/jackson/jackson-parent/2.17/jackson-parent-2.17.pom
[INFO] Downloading from central: https://repo.maven.apache.org/maven2/com/fasterxml/jackson/jackson-parent/2.17/jackson-parent-2.17.pom
[INFO] Downloaded from central: https://repo.maven.apache.org/maven2/com/fasterxml/jackson/jackson-parent/2.17/jackson-parent-2.17.pom (6.5 kB at 362 kB/s)
[INFO] Downloading from sc-generated-vendor: file:///private/tmp/sc-framework-consumer-011-20261007/sc-notes-candidate3/vendor/maven/com/fasterxml/oss-parent/58/oss-parent-58.pom
[INFO] Downloading from central: https://repo.maven.apache.org/maven2/com/fasterxml/oss-parent/58/oss-parent-58.pom
[INFO] Downloaded from central: https://repo.maven.apache.org/maven2/com/fasterxml/oss-parent/58/oss-parent-58.pom (24 kB at 1.1 MB/s)
[INFO] Downloading from sc-generated-vendor: file:///private/tmp/sc-framework-consumer-011-20261007/sc-notes-candidate3/vendor/maven/jakarta/platform/jakarta.jakartaee-bom/9.1.0/jakarta.jakartaee-bom-9.1.0.pom
[INFO] Downloading from central: https://repo.maven.apache.org/maven2/jakarta/platform/jakarta.jakartaee-bom/9.1.0/jakarta.jakartaee-bom-9.1.0.pom
[INFO] Downloaded from central: https://repo.maven.apache.org/maven2/jakarta/platform/jakarta.jakartaee-bom/9.1.0/jakarta.jakartaee-bom-9.1.0.pom (9.6 kB at 478 kB/s)
[INFO] Downloading from sc-generated-vendor: file:///private/tmp/sc-framework-consumer-011-20261007/sc-notes-candidate3/vendor/maven/jakarta/platform/jakartaee-api-parent/9.1.0/jakartaee-api-parent-9.1.0.pom
[INFO] Downloading from central: https://repo.maven.apache.org/maven2/jakarta/platform/jakartaee-api-parent/9.1.0/jakartaee-api-parent-9.1.0.pom
[INFO] Downloaded from central: https://repo.maven.apache.org/maven2/jakarta/platform/jakartaee-api-parent/9.1.0/jakartaee-api-parent-9.1.0.pom (15 kB at 645 kB/s)
[INFO] Downloading from sc-generated-vendor: file:///private/tmp/sc-framework-consumer-011-20261007/sc-notes-candidate3/vendor/maven/org/eclipse/ee4j/project/1.0.7/project-1.0.7.pom
[INFO] Downloading from central: https://repo.maven.apache.org/maven2/org/eclipse/ee4j/project/1.0.7/project-1.0.7.pom
[INFO] Downloaded from central: https://repo.maven.apache.org/maven2/org/eclipse/ee4j/project/1.0.7/project-1.0.7.pom (14 kB at 675 kB/s)
[INFO] Downloading from sc-generated-vendor: file:///private/tmp/sc-framework-consumer-011-20261007/sc-notes-candidate3/vendor/maven/org/mockito/mockito-bom/4.11.0/mockito-bom-4.11.0.pom
[INFO] Downloading from central: https://repo.maven.apache.org/maven2/org/mockito/mockito-bom/4.11.0/mockito-bom-4.11.0.pom
[INFO] Downloaded from central: https://repo.maven.apache.org/maven2/org/mockito/mockito-bom/4.11.0/mockito-bom-4.11.0.pom (3.2 kB at 175 kB/s)
[INFO] Downloading from sc-generated-vendor: file:///private/tmp/sc-framework-consumer-011-20261007/sc-notes-candidate3/vendor/maven/org/springframework/spring-framework-bom/5.3.39/spring-framework-bom-5.3.39.pom
[INFO] Downloading from central: https://repo.maven.apache.org/maven2/org/springframework/spring-framework-bom/5.3.39/spring-framework-bom-5.3.39.pom
[INFO] Downloaded from central: https://repo.maven.apache.org/maven2/org/springframework/spring-framework-bom/5.3.39/spring-framework-bom-5.3.39.pom (5.7 kB at 298 kB/s)
[INFO] Downloading from sc-generated-vendor: file:///private/tmp/sc-framework-consumer-011-20261007/sc-notes-candidate3/vendor/maven/org/apache/logging/log4j/log4j-api/2.24.3/log4j-api-2.24.3.pom
[INFO] Downloading from central: https://repo.maven.apache.org/maven2/org/apache/logging/log4j/log4j-api/2.24.3/log4j-api-2.24.3.pom
[INFO] Downloaded from central: https://repo.maven.apache.org/maven2/org/apache/logging/log4j/log4j-api/2.24.3/log4j-api-2.24.3.pom (4.4 kB at 245 kB/s)
[INFO] Downloading from sc-generated-vendor: file:///private/tmp/sc-framework-consumer-011-20261007/sc-notes-candidate3/vendor/maven/org/slf4j/jul-to-slf4j/2.0.18/jul-to-slf4j-2.0.18.pom
[INFO] Downloading from central: https://repo.maven.apache.org/maven2/org/slf4j/jul-to-slf4j/2.0.18/jul-to-slf4j-2.0.18.pom
[INFO] Downloaded from central: https://repo.maven.apache.org/maven2/org/slf4j/jul-to-slf4j/2.0.18/jul-to-slf4j-2.0.18.pom (1.1 kB at 61 kB/s)
[INFO] Downloading from sc-generated-vendor: file:///private/tmp/sc-framework-consumer-011-20261007/sc-notes-candidate3/vendor/maven/jakarta/annotation/jakarta.annotation-api/2.1.1/jakarta.annotation-api-2.1.1.pom
[INFO] Downloading from central: https://repo.maven.apache.org/maven2/jakarta/annotation/jakarta.annotation-api/2.1.1/jakarta.annotation-api-2.1.1.pom
[INFO] Downloaded from central: https://repo.maven.apache.org/maven2/jakarta/annotation/jakarta.annotation-api/2.1.1/jakarta.annotation-api-2.1.1.pom (16 kB at 832 kB/s)
[INFO] Downloading from sc-generated-vendor: file:///private/tmp/sc-framework-consumer-011-20261007/sc-notes-candidate3/vendor/maven/org/yaml/snakeyaml/2.4/snakeyaml-2.4.pom
[INFO] Downloading from central: https://repo.maven.apache.org/maven2/org/yaml/snakeyaml/2.4/snakeyaml-2.4.pom
[INFO] Downloaded from central: https://repo.maven.apache.org/maven2/org/yaml/snakeyaml/2.4/snakeyaml-2.4.pom (22 kB at 1.2 MB/s)
[INFO] Downloading from sc-generated-vendor: file:///private/tmp/sc-framework-consumer-011-20261007/sc-notes-candidate3/vendor/maven/org/springframework/boot/spring-boot-starter-json/3.5.16/spring-boot-starter-json-3.5.16.pom
[INFO] Downloading from central: https://repo.maven.apache.org/maven2/org/springframework/boot/spring-boot-starter-json/3.5.16/spring-boot-starter-json-3.5.16.pom
[INFO] Downloaded from central: https://repo.maven.apache.org/maven2/org/springframework/boot/spring-boot-starter-json/3.5.16/spring-boot-starter-json-3.5.16.pom (3.1 kB at 181 kB/s)
[INFO] Downloading from sc-generated-vendor: file:///private/tmp/sc-framework-consumer-011-20261007/sc-notes-candidate3/vendor/maven/org/springframework/spring-web/6.2.19/spring-web-6.2.19.pom
[INFO] Downloading from central: https://repo.maven.apache.org/maven2/org/springframework/spring-web/6.2.19/spring-web-6.2.19.pom
[INFO] Downloaded from central: https://repo.maven.apache.org/maven2/org/springframework/spring-web/6.2.19/spring-web-6.2.19.pom (2.4 kB at 109 kB/s)
[INFO] Downloading from sc-generated-vendor: file:///private/tmp/sc-framework-consumer-011-20261007/sc-notes-candidate3/vendor/maven/com/fasterxml/jackson/core/jackson-databind/2.21.4/jackson-databind-2.21.4.pom
[INFO] Downloading from central: https://repo.maven.apache.org/maven2/com/fasterxml/jackson/core/jackson-databind/2.21.4/jackson-databind-2.21.4.pom
[INFO] Downloaded from central: https://repo.maven.apache.org/maven2/com/fasterxml/jackson/core/jackson-databind/2.21.4/jackson-databind-2.21.4.pom (23 kB at 1.2 MB/s)
[INFO] Downloading from sc-generated-vendor: file:///private/tmp/sc-framework-consumer-011-20261007/sc-notes-candidate3/vendor/maven/com/fasterxml/jackson/jackson-base/2.21.4/jackson-base-2.21.4.pom
[INFO] Downloading from central: https://repo.maven.apache.org/maven2/com/fasterxml/jackson/jackson-base/2.21.4/jackson-base-2.21.4.pom
[INFO] Downloaded from central: https://repo.maven.apache.org/maven2/com/fasterxml/jackson/jackson-base/2.21.4/jackson-base-2.21.4.pom (13 kB at 668 kB/s)
[INFO] Downloading from sc-generated-vendor: file:///private/tmp/sc-framework-consumer-011-20261007/sc-notes-candidate3/vendor/maven/org/junit/junit-bom/5.14.1/junit-bom-5.14.1.pom
[INFO] Downloading from central: https://repo.maven.apache.org/maven2/org/junit/junit-bom/5.14.1/junit-bom-5.14.1.pom
[INFO] Downloaded from central: https://repo.maven.apache.org/maven2/org/junit/junit-bom/5.14.1/junit-bom-5.14.1.pom (5.7 kB at 315 kB/s)
[INFO] Downloading from sc-generated-vendor: file:///private/tmp/sc-framework-consumer-011-20261007/sc-notes-candidate3/vendor/maven/com/fasterxml/jackson/core/jackson-annotations/2.21/jackson-annotations-2.21.pom
[INFO] Downloading from central: https://repo.maven.apache.org/maven2/com/fasterxml/jackson/core/jackson-annotations/2.21/jackson-annotations-2.21.pom
[INFO] Downloaded from central: https://repo.maven.apache.org/maven2/com/fasterxml/jackson/core/jackson-annotations/2.21/jackson-annotations-2.21.pom (7.4 kB at 462 kB/s)
[INFO] Downloading from sc-generated-vendor: file:///private/tmp/sc-framework-consumer-011-20261007/sc-notes-candidate3/vendor/maven/com/fasterxml/jackson/core/jackson-core/2.21.4/jackson-core-2.21.4.pom
[INFO] Downloading from central: https://repo.maven.apache.org/maven2/com/fasterxml/jackson/core/jackson-core/2.21.4/jackson-core-2.21.4.pom
[INFO] Downloaded from central: https://repo.maven.apache.org/maven2/com/fasterxml/jackson/core/jackson-core/2.21.4/jackson-core-2.21.4.pom (9.7 kB at 571 kB/s)
[INFO] Downloading from sc-generated-vendor: file:///private/tmp/sc-framework-consumer-011-20261007/sc-notes-candidate3/vendor/maven/com/fasterxml/jackson/datatype/jackson-datatype-jdk8/2.21.4/jackson-datatype-jdk8-2.21.4.pom
[INFO] Downloading from central: https://repo.maven.apache.org/maven2/com/fasterxml/jackson/datatype/jackson-datatype-jdk8/2.21.4/jackson-datatype-jdk8-2.21.4.pom
[INFO] Downloaded from central: https://repo.maven.apache.org/maven2/com/fasterxml/jackson/datatype/jackson-datatype-jdk8/2.21.4/jackson-datatype-jdk8-2.21.4.pom (2.8 kB at 163 kB/s)
[INFO] Downloading from sc-generated-vendor: file:///private/tmp/sc-framework-consumer-011-20261007/sc-notes-candidate3/vendor/maven/com/fasterxml/jackson/module/jackson-modules-java8/2.21.4/jackson-modules-java8-2.21.4.pom
[INFO] Downloading from central: https://repo.maven.apache.org/maven2/com/fasterxml/jackson/module/jackson-modules-java8/2.21.4/jackson-modules-java8-2.21.4.pom
[INFO] Downloaded from central: https://repo.maven.apache.org/maven2/com/fasterxml/jackson/module/jackson-modules-java8/2.21.4/jackson-modules-java8-2.21.4.pom (3.1 kB at 128 kB/s)
[INFO] Downloading from sc-generated-vendor: file:///private/tmp/sc-framework-consumer-011-20261007/sc-notes-candidate3/vendor/maven/com/fasterxml/jackson/datatype/jackson-datatype-jsr310/2.21.4/jackson-datatype-jsr310-2.21.4.pom
[INFO] Downloading from central: https://repo.maven.apache.org/maven2/com/fasterxml/jackson/datatype/jackson-datatype-jsr310/2.21.4/jackson-datatype-jsr310-2.21.4.pom
[INFO] Downloaded from central: https://repo.maven.apache.org/maven2/com/fasterxml/jackson/datatype/jackson-datatype-jsr310/2.21.4/jackson-datatype-jsr310-2.21.4.pom (5.3 kB at 297 kB/s)
[INFO] Downloading from sc-generated-vendor: file:///private/tmp/sc-framework-consumer-011-20261007/sc-notes-candidate3/vendor/maven/com/fasterxml/jackson/module/jackson-module-parameter-names/2.21.4/jackson-module-parameter-names-2.21.4.pom
[INFO] Downloading from central: https://repo.maven.apache.org/maven2/com/fasterxml/jackson/module/jackson-module-parameter-names/2.21.4/jackson-module-parameter-names-2.21.4.pom
[INFO] Downloaded from central: https://repo.maven.apache.org/maven2/com/fasterxml/jackson/module/jackson-module-parameter-names/2.21.4/jackson-module-parameter-names-2.21.4.pom (4.2 kB at 246 kB/s)
[INFO] Downloading from sc-generated-vendor: file:///private/tmp/sc-framework-consumer-011-20261007/sc-notes-candidate3/vendor/maven/org/springframework/boot/spring-boot-starter-tomcat/3.5.16/spring-boot-starter-tomcat-3.5.16.pom
[INFO] Downloading from central: https://repo.maven.apache.org/maven2/org/springframework/boot/spring-boot-starter-tomcat/3.5.16/spring-boot-starter-tomcat-3.5.16.pom
[INFO] Downloaded from central: https://repo.maven.apache.org/maven2/org/springframework/boot/spring-boot-starter-tomcat/3.5.16/spring-boot-starter-tomcat-3.5.16.pom (3.1 kB at 184 kB/s)
[INFO] Downloading from sc-generated-vendor: file:///private/tmp/sc-framework-consumer-011-20261007/sc-notes-candidate3/vendor/maven/org/apache/tomcat/embed/tomcat-embed-core/10.1.55/tomcat-embed-core-10.1.55.pom
[INFO] Downloading from central: https://repo.maven.apache.org/maven2/org/apache/tomcat/embed/tomcat-embed-core/10.1.55/tomcat-embed-core-10.1.55.pom
[INFO] Downloaded from central: https://repo.maven.apache.org/maven2/org/apache/tomcat/embed/tomcat-embed-core/10.1.55/tomcat-embed-core-10.1.55.pom (1.7 kB at 91 kB/s)
[INFO] Downloading from sc-generated-vendor: file:///private/tmp/sc-framework-consumer-011-20261007/sc-notes-candidate3/vendor/maven/org/apache/tomcat/embed/tomcat-embed-el/10.1.55/tomcat-embed-el-10.1.55.pom
[INFO] Downloading from central: https://repo.maven.apache.org/maven2/org/apache/tomcat/embed/tomcat-embed-el/10.1.55/tomcat-embed-el-10.1.55.pom
[INFO] Downloaded from central: https://repo.maven.apache.org/maven2/org/apache/tomcat/embed/tomcat-embed-el/10.1.55/tomcat-embed-el-10.1.55.pom (1.5 kB at 84 kB/s)
[INFO] Downloading from sc-generated-vendor: file:///private/tmp/sc-framework-consumer-011-20261007/sc-notes-candidate3/vendor/maven/org/apache/tomcat/embed/tomcat-embed-websocket/10.1.55/tomcat-embed-websocket-10.1.55.pom
[INFO] Downloading from central: https://repo.maven.apache.org/maven2/org/apache/tomcat/embed/tomcat-embed-websocket/10.1.55/tomcat-embed-websocket-10.1.55.pom
[INFO] Downloaded from central: https://repo.maven.apache.org/maven2/org/apache/tomcat/embed/tomcat-embed-websocket/10.1.55/tomcat-embed-websocket-10.1.55.pom (1.7 kB at 103 kB/s)
[INFO] Downloading from sc-generated-vendor: file:///private/tmp/sc-framework-consumer-011-20261007/sc-notes-candidate3/vendor/maven/org/springframework/spring-webmvc/6.2.19/spring-webmvc-6.2.19.pom
[INFO] Downloading from central: https://repo.maven.apache.org/maven2/org/springframework/spring-webmvc/6.2.19/spring-webmvc-6.2.19.pom
[INFO] Downloaded from central: https://repo.maven.apache.org/maven2/org/springframework/spring-webmvc/6.2.19/spring-webmvc-6.2.19.pom (3.0 kB at 165 kB/s)
[INFO] Downloading from sc-generated-vendor: file:///private/tmp/sc-framework-consumer-011-20261007/sc-notes-candidate3/vendor/maven/org/springframework/boot/spring-boot-starter-security/3.5.16/spring-boot-starter-security-3.5.16.pom
[INFO] Downloading from central: https://repo.maven.apache.org/maven2/org/springframework/boot/spring-boot-starter-security/3.5.16/spring-boot-starter-security-3.5.16.pom
[INFO] Downloaded from central: https://repo.maven.apache.org/maven2/org/springframework/boot/spring-boot-starter-security/3.5.16/spring-boot-starter-security-3.5.16.pom (2.7 kB at 157 kB/s)
[INFO] Downloading from sc-generated-vendor: file:///private/tmp/sc-framework-consumer-011-20261007/sc-notes-candidate3/vendor/maven/org/springframework/security/spring-security-config/6.5.11/spring-security-config-6.5.11.pom
[INFO] Downloading from central: https://repo.maven.apache.org/maven2/org/springframework/security/spring-security-config/6.5.11/spring-security-config-6.5.11.pom
[INFO] Downloaded from central: https://repo.maven.apache.org/maven2/org/springframework/security/spring-security-config/6.5.11/spring-security-config-6.5.11.pom (2.8 kB at 158 kB/s)
[INFO] Downloading from sc-generated-vendor: file:///private/tmp/sc-framework-consumer-011-20261007/sc-notes-candidate3/vendor/maven/org/springframework/security/spring-security-core/6.5.11/spring-security-core-6.5.11.pom
[INFO] Downloading from central: https://repo.maven.apache.org/maven2/org/springframework/security/spring-security-core/6.5.11/spring-security-core-6.5.11.pom
[INFO] Downloaded from central: https://repo.maven.apache.org/maven2/org/springframework/security/spring-security-core/6.5.11/spring-security-core-6.5.11.pom (3.2 kB at 169 kB/s)
[INFO] Downloading from sc-generated-vendor: file:///private/tmp/sc-framework-consumer-011-20261007/sc-notes-candidate3/vendor/maven/org/springframework/security/spring-security-crypto/6.5.11/spring-security-crypto-6.5.11.pom
[INFO] Downloading from central: https://repo.maven.apache.org/maven2/org/springframework/security/spring-security-crypto/6.5.11/spring-security-crypto-6.5.11.pom
[INFO] Downloaded from central: https://repo.maven.apache.org/maven2/org/springframework/security/spring-security-crypto/6.5.11/spring-security-crypto-6.5.11.pom (2.1 kB at 92 kB/s)
[INFO] Downloading from sc-generated-vendor: file:///private/tmp/sc-framework-consumer-011-20261007/sc-notes-candidate3/vendor/maven/org/springframework/security/spring-security-web/6.5.11/spring-security-web-6.5.11.pom
[INFO] Downloading from central: https://repo.maven.apache.org/maven2/org/springframework/security/spring-security-web/6.5.11/spring-security-web-6.5.11.pom
[INFO] Downloaded from central: https://repo.maven.apache.org/maven2/org/springframework/security/spring-security-web/6.5.11/spring-security-web-6.5.11.pom (3.2 kB at 169 kB/s)
[INFO] Downloading from sc-generated-vendor: file:///private/tmp/sc-framework-consumer-011-20261007/sc-notes-candidate3/vendor/maven/org/springframework/boot/spring-boot-starter-validation/3.5.16/spring-boot-starter-validation-3.5.16.pom
[INFO] Downloading from central: https://repo.maven.apache.org/maven2/org/springframework/boot/spring-boot-starter-validation/3.5.16/spring-boot-starter-validation-3.5.16.pom
[INFO] Downloaded from central: https://repo.maven.apache.org/maven2/org/springframework/boot/spring-boot-starter-validation/3.5.16/spring-boot-starter-validation-3.5.16.pom (2.5 kB at 140 kB/s)
[INFO] Downloading from sc-generated-vendor: file:///private/tmp/sc-framework-consumer-011-20261007/sc-notes-candidate3/vendor/maven/org/hibernate/validator/hibernate-validator/8.0.3.Final/hibernate-validator-8.0.3.Final.pom
[INFO] Downloading from central: https://repo.maven.apache.org/maven2/org/hibernate/validator/hibernate-validator/8.0.3.Final/hibernate-validator-8.0.3.Final.pom
[INFO] Downloaded from central: https://repo.maven.apache.org/maven2/org/hibernate/validator/hibernate-validator/8.0.3.Final/hibernate-validator-8.0.3.Final.pom (5.3 kB at 280 kB/s)
[INFO] Downloading from sc-generated-vendor: file:///private/tmp/sc-framework-consumer-011-20261007/sc-notes-candidate3/vendor/maven/jakarta/validation/jakarta.validation-api/3.0.2/jakarta.validation-api-3.0.2.pom
[INFO] Downloading from central: https://repo.maven.apache.org/maven2/jakarta/validation/jakarta.validation-api/3.0.2/jakarta.validation-api-3.0.2.pom
[INFO] Downloaded from central: https://repo.maven.apache.org/maven2/jakarta/validation/jakarta.validation-api/3.0.2/jakarta.validation-api-3.0.2.pom (11 kB at 523 kB/s)
[INFO] Downloading from sc-generated-vendor: file:///private/tmp/sc-framework-consumer-011-20261007/sc-notes-candidate3/vendor/maven/org/eclipse/ee4j/project/1.0.6/project-1.0.6.pom
[INFO] Downloading from central: https://repo.maven.apache.org/maven2/org/eclipse/ee4j/project/1.0.6/project-1.0.6.pom
[INFO] Downloaded from central: https://repo.maven.apache.org/maven2/org/eclipse/ee4j/project/1.0.6/project-1.0.6.pom (13 kB at 702 kB/s)
[INFO] Downloading from sc-generated-vendor: file:///private/tmp/sc-framework-consumer-011-20261007/sc-notes-candidate3/vendor/maven/org/jboss/logging/jboss-logging/3.6.3.Final/jboss-logging-3.6.3.Final.pom
[INFO] Downloading from central: https://repo.maven.apache.org/maven2/org/jboss/logging/jboss-logging/3.6.3.Final/jboss-logging-3.6.3.Final.pom
[INFO] Downloaded from central: https://repo.maven.apache.org/maven2/org/jboss/logging/jboss-logging/3.6.3.Final/jboss-logging-3.6.3.Final.pom (23 kB at 1.1 MB/s)
[INFO] Downloading from sc-generated-vendor: file:///private/tmp/sc-framework-consumer-011-20261007/sc-notes-candidate3/vendor/maven/org/jboss/jboss-parent/52/jboss-parent-52.pom
[INFO] Downloading from central: https://repo.maven.apache.org/maven2/org/jboss/jboss-parent/52/jboss-parent-52.pom
[INFO] Downloaded from central: https://repo.maven.apache.org/maven2/org/jboss/jboss-parent/52/jboss-parent-52.pom (102 kB at 4.9 MB/s)
[INFO] Downloading from sc-generated-vendor: file:///private/tmp/sc-framework-consumer-011-20261007/sc-notes-candidate3/vendor/maven/org/junit/junit-bom/5.13.4/junit-bom-5.13.4.pom
[INFO] Downloading from central: https://repo.maven.apache.org/maven2/org/junit/junit-bom/5.13.4/junit-bom-5.13.4.pom
[INFO] Downloaded from central: https://repo.maven.apache.org/maven2/org/junit/junit-bom/5.13.4/junit-bom-5.13.4.pom (5.7 kB at 354 kB/s)
[INFO] Downloading from sc-generated-vendor: file:///private/tmp/sc-framework-consumer-011-20261007/sc-notes-candidate3/vendor/maven/com/fasterxml/classmate/1.7.3/classmate-1.7.3.pom
[INFO] Downloading from central: https://repo.maven.apache.org/maven2/com/fasterxml/classmate/1.7.3/classmate-1.7.3.pom
[INFO] Downloaded from central: https://repo.maven.apache.org/maven2/com/fasterxml/classmate/1.7.3/classmate-1.7.3.pom (6.5 kB at 361 kB/s)
[INFO] Downloading from sc-generated-vendor: file:///private/tmp/sc-framework-consumer-011-20261007/sc-notes-candidate3/vendor/maven/com/fasterxml/oss-parent/74/oss-parent-74.pom
[INFO] Downloading from central: https://repo.maven.apache.org/maven2/com/fasterxml/oss-parent/74/oss-parent-74.pom
[INFO] Downloaded from central: https://repo.maven.apache.org/maven2/com/fasterxml/oss-parent/74/oss-parent-74.pom (24 kB at 1.2 MB/s)
[INFO] Downloading from sc-generated-vendor: file:///private/tmp/sc-framework-consumer-011-20261007/sc-notes-candidate3/vendor/maven/org/springframework/spring-jdbc/6.2.19/spring-jdbc-6.2.19.pom
[INFO] Downloading from central: https://repo.maven.apache.org/maven2/org/springframework/spring-jdbc/6.2.19/spring-jdbc-6.2.19.pom
[INFO] Downloaded from central: https://repo.maven.apache.org/maven2/org/springframework/spring-jdbc/6.2.19/spring-jdbc-6.2.19.pom (2.4 kB at 126 kB/s)
[INFO] Downloading from sc-generated-vendor: file:///private/tmp/sc-framework-consumer-011-20261007/sc-notes-candidate3/vendor/maven/org/springframework/spring-tx/6.2.19/spring-tx-6.2.19.pom
[INFO] Downloading from central: https://repo.maven.apache.org/maven2/org/springframework/spring-tx/6.2.19/spring-tx-6.2.19.pom
[INFO] Downloaded from central: https://repo.maven.apache.org/maven2/org/springframework/spring-tx/6.2.19/spring-tx-6.2.19.pom (2.2 kB at 101 kB/s)
[INFO] Downloading from sc-generated-vendor: file:///private/tmp/sc-framework-consumer-011-20261007/sc-notes-candidate3/vendor/maven/org/springframework/spring-orm/6.2.19/spring-orm-6.2.19.pom
[INFO] Downloading from central: https://repo.maven.apache.org/maven2/org/springframework/spring-orm/6.2.19/spring-orm-6.2.19.pom
[INFO] Downloaded from central: https://repo.maven.apache.org/maven2/org/springframework/spring-orm/6.2.19/spring-orm-6.2.19.pom (2.6 kB at 125 kB/s)
[INFO] Downloading from sc-generated-vendor: file:///private/tmp/sc-framework-consumer-011-20261007/sc-notes-candidate3/vendor/maven/jakarta/persistence/jakarta.persistence-api/3.1.0/jakarta.persistence-api-3.1.0.pom
[INFO] Downloading from central: https://repo.maven.apache.org/maven2/jakarta/persistence/jakarta.persistence-api/3.1.0/jakarta.persistence-api-3.1.0.pom
[INFO] Downloaded from central: https://repo.maven.apache.org/maven2/jakarta/persistence/jakarta.persistence-api/3.1.0/jakarta.persistence-api-3.1.0.pom (16 kB at 818 kB/s)
[INFO] Downloading from sc-generated-vendor: file:///private/tmp/sc-framework-consumer-011-20261007/sc-notes-candidate3/vendor/maven/org/springframework/boot/spring-boot-starter-data-jpa/3.5.16/spring-boot-starter-data-jpa-3.5.16.pom
[INFO] Downloading from central: https://repo.maven.apache.org/maven2/org/springframework/boot/spring-boot-starter-data-jpa/3.5.16/spring-boot-starter-data-jpa-3.5.16.pom
[INFO] Downloaded from central: https://repo.maven.apache.org/maven2/org/springframework/boot/spring-boot-starter-data-jpa/3.5.16/spring-boot-starter-data-jpa-3.5.16.pom (2.9 kB at 169 kB/s)
[INFO] Downloading from sc-generated-vendor: file:///private/tmp/sc-framework-consumer-011-20261007/sc-notes-candidate3/vendor/maven/org/springframework/boot/spring-boot-starter-jdbc/3.5.16/spring-boot-starter-jdbc-3.5.16.pom
[INFO] Downloading from central: https://repo.maven.apache.org/maven2/org/springframework/boot/spring-boot-starter-jdbc/3.5.16/spring-boot-starter-jdbc-3.5.16.pom
[INFO] Downloaded from central: https://repo.maven.apache.org/maven2/org/springframework/boot/spring-boot-starter-jdbc/3.5.16/spring-boot-starter-jdbc-3.5.16.pom (2.5 kB at 136 kB/s)
[INFO] Downloading from sc-generated-vendor: file:///private/tmp/sc-framework-consumer-011-20261007/sc-notes-candidate3/vendor/maven/com/zaxxer/HikariCP/6.3.3/HikariCP-6.3.3.pom
[INFO] Downloading from central: https://repo.maven.apache.org/maven2/com/zaxxer/HikariCP/6.3.3/HikariCP-6.3.3.pom
[INFO] Downloaded from central: https://repo.maven.apache.org/maven2/com/zaxxer/HikariCP/6.3.3/HikariCP-6.3.3.pom (29 kB at 1.1 MB/s)
[INFO] Downloading from sc-generated-vendor: file:///private/tmp/sc-framework-consumer-011-20261007/sc-notes-candidate3/vendor/maven/org/hibernate/orm/hibernate-core/6.6.53.Final/hibernate-core-6.6.53.Final.pom
[INFO] Downloading from central: https://repo.maven.apache.org/maven2/org/hibernate/orm/hibernate-core/6.6.53.Final/hibernate-core-6.6.53.Final.pom
[INFO] Downloaded from central: https://repo.maven.apache.org/maven2/org/hibernate/orm/hibernate-core/6.6.53.Final/hibernate-core-6.6.53.Final.pom (5.8 kB at 288 kB/s)
[INFO] Downloading from sc-generated-vendor: file:///private/tmp/sc-framework-consumer-011-20261007/sc-notes-candidate3/vendor/maven/jakarta/transaction/jakarta.transaction-api/2.0.1/jakarta.transaction-api-2.0.1.pom
[INFO] Downloading from central: https://repo.maven.apache.org/maven2/jakarta/transaction/jakarta.transaction-api/2.0.1/jakarta.transaction-api-2.0.1.pom
[INFO] Downloaded from central: https://repo.maven.apache.org/maven2/jakarta/transaction/jakarta.transaction-api/2.0.1/jakarta.transaction-api-2.0.1.pom (14 kB at 649 kB/s)
[INFO] Downloading from sc-generated-vendor: file:///private/tmp/sc-framework-consumer-011-20261007/sc-notes-candidate3/vendor/maven/org/hibernate/common/hibernate-commons-annotations/7.0.3.Final/hibernate-commons-annotations-7.0.3.Final.pom
[INFO] Downloading from central: https://repo.maven.apache.org/maven2/org/hibernate/common/hibernate-commons-annotations/7.0.3.Final/hibernate-commons-annotations-7.0.3.Final.pom
[INFO] Downloaded from central: https://repo.maven.apache.org/maven2/org/hibernate/common/hibernate-commons-annotations/7.0.3.Final/hibernate-commons-annotations-7.0.3.Final.pom (2.0 kB at 113 kB/s)
[INFO] Downloading from sc-generated-vendor: file:///private/tmp/sc-framework-consumer-011-20261007/sc-notes-candidate3/vendor/maven/io/smallrye/jandex/3.2.0/jandex-3.2.0.pom
[INFO] Downloading from central: https://repo.maven.apache.org/maven2/io/smallrye/jandex/3.2.0/jandex-3.2.0.pom
[INFO] Downloaded from central: https://repo.maven.apache.org/maven2/io/smallrye/jandex/3.2.0/jandex-3.2.0.pom (7.0 kB at 387 kB/s)
[INFO] Downloading from sc-generated-vendor: file:///private/tmp/sc-framework-consumer-011-20261007/sc-notes-candidate3/vendor/maven/io/smallrye/jandex-parent/3.2.0/jandex-parent-3.2.0.pom
[INFO] Downloading from central: https://repo.maven.apache.org/maven2/io/smallrye/jandex-parent/3.2.0/jandex-parent-3.2.0.pom
[INFO] Downloaded from central: https://repo.maven.apache.org/maven2/io/smallrye/jandex-parent/3.2.0/jandex-parent-3.2.0.pom (7.2 kB at 343 kB/s)
[INFO] Downloading from sc-generated-vendor: file:///private/tmp/sc-framework-consumer-011-20261007/sc-notes-candidate3/vendor/maven/io/smallrye/smallrye-build-parent/42/smallrye-build-parent-42.pom
[INFO] Downloading from central: https://repo.maven.apache.org/maven2/io/smallrye/smallrye-build-parent/42/smallrye-build-parent-42.pom
[INFO] Downloaded from central: https://repo.maven.apache.org/maven2/io/smallrye/smallrye-build-parent/42/smallrye-build-parent-42.pom (39 kB at 1.7 MB/s)
[INFO] Downloading from sc-generated-vendor: file:///private/tmp/sc-framework-consumer-011-20261007/sc-notes-candidate3/vendor/maven/net/bytebuddy/byte-buddy/1.17.8/byte-buddy-1.17.8.pom
[INFO] Downloading from central: https://repo.maven.apache.org/maven2/net/bytebuddy/byte-buddy/1.17.8/byte-buddy-1.17.8.pom
[INFO] Downloaded from central: https://repo.maven.apache.org/maven2/net/bytebuddy/byte-buddy/1.17.8/byte-buddy-1.17.8.pom (19 kB at 923 kB/s)
[INFO] Downloading from sc-generated-vendor: file:///private/tmp/sc-framework-consumer-011-20261007/sc-notes-candidate3/vendor/maven/net/bytebuddy/byte-buddy-parent/1.17.8/byte-buddy-parent-1.17.8.pom
[INFO] Downloading from central: https://repo.maven.apache.org/maven2/net/bytebuddy/byte-buddy-parent/1.17.8/byte-buddy-parent-1.17.8.pom
[INFO] Downloaded from central: https://repo.maven.apache.org/maven2/net/bytebuddy/byte-buddy-parent/1.17.8/byte-buddy-parent-1.17.8.pom (66 kB at 3.0 MB/s)
[INFO] Downloading from sc-generated-vendor: file:///private/tmp/sc-framework-consumer-011-20261007/sc-notes-candidate3/vendor/maven/jakarta/xml/bind/jakarta.xml.bind-api/4.0.5/jakarta.xml.bind-api-4.0.5.pom
[INFO] Downloading from central: https://repo.maven.apache.org/maven2/jakarta/xml/bind/jakarta.xml.bind-api/4.0.5/jakarta.xml.bind-api-4.0.5.pom
[INFO] Downloaded from central: https://repo.maven.apache.org/maven2/jakarta/xml/bind/jakarta.xml.bind-api/4.0.5/jakarta.xml.bind-api-4.0.5.pom (13 kB at 636 kB/s)
[INFO] Downloading from sc-generated-vendor: file:///private/tmp/sc-framework-consumer-011-20261007/sc-notes-candidate3/vendor/maven/jakarta/xml/bind/jakarta.xml.bind-api-parent/4.0.5/jakarta.xml.bind-api-parent-4.0.5.pom
[INFO] Downloading from central: https://repo.maven.apache.org/maven2/jakarta/xml/bind/jakarta.xml.bind-api-parent/4.0.5/jakarta.xml.bind-api-parent-4.0.5.pom
[INFO] Downloaded from central: https://repo.maven.apache.org/maven2/jakarta/xml/bind/jakarta.xml.bind-api-parent/4.0.5/jakarta.xml.bind-api-parent-4.0.5.pom (9.1 kB at 538 kB/s)
[INFO] Downloading from sc-generated-vendor: file:///private/tmp/sc-framework-consumer-011-20261007/sc-notes-candidate3/vendor/maven/jakarta/activation/jakarta.activation-api/2.1.4/jakarta.activation-api-2.1.4.pom
[INFO] Downloading from central: https://repo.maven.apache.org/maven2/jakarta/activation/jakarta.activation-api/2.1.4/jakarta.activation-api-2.1.4.pom
[INFO] Downloaded from central: https://repo.maven.apache.org/maven2/jakarta/activation/jakarta.activation-api/2.1.4/jakarta.activation-api-2.1.4.pom (19 kB at 842 kB/s)
[INFO] Downloading from sc-generated-vendor: file:///private/tmp/sc-framework-consumer-011-20261007/sc-notes-candidate3/vendor/maven/org/glassfish/jaxb/jaxb-runtime/4.0.9/jaxb-runtime-4.0.9.pom
[INFO] Downloading from central: https://repo.maven.apache.org/maven2/org/glassfish/jaxb/jaxb-runtime/4.0.9/jaxb-runtime-4.0.9.pom
[INFO] Downloaded from central: https://repo.maven.apache.org/maven2/org/glassfish/jaxb/jaxb-runtime/4.0.9/jaxb-runtime-4.0.9.pom (11 kB at 546 kB/s)
[INFO] Downloading from sc-generated-vendor: file:///private/tmp/sc-framework-consumer-011-20261007/sc-notes-candidate3/vendor/maven/org/glassfish/jaxb/jaxb-runtime-parent/4.0.9/jaxb-runtime-parent-4.0.9.pom
[INFO] Downloading from central: https://repo.maven.apache.org/maven2/org/glassfish/jaxb/jaxb-runtime-parent/4.0.9/jaxb-runtime-parent-4.0.9.pom
[INFO] Downloaded from central: https://repo.maven.apache.org/maven2/org/glassfish/jaxb/jaxb-runtime-parent/4.0.9/jaxb-runtime-parent-4.0.9.pom (1.3 kB at 75 kB/s)
[INFO] Downloading from sc-generated-vendor: file:///private/tmp/sc-framework-consumer-011-20261007/sc-notes-candidate3/vendor/maven/org/glassfish/jaxb/jaxb-parent/4.0.9/jaxb-parent-4.0.9.pom
[INFO] Downloading from central: https://repo.maven.apache.org/maven2/org/glassfish/jaxb/jaxb-parent/4.0.9/jaxb-parent-4.0.9.pom
[INFO] Downloaded from central: https://repo.maven.apache.org/maven2/org/glassfish/jaxb/jaxb-parent/4.0.9/jaxb-parent-4.0.9.pom (35 kB at 1.7 MB/s)
[INFO] Downloading from sc-generated-vendor: file:///private/tmp/sc-framework-consumer-011-20261007/sc-notes-candidate3/vendor/maven/org/glassfish/jaxb/jaxb-bom-ext/4.0.9/jaxb-bom-ext-4.0.9.pom
[INFO] Downloading from central: https://repo.maven.apache.org/maven2/org/glassfish/jaxb/jaxb-bom-ext/4.0.9/jaxb-bom-ext-4.0.9.pom
[INFO] Downloaded from central: https://repo.maven.apache.org/maven2/org/glassfish/jaxb/jaxb-bom-ext/4.0.9/jaxb-bom-ext-4.0.9.pom (3.6 kB at 99 kB/s)
[INFO] Downloading from sc-generated-vendor: file:///private/tmp/sc-framework-consumer-011-20261007/sc-notes-candidate3/vendor/maven/org/glassfish/jaxb/jaxb-core/4.0.9/jaxb-core-4.0.9.pom
[INFO] Downloading from central: https://repo.maven.apache.org/maven2/org/glassfish/jaxb/jaxb-core/4.0.9/jaxb-core-4.0.9.pom
[INFO] Downloaded from central: https://repo.maven.apache.org/maven2/org/glassfish/jaxb/jaxb-core/4.0.9/jaxb-core-4.0.9.pom (3.8 kB at 201 kB/s)
[INFO] Downloading from sc-generated-vendor: file:///private/tmp/sc-framework-consumer-011-20261007/sc-notes-candidate3/vendor/maven/org/eclipse/angus/angus-activation/2.0.3/angus-activation-2.0.3.pom
[INFO] Downloading from central: https://repo.maven.apache.org/maven2/org/eclipse/angus/angus-activation/2.0.3/angus-activation-2.0.3.pom
[INFO] Downloaded from central: https://repo.maven.apache.org/maven2/org/eclipse/angus/angus-activation/2.0.3/angus-activation-2.0.3.pom (4.0 kB at 210 kB/s)
[INFO] Downloading from sc-generated-vendor: file:///private/tmp/sc-framework-consumer-011-20261007/sc-notes-candidate3/vendor/maven/org/eclipse/angus/angus-activation-project/2.0.3/angus-activation-project-2.0.3.pom
[INFO] Downloading from central: https://repo.maven.apache.org/maven2/org/eclipse/angus/angus-activation-project/2.0.3/angus-activation-project-2.0.3.pom
[INFO] Downloaded from central: https://repo.maven.apache.org/maven2/org/eclipse/angus/angus-activation-project/2.0.3/angus-activation-project-2.0.3.pom (21 kB at 1.0 MB/s)
[INFO] Downloading from sc-generated-vendor: file:///private/tmp/sc-framework-consumer-011-20261007/sc-notes-candidate3/vendor/maven/org/glassfish/jaxb/txw2/4.0.9/txw2-4.0.9.pom
[INFO] Downloading from central: https://repo.maven.apache.org/maven2/org/glassfish/jaxb/txw2/4.0.9/txw2-4.0.9.pom
[INFO] Downloaded from central: https://repo.maven.apache.org/maven2/org/glassfish/jaxb/txw2/4.0.9/txw2-4.0.9.pom (1.9 kB at 98 kB/s)
[INFO] Downloading from sc-generated-vendor: file:///private/tmp/sc-framework-consumer-011-20261007/sc-notes-candidate3/vendor/maven/org/glassfish/jaxb/jaxb-txw-parent/4.0.9/jaxb-txw-parent-4.0.9.pom
[INFO] Downloading from central: https://repo.maven.apache.org/maven2/org/glassfish/jaxb/jaxb-txw-parent/4.0.9/jaxb-txw-parent-4.0.9.pom
[INFO] Downloaded from central: https://repo.maven.apache.org/maven2/org/glassfish/jaxb/jaxb-txw-parent/4.0.9/jaxb-txw-parent-4.0.9.pom (1.3 kB at 75 kB/s)
[INFO] Downloading from sc-generated-vendor: file:///private/tmp/sc-framework-consumer-011-20261007/sc-notes-candidate3/vendor/maven/com/sun/istack/istack-commons-runtime/4.1.2/istack-commons-runtime-4.1.2.pom
[INFO] Downloading from central: https://repo.maven.apache.org/maven2/com/sun/istack/istack-commons-runtime/4.1.2/istack-commons-runtime-4.1.2.pom
[INFO] Downloaded from central: https://repo.maven.apache.org/maven2/com/sun/istack/istack-commons-runtime/4.1.2/istack-commons-runtime-4.1.2.pom (1.6 kB at 80 kB/s)
[INFO] Downloading from sc-generated-vendor: file:///private/tmp/sc-framework-consumer-011-20261007/sc-notes-candidate3/vendor/maven/com/sun/istack/istack-commons/4.1.2/istack-commons-4.1.2.pom
[INFO] Downloading from central: https://repo.maven.apache.org/maven2/com/sun/istack/istack-commons/4.1.2/istack-commons-4.1.2.pom
[INFO] Downloaded from central: https://repo.maven.apache.org/maven2/com/sun/istack/istack-commons/4.1.2/istack-commons-4.1.2.pom (26 kB at 1.1 MB/s)
[INFO] Downloading from sc-generated-vendor: file:///private/tmp/sc-framework-consumer-011-20261007/sc-notes-candidate3/vendor/maven/jakarta/inject/jakarta.inject-api/2.0.1/jakarta.inject-api-2.0.1.pom
[INFO] Downloading from central: https://repo.maven.apache.org/maven2/jakarta/inject/jakarta.inject-api/2.0.1/jakarta.inject-api-2.0.1.pom
[INFO] Downloaded from central: https://repo.maven.apache.org/maven2/jakarta/inject/jakarta.inject-api/2.0.1/jakarta.inject-api-2.0.1.pom (5.9 kB at 312 kB/s)
[INFO] Downloading from sc-generated-vendor: file:///private/tmp/sc-framework-consumer-011-20261007/sc-notes-candidate3/vendor/maven/org/antlr/antlr4-runtime/4.13.2/antlr4-runtime-4.13.2.pom
[INFO] Downloading from central: https://repo.maven.apache.org/maven2/org/antlr/antlr4-runtime/4.13.2/antlr4-runtime-4.13.2.pom
[INFO] Downloaded from central: https://repo.maven.apache.org/maven2/org/antlr/antlr4-runtime/4.13.2/antlr4-runtime-4.13.2.pom (3.6 kB at 118 kB/s)
[INFO] Downloading from sc-generated-vendor: file:///private/tmp/sc-framework-consumer-011-20261007/sc-notes-candidate3/vendor/maven/org/antlr/antlr4-master/4.13.2/antlr4-master-4.13.2.pom
[INFO] Downloading from central: https://repo.maven.apache.org/maven2/org/antlr/antlr4-master/4.13.2/antlr4-master-4.13.2.pom
[INFO] Downloaded from central: https://repo.maven.apache.org/maven2/org/antlr/antlr4-master/4.13.2/antlr4-master-4.13.2.pom (4.8 kB at 229 kB/s)
[INFO] Downloading from sc-generated-vendor: file:///private/tmp/sc-framework-consumer-011-20261007/sc-notes-candidate3/vendor/maven/org/sonatype/oss/oss-parent/9/oss-parent-9.pom
[INFO] Downloading from central: https://repo.maven.apache.org/maven2/org/sonatype/oss/oss-parent/9/oss-parent-9.pom
[INFO] Downloaded from central: https://repo.maven.apache.org/maven2/org/sonatype/oss/oss-parent/9/oss-parent-9.pom (6.6 kB at 386 kB/s)
[INFO] Downloading from sc-generated-vendor: file:///private/tmp/sc-framework-consumer-011-20261007/sc-notes-candidate3/vendor/maven/org/springframework/data/spring-data-jpa/3.5.13/spring-data-jpa-3.5.13.pom
[INFO] Downloading from central: https://repo.maven.apache.org/maven2/org/springframework/data/spring-data-jpa/3.5.13/spring-data-jpa-3.5.13.pom
[INFO] Downloaded from central: https://repo.maven.apache.org/maven2/org/springframework/data/spring-data-jpa/3.5.13/spring-data-jpa-3.5.13.pom (13 kB at 662 kB/s)
[INFO] Downloading from sc-generated-vendor: file:///private/tmp/sc-framework-consumer-011-20261007/sc-notes-candidate3/vendor/maven/org/springframework/data/spring-data-jpa-parent/3.5.13/spring-data-jpa-parent-3.5.13.pom
[INFO] Downloading from central: https://repo.maven.apache.org/maven2/org/springframework/data/spring-data-jpa-parent/3.5.13/spring-data-jpa-parent-3.5.13.pom
[INFO] Downloaded from central: https://repo.maven.apache.org/maven2/org/springframework/data/spring-data-jpa-parent/3.5.13/spring-data-jpa-parent-3.5.13.pom (5.3 kB at 264 kB/s)
[INFO] Downloading from sc-generated-vendor: file:///private/tmp/sc-framework-consumer-011-20261007/sc-notes-candidate3/vendor/maven/org/springframework/data/build/spring-data-parent/3.5.13/spring-data-parent-3.5.13.pom
[INFO] Downloading from central: https://repo.maven.apache.org/maven2/org/springframework/data/build/spring-data-parent/3.5.13/spring-data-parent-3.5.13.pom
[INFO] Downloaded from central: https://repo.maven.apache.org/maven2/org/springframework/data/build/spring-data-parent/3.5.13/spring-data-parent-3.5.13.pom (44 kB at 1.8 MB/s)
[INFO] Downloading from sc-generated-vendor: file:///private/tmp/sc-framework-consumer-011-20261007/sc-notes-candidate3/vendor/maven/org/springframework/data/build/spring-data-build/3.5.13/spring-data-build-3.5.13.pom
[INFO] Downloading from central: https://repo.maven.apache.org/maven2/org/springframework/data/build/spring-data-build/3.5.13/spring-data-build-3.5.13.pom
[INFO] Downloaded from central: https://repo.maven.apache.org/maven2/org/springframework/data/build/spring-data-build/3.5.13/spring-data-build-3.5.13.pom (7.2 kB at 421 kB/s)
[INFO] Downloading from sc-generated-vendor: file:///private/tmp/sc-framework-consumer-011-20261007/sc-notes-candidate3/vendor/maven/org/testcontainers/testcontainers-bom/1.20.6/testcontainers-bom-1.20.6.pom
[INFO] Downloading from central: https://repo.maven.apache.org/maven2/org/testcontainers/testcontainers-bom/1.20.6/testcontainers-bom-1.20.6.pom
[INFO] Downloaded from central: https://repo.maven.apache.org/maven2/org/testcontainers/testcontainers-bom/1.20.6/testcontainers-bom-1.20.6.pom (12 kB at 679 kB/s)
[INFO] Downloading from sc-generated-vendor: file:///private/tmp/sc-framework-consumer-011-20261007/sc-notes-candidate3/vendor/maven/io/micrometer/micrometer-tracing-bom/1.5.12/micrometer-tracing-bom-1.5.12.pom
[INFO] Downloading from central: https://repo.maven.apache.org/maven2/io/micrometer/micrometer-tracing-bom/1.5.12/micrometer-tracing-bom-1.5.12.pom
[INFO] Downloaded from central: https://repo.maven.apache.org/maven2/io/micrometer/micrometer-tracing-bom/1.5.12/micrometer-tracing-bom-1.5.12.pom (4.4 kB at 230 kB/s)
[INFO] Downloading from sc-generated-vendor: file:///private/tmp/sc-framework-consumer-011-20261007/sc-notes-candidate3/vendor/maven/org/jetbrains/kotlinx/kotlinx-coroutines-bom/1.9.0/kotlinx-coroutines-bom-1.9.0.pom
[INFO] Downloading from central: https://repo.maven.apache.org/maven2/org/jetbrains/kotlinx/kotlinx-coroutines-bom/1.9.0/kotlinx-coroutines-bom-1.9.0.pom
[INFO] Downloaded from central: https://repo.maven.apache.org/maven2/org/jetbrains/kotlinx/kotlinx-coroutines-bom/1.9.0/kotlinx-coroutines-bom-1.9.0.pom (4.3 kB at 238 kB/s)
[INFO] Downloading from sc-generated-vendor: file:///private/tmp/sc-framework-consumer-011-20261007/sc-notes-candidate3/vendor/maven/com/fasterxml/jackson/jackson-bom/2.19.4/jackson-bom-2.19.4.pom
[INFO] Downloading from central: https://repo.maven.apache.org/maven2/com/fasterxml/jackson/jackson-bom/2.19.4/jackson-bom-2.19.4.pom
[INFO] Downloaded from central: https://repo.maven.apache.org/maven2/com/fasterxml/jackson/jackson-bom/2.19.4/jackson-bom-2.19.4.pom (20 kB at 1.0 MB/s)
[INFO] Downloading from sc-generated-vendor: file:///private/tmp/sc-framework-consumer-011-20261007/sc-notes-candidate3/vendor/maven/com/fasterxml/jackson/jackson-parent/2.19.3/jackson-parent-2.19.3.pom
[INFO] Downloading from central: https://repo.maven.apache.org/maven2/com/fasterxml/jackson/jackson-parent/2.19.3/jackson-parent-2.19.3.pom
[INFO] Downloaded from central: https://repo.maven.apache.org/maven2/com/fasterxml/jackson/jackson-parent/2.19.3/jackson-parent-2.19.3.pom (7.2 kB at 449 kB/s)
[INFO] Downloading from sc-generated-vendor: file:///private/tmp/sc-framework-consumer-011-20261007/sc-notes-candidate3/vendor/maven/com/fasterxml/oss-parent/69/oss-parent-69.pom
[INFO] Downloading from central: https://repo.maven.apache.org/maven2/com/fasterxml/oss-parent/69/oss-parent-69.pom
[INFO] Downloaded from central: https://repo.maven.apache.org/maven2/com/fasterxml/oss-parent/69/oss-parent-69.pom (24 kB at 1.3 MB/s)
[INFO] Downloading from sc-generated-vendor: file:///private/tmp/sc-framework-consumer-011-20261007/sc-notes-candidate3/vendor/maven/org/springframework/data/spring-data-commons/3.5.13/spring-data-commons-3.5.13.pom
[INFO] Downloading from central: https://repo.maven.apache.org/maven2/org/springframework/data/spring-data-commons/3.5.13/spring-data-commons-3.5.13.pom
[INFO] Downloaded from central: https://repo.maven.apache.org/maven2/org/springframework/data/spring-data-commons/3.5.13/spring-data-commons-3.5.13.pom (10 kB at 561 kB/s)
[INFO] Downloading from sc-generated-vendor: file:///private/tmp/sc-framework-consumer-011-20261007/sc-notes-candidate3/vendor/maven/org/springframework/spring-aspects/6.2.19/spring-aspects-6.2.19.pom
[INFO] Downloading from central: https://repo.maven.apache.org/maven2/org/springframework/spring-aspects/6.2.19/spring-aspects-6.2.19.pom
[INFO] Downloaded from central: https://repo.maven.apache.org/maven2/org/springframework/spring-aspects/6.2.19/spring-aspects-6.2.19.pom (2.0 kB at 102 kB/s)
[INFO] Downloading from sc-generated-vendor: file:///private/tmp/sc-framework-consumer-011-20261007/sc-notes-candidate3/vendor/maven/org/aspectj/aspectjweaver/1.9.25.1/aspectjweaver-1.9.25.1.pom
[INFO] Downloading from central: https://repo.maven.apache.org/maven2/org/aspectj/aspectjweaver/1.9.25.1/aspectjweaver-1.9.25.1.pom
[INFO] Downloaded from central: https://repo.maven.apache.org/maven2/org/aspectj/aspectjweaver/1.9.25.1/aspectjweaver-1.9.25.1.pom (1.7 kB at 70 kB/s)
[INFO] Downloading from sc-generated-vendor: file:///private/tmp/sc-framework-consumer-011-20261007/sc-notes-candidate3/vendor/maven/io/github/openfeign/querydsl/querydsl-jpa/6.12/querydsl-jpa-6.12.pom
[INFO] Downloading from central: https://repo.maven.apache.org/maven2/io/github/openfeign/querydsl/querydsl-jpa/6.12/querydsl-jpa-6.12.pom
[INFO] Downloaded from central: https://repo.maven.apache.org/maven2/io/github/openfeign/querydsl/querydsl-jpa/6.12/querydsl-jpa-6.12.pom (10 kB at 495 kB/s)
[INFO] Downloading from sc-generated-vendor: file:///private/tmp/sc-framework-consumer-011-20261007/sc-notes-candidate3/vendor/maven/io/github/openfeign/querydsl/querydsl-libraries/6.12/querydsl-libraries-6.12.pom
[INFO] Downloading from central: https://repo.maven.apache.org/maven2/io/github/openfeign/querydsl/querydsl-libraries/6.12/querydsl-libraries-6.12.pom
[INFO] Downloaded from central: https://repo.maven.apache.org/maven2/io/github/openfeign/querydsl/querydsl-libraries/6.12/querydsl-libraries-6.12.pom (6.7 kB at 373 kB/s)
[INFO] Downloading from sc-generated-vendor: file:///private/tmp/sc-framework-consumer-011-20261007/sc-notes-candidate3/vendor/maven/io/github/openfeign/querydsl/querydsl-root/6.12/querydsl-root-6.12.pom
[INFO] Downloading from central: https://repo.maven.apache.org/maven2/io/github/openfeign/querydsl/querydsl-root/6.12/querydsl-root-6.12.pom
[INFO] Downloaded from central: https://repo.maven.apache.org/maven2/io/github/openfeign/querydsl/querydsl-root/6.12/querydsl-root-6.12.pom (40 kB at 1.6 MB/s)
[INFO] Downloading from sc-generated-vendor: file:///private/tmp/sc-framework-consumer-011-20261007/sc-notes-candidate3/vendor/maven/org/jetbrains/kotlin/kotlin-bom/2.1.21/kotlin-bom-2.1.21.pom
[INFO] Downloading from central: https://repo.maven.apache.org/maven2/org/jetbrains/kotlin/kotlin-bom/2.1.21/kotlin-bom-2.1.21.pom
[INFO] Downloaded from central: https://repo.maven.apache.org/maven2/org/jetbrains/kotlin/kotlin-bom/2.1.21/kotlin-bom-2.1.21.pom (9.4 kB at 497 kB/s)
[INFO] Downloading from sc-generated-vendor: file:///private/tmp/sc-framework-consumer-011-20261007/sc-notes-candidate3/vendor/maven/org/ow2/asm/asm-bom/9.8/asm-bom-9.8.pom
[INFO] Downloading from central: https://repo.maven.apache.org/maven2/org/ow2/asm/asm-bom/9.8/asm-bom-9.8.pom
[INFO] Downloaded from central: https://repo.maven.apache.org/maven2/org/ow2/asm/asm-bom/9.8/asm-bom-9.8.pom (3.3 kB at 163 kB/s)
[INFO] Downloading from sc-generated-vendor: file:///private/tmp/sc-framework-consumer-011-20261007/sc-notes-candidate3/vendor/maven/org/ow2/ow2/1.5.1/ow2-1.5.1.pom
[INFO] Downloading from central: https://repo.maven.apache.org/maven2/org/ow2/ow2/1.5.1/ow2-1.5.1.pom
[INFO] Downloaded from central: https://repo.maven.apache.org/maven2/org/ow2/ow2/1.5.1/ow2-1.5.1.pom (11 kB at 491 kB/s)
[INFO] Downloading from sc-generated-vendor: file:///private/tmp/sc-framework-consumer-011-20261007/sc-notes-candidate3/vendor/maven/io/projectreactor/reactor-bom/2024.0.6/reactor-bom-2024.0.6.pom
[INFO] Downloading from central: https://repo.maven.apache.org/maven2/io/projectreactor/reactor-bom/2024.0.6/reactor-bom-2024.0.6.pom
[INFO] Downloaded from central: https://repo.maven.apache.org/maven2/io/projectreactor/reactor-bom/2024.0.6/reactor-bom-2024.0.6.pom (4.8 kB at 251 kB/s)
[INFO] Downloading from sc-generated-vendor: file:///private/tmp/sc-framework-consumer-011-20261007/sc-notes-candidate3/vendor/maven/io/github/openfeign/querydsl/querydsl-core/6.12/querydsl-core-6.12.pom
[INFO] Downloading from central: https://repo.maven.apache.org/maven2/io/github/openfeign/querydsl/querydsl-core/6.12/querydsl-core-6.12.pom
[INFO] Downloaded from central: https://repo.maven.apache.org/maven2/io/github/openfeign/querydsl/querydsl-core/6.12/querydsl-core-6.12.pom (2.9 kB at 136 kB/s)
[INFO] Downloading from sc-generated-vendor: file:///private/tmp/sc-framework-consumer-011-20261007/sc-notes-candidate3/vendor/maven/com/mysema/commons/mysema-commons-lang/0.2.4/mysema-commons-lang-0.2.4.pom
[INFO] Downloading from central: https://repo.maven.apache.org/maven2/com/mysema/commons/mysema-commons-lang/0.2.4/mysema-commons-lang-0.2.4.pom
[INFO] Downloaded from central: https://repo.maven.apache.org/maven2/com/mysema/commons/mysema-commons-lang/0.2.4/mysema-commons-lang-0.2.4.pom (2.3 kB at 84 kB/s)
[INFO] Downloading from sc-generated-vendor: file:///private/tmp/sc-framework-consumer-011-20261007/sc-notes-candidate3/vendor/maven/com/mysema/home/mysema-source/0.3.0/mysema-source-0.3.0.pom
[INFO] Downloading from central: https://repo.maven.apache.org/maven2/com/mysema/home/mysema-source/0.3.0/mysema-source-0.3.0.pom
[INFO] Downloaded from central: https://repo.maven.apache.org/maven2/com/mysema/home/mysema-source/0.3.0/mysema-source-0.3.0.pom (2.9 kB at 162 kB/s)
[INFO] Downloading from sc-generated-vendor: file:///private/tmp/sc-framework-consumer-011-20261007/sc-notes-candidate3/vendor/maven/io/projectreactor/reactor-core/3.7.19/reactor-core-3.7.19.pom
[INFO] Downloading from central: https://repo.maven.apache.org/maven2/io/projectreactor/reactor-core/3.7.19/reactor-core-3.7.19.pom
[INFO] Downloaded from central: https://repo.maven.apache.org/maven2/io/projectreactor/reactor-core/3.7.19/reactor-core-3.7.19.pom (2.1 kB at 119 kB/s)
[INFO] Downloading from sc-generated-vendor: file:///private/tmp/sc-framework-consumer-011-20261007/sc-notes-candidate3/vendor/maven/org/reactivestreams/reactive-streams/1.0.4/reactive-streams-1.0.4.pom
[INFO] Downloading from central: https://repo.maven.apache.org/maven2/org/reactivestreams/reactive-streams/1.0.4/reactive-streams-1.0.4.pom
[INFO] Downloaded from central: https://repo.maven.apache.org/maven2/org/reactivestreams/reactive-streams/1.0.4/reactive-streams-1.0.4.pom (1.1 kB at 64 kB/s)
[INFO] Downloading from sc-generated-vendor: file:///private/tmp/sc-framework-consumer-011-20261007/sc-notes-candidate3/vendor/maven/org/mybatis/spring/boot/mybatis-spring-boot-starter/3.0.5/mybatis-spring-boot-starter-3.0.5.pom
[INFO] Downloading from central: https://repo.maven.apache.org/maven2/org/mybatis/spring/boot/mybatis-spring-boot-starter/3.0.5/mybatis-spring-boot-starter-3.0.5.pom
[INFO] Downloaded from central: https://repo.maven.apache.org/maven2/org/mybatis/spring/boot/mybatis-spring-boot-starter/3.0.5/mybatis-spring-boot-starter-3.0.5.pom (2.6 kB at 120 kB/s)
[INFO] Downloading from sc-generated-vendor: file:///private/tmp/sc-framework-consumer-011-20261007/sc-notes-candidate3/vendor/maven/org/mybatis/spring/boot/mybatis-spring-boot/3.0.5/mybatis-spring-boot-3.0.5.pom
[INFO] Downloading from central: https://repo.maven.apache.org/maven2/org/mybatis/spring/boot/mybatis-spring-boot/3.0.5/mybatis-spring-boot-3.0.5.pom
[INFO] Downloaded from central: https://repo.maven.apache.org/maven2/org/mybatis/spring/boot/mybatis-spring-boot/3.0.5/mybatis-spring-boot-3.0.5.pom (9.7 kB at 484 kB/s)
[INFO] Downloading from sc-generated-vendor: file:///private/tmp/sc-framework-consumer-011-20261007/sc-notes-candidate3/vendor/maven/org/mybatis/mybatis-parent/50/mybatis-parent-50.pom
[INFO] Downloading from central: https://repo.maven.apache.org/maven2/org/mybatis/mybatis-parent/50/mybatis-parent-50.pom
[INFO] Downloaded from central: https://repo.maven.apache.org/maven2/org/mybatis/mybatis-parent/50/mybatis-parent-50.pom (50 kB at 2.2 MB/s)
[INFO] Downloading from sc-generated-vendor: file:///private/tmp/sc-framework-consumer-011-20261007/sc-notes-candidate3/vendor/maven/org/springframework/boot/spring-boot-dependencies/3.5.0/spring-boot-dependencies-3.5.0.pom
[INFO] Downloading from central: https://repo.maven.apache.org/maven2/org/springframework/boot/spring-boot-dependencies/3.5.0/spring-boot-dependencies-3.5.0.pom
[INFO] Downloaded from central: https://repo.maven.apache.org/maven2/org/springframework/boot/spring-boot-dependencies/3.5.0/spring-boot-dependencies-3.5.0.pom (96 kB at 4.4 MB/s)
[INFO] Downloading from sc-generated-vendor: file:///private/tmp/sc-framework-consumer-011-20261007/sc-notes-candidate3/vendor/maven/org/apache/activemq/activemq-bom/6.1.6/activemq-bom-6.1.6.pom
[INFO] Downloading from sonatype-oss-snapshots: https://oss.sonatype.org/content/repositories/snapshots/org/apache/activemq/activemq-bom/6.1.6/activemq-bom-6.1.6.pom
[INFO] Downloading from spring-milestone: https://repo.spring.io/milestone/org/apache/activemq/activemq-bom/6.1.6/activemq-bom-6.1.6.pom
[INFO] Downloading from spring-snapshot: https://repo.spring.io/snapshot/org/apache/activemq/activemq-bom/6.1.6/activemq-bom-6.1.6.pom
[INFO] Downloading from central: https://repo.maven.apache.org/maven2/org/apache/activemq/activemq-bom/6.1.6/activemq-bom-6.1.6.pom
[INFO] Downloaded from central: https://repo.maven.apache.org/maven2/org/apache/activemq/activemq-bom/6.1.6/activemq-bom-6.1.6.pom (7.9 kB at 415 kB/s)
[INFO] Downloading from sc-generated-vendor: file:///private/tmp/sc-framework-consumer-011-20261007/sc-notes-candidate3/vendor/maven/org/assertj/assertj-bom/3.27.3/assertj-bom-3.27.3.pom
[INFO] Downloading from sonatype-oss-snapshots: https://oss.sonatype.org/content/repositories/snapshots/org/assertj/assertj-bom/3.27.3/assertj-bom-3.27.3.pom
[INFO] Downloading from spring-milestone: https://repo.spring.io/milestone/org/assertj/assertj-bom/3.27.3/assertj-bom-3.27.3.pom
[INFO] Downloading from spring-snapshot: https://repo.spring.io/snapshot/org/assertj/assertj-bom/3.27.3/assertj-bom-3.27.3.pom
[INFO] Downloading from central: https://repo.maven.apache.org/maven2/org/assertj/assertj-bom/3.27.3/assertj-bom-3.27.3.pom
[INFO] Downloaded from central: https://repo.maven.apache.org/maven2/org/assertj/assertj-bom/3.27.3/assertj-bom-3.27.3.pom (3.7 kB at 204 kB/s)
[INFO] Downloading from sc-generated-vendor: file:///private/tmp/sc-framework-consumer-011-20261007/sc-notes-candidate3/vendor/maven/io/zipkin/reporter2/zipkin-reporter-bom/3.5.0/zipkin-reporter-bom-3.5.0.pom
[INFO] Downloading from sonatype-oss-snapshots: https://oss.sonatype.org/content/repositories/snapshots/io/zipkin/reporter2/zipkin-reporter-bom/3.5.0/zipkin-reporter-bom-3.5.0.pom
[INFO] Downloading from spring-milestone: https://repo.spring.io/milestone/io/zipkin/reporter2/zipkin-reporter-bom/3.5.0/zipkin-reporter-bom-3.5.0.pom
[INFO] Downloading from spring-snapshot: https://repo.spring.io/snapshot/io/zipkin/reporter2/zipkin-reporter-bom/3.5.0/zipkin-reporter-bom-3.5.0.pom
[INFO] Downloading from central: https://repo.maven.apache.org/maven2/io/zipkin/reporter2/zipkin-reporter-bom/3.5.0/zipkin-reporter-bom-3.5.0.pom
[INFO] Downloaded from central: https://repo.maven.apache.org/maven2/io/zipkin/reporter2/zipkin-reporter-bom/3.5.0/zipkin-reporter-bom-3.5.0.pom (6.3 kB at 348 kB/s)
[INFO] Downloading from sc-generated-vendor: file:///private/tmp/sc-framework-consumer-011-20261007/sc-notes-candidate3/vendor/maven/org/apache/cassandra/java-driver-bom/4.19.0/java-driver-bom-4.19.0.pom
[INFO] Downloading from sonatype-oss-snapshots: https://oss.sonatype.org/content/repositories/snapshots/org/apache/cassandra/java-driver-bom/4.19.0/java-driver-bom-4.19.0.pom
[INFO] Downloading from spring-milestone: https://repo.spring.io/milestone/org/apache/cassandra/java-driver-bom/4.19.0/java-driver-bom-4.19.0.pom
[INFO] Downloading from spring-snapshot: https://repo.spring.io/snapshot/org/apache/cassandra/java-driver-bom/4.19.0/java-driver-bom-4.19.0.pom
[INFO] Downloading from central: https://repo.maven.apache.org/maven2/org/apache/cassandra/java-driver-bom/4.19.0/java-driver-bom-4.19.0.pom
[INFO] Downloaded from central: https://repo.maven.apache.org/maven2/org/apache/cassandra/java-driver-bom/4.19.0/java-driver-bom-4.19.0.pom (5.5 kB at 303 kB/s)
[INFO] Downloading from sc-generated-vendor: file:///private/tmp/sc-framework-consumer-011-20261007/sc-notes-candidate3/vendor/maven/org/glassfish/jaxb/jaxb-bom/4.0.5/jaxb-bom-4.0.5.pom
[INFO] Downloading from sonatype-oss-snapshots: https://oss.sonatype.org/content/repositories/snapshots/org/glassfish/jaxb/jaxb-bom/4.0.5/jaxb-bom-4.0.5.pom
[INFO] Downloading from spring-milestone: https://repo.spring.io/milestone/org/glassfish/jaxb/jaxb-bom/4.0.5/jaxb-bom-4.0.5.pom
[INFO] Downloading from spring-snapshot: https://repo.spring.io/snapshot/org/glassfish/jaxb/jaxb-bom/4.0.5/jaxb-bom-4.0.5.pom
[INFO] Downloading from central: https://repo.maven.apache.org/maven2/org/glassfish/jaxb/jaxb-bom/4.0.5/jaxb-bom-4.0.5.pom
[INFO] Downloaded from central: https://repo.maven.apache.org/maven2/org/glassfish/jaxb/jaxb-bom/4.0.5/jaxb-bom-4.0.5.pom (12 kB at 685 kB/s)
[INFO] Downloading from sc-generated-vendor: file:///private/tmp/sc-framework-consumer-011-20261007/sc-notes-candidate3/vendor/maven/org/apache/groovy/groovy-bom/4.0.26/groovy-bom-4.0.26.pom
[INFO] Downloading from sonatype-oss-snapshots: https://oss.sonatype.org/content/repositories/snapshots/org/apache/groovy/groovy-bom/4.0.26/groovy-bom-4.0.26.pom
[INFO] Downloading from spring-milestone: https://repo.spring.io/milestone/org/apache/groovy/groovy-bom/4.0.26/groovy-bom-4.0.26.pom
[INFO] Downloading from spring-snapshot: https://repo.spring.io/snapshot/org/apache/groovy/groovy-bom/4.0.26/groovy-bom-4.0.26.pom
[INFO] Downloading from central: https://repo.maven.apache.org/maven2/org/apache/groovy/groovy-bom/4.0.26/groovy-bom-4.0.26.pom
[INFO] Downloaded from central: https://repo.maven.apache.org/maven2/org/apache/groovy/groovy-bom/4.0.26/groovy-bom-4.0.26.pom (27 kB at 1.3 MB/s)
[INFO] Downloading from sc-generated-vendor: file:///private/tmp/sc-framework-consumer-011-20261007/sc-notes-candidate3/vendor/maven/org/infinispan/infinispan-bom/15.2.1.Final/infinispan-bom-15.2.1.Final.pom
[INFO] Downloading from sonatype-oss-snapshots: https://oss.sonatype.org/content/repositories/snapshots/org/infinispan/infinispan-bom/15.2.1.Final/infinispan-bom-15.2.1.Final.pom
[INFO] Downloading from spring-milestone: https://repo.spring.io/milestone/org/infinispan/infinispan-bom/15.2.1.Final/infinispan-bom-15.2.1.Final.pom
[INFO] Downloading from spring-snapshot: https://repo.spring.io/snapshot/org/infinispan/infinispan-bom/15.2.1.Final/infinispan-bom-15.2.1.Final.pom
[INFO] Downloading from central: https://repo.maven.apache.org/maven2/org/infinispan/infinispan-bom/15.2.1.Final/infinispan-bom-15.2.1.Final.pom
[INFO] Downloaded from central: https://repo.maven.apache.org/maven2/org/infinispan/infinispan-bom/15.2.1.Final/infinispan-bom-15.2.1.Final.pom (17 kB at 792 kB/s)
[INFO] Downloading from sc-generated-vendor: file:///private/tmp/sc-framework-consumer-011-20261007/sc-notes-candidate3/vendor/maven/org/infinispan/infinispan-build-configuration-parent/15.2.1.Final/infinispan-build-configuration-parent-15.2.1.Final.pom
[INFO] Downloading from sonatype-oss-snapshots: https://oss.sonatype.org/content/repositories/snapshots/org/infinispan/infinispan-build-configuration-parent/15.2.1.Final/infinispan-build-configuration-parent-15.2.1.Final.pom
[INFO] Downloading from spring-milestone: https://repo.spring.io/milestone/org/infinispan/infinispan-build-configuration-parent/15.2.1.Final/infinispan-build-configuration-parent-15.2.1.Final.pom
[INFO] Downloading from spring-snapshot: https://repo.spring.io/snapshot/org/infinispan/infinispan-build-configuration-parent/15.2.1.Final/infinispan-build-configuration-parent-15.2.1.Final.pom
[INFO] Downloading from central: https://repo.maven.apache.org/maven2/org/infinispan/infinispan-build-configuration-parent/15.2.1.Final/infinispan-build-configuration-parent-15.2.1.Final.pom
[INFO] Downloaded from central: https://repo.maven.apache.org/maven2/org/infinispan/infinispan-build-configuration-parent/15.2.1.Final/infinispan-build-configuration-parent-15.2.1.Final.pom (18 kB at 914 kB/s)
[INFO] Downloading from sc-generated-vendor: file:///private/tmp/sc-framework-consumer-011-20261007/sc-notes-candidate3/vendor/maven/com/fasterxml/jackson/jackson-bom/2.19.0/jackson-bom-2.19.0.pom
[INFO] Downloading from sonatype-oss-snapshots: https://oss.sonatype.org/content/repositories/snapshots/com/fasterxml/jackson/jackson-bom/2.19.0/jackson-bom-2.19.0.pom
[INFO] Downloading from spring-milestone: https://repo.spring.io/milestone/com/fasterxml/jackson/jackson-bom/2.19.0/jackson-bom-2.19.0.pom
[INFO] Downloading from spring-snapshot: https://repo.spring.io/snapshot/com/fasterxml/jackson/jackson-bom/2.19.0/jackson-bom-2.19.0.pom
[INFO] Downloading from central: https://repo.maven.apache.org/maven2/com/fasterxml/jackson/jackson-bom/2.19.0/jackson-bom-2.19.0.pom
[INFO] Downloaded from central: https://repo.maven.apache.org/maven2/com/fasterxml/jackson/jackson-bom/2.19.0/jackson-bom-2.19.0.pom (20 kB at 759 kB/s)
[INFO] Downloading from sc-generated-vendor: file:///private/tmp/sc-framework-consumer-011-20261007/sc-notes-candidate3/vendor/maven/com/fasterxml/jackson/jackson-parent/2.19/jackson-parent-2.19.pom
[INFO] Downloading from sonatype-oss-snapshots: https://oss.sonatype.org/content/repositories/snapshots/com/fasterxml/jackson/jackson-parent/2.19/jackson-parent-2.19.pom
[INFO] Downloading from spring-milestone: https://repo.spring.io/milestone/com/fasterxml/jackson/jackson-parent/2.19/jackson-parent-2.19.pom
[INFO] Downloading from spring-snapshot: https://repo.spring.io/snapshot/com/fasterxml/jackson/jackson-parent/2.19/jackson-parent-2.19.pom
[INFO] Downloading from central: https://repo.maven.apache.org/maven2/com/fasterxml/jackson/jackson-parent/2.19/jackson-parent-2.19.pom
[INFO] Downloaded from central: https://repo.maven.apache.org/maven2/com/fasterxml/jackson/jackson-parent/2.19/jackson-parent-2.19.pom (6.7 kB at 290 kB/s)
[INFO] Downloading from sc-generated-vendor: file:///private/tmp/sc-framework-consumer-011-20261007/sc-notes-candidate3/vendor/maven/com/fasterxml/oss-parent/65/oss-parent-65.pom
[INFO] Downloading from sonatype-oss-snapshots: https://oss.sonatype.org/content/repositories/snapshots/com/fasterxml/oss-parent/65/oss-parent-65.pom
[INFO] Downloading from spring-milestone: https://repo.spring.io/milestone/com/fasterxml/oss-parent/65/oss-parent-65.pom
[INFO] Downloading from spring-snapshot: https://repo.spring.io/snapshot/com/fasterxml/oss-parent/65/oss-parent-65.pom
[INFO] Downloading from central: https://repo.maven.apache.org/maven2/com/fasterxml/oss-parent/65/oss-parent-65.pom
[INFO] Downloaded from central: https://repo.maven.apache.org/maven2/com/fasterxml/oss-parent/65/oss-parent-65.pom (23 kB at 1.1 MB/s)
[INFO] Downloading from sc-generated-vendor: file:///private/tmp/sc-framework-consumer-011-20261007/sc-notes-candidate3/vendor/maven/org/glassfish/jersey/jersey-bom/3.1.10/jersey-bom-3.1.10.pom
[INFO] Downloading from sonatype-oss-snapshots: https://oss.sonatype.org/content/repositories/snapshots/org/glassfish/jersey/jersey-bom/3.1.10/jersey-bom-3.1.10.pom
[INFO] Downloading from spring-milestone: https://repo.spring.io/milestone/org/glassfish/jersey/jersey-bom/3.1.10/jersey-bom-3.1.10.pom
[INFO] Downloading from spring-snapshot: https://repo.spring.io/snapshot/org/glassfish/jersey/jersey-bom/3.1.10/jersey-bom-3.1.10.pom
[INFO] Downloading from central: https://repo.maven.apache.org/maven2/org/glassfish/jersey/jersey-bom/3.1.10/jersey-bom-3.1.10.pom
[INFO] Downloaded from central: https://repo.maven.apache.org/maven2/org/glassfish/jersey/jersey-bom/3.1.10/jersey-bom-3.1.10.pom (21 kB at 945 kB/s)
[INFO] Downloading from sc-generated-vendor: file:///private/tmp/sc-framework-consumer-011-20261007/sc-notes-candidate3/vendor/maven/org/eclipse/jetty/ee10/jetty-ee10-bom/12.0.21/jetty-ee10-bom-12.0.21.pom
[INFO] Downloading from sonatype-oss-snapshots: https://oss.sonatype.org/content/repositories/snapshots/org/eclipse/jetty/ee10/jetty-ee10-bom/12.0.21/jetty-ee10-bom-12.0.21.pom
[INFO] Downloading from spring-milestone: https://repo.spring.io/milestone/org/eclipse/jetty/ee10/jetty-ee10-bom/12.0.21/jetty-ee10-bom-12.0.21.pom
[INFO] Downloading from spring-snapshot: https://repo.spring.io/snapshot/org/eclipse/jetty/ee10/jetty-ee10-bom/12.0.21/jetty-ee10-bom-12.0.21.pom
[INFO] Downloading from central: https://repo.maven.apache.org/maven2/org/eclipse/jetty/ee10/jetty-ee10-bom/12.0.21/jetty-ee10-bom-12.0.21.pom
[INFO] Downloaded from central: https://repo.maven.apache.org/maven2/org/eclipse/jetty/ee10/jetty-ee10-bom/12.0.21/jetty-ee10-bom-12.0.21.pom (9.6 kB at 478 kB/s)
[INFO] Downloading from sc-generated-vendor: file:///private/tmp/sc-framework-consumer-011-20261007/sc-notes-candidate3/vendor/maven/org/eclipse/jetty/jetty-bom/12.0.21/jetty-bom-12.0.21.pom
[INFO] Downloading from sonatype-oss-snapshots: https://oss.sonatype.org/content/repositories/snapshots/org/eclipse/jetty/jetty-bom/12.0.21/jetty-bom-12.0.21.pom
[INFO] Downloading from spring-milestone: https://repo.spring.io/milestone/org/eclipse/jetty/jetty-bom/12.0.21/jetty-bom-12.0.21.pom
[INFO] Downloading from spring-snapshot: https://repo.spring.io/snapshot/org/eclipse/jetty/jetty-bom/12.0.21/jetty-bom-12.0.21.pom
[INFO] Downloading from central: https://repo.maven.apache.org/maven2/org/eclipse/jetty/jetty-bom/12.0.21/jetty-bom-12.0.21.pom
[INFO] Downloaded from central: https://repo.maven.apache.org/maven2/org/eclipse/jetty/jetty-bom/12.0.21/jetty-bom-12.0.21.pom (15 kB at 695 kB/s)
[INFO] Downloading from sc-generated-vendor: file:///private/tmp/sc-framework-consumer-011-20261007/sc-notes-candidate3/vendor/maven/io/micrometer/micrometer-bom/1.15.0/micrometer-bom-1.15.0.pom
[INFO] Downloading from sonatype-oss-snapshots: https://oss.sonatype.org/content/repositories/snapshots/io/micrometer/micrometer-bom/1.15.0/micrometer-bom-1.15.0.pom
[INFO] Downloading from spring-milestone: https://repo.spring.io/milestone/io/micrometer/micrometer-bom/1.15.0/micrometer-bom-1.15.0.pom
[INFO] Downloading from spring-snapshot: https://repo.spring.io/snapshot/io/micrometer/micrometer-bom/1.15.0/micrometer-bom-1.15.0.pom
[INFO] Downloading from central: https://repo.maven.apache.org/maven2/io/micrometer/micrometer-bom/1.15.0/micrometer-bom-1.15.0.pom
[INFO] Downloaded from central: https://repo.maven.apache.org/maven2/io/micrometer/micrometer-bom/1.15.0/micrometer-bom-1.15.0.pom (8.6 kB at 451 kB/s)
[INFO] Downloading from sc-generated-vendor: file:///private/tmp/sc-framework-consumer-011-20261007/sc-notes-candidate3/vendor/maven/io/micrometer/micrometer-tracing-bom/1.5.0/micrometer-tracing-bom-1.5.0.pom
[INFO] Downloading from sonatype-oss-snapshots: https://oss.sonatype.org/content/repositories/snapshots/io/micrometer/micrometer-tracing-bom/1.5.0/micrometer-tracing-bom-1.5.0.pom
[INFO] Downloading from spring-milestone: https://repo.spring.io/milestone/io/micrometer/micrometer-tracing-bom/1.5.0/micrometer-tracing-bom-1.5.0.pom
[INFO] Downloading from spring-snapshot: https://repo.spring.io/snapshot/io/micrometer/micrometer-tracing-bom/1.5.0/micrometer-tracing-bom-1.5.0.pom
[INFO] Downloading from central: https://repo.maven.apache.org/maven2/io/micrometer/micrometer-tracing-bom/1.5.0/micrometer-tracing-bom-1.5.0.pom
[INFO] Downloaded from central: https://repo.maven.apache.org/maven2/io/micrometer/micrometer-tracing-bom/1.5.0/micrometer-tracing-bom-1.5.0.pom (4.5 kB at 226 kB/s)
[INFO] Downloading from sc-generated-vendor: file:///private/tmp/sc-framework-consumer-011-20261007/sc-notes-candidate3/vendor/maven/org/mongodb/mongodb-driver-bom/5.4.0/mongodb-driver-bom-5.4.0.pom
[INFO] Downloading from sonatype-oss-snapshots: https://oss.sonatype.org/content/repositories/snapshots/org/mongodb/mongodb-driver-bom/5.4.0/mongodb-driver-bom-5.4.0.pom
[INFO] Downloading from spring-milestone: https://repo.spring.io/milestone/org/mongodb/mongodb-driver-bom/5.4.0/mongodb-driver-bom-5.4.0.pom
[INFO] Downloading from spring-snapshot: https://repo.spring.io/snapshot/org/mongodb/mongodb-driver-bom/5.4.0/mongodb-driver-bom-5.4.0.pom
[INFO] Downloading from central: https://repo.maven.apache.org/maven2/org/mongodb/mongodb-driver-bom/5.4.0/mongodb-driver-bom-5.4.0.pom
[INFO] Downloaded from central: https://repo.maven.apache.org/maven2/org/mongodb/mongodb-driver-bom/5.4.0/mongodb-driver-bom-5.4.0.pom (4.0 kB at 199 kB/s)
[INFO] Downloading from sc-generated-vendor: file:///private/tmp/sc-framework-consumer-011-20261007/sc-notes-candidate3/vendor/maven/io/netty/netty-bom/4.1.121.Final/netty-bom-4.1.121.Final.pom
[INFO] Downloading from sonatype-oss-snapshots: https://oss.sonatype.org/content/repositories/snapshots/io/netty/netty-bom/4.1.121.Final/netty-bom-4.1.121.Final.pom
[INFO] Downloading from spring-milestone: https://repo.spring.io/milestone/io/netty/netty-bom/4.1.121.Final/netty-bom-4.1.121.Final.pom
[INFO] Downloading from spring-snapshot: https://repo.spring.io/snapshot/io/netty/netty-bom/4.1.121.Final/netty-bom-4.1.121.Final.pom
[INFO] Downloading from central: https://repo.maven.apache.org/maven2/io/netty/netty-bom/4.1.121.Final/netty-bom-4.1.121.Final.pom
[INFO] Downloaded from central: https://repo.maven.apache.org/maven2/io/netty/netty-bom/4.1.121.Final/netty-bom-4.1.121.Final.pom (14 kB at 808 kB/s)
[INFO] Downloading from sc-generated-vendor: file:///private/tmp/sc-framework-consumer-011-20261007/sc-notes-candidate3/vendor/maven/io/prometheus/prometheus-metrics-bom/1.3.6/prometheus-metrics-bom-1.3.6.pom
[INFO] Downloading from sonatype-oss-snapshots: https://oss.sonatype.org/content/repositories/snapshots/io/prometheus/prometheus-metrics-bom/1.3.6/prometheus-metrics-bom-1.3.6.pom
[INFO] Downloading from spring-milestone: https://repo.spring.io/milestone/io/prometheus/prometheus-metrics-bom/1.3.6/prometheus-metrics-bom-1.3.6.pom
[INFO] Downloading from spring-snapshot: https://repo.spring.io/snapshot/io/prometheus/prometheus-metrics-bom/1.3.6/prometheus-metrics-bom-1.3.6.pom
[INFO] Downloading from central: https://repo.maven.apache.org/maven2/io/prometheus/prometheus-metrics-bom/1.3.6/prometheus-metrics-bom-1.3.6.pom
[INFO] Downloaded from central: https://repo.maven.apache.org/maven2/io/prometheus/prometheus-metrics-bom/1.3.6/prometheus-metrics-bom-1.3.6.pom (5.8 kB at 304 kB/s)
[INFO] Downloading from sc-generated-vendor: file:///private/tmp/sc-framework-consumer-011-20261007/sc-notes-candidate3/vendor/maven/io/prometheus/client_java/1.3.6/client_java-1.3.6.pom
[INFO] Downloading from sonatype-oss-snapshots: https://oss.sonatype.org/content/repositories/snapshots/io/prometheus/client_java/1.3.6/client_java-1.3.6.pom
[INFO] Downloading from spring-milestone: https://repo.spring.io/milestone/io/prometheus/client_java/1.3.6/client_java-1.3.6.pom
[INFO] Downloading from spring-snapshot: https://repo.spring.io/snapshot/io/prometheus/client_java/1.3.6/client_java-1.3.6.pom
[INFO] Downloading from central: https://repo.maven.apache.org/maven2/io/prometheus/client_java/1.3.6/client_java-1.3.6.pom
[INFO] Downloaded from central: https://repo.maven.apache.org/maven2/io/prometheus/client_java/1.3.6/client_java-1.3.6.pom (22 kB at 1.1 MB/s)
[INFO] Downloading from sc-generated-vendor: file:///private/tmp/sc-framework-consumer-011-20261007/sc-notes-candidate3/vendor/maven/org/apache/pulsar/pulsar-bom/4.0.4/pulsar-bom-4.0.4.pom
[INFO] Downloading from sonatype-oss-snapshots: https://oss.sonatype.org/content/repositories/snapshots/org/apache/pulsar/pulsar-bom/4.0.4/pulsar-bom-4.0.4.pom
[INFO] Downloading from spring-milestone: https://repo.spring.io/milestone/org/apache/pulsar/pulsar-bom/4.0.4/pulsar-bom-4.0.4.pom
[INFO] Downloading from spring-snapshot: https://repo.spring.io/snapshot/org/apache/pulsar/pulsar-bom/4.0.4/pulsar-bom-4.0.4.pom
[INFO] Downloading from central: https://repo.maven.apache.org/maven2/org/apache/pulsar/pulsar-bom/4.0.4/pulsar-bom-4.0.4.pom
[INFO] Downloaded from central: https://repo.maven.apache.org/maven2/org/apache/pulsar/pulsar-bom/4.0.4/pulsar-bom-4.0.4.pom (25 kB at 1.2 MB/s)
[INFO] Downloading from sc-generated-vendor: file:///private/tmp/sc-framework-consumer-011-20261007/sc-notes-candidate3/vendor/maven/io/rest-assured/rest-assured-bom/5.5.2/rest-assured-bom-5.5.2.pom
[INFO] Downloading from sonatype-oss-snapshots: https://oss.sonatype.org/content/repositories/snapshots/io/rest-assured/rest-assured-bom/5.5.2/rest-assured-bom-5.5.2.pom
[INFO] Downloading from spring-milestone: https://repo.spring.io/milestone/io/rest-assured/rest-assured-bom/5.5.2/rest-assured-bom-5.5.2.pom
[INFO] Downloading from spring-snapshot: https://repo.spring.io/snapshot/io/rest-assured/rest-assured-bom/5.5.2/rest-assured-bom-5.5.2.pom
[INFO] Downloading from central: https://repo.maven.apache.org/maven2/io/rest-assured/rest-assured-bom/5.5.2/rest-assured-bom-5.5.2.pom
[INFO] Downloaded from central: https://repo.maven.apache.org/maven2/io/rest-assured/rest-assured-bom/5.5.2/rest-assured-bom-5.5.2.pom (5.0 kB at 279 kB/s)
[INFO] Downloading from sc-generated-vendor: file:///private/tmp/sc-framework-consumer-011-20261007/sc-notes-candidate3/vendor/maven/org/springframework/amqp/spring-amqp-bom/3.2.5/spring-amqp-bom-3.2.5.pom
[INFO] Downloading from sonatype-oss-snapshots: https://oss.sonatype.org/content/repositories/snapshots/org/springframework/amqp/spring-amqp-bom/3.2.5/spring-amqp-bom-3.2.5.pom
[INFO] Downloading from spring-milestone: https://repo.spring.io/milestone/org/springframework/amqp/spring-amqp-bom/3.2.5/spring-amqp-bom-3.2.5.pom
[INFO] Downloading from spring-snapshot: https://repo.spring.io/snapshot/org/springframework/amqp/spring-amqp-bom/3.2.5/spring-amqp-bom-3.2.5.pom
[INFO] Downloading from central: https://repo.maven.apache.org/maven2/org/springframework/amqp/spring-amqp-bom/3.2.5/spring-amqp-bom-3.2.5.pom
[INFO] Downloaded from central: https://repo.maven.apache.org/maven2/org/springframework/amqp/spring-amqp-bom/3.2.5/spring-amqp-bom-3.2.5.pom (3.9 kB at 184 kB/s)
[INFO] Downloading from sc-generated-vendor: file:///private/tmp/sc-framework-consumer-011-20261007/sc-notes-candidate3/vendor/maven/org/springframework/batch/spring-batch-bom/5.2.2/spring-batch-bom-5.2.2.pom
[INFO] Downloading from sonatype-oss-snapshots: https://oss.sonatype.org/content/repositories/snapshots/org/springframework/batch/spring-batch-bom/5.2.2/spring-batch-bom-5.2.2.pom
[INFO] Downloading from spring-milestone: https://repo.spring.io/milestone/org/springframework/batch/spring-batch-bom/5.2.2/spring-batch-bom-5.2.2.pom
[INFO] Downloading from spring-snapshot: https://repo.spring.io/snapshot/org/springframework/batch/spring-batch-bom/5.2.2/spring-batch-bom-5.2.2.pom
[INFO] Downloading from central: https://repo.maven.apache.org/maven2/org/springframework/batch/spring-batch-bom/5.2.2/spring-batch-bom-5.2.2.pom
[INFO] Downloaded from central: https://repo.maven.apache.org/maven2/org/springframework/batch/spring-batch-bom/5.2.2/spring-batch-bom-5.2.2.pom (3.2 kB at 180 kB/s)
[INFO] Downloading from sc-generated-vendor: file:///private/tmp/sc-framework-consumer-011-20261007/sc-notes-candidate3/vendor/maven/org/springframework/data/spring-data-bom/2025.0.0/spring-data-bom-2025.0.0.pom
[INFO] Downloading from sonatype-oss-snapshots: https://oss.sonatype.org/content/repositories/snapshots/org/springframework/data/spring-data-bom/2025.0.0/spring-data-bom-2025.0.0.pom
[INFO] Downloading from spring-milestone: https://repo.spring.io/milestone/org/springframework/data/spring-data-bom/2025.0.0/spring-data-bom-2025.0.0.pom
[INFO] Downloading from spring-snapshot: https://repo.spring.io/snapshot/org/springframework/data/spring-data-bom/2025.0.0/spring-data-bom-2025.0.0.pom
[INFO] Downloading from central: https://repo.maven.apache.org/maven2/org/springframework/data/spring-data-bom/2025.0.0/spring-data-bom-2025.0.0.pom
[INFO] Downloaded from central: https://repo.maven.apache.org/maven2/org/springframework/data/spring-data-bom/2025.0.0/spring-data-bom-2025.0.0.pom (5.5 kB at 324 kB/s)
[INFO] Downloading from sc-generated-vendor: file:///private/tmp/sc-framework-consumer-011-20261007/sc-notes-candidate3/vendor/maven/org/springframework/spring-framework-bom/6.2.7/spring-framework-bom-6.2.7.pom
[INFO] Downloading from sonatype-oss-snapshots: https://oss.sonatype.org/content/repositories/snapshots/org/springframework/spring-framework-bom/6.2.7/spring-framework-bom-6.2.7.pom
[INFO] Downloading from spring-milestone: https://repo.spring.io/milestone/org/springframework/spring-framework-bom/6.2.7/spring-framework-bom-6.2.7.pom
[INFO] Downloading from spring-snapshot: https://repo.spring.io/snapshot/org/springframework/spring-framework-bom/6.2.7/spring-framework-bom-6.2.7.pom
[INFO] Downloading from central: https://repo.maven.apache.org/maven2/org/springframework/spring-framework-bom/6.2.7/spring-framework-bom-6.2.7.pom
[INFO] Downloaded from central: https://repo.maven.apache.org/maven2/org/springframework/spring-framework-bom/6.2.7/spring-framework-bom-6.2.7.pom (5.8 kB at 323 kB/s)
[INFO] Downloading from sc-generated-vendor: file:///private/tmp/sc-framework-consumer-011-20261007/sc-notes-candidate3/vendor/maven/org/springframework/integration/spring-integration-bom/6.5.0/spring-integration-bom-6.5.0.pom
[INFO] Downloading from sonatype-oss-snapshots: https://oss.sonatype.org/content/repositories/snapshots/org/springframework/integration/spring-integration-bom/6.5.0/spring-integration-bom-6.5.0.pom
[INFO] Downloading from spring-milestone: https://repo.spring.io/milestone/org/springframework/integration/spring-integration-bom/6.5.0/spring-integration-bom-6.5.0.pom
[INFO] Downloading from spring-snapshot: https://repo.spring.io/snapshot/org/springframework/integration/spring-integration-bom/6.5.0/spring-integration-bom-6.5.0.pom
[INFO] Downloading from central: https://repo.maven.apache.org/maven2/org/springframework/integration/spring-integration-bom/6.5.0/spring-integration-bom-6.5.0.pom
[INFO] Downloaded from central: https://repo.maven.apache.org/maven2/org/springframework/integration/spring-integration-bom/6.5.0/spring-integration-bom-6.5.0.pom (10 kB at 604 kB/s)
[INFO] Downloading from sc-generated-vendor: file:///private/tmp/sc-framework-consumer-011-20261007/sc-notes-candidate3/vendor/maven/org/springframework/pulsar/spring-pulsar-bom/1.2.6/spring-pulsar-bom-1.2.6.pom
[INFO] Downloading from sonatype-oss-snapshots: https://oss.sonatype.org/content/repositories/snapshots/org/springframework/pulsar/spring-pulsar-bom/1.2.6/spring-pulsar-bom-1.2.6.pom
[INFO] Downloading from spring-milestone: https://repo.spring.io/milestone/org/springframework/pulsar/spring-pulsar-bom/1.2.6/spring-pulsar-bom-1.2.6.pom
[INFO] Downloading from spring-snapshot: https://repo.spring.io/snapshot/org/springframework/pulsar/spring-pulsar-bom/1.2.6/spring-pulsar-bom-1.2.6.pom
[INFO] Downloading from central: https://repo.maven.apache.org/maven2/org/springframework/pulsar/spring-pulsar-bom/1.2.6/spring-pulsar-bom-1.2.6.pom
[INFO] Downloaded from central: https://repo.maven.apache.org/maven2/org/springframework/pulsar/spring-pulsar-bom/1.2.6/spring-pulsar-bom-1.2.6.pom (2.9 kB at 139 kB/s)
[INFO] Downloading from sc-generated-vendor: file:///private/tmp/sc-framework-consumer-011-20261007/sc-notes-candidate3/vendor/maven/org/springframework/restdocs/spring-restdocs-bom/3.0.3/spring-restdocs-bom-3.0.3.pom
[INFO] Downloading from sonatype-oss-snapshots: https://oss.sonatype.org/content/repositories/snapshots/org/springframework/restdocs/spring-restdocs-bom/3.0.3/spring-restdocs-bom-3.0.3.pom
[INFO] Downloading from spring-milestone: https://repo.spring.io/milestone/org/springframework/restdocs/spring-restdocs-bom/3.0.3/spring-restdocs-bom-3.0.3.pom
[INFO] Downloading from spring-snapshot: https://repo.spring.io/snapshot/org/springframework/restdocs/spring-restdocs-bom/3.0.3/spring-restdocs-bom-3.0.3.pom
[INFO] Downloading from central: https://repo.maven.apache.org/maven2/org/springframework/restdocs/spring-restdocs-bom/3.0.3/spring-restdocs-bom-3.0.3.pom
[INFO] Downloaded from central: https://repo.maven.apache.org/maven2/org/springframework/restdocs/spring-restdocs-bom/3.0.3/spring-restdocs-bom-3.0.3.pom (2.6 kB at 129 kB/s)
[INFO] Downloading from sc-generated-vendor: file:///private/tmp/sc-framework-consumer-011-20261007/sc-notes-candidate3/vendor/maven/org/springframework/security/spring-security-bom/6.5.0/spring-security-bom-6.5.0.pom
[INFO] Downloading from sonatype-oss-snapshots: https://oss.sonatype.org/content/repositories/snapshots/org/springframework/security/spring-security-bom/6.5.0/spring-security-bom-6.5.0.pom
[INFO] Downloading from spring-milestone: https://repo.spring.io/milestone/org/springframework/security/spring-security-bom/6.5.0/spring-security-bom-6.5.0.pom
[INFO] Downloading from spring-snapshot: https://repo.spring.io/snapshot/org/springframework/security/spring-security-bom/6.5.0/spring-security-bom-6.5.0.pom
[INFO] Downloading from central: https://repo.maven.apache.org/maven2/org/springframework/security/spring-security-bom/6.5.0/spring-security-bom-6.5.0.pom
[INFO] Downloaded from central: https://repo.maven.apache.org/maven2/org/springframework/security/spring-security-bom/6.5.0/spring-security-bom-6.5.0.pom (5.3 kB at 242 kB/s)
[INFO] Downloading from sc-generated-vendor: file:///private/tmp/sc-framework-consumer-011-20261007/sc-notes-candidate3/vendor/maven/org/springframework/session/spring-session-bom/3.5.0/spring-session-bom-3.5.0.pom
[INFO] Downloading from sonatype-oss-snapshots: https://oss.sonatype.org/content/repositories/snapshots/org/springframework/session/spring-session-bom/3.5.0/spring-session-bom-3.5.0.pom
[INFO] Downloading from spring-milestone: https://repo.spring.io/milestone/org/springframework/session/spring-session-bom/3.5.0/spring-session-bom-3.5.0.pom
[INFO] Downloading from spring-snapshot: https://repo.spring.io/snapshot/org/springframework/session/spring-session-bom/3.5.0/spring-session-bom-3.5.0.pom
[INFO] Downloading from central: https://repo.maven.apache.org/maven2/org/springframework/session/spring-session-bom/3.5.0/spring-session-bom-3.5.0.pom
[INFO] Downloaded from central: https://repo.maven.apache.org/maven2/org/springframework/session/spring-session-bom/3.5.0/spring-session-bom-3.5.0.pom (2.9 kB at 181 kB/s)
[INFO] Downloading from sc-generated-vendor: file:///private/tmp/sc-framework-consumer-011-20261007/sc-notes-candidate3/vendor/maven/org/springframework/ws/spring-ws-bom/4.1.0/spring-ws-bom-4.1.0.pom
[INFO] Downloading from sonatype-oss-snapshots: https://oss.sonatype.org/content/repositories/snapshots/org/springframework/ws/spring-ws-bom/4.1.0/spring-ws-bom-4.1.0.pom
[INFO] Downloading from spring-milestone: https://repo.spring.io/milestone/org/springframework/ws/spring-ws-bom/4.1.0/spring-ws-bom-4.1.0.pom
[INFO] Downloading from spring-snapshot: https://repo.spring.io/snapshot/org/springframework/ws/spring-ws-bom/4.1.0/spring-ws-bom-4.1.0.pom
[INFO] Downloading from central: https://repo.maven.apache.org/maven2/org/springframework/ws/spring-ws-bom/4.1.0/spring-ws-bom-4.1.0.pom
[INFO] Downloaded from central: https://repo.maven.apache.org/maven2/org/springframework/ws/spring-ws-bom/4.1.0/spring-ws-bom-4.1.0.pom (2.3 kB at 128 kB/s)
[INFO] Downloading from sc-generated-vendor: file:///private/tmp/sc-framework-consumer-011-20261007/sc-notes-candidate3/vendor/maven/org/testcontainers/testcontainers-bom/1.21.0/testcontainers-bom-1.21.0.pom
[INFO] Downloading from sonatype-oss-snapshots: https://oss.sonatype.org/content/repositories/snapshots/org/testcontainers/testcontainers-bom/1.21.0/testcontainers-bom-1.21.0.pom
[INFO] Downloading from spring-milestone: https://repo.spring.io/milestone/org/testcontainers/testcontainers-bom/1.21.0/testcontainers-bom-1.21.0.pom
[INFO] Downloading from spring-snapshot: https://repo.spring.io/snapshot/org/testcontainers/testcontainers-bom/1.21.0/testcontainers-bom-1.21.0.pom
[INFO] Downloading from central: https://repo.maven.apache.org/maven2/org/testcontainers/testcontainers-bom/1.21.0/testcontainers-bom-1.21.0.pom
[INFO] Downloaded from central: https://repo.maven.apache.org/maven2/org/testcontainers/testcontainers-bom/1.21.0/testcontainers-bom-1.21.0.pom (12 kB at 679 kB/s)
[INFO] Downloading from sc-generated-vendor: file:///private/tmp/sc-framework-consumer-011-20261007/sc-notes-candidate3/vendor/maven/org/mybatis/spring/boot/mybatis-spring-boot-autoconfigure/3.0.5/mybatis-spring-boot-autoconfigure-3.0.5.pom
[INFO] Downloading from central: https://repo.maven.apache.org/maven2/org/mybatis/spring/boot/mybatis-spring-boot-autoconfigure/3.0.5/mybatis-spring-boot-autoconfigure-3.0.5.pom
[INFO] Downloaded from central: https://repo.maven.apache.org/maven2/org/mybatis/spring/boot/mybatis-spring-boot-autoconfigure/3.0.5/mybatis-spring-boot-autoconfigure-3.0.5.pom (4.1 kB at 186 kB/s)
[INFO] Downloading from sc-generated-vendor: file:///private/tmp/sc-framework-consumer-011-20261007/sc-notes-candidate3/vendor/maven/org/mybatis/mybatis/3.5.19/mybatis-3.5.19.pom
[INFO] Downloading from central: https://repo.maven.apache.org/maven2/org/mybatis/mybatis/3.5.19/mybatis-3.5.19.pom
[INFO] Downloaded from central: https://repo.maven.apache.org/maven2/org/mybatis/mybatis/3.5.19/mybatis-3.5.19.pom (16 kB at 824 kB/s)
[INFO] Downloading from sc-generated-vendor: file:///private/tmp/sc-framework-consumer-011-20261007/sc-notes-candidate3/vendor/maven/org/mybatis/mybatis-parent/48/mybatis-parent-48.pom
[INFO] Downloading from central: https://repo.maven.apache.org/maven2/org/mybatis/mybatis-parent/48/mybatis-parent-48.pom
[INFO] Downloaded from central: https://repo.maven.apache.org/maven2/org/mybatis/mybatis-parent/48/mybatis-parent-48.pom (50 kB at 2.6 MB/s)
[INFO] Downloading from sc-generated-vendor: file:///private/tmp/sc-framework-consumer-011-20261007/sc-notes-candidate3/vendor/maven/org/mybatis/mybatis-spring/3.0.5/mybatis-spring-3.0.5.pom
[INFO] Downloading from central: https://repo.maven.apache.org/maven2/org/mybatis/mybatis-spring/3.0.5/mybatis-spring-3.0.5.pom
[INFO] Downloaded from central: https://repo.maven.apache.org/maven2/org/mybatis/mybatis-spring/3.0.5/mybatis-spring-3.0.5.pom (15 kB at 812 kB/s)
[INFO] Downloading from sc-generated-vendor: file:///private/tmp/sc-framework-consumer-011-20261007/sc-notes-candidate3/vendor/maven/com/h2database/h2/2.3.232/h2-2.3.232.pom
[INFO] Downloading from central: https://repo.maven.apache.org/maven2/com/h2database/h2/2.3.232/h2-2.3.232.pom
[INFO] Downloaded from central: https://repo.maven.apache.org/maven2/com/h2database/h2/2.3.232/h2-2.3.232.pom (1.1 kB at 63 kB/s)
[INFO] Downloading from sc-generated-vendor: file:///private/tmp/sc-framework-consumer-011-20261007/sc-notes-candidate3/vendor/maven/org/flywaydb/flyway-core/11.7.2/flyway-core-11.7.2.pom
[INFO] Downloading from central: https://repo.maven.apache.org/maven2/org/flywaydb/flyway-core/11.7.2/flyway-core-11.7.2.pom
[INFO] Downloaded from central: https://repo.maven.apache.org/maven2/org/flywaydb/flyway-core/11.7.2/flyway-core-11.7.2.pom (5.6 kB at 332 kB/s)
[INFO] Downloading from sc-generated-vendor: file:///private/tmp/sc-framework-consumer-011-20261007/sc-notes-candidate3/vendor/maven/org/flywaydb/flyway-parent/11.7.2/flyway-parent-11.7.2.pom
[INFO] Downloading from central: https://repo.maven.apache.org/maven2/org/flywaydb/flyway-parent/11.7.2/flyway-parent-11.7.2.pom
[INFO] Downloaded from central: https://repo.maven.apache.org/maven2/org/flywaydb/flyway-parent/11.7.2/flyway-parent-11.7.2.pom (36 kB at 1.7 MB/s)
[INFO] Downloading from sc-generated-vendor: file:///private/tmp/sc-framework-consumer-011-20261007/sc-notes-candidate3/vendor/maven/com/fasterxml/jackson/dataformat/jackson-dataformat-toml/2.21.4/jackson-dataformat-toml-2.21.4.pom
[INFO] Downloading from central: https://repo.maven.apache.org/maven2/com/fasterxml/jackson/dataformat/jackson-dataformat-toml/2.21.4/jackson-dataformat-toml-2.21.4.pom
[INFO] Downloaded from central: https://repo.maven.apache.org/maven2/com/fasterxml/jackson/dataformat/jackson-dataformat-toml/2.21.4/jackson-dataformat-toml-2.21.4.pom (3.8 kB at 153 kB/s)
[INFO] Downloading from sc-generated-vendor: file:///private/tmp/sc-framework-consumer-011-20261007/sc-notes-candidate3/vendor/maven/com/fasterxml/jackson/dataformat/jackson-dataformats-text/2.21.4/jackson-dataformats-text-2.21.4.pom
[INFO] Downloading from central: https://repo.maven.apache.org/maven2/com/fasterxml/jackson/dataformat/jackson-dataformats-text/2.21.4/jackson-dataformats-text-2.21.4.pom
[INFO] Downloaded from central: https://repo.maven.apache.org/maven2/com/fasterxml/jackson/dataformat/jackson-dataformats-text/2.21.4/jackson-dataformats-text-2.21.4.pom (3.5 kB at 112 kB/s)
[INFO] Downloading from sc-generated-vendor: file:///private/tmp/sc-framework-consumer-011-20261007/sc-notes-candidate3/vendor/maven/org/springframework/cloud/spring-cloud-starter-openfeign/4.3.3/spring-cloud-starter-openfeign-4.3.3.pom
[INFO] Downloading from central: https://repo.maven.apache.org/maven2/org/springframework/cloud/spring-cloud-starter-openfeign/4.3.3/spring-cloud-starter-openfeign-4.3.3.pom
[INFO] Downloaded from central: https://repo.maven.apache.org/maven2/org/springframework/cloud/spring-cloud-starter-openfeign/4.3.3/spring-cloud-starter-openfeign-4.3.3.pom (4.5 kB at 185 kB/s)
[INFO] Downloading from sc-generated-vendor: file:///private/tmp/sc-framework-consumer-011-20261007/sc-notes-candidate3/vendor/maven/org/springframework/cloud/spring-cloud-openfeign/4.3.3/spring-cloud-openfeign-4.3.3.pom
[INFO] Downloading from central: https://repo.maven.apache.org/maven2/org/springframework/cloud/spring-cloud-openfeign/4.3.3/spring-cloud-openfeign-4.3.3.pom
[INFO] Downloaded from central: https://repo.maven.apache.org/maven2/org/springframework/cloud/spring-cloud-openfeign/4.3.3/spring-cloud-openfeign-4.3.3.pom (3.9 kB at 207 kB/s)
[INFO] Downloading from sc-generated-vendor: file:///private/tmp/sc-framework-consumer-011-20261007/sc-notes-candidate3/vendor/maven/org/springframework/cloud/spring-cloud-build/4.3.4/spring-cloud-build-4.3.4.pom
[INFO] Downloading from central: https://repo.maven.apache.org/maven2/org/springframework/cloud/spring-cloud-build/4.3.4/spring-cloud-build-4.3.4.pom
[INFO] Downloaded from central: https://repo.maven.apache.org/maven2/org/springframework/cloud/spring-cloud-build/4.3.4/spring-cloud-build-4.3.4.pom (53 kB at 2.3 MB/s)
[INFO] Downloading from sc-generated-vendor: file:///private/tmp/sc-framework-consumer-011-20261007/sc-notes-candidate3/vendor/maven/org/springframework/cloud/spring-cloud-build-dependencies/4.3.4/spring-cloud-build-dependencies-4.3.4.pom
[INFO] Downloading from central: https://repo.maven.apache.org/maven2/org/springframework/cloud/spring-cloud-build-dependencies/4.3.4/spring-cloud-build-dependencies-4.3.4.pom
[INFO] Downloaded from central: https://repo.maven.apache.org/maven2/org/springframework/cloud/spring-cloud-build-dependencies/4.3.4/spring-cloud-build-dependencies-4.3.4.pom (3.4 kB at 180 kB/s)
[INFO] Downloading from sc-generated-vendor: file:///private/tmp/sc-framework-consumer-011-20261007/sc-notes-candidate3/vendor/maven/org/springframework/boot/spring-boot-dependencies/3.5.15/spring-boot-dependencies-3.5.15.pom
[INFO] Downloading from central: https://repo.maven.apache.org/maven2/org/springframework/boot/spring-boot-dependencies/3.5.15/spring-boot-dependencies-3.5.15.pom
[INFO] Downloaded from central: https://repo.maven.apache.org/maven2/org/springframework/boot/spring-boot-dependencies/3.5.15/spring-boot-dependencies-3.5.15.pom (97 kB at 4.6 MB/s)
[INFO] Downloading from sc-generated-vendor: file:///private/tmp/sc-framework-consumer-011-20261007/sc-notes-candidate3/vendor/maven/org/springframework/amqp/spring-amqp-bom/3.2.11/spring-amqp-bom-3.2.11.pom
[INFO] Downloading from central: https://repo.maven.apache.org/maven2/org/springframework/amqp/spring-amqp-bom/3.2.11/spring-amqp-bom-3.2.11.pom
[INFO] Downloaded from central: https://repo.maven.apache.org/maven2/org/springframework/amqp/spring-amqp-bom/3.2.11/spring-amqp-bom-3.2.11.pom (3.9 kB at 216 kB/s)
[INFO] Downloading from sc-generated-vendor: file:///private/tmp/sc-framework-consumer-011-20261007/sc-notes-candidate3/vendor/maven/org/springframework/data/spring-data-bom/2025.0.12/spring-data-bom-2025.0.12.pom
[INFO] Downloading from central: https://repo.maven.apache.org/maven2/org/springframework/data/spring-data-bom/2025.0.12/spring-data-bom-2025.0.12.pom
[INFO] Downloaded from central: https://repo.maven.apache.org/maven2/org/springframework/data/spring-data-bom/2025.0.12/spring-data-bom-2025.0.12.pom (5.5 kB at 307 kB/s)
[INFO] Downloading from sc-generated-vendor: file:///private/tmp/sc-framework-consumer-011-20261007/sc-notes-candidate3/vendor/maven/org/springframework/integration/spring-integration-bom/6.5.9/spring-integration-bom-6.5.9.pom
[INFO] Downloading from central: https://repo.maven.apache.org/maven2/org/springframework/integration/spring-integration-bom/6.5.9/spring-integration-bom-6.5.9.pom
[INFO] Downloaded from central: https://repo.maven.apache.org/maven2/org/springframework/integration/spring-integration-bom/6.5.9/spring-integration-bom-6.5.9.pom (10 kB at 603 kB/s)
[INFO] Downloading from sc-generated-vendor: file:///private/tmp/sc-framework-consumer-011-20261007/sc-notes-candidate3/vendor/maven/org/springframework/cloud/spring-cloud-starter/4.3.3/spring-cloud-starter-4.3.3.pom
[INFO] Downloading from central: https://repo.maven.apache.org/maven2/org/springframework/cloud/spring-cloud-starter/4.3.3/spring-cloud-starter-4.3.3.pom
[INFO] Downloaded from central: https://repo.maven.apache.org/maven2/org/springframework/cloud/spring-cloud-starter/4.3.3/spring-cloud-starter-4.3.3.pom (3.8 kB at 209 kB/s)
[INFO] Downloading from sc-generated-vendor: file:///private/tmp/sc-framework-consumer-011-20261007/sc-notes-candidate3/vendor/maven/org/springframework/cloud/spring-cloud-commons-parent/4.3.3/spring-cloud-commons-parent-4.3.3.pom
[INFO] Downloading from central: https://repo.maven.apache.org/maven2/org/springframework/cloud/spring-cloud-commons-parent/4.3.3/spring-cloud-commons-parent-4.3.3.pom
[INFO] Downloaded from central: https://repo.maven.apache.org/maven2/org/springframework/cloud/spring-cloud-commons-parent/4.3.3/spring-cloud-commons-parent-4.3.3.pom (3.9 kB at 241 kB/s)
[INFO] Downloading from sc-generated-vendor: file:///private/tmp/sc-framework-consumer-011-20261007/sc-notes-candidate3/vendor/maven/org/springframework/cloud/spring-cloud-context/4.3.3/spring-cloud-context-4.3.3.pom
[INFO] Downloading from central: https://repo.maven.apache.org/maven2/org/springframework/cloud/spring-cloud-context/4.3.3/spring-cloud-context-4.3.3.pom
[INFO] Downloaded from central: https://repo.maven.apache.org/maven2/org/springframework/cloud/spring-cloud-context/4.3.3/spring-cloud-context-4.3.3.pom (5.3 kB at 293 kB/s)
[INFO] Downloading from sc-generated-vendor: file:///private/tmp/sc-framework-consumer-011-20261007/sc-notes-candidate3/vendor/maven/org/springframework/cloud/spring-cloud-commons/4.3.3/spring-cloud-commons-4.3.3.pom
[INFO] Downloading from central: https://repo.maven.apache.org/maven2/org/springframework/cloud/spring-cloud-commons/4.3.3/spring-cloud-commons-4.3.3.pom
[INFO] Downloaded from central: https://repo.maven.apache.org/maven2/org/springframework/cloud/spring-cloud-commons/4.3.3/spring-cloud-commons-4.3.3.pom (6.6 kB at 366 kB/s)
[INFO] Downloading from sc-generated-vendor: file:///private/tmp/sc-framework-consumer-011-20261007/sc-notes-candidate3/vendor/maven/org/bouncycastle/bcprov-jdk18on/1.80.2/bcprov-jdk18on-1.80.2.pom
[INFO] Downloading from central: https://repo.maven.apache.org/maven2/org/bouncycastle/bcprov-jdk18on/1.80.2/bcprov-jdk18on-1.80.2.pom
[INFO] Downloaded from central: https://repo.maven.apache.org/maven2/org/bouncycastle/bcprov-jdk18on/1.80.2/bcprov-jdk18on-1.80.2.pom (1.2 kB at 68 kB/s)
[INFO] Downloading from sc-generated-vendor: file:///private/tmp/sc-framework-consumer-011-20261007/sc-notes-candidate3/vendor/maven/org/springframework/cloud/spring-cloud-openfeign-core/4.3.3/spring-cloud-openfeign-core-4.3.3.pom
[INFO] Downloading from central: https://repo.maven.apache.org/maven2/org/springframework/cloud/spring-cloud-openfeign-core/4.3.3/spring-cloud-openfeign-core-4.3.3.pom
[INFO] Downloaded from central: https://repo.maven.apache.org/maven2/org/springframework/cloud/spring-cloud-openfeign-core/4.3.3/spring-cloud-openfeign-core-4.3.3.pom (9.1 kB at 534 kB/s)
[INFO] Downloading from sc-generated-vendor: file:///private/tmp/sc-framework-consumer-011-20261007/sc-notes-candidate3/vendor/maven/io/github/openfeign/feign-form-spring/13.6.1/feign-form-spring-13.6.1.pom
[INFO] Downloading from central: https://repo.maven.apache.org/maven2/io/github/openfeign/feign-form-spring/13.6.1/feign-form-spring-13.6.1.pom
[INFO] Downloaded from central: https://repo.maven.apache.org/maven2/io/github/openfeign/feign-form-spring/13.6.1/feign-form-spring-13.6.1.pom (4.5 kB at 264 kB/s)
[INFO] Downloading from sc-generated-vendor: file:///private/tmp/sc-framework-consumer-011-20261007/sc-notes-candidate3/vendor/maven/io/github/openfeign/parent/13.6.1/parent-13.6.1.pom
[INFO] Downloading from central: https://repo.maven.apache.org/maven2/io/github/openfeign/parent/13.6.1/parent-13.6.1.pom
[INFO] Downloaded from central: https://repo.maven.apache.org/maven2/io/github/openfeign/parent/13.6.1/parent-13.6.1.pom (38 kB at 1.9 MB/s)
[INFO] Downloading from sc-generated-vendor: file:///private/tmp/sc-framework-consumer-011-20261007/sc-notes-candidate3/vendor/maven/org/junit/junit-bom/5.11.4/junit-bom-5.11.4.pom
[INFO] Downloading from central: https://repo.maven.apache.org/maven2/org/junit/junit-bom/5.11.4/junit-bom-5.11.4.pom
[INFO] Downloaded from central: https://repo.maven.apache.org/maven2/org/junit/junit-bom/5.11.4/junit-bom-5.11.4.pom (5.6 kB at 353 kB/s)
[INFO] Downloading from sc-generated-vendor: file:///private/tmp/sc-framework-consumer-011-20261007/sc-notes-candidate3/vendor/maven/org/apache/commons/commons-text/1.13.0/commons-text-1.13.0.pom
[INFO] Downloading from central: https://repo.maven.apache.org/maven2/org/apache/commons/commons-text/1.13.0/commons-text-1.13.0.pom
[INFO] Downloaded from central: https://repo.maven.apache.org/maven2/org/apache/commons/commons-text/1.13.0/commons-text-1.13.0.pom (23 kB at 1.2 MB/s)
[INFO] Downloading from sc-generated-vendor: file:///private/tmp/sc-framework-consumer-011-20261007/sc-notes-candidate3/vendor/maven/org/apache/commons/commons-parent/78/commons-parent-78.pom
[INFO] Downloading from central: https://repo.maven.apache.org/maven2/org/apache/commons/commons-parent/78/commons-parent-78.pom
[INFO] Downloaded from central: https://repo.maven.apache.org/maven2/org/apache/commons/commons-parent/78/commons-parent-78.pom (78 kB at 3.1 MB/s)
[INFO] Downloading from sc-generated-vendor: file:///private/tmp/sc-framework-consumer-011-20261007/sc-notes-candidate3/vendor/maven/org/junit/junit-bom/5.11.2/junit-bom-5.11.2.pom
[INFO] Downloading from central: https://repo.maven.apache.org/maven2/org/junit/junit-bom/5.11.2/junit-bom-5.11.2.pom
[INFO] Downloaded from central: https://repo.maven.apache.org/maven2/org/junit/junit-bom/5.11.2/junit-bom-5.11.2.pom (5.6 kB at 332 kB/s)
[INFO] Downloading from sc-generated-vendor: file:///private/tmp/sc-framework-consumer-011-20261007/sc-notes-candidate3/vendor/maven/org/apache/commons/commons-lang3/3.17.0/commons-lang3-3.17.0.pom
[INFO] Downloading from central: https://repo.maven.apache.org/maven2/org/apache/commons/commons-lang3/3.17.0/commons-lang3-3.17.0.pom
[INFO] Downloaded from central: https://repo.maven.apache.org/maven2/org/apache/commons/commons-lang3/3.17.0/commons-lang3-3.17.0.pom (31 kB at 1.5 MB/s)
[INFO] Downloading from sc-generated-vendor: file:///private/tmp/sc-framework-consumer-011-20261007/sc-notes-candidate3/vendor/maven/org/apache/commons/commons-parent/73/commons-parent-73.pom
[INFO] Downloading from central: https://repo.maven.apache.org/maven2/org/apache/commons/commons-parent/73/commons-parent-73.pom
[INFO] Downloaded from central: https://repo.maven.apache.org/maven2/org/apache/commons/commons-parent/73/commons-parent-73.pom (78 kB at 3.5 MB/s)
[INFO] Downloading from sc-generated-vendor: file:///private/tmp/sc-framework-consumer-011-20261007/sc-notes-candidate3/vendor/maven/org/junit/junit-bom/5.11.0/junit-bom-5.11.0.pom
[INFO] Downloading from central: https://repo.maven.apache.org/maven2/org/junit/junit-bom/5.11.0/junit-bom-5.11.0.pom
[INFO] Downloaded from central: https://repo.maven.apache.org/maven2/org/junit/junit-bom/5.11.0/junit-bom-5.11.0.pom (5.6 kB at 314 kB/s)
[INFO] Downloading from sc-generated-vendor: file:///private/tmp/sc-framework-consumer-011-20261007/sc-notes-candidate3/vendor/maven/io/github/openfeign/feign-form/13.6.1/feign-form-13.6.1.pom
[INFO] Downloading from central: https://repo.maven.apache.org/maven2/io/github/openfeign/feign-form/13.6.1/feign-form-13.6.1.pom
[INFO] Downloaded from central: https://repo.maven.apache.org/maven2/io/github/openfeign/feign-form/13.6.1/feign-form-13.6.1.pom (3.8 kB at 211 kB/s)
[INFO] Downloading from sc-generated-vendor: file:///private/tmp/sc-framework-consumer-011-20261007/sc-notes-candidate3/vendor/maven/io/github/openfeign/feign-core/13.6.1/feign-core-13.6.1.pom
[INFO] Downloading from central: https://repo.maven.apache.org/maven2/io/github/openfeign/feign-core/13.6.1/feign-core-13.6.1.pom
[INFO] Downloaded from central: https://repo.maven.apache.org/maven2/io/github/openfeign/feign-core/13.6.1/feign-core-13.6.1.pom (3.9 kB at 196 kB/s)
[INFO] Downloading from sc-generated-vendor: file:///private/tmp/sc-framework-consumer-011-20261007/sc-notes-candidate3/vendor/maven/commons-fileupload/commons-fileupload/1.6.0/commons-fileupload-1.6.0.pom
[INFO] Downloading from central: https://repo.maven.apache.org/maven2/commons-fileupload/commons-fileupload/1.6.0/commons-fileupload-1.6.0.pom
[INFO] Downloaded from central: https://repo.maven.apache.org/maven2/commons-fileupload/commons-fileupload/1.6.0/commons-fileupload-1.6.0.pom (17 kB at 782 kB/s)
[INFO] Downloading from sc-generated-vendor: file:///private/tmp/sc-framework-consumer-011-20261007/sc-notes-candidate3/vendor/maven/org/apache/commons/commons-parent/84/commons-parent-84.pom
[INFO] Downloading from central: https://repo.maven.apache.org/maven2/org/apache/commons/commons-parent/84/commons-parent-84.pom
[INFO] Downloaded from central: https://repo.maven.apache.org/maven2/org/apache/commons/commons-parent/84/commons-parent-84.pom (78 kB at 3.3 MB/s)
[INFO] Downloading from sc-generated-vendor: file:///private/tmp/sc-framework-consumer-011-20261007/sc-notes-candidate3/vendor/maven/org/apache/apache/34/apache-34.pom
[INFO] Downloading from central: https://repo.maven.apache.org/maven2/org/apache/apache/34/apache-34.pom
[INFO] Downloaded from central: https://repo.maven.apache.org/maven2/org/apache/apache/34/apache-34.pom (24 kB at 1.2 MB/s)
[INFO] Downloading from sc-generated-vendor: file:///private/tmp/sc-framework-consumer-011-20261007/sc-notes-candidate3/vendor/maven/io/github/openfeign/feign-slf4j/13.6.1/feign-slf4j-13.6.1.pom
[INFO] Downloading from central: https://repo.maven.apache.org/maven2/io/github/openfeign/feign-slf4j/13.6.1/feign-slf4j-13.6.1.pom
[INFO] Downloaded from central: https://repo.maven.apache.org/maven2/io/github/openfeign/feign-slf4j/13.6.1/feign-slf4j-13.6.1.pom (1.8 kB at 102 kB/s)
[INFO] Downloading from sc-generated-vendor: file:///private/tmp/sc-framework-consumer-011-20261007/sc-notes-candidate3/vendor/maven/org/springdoc/springdoc-openapi-starter-webmvc-ui/2.9.1/springdoc-openapi-starter-webmvc-ui-2.9.1.pom
[INFO] Downloading from central: https://repo.maven.apache.org/maven2/org/springdoc/springdoc-openapi-starter-webmvc-ui/2.9.1/springdoc-openapi-starter-webmvc-ui-2.9.1.pom
[INFO] Downloaded from central: https://repo.maven.apache.org/maven2/org/springdoc/springdoc-openapi-starter-webmvc-ui/2.9.1/springdoc-openapi-starter-webmvc-ui-2.9.1.pom (2.0 kB at 99 kB/s)
[INFO] Downloading from sc-generated-vendor: file:///private/tmp/sc-framework-consumer-011-20261007/sc-notes-candidate3/vendor/maven/org/springdoc/springdoc-openapi/2.9.1/springdoc-openapi-2.9.1.pom
[INFO] Downloading from central: https://repo.maven.apache.org/maven2/org/springdoc/springdoc-openapi/2.9.1/springdoc-openapi-2.9.1.pom
[INFO] Downloaded from central: https://repo.maven.apache.org/maven2/org/springdoc/springdoc-openapi/2.9.1/springdoc-openapi-2.9.1.pom (9.0 kB at 471 kB/s)
[INFO] Downloading from sc-generated-vendor: file:///private/tmp/sc-framework-consumer-011-20261007/sc-notes-candidate3/vendor/maven/org/springframework/cloud/spring-cloud-function-dependencies/4.2.2/spring-cloud-function-dependencies-4.2.2.pom
[INFO] Downloading from central: https://repo.maven.apache.org/maven2/org/springframework/cloud/spring-cloud-function-dependencies/4.2.2/spring-cloud-function-dependencies-4.2.2.pom
[INFO] Downloaded from central: https://repo.maven.apache.org/maven2/org/springframework/cloud/spring-cloud-function-dependencies/4.2.2/spring-cloud-function-dependencies-4.2.2.pom (6.8 kB at 377 kB/s)
[INFO] Downloading from sc-generated-vendor: file:///private/tmp/sc-framework-consumer-011-20261007/sc-notes-candidate3/vendor/maven/org/springframework/cloud/spring-cloud-dependencies-parent/4.2.1/spring-cloud-dependencies-parent-4.2.1.pom
[INFO] Downloading from central: https://repo.maven.apache.org/maven2/org/springframework/cloud/spring-cloud-dependencies-parent/4.2.1/spring-cloud-dependencies-parent-4.2.1.pom
[INFO] Downloaded from central: https://repo.maven.apache.org/maven2/org/springframework/cloud/spring-cloud-dependencies-parent/4.2.1/spring-cloud-dependencies-parent-4.2.1.pom (7.6 kB at 420 kB/s)
[INFO] Downloading from sc-generated-vendor: file:///private/tmp/sc-framework-consumer-011-20261007/sc-notes-candidate3/vendor/maven/org/springdoc/springdoc-openapi-starter-webmvc-api/2.9.1/springdoc-openapi-starter-webmvc-api-2.9.1.pom
[INFO] Downloading from central: https://repo.maven.apache.org/maven2/org/springdoc/springdoc-openapi-starter-webmvc-api/2.9.1/springdoc-openapi-starter-webmvc-api-2.9.1.pom
[INFO] Downloaded from central: https://repo.maven.apache.org/maven2/org/springdoc/springdoc-openapi-starter-webmvc-api/2.9.1/springdoc-openapi-starter-webmvc-api-2.9.1.pom (2.0 kB at 113 kB/s)
[INFO] Downloading from sc-generated-vendor: file:///private/tmp/sc-framework-consumer-011-20261007/sc-notes-candidate3/vendor/maven/org/springdoc/springdoc-openapi-starter-common/2.9.1/springdoc-openapi-starter-common-2.9.1.pom
[INFO] Downloading from central: https://repo.maven.apache.org/maven2/org/springdoc/springdoc-openapi-starter-common/2.9.1/springdoc-openapi-starter-common-2.9.1.pom
[INFO] Downloaded from central: https://repo.maven.apache.org/maven2/org/springdoc/springdoc-openapi-starter-common/2.9.1/springdoc-openapi-starter-common-2.9.1.pom (5.2 kB at 304 kB/s)
[INFO] Downloading from sc-generated-vendor: file:///private/tmp/sc-framework-consumer-011-20261007/sc-notes-candidate3/vendor/maven/io/swagger/core/v3/swagger-core-jakarta/2.2.55/swagger-core-jakarta-2.2.55.pom
[INFO] Downloading from central: https://repo.maven.apache.org/maven2/io/swagger/core/v3/swagger-core-jakarta/2.2.55/swagger-core-jakarta-2.2.55.pom
[INFO] Downloaded from central: https://repo.maven.apache.org/maven2/io/swagger/core/v3/swagger-core-jakarta/2.2.55/swagger-core-jakarta-2.2.55.pom (5.6 kB at 253 kB/s)
[INFO] Downloading from sc-generated-vendor: file:///private/tmp/sc-framework-consumer-011-20261007/sc-notes-candidate3/vendor/maven/io/swagger/core/v3/swagger-project-jakarta/2.2.55/swagger-project-jakarta-2.2.55.pom
[INFO] Downloading from central: https://repo.maven.apache.org/maven2/io/swagger/core/v3/swagger-project-jakarta/2.2.55/swagger-project-jakarta-2.2.55.pom
[INFO] Downloaded from central: https://repo.maven.apache.org/maven2/io/swagger/core/v3/swagger-project-jakarta/2.2.55/swagger-project-jakarta-2.2.55.pom (22 kB at 1.1 MB/s)
[INFO] Downloading from sc-generated-vendor: file:///private/tmp/sc-framework-consumer-011-20261007/sc-notes-candidate3/vendor/maven/io/swagger/core/v3/swagger-annotations-jakarta/2.2.55/swagger-annotations-jakarta-2.2.55.pom
[INFO] Downloading from central: https://repo.maven.apache.org/maven2/io/swagger/core/v3/swagger-annotations-jakarta/2.2.55/swagger-annotations-jakarta-2.2.55.pom
[INFO] Downloaded from central: https://repo.maven.apache.org/maven2/io/swagger/core/v3/swagger-annotations-jakarta/2.2.55/swagger-annotations-jakarta-2.2.55.pom (3.3 kB at 182 kB/s)
[INFO] Downloading from sc-generated-vendor: file:///private/tmp/sc-framework-consumer-011-20261007/sc-notes-candidate3/vendor/maven/io/swagger/core/v3/swagger-models-jakarta/2.2.55/swagger-models-jakarta-2.2.55.pom
[INFO] Downloading from central: https://repo.maven.apache.org/maven2/io/swagger/core/v3/swagger-models-jakarta/2.2.55/swagger-models-jakarta-2.2.55.pom
[INFO] Downloaded from central: https://repo.maven.apache.org/maven2/io/swagger/core/v3/swagger-models-jakarta/2.2.55/swagger-models-jakarta-2.2.55.pom (3.4 kB at 155 kB/s)
[INFO] Downloading from sc-generated-vendor: file:///private/tmp/sc-framework-consumer-011-20261007/sc-notes-candidate3/vendor/maven/com/fasterxml/jackson/dataformat/jackson-dataformat-yaml/2.21.4/jackson-dataformat-yaml-2.21.4.pom
[INFO] Downloading from central: https://repo.maven.apache.org/maven2/com/fasterxml/jackson/dataformat/jackson-dataformat-yaml/2.21.4/jackson-dataformat-yaml-2.21.4.pom
[INFO] Downloaded from central: https://repo.maven.apache.org/maven2/com/fasterxml/jackson/dataformat/jackson-dataformat-yaml/2.21.4/jackson-dataformat-yaml-2.21.4.pom (3.0 kB at 149 kB/s)
[INFO] Downloading from sc-generated-vendor: file:///private/tmp/sc-framework-consumer-011-20261007/sc-notes-candidate3/vendor/maven/org/webjars/swagger-ui/5.32.14/swagger-ui-5.32.14.pom
[INFO] Downloading from central: https://repo.maven.apache.org/maven2/org/webjars/swagger-ui/5.32.14/swagger-ui-5.32.14.pom
[INFO] Downloaded from central: https://repo.maven.apache.org/maven2/org/webjars/swagger-ui/5.32.14/swagger-ui-5.32.14.pom (1.4 kB at 63 kB/s)
[INFO] Downloading from sc-generated-vendor: file:///private/tmp/sc-framework-consumer-011-20261007/sc-notes-candidate3/vendor/maven/org/webjars/webjars-locator-lite/1.1.3/webjars-locator-lite-1.1.3.pom
[INFO] Downloading from central: https://repo.maven.apache.org/maven2/org/webjars/webjars-locator-lite/1.1.3/webjars-locator-lite-1.1.3.pom
[INFO] Downloaded from central: https://repo.maven.apache.org/maven2/org/webjars/webjars-locator-lite/1.1.3/webjars-locator-lite-1.1.3.pom (6.9 kB at 274 kB/s)
[INFO] Downloading from sc-generated-vendor: file:///private/tmp/sc-framework-consumer-011-20261007/sc-notes-candidate3/vendor/maven/org/junit/junit-bom/5.13.2/junit-bom-5.13.2.pom
[INFO] Downloading from central: https://repo.maven.apache.org/maven2/org/junit/junit-bom/5.13.2/junit-bom-5.13.2.pom
[INFO] Downloaded from central: https://repo.maven.apache.org/maven2/org/junit/junit-bom/5.13.2/junit-bom-5.13.2.pom (5.7 kB at 246 kB/s)
[INFO] Downloading from sc-generated-vendor: file:///private/tmp/sc-framework-consumer-011-20261007/sc-notes-candidate3/vendor/maven/org/jspecify/jspecify/1.0.0/jspecify-1.0.0.pom
[INFO] Downloading from central: https://repo.maven.apache.org/maven2/org/jspecify/jspecify/1.0.0/jspecify-1.0.0.pom
[INFO] Downloaded from central: https://repo.maven.apache.org/maven2/org/jspecify/jspecify/1.0.0/jspecify-1.0.0.pom (1.5 kB at 80 kB/s)
[INFO] Downloading from sc-generated-vendor: file:///private/tmp/sc-framework-consumer-011-20261007/sc-notes-candidate3/vendor/maven/org/springframework/boot/spring-boot-starter-actuator/3.5.16/spring-boot-starter-actuator-3.5.16.pom
[INFO] Downloading from central: https://repo.maven.apache.org/maven2/org/springframework/boot/spring-boot-starter-actuator/3.5.16/spring-boot-starter-actuator-3.5.16.pom
[INFO] Downloaded from central: https://repo.maven.apache.org/maven2/org/springframework/boot/spring-boot-starter-actuator/3.5.16/spring-boot-starter-actuator-3.5.16.pom (2.8 kB at 138 kB/s)
[INFO] Downloading from sc-generated-vendor: file:///private/tmp/sc-framework-consumer-011-20261007/sc-notes-candidate3/vendor/maven/org/springframework/boot/spring-boot-actuator-autoconfigure/3.5.16/spring-boot-actuator-autoconfigure-3.5.16.pom
[INFO] Downloading from central: https://repo.maven.apache.org/maven2/org/springframework/boot/spring-boot-actuator-autoconfigure/3.5.16/spring-boot-actuator-autoconfigure-3.5.16.pom
[INFO] Downloaded from central: https://repo.maven.apache.org/maven2/org/springframework/boot/spring-boot-actuator-autoconfigure/3.5.16/spring-boot-actuator-autoconfigure-3.5.16.pom (2.9 kB at 161 kB/s)
[INFO] Downloading from sc-generated-vendor: file:///private/tmp/sc-framework-consumer-011-20261007/sc-notes-candidate3/vendor/maven/org/springframework/boot/spring-boot-actuator/3.5.16/spring-boot-actuator-3.5.16.pom
[INFO] Downloading from central: https://repo.maven.apache.org/maven2/org/springframework/boot/spring-boot-actuator/3.5.16/spring-boot-actuator-3.5.16.pom
[INFO] Downloaded from central: https://repo.maven.apache.org/maven2/org/springframework/boot/spring-boot-actuator/3.5.16/spring-boot-actuator-3.5.16.pom (2.0 kB at 97 kB/s)
[INFO] Downloading from sc-generated-vendor: file:///private/tmp/sc-framework-consumer-011-20261007/sc-notes-candidate3/vendor/maven/io/micrometer/micrometer-jakarta9/1.15.12/micrometer-jakarta9-1.15.12.pom
[INFO] Downloading from central: https://repo.maven.apache.org/maven2/io/micrometer/micrometer-jakarta9/1.15.12/micrometer-jakarta9-1.15.12.pom
[INFO] Downloaded from central: https://repo.maven.apache.org/maven2/io/micrometer/micrometer-jakarta9/1.15.12/micrometer-jakarta9-1.15.12.pom (3.8 kB at 199 kB/s)
[INFO] Downloading from sc-generated-vendor: file:///private/tmp/sc-framework-consumer-011-20261007/sc-notes-candidate3/vendor/maven/io/micrometer/micrometer-core/1.15.12/micrometer-core-1.15.12.pom
[INFO] Downloading from central: https://repo.maven.apache.org/maven2/io/micrometer/micrometer-core/1.15.12/micrometer-core-1.15.12.pom
[INFO] Downloaded from central: https://repo.maven.apache.org/maven2/io/micrometer/micrometer-core/1.15.12/micrometer-core-1.15.12.pom (11 kB at 577 kB/s)
[INFO] Downloading from sc-generated-vendor: file:///private/tmp/sc-framework-consumer-011-20261007/sc-notes-candidate3/vendor/maven/org/hdrhistogram/HdrHistogram/2.2.2/HdrHistogram-2.2.2.pom
[INFO] Downloading from central: https://repo.maven.apache.org/maven2/org/hdrhistogram/HdrHistogram/2.2.2/HdrHistogram-2.2.2.pom
[INFO] Downloaded from central: https://repo.maven.apache.org/maven2/org/hdrhistogram/HdrHistogram/2.2.2/HdrHistogram-2.2.2.pom (13 kB at 603 kB/s)
[INFO] Downloading from sc-generated-vendor: file:///private/tmp/sc-framework-consumer-011-20261007/sc-notes-candidate3/vendor/maven/org/latencyutils/LatencyUtils/2.0.3/LatencyUtils-2.0.3.pom
[INFO] Downloading from central: https://repo.maven.apache.org/maven2/org/latencyutils/LatencyUtils/2.0.3/LatencyUtils-2.0.3.pom
[INFO] Downloaded from central: https://repo.maven.apache.org/maven2/org/latencyutils/LatencyUtils/2.0.3/LatencyUtils-2.0.3.pom (7.2 kB at 402 kB/s)
[INFO] Downloading from sc-generated-vendor: file:///private/tmp/sc-framework-consumer-011-20261007/sc-notes-candidate3/vendor/maven/org/mapstruct/mapstruct/1.6.3/mapstruct-1.6.3.pom
[INFO] Downloading from central: https://repo.maven.apache.org/maven2/org/mapstruct/mapstruct/1.6.3/mapstruct-1.6.3.pom
[INFO] Downloaded from central: https://repo.maven.apache.org/maven2/org/mapstruct/mapstruct/1.6.3/mapstruct-1.6.3.pom (1.7 kB at 79 kB/s)
[INFO] Downloading from sc-generated-vendor: file:///private/tmp/sc-framework-consumer-011-20261007/sc-notes-candidate3/vendor/maven/org/mapstruct/mapstruct-parent/1.6.3/mapstruct-parent-1.6.3.pom
[INFO] Downloading from central: https://repo.maven.apache.org/maven2/org/mapstruct/mapstruct-parent/1.6.3/mapstruct-parent-1.6.3.pom
[INFO] Downloaded from central: https://repo.maven.apache.org/maven2/org/mapstruct/mapstruct-parent/1.6.3/mapstruct-parent-1.6.3.pom (1.6 kB at 74 kB/s)
[INFO] Downloading from sc-generated-vendor: file:///private/tmp/sc-framework-consumer-011-20261007/sc-notes-candidate3/vendor/maven/org/projectlombok/lombok/1.18.46/lombok-1.18.46.pom
[INFO] Downloading from central: https://repo.maven.apache.org/maven2/org/projectlombok/lombok/1.18.46/lombok-1.18.46.pom
[INFO] Downloaded from central: https://repo.maven.apache.org/maven2/org/projectlombok/lombok/1.18.46/lombok-1.18.46.pom (1.5 kB at 71 kB/s)
[INFO] Downloading from sc-generated-vendor: file:///private/tmp/sc-framework-consumer-011-20261007/sc-notes-candidate3/vendor/maven/org/springframework/boot/spring-boot-starter-test/3.5.16/spring-boot-starter-test-3.5.16.pom
[INFO] Downloading from central: https://repo.maven.apache.org/maven2/org/springframework/boot/spring-boot-starter-test/3.5.16/spring-boot-starter-test-3.5.16.pom
[INFO] Downloaded from central: https://repo.maven.apache.org/maven2/org/springframework/boot/spring-boot-starter-test/3.5.16/spring-boot-starter-test-3.5.16.pom (4.9 kB at 288 kB/s)
[INFO] Downloading from sc-generated-vendor: file:///private/tmp/sc-framework-consumer-011-20261007/sc-notes-candidate3/vendor/maven/org/springframework/boot/spring-boot-test/3.5.16/spring-boot-test-3.5.16.pom
[INFO] Downloading from central: https://repo.maven.apache.org/maven2/org/springframework/boot/spring-boot-test/3.5.16/spring-boot-test-3.5.16.pom
[INFO] Downloaded from central: https://repo.maven.apache.org/maven2/org/springframework/boot/spring-boot-test/3.5.16/spring-boot-test-3.5.16.pom (2.2 kB at 111 kB/s)
[INFO] Downloading from sc-generated-vendor: file:///private/tmp/sc-framework-consumer-011-20261007/sc-notes-candidate3/vendor/maven/org/springframework/spring-test/6.2.19/spring-test-6.2.19.pom
[INFO] Downloading from central: https://repo.maven.apache.org/maven2/org/springframework/spring-test/6.2.19/spring-test-6.2.19.pom
[INFO] Downloaded from central: https://repo.maven.apache.org/maven2/org/springframework/spring-test/6.2.19/spring-test-6.2.19.pom (2.1 kB at 98 kB/s)
[INFO] Downloading from sc-generated-vendor: file:///private/tmp/sc-framework-consumer-011-20261007/sc-notes-candidate3/vendor/maven/org/springframework/boot/spring-boot-test-autoconfigure/3.5.16/spring-boot-test-autoconfigure-3.5.16.pom
[INFO] Downloading from central: https://repo.maven.apache.org/maven2/org/springframework/boot/spring-boot-test-autoconfigure/3.5.16/spring-boot-test-autoconfigure-3.5.16.pom
[INFO] Downloaded from central: https://repo.maven.apache.org/maven2/org/springframework/boot/spring-boot-test-autoconfigure/3.5.16/spring-boot-test-autoconfigure-3.5.16.pom (2.5 kB at 137 kB/s)
[INFO] Downloading from sc-generated-vendor: file:///private/tmp/sc-framework-consumer-011-20261007/sc-notes-candidate3/vendor/maven/com/jayway/jsonpath/json-path/2.9.0/json-path-2.9.0.pom
[INFO] Downloading from central: https://repo.maven.apache.org/maven2/com/jayway/jsonpath/json-path/2.9.0/json-path-2.9.0.pom
[INFO] Downloaded from central: https://repo.maven.apache.org/maven2/com/jayway/jsonpath/json-path/2.9.0/json-path-2.9.0.pom (1.9 kB at 91 kB/s)
[INFO] Downloading from sc-generated-vendor: file:///private/tmp/sc-framework-consumer-011-20261007/sc-notes-candidate3/vendor/maven/net/minidev/json-smart/2.5.2/json-smart-2.5.2.pom
[INFO] Downloading from central: https://repo.maven.apache.org/maven2/net/minidev/json-smart/2.5.2/json-smart-2.5.2.pom
[INFO] Downloaded from central: https://repo.maven.apache.org/maven2/net/minidev/json-smart/2.5.2/json-smart-2.5.2.pom (10 kB at 509 kB/s)
[INFO] Downloading from sc-generated-vendor: file:///private/tmp/sc-framework-consumer-011-20261007/sc-notes-candidate3/vendor/maven/net/minidev/accessors-smart/2.5.2/accessors-smart-2.5.2.pom
[INFO] Downloading from central: https://repo.maven.apache.org/maven2/net/minidev/accessors-smart/2.5.2/accessors-smart-2.5.2.pom
[INFO] Downloaded from central: https://repo.maven.apache.org/maven2/net/minidev/accessors-smart/2.5.2/accessors-smart-2.5.2.pom (12 kB at 565 kB/s)
[INFO] Downloading from sc-generated-vendor: file:///private/tmp/sc-framework-consumer-011-20261007/sc-notes-candidate3/vendor/maven/org/ow2/asm/asm/9.7.1/asm-9.7.1.pom
[INFO] Downloading from central: https://repo.maven.apache.org/maven2/org/ow2/asm/asm/9.7.1/asm-9.7.1.pom
[INFO] Downloaded from central: https://repo.maven.apache.org/maven2/org/ow2/asm/asm/9.7.1/asm-9.7.1.pom (2.4 kB at 132 kB/s)
[INFO] Downloading from sc-generated-vendor: file:///private/tmp/sc-framework-consumer-011-20261007/sc-notes-candidate3/vendor/maven/org/assertj/assertj-core/3.27.7/assertj-core-3.27.7.pom
[INFO] Downloading from central: https://repo.maven.apache.org/maven2/org/assertj/assertj-core/3.27.7/assertj-core-3.27.7.pom
[INFO] Downloaded from central: https://repo.maven.apache.org/maven2/org/assertj/assertj-core/3.27.7/assertj-core-3.27.7.pom (3.8 kB at 190 kB/s)
[INFO] Downloading from sc-generated-vendor: file:///private/tmp/sc-framework-consumer-011-20261007/sc-notes-candidate3/vendor/maven/org/awaitility/awaitility/4.2.2/awaitility-4.2.2.pom
[INFO] Downloading from central: https://repo.maven.apache.org/maven2/org/awaitility/awaitility/4.2.2/awaitility-4.2.2.pom
[INFO] Downloaded from central: https://repo.maven.apache.org/maven2/org/awaitility/awaitility/4.2.2/awaitility-4.2.2.pom (3.5 kB at 187 kB/s)
[INFO] Downloading from sc-generated-vendor: file:///private/tmp/sc-framework-consumer-011-20261007/sc-notes-candidate3/vendor/maven/org/awaitility/awaitility-parent/4.2.2/awaitility-parent-4.2.2.pom
[INFO] Downloading from central: https://repo.maven.apache.org/maven2/org/awaitility/awaitility-parent/4.2.2/awaitility-parent-4.2.2.pom
[INFO] Downloaded from central: https://repo.maven.apache.org/maven2/org/awaitility/awaitility-parent/4.2.2/awaitility-parent-4.2.2.pom (11 kB at 543 kB/s)
[INFO] Downloading from sc-generated-vendor: file:///private/tmp/sc-framework-consumer-011-20261007/sc-notes-candidate3/vendor/maven/org/hamcrest/hamcrest/3.0/hamcrest-3.0.pom
[INFO] Downloading from central: https://repo.maven.apache.org/maven2/org/hamcrest/hamcrest/3.0/hamcrest-3.0.pom
[INFO] Downloaded from central: https://repo.maven.apache.org/maven2/org/hamcrest/hamcrest/3.0/hamcrest-3.0.pom (1.6 kB at 81 kB/s)
[INFO] Downloading from sc-generated-vendor: file:///private/tmp/sc-framework-consumer-011-20261007/sc-notes-candidate3/vendor/maven/org/junit/jupiter/junit-jupiter/5.12.2/junit-jupiter-5.12.2.pom
[INFO] Downloading from central: https://repo.maven.apache.org/maven2/org/junit/jupiter/junit-jupiter/5.12.2/junit-jupiter-5.12.2.pom
[INFO] Downloaded from central: https://repo.maven.apache.org/maven2/org/junit/jupiter/junit-jupiter/5.12.2/junit-jupiter-5.12.2.pom (3.2 kB at 160 kB/s)
[INFO] Downloading from sc-generated-vendor: file:///private/tmp/sc-framework-consumer-011-20261007/sc-notes-candidate3/vendor/maven/org/junit/jupiter/junit-jupiter-api/5.12.2/junit-jupiter-api-5.12.2.pom
[INFO] Downloading from central: https://repo.maven.apache.org/maven2/org/junit/jupiter/junit-jupiter-api/5.12.2/junit-jupiter-api-5.12.2.pom
[INFO] Downloaded from central: https://repo.maven.apache.org/maven2/org/junit/jupiter/junit-jupiter-api/5.12.2/junit-jupiter-api-5.12.2.pom (3.2 kB at 199 kB/s)
[INFO] Downloading from sc-generated-vendor: file:///private/tmp/sc-framework-consumer-011-20261007/sc-notes-candidate3/vendor/maven/org/opentest4j/opentest4j/1.3.0/opentest4j-1.3.0.pom
[INFO] Downloading from central: https://repo.maven.apache.org/maven2/org/opentest4j/opentest4j/1.3.0/opentest4j-1.3.0.pom
[INFO] Downloaded from central: https://repo.maven.apache.org/maven2/org/opentest4j/opentest4j/1.3.0/opentest4j-1.3.0.pom (2.0 kB at 113 kB/s)
[INFO] Downloading from sc-generated-vendor: file:///private/tmp/sc-framework-consumer-011-20261007/sc-notes-candidate3/vendor/maven/org/junit/platform/junit-platform-commons/1.12.2/junit-platform-commons-1.12.2.pom
[INFO] Downloading from central: https://repo.maven.apache.org/maven2/org/junit/platform/junit-platform-commons/1.12.2/junit-platform-commons-1.12.2.pom
[INFO] Downloaded from central: https://repo.maven.apache.org/maven2/org/junit/platform/junit-platform-commons/1.12.2/junit-platform-commons-1.12.2.pom (2.8 kB at 167 kB/s)
[INFO] Downloading from sc-generated-vendor: file:///private/tmp/sc-framework-consumer-011-20261007/sc-notes-candidate3/vendor/maven/org/apiguardian/apiguardian-api/1.1.2/apiguardian-api-1.1.2.pom
[INFO] Downloading from central: https://repo.maven.apache.org/maven2/org/apiguardian/apiguardian-api/1.1.2/apiguardian-api-1.1.2.pom
[INFO] Downloaded from central: https://repo.maven.apache.org/maven2/org/apiguardian/apiguardian-api/1.1.2/apiguardian-api-1.1.2.pom (1.5 kB at 80 kB/s)
[INFO] Downloading from sc-generated-vendor: file:///private/tmp/sc-framework-consumer-011-20261007/sc-notes-candidate3/vendor/maven/org/junit/jupiter/junit-jupiter-params/5.12.2/junit-jupiter-params-5.12.2.pom
[INFO] Downloading from central: https://repo.maven.apache.org/maven2/org/junit/jupiter/junit-jupiter-params/5.12.2/junit-jupiter-params-5.12.2.pom
[INFO] Downloaded from central: https://repo.maven.apache.org/maven2/org/junit/jupiter/junit-jupiter-params/5.12.2/junit-jupiter-params-5.12.2.pom (3.0 kB at 158 kB/s)
[INFO] Downloading from sc-generated-vendor: file:///private/tmp/sc-framework-consumer-011-20261007/sc-notes-candidate3/vendor/maven/org/junit/jupiter/junit-jupiter-engine/5.12.2/junit-jupiter-engine-5.12.2.pom
[INFO] Downloading from central: https://repo.maven.apache.org/maven2/org/junit/jupiter/junit-jupiter-engine/5.12.2/junit-jupiter-engine-5.12.2.pom
[INFO] Downloaded from central: https://repo.maven.apache.org/maven2/org/junit/jupiter/junit-jupiter-engine/5.12.2/junit-jupiter-engine-5.12.2.pom (3.2 kB at 128 kB/s)
[INFO] Downloading from sc-generated-vendor: file:///private/tmp/sc-framework-consumer-011-20261007/sc-notes-candidate3/vendor/maven/org/junit/platform/junit-platform-engine/1.12.2/junit-platform-engine-1.12.2.pom
[INFO] Downloading from central: https://repo.maven.apache.org/maven2/org/junit/platform/junit-platform-engine/1.12.2/junit-platform-engine-1.12.2.pom
[INFO] Downloaded from central: https://repo.maven.apache.org/maven2/org/junit/platform/junit-platform-engine/1.12.2/junit-platform-engine-1.12.2.pom (3.2 kB at 189 kB/s)
[INFO] Downloading from sc-generated-vendor: file:///private/tmp/sc-framework-consumer-011-20261007/sc-notes-candidate3/vendor/maven/org/mockito/mockito-core/5.17.0/mockito-core-5.17.0.pom
[INFO] Downloading from central: https://repo.maven.apache.org/maven2/org/mockito/mockito-core/5.17.0/mockito-core-5.17.0.pom
[INFO] Downloaded from central: https://repo.maven.apache.org/maven2/org/mockito/mockito-core/5.17.0/mockito-core-5.17.0.pom (2.5 kB at 154 kB/s)
[INFO] Downloading from sc-generated-vendor: file:///private/tmp/sc-framework-consumer-011-20261007/sc-notes-candidate3/vendor/maven/net/bytebuddy/byte-buddy-agent/1.17.8/byte-buddy-agent-1.17.8.pom
[INFO] Downloading from central: https://repo.maven.apache.org/maven2/net/bytebuddy/byte-buddy-agent/1.17.8/byte-buddy-agent-1.17.8.pom
[INFO] Downloaded from central: https://repo.maven.apache.org/maven2/net/bytebuddy/byte-buddy-agent/1.17.8/byte-buddy-agent-1.17.8.pom (14 kB at 684 kB/s)
[INFO] Downloading from sc-generated-vendor: file:///private/tmp/sc-framework-consumer-011-20261007/sc-notes-candidate3/vendor/maven/org/objenesis/objenesis/3.3/objenesis-3.3.pom
[INFO] Downloading from central: https://repo.maven.apache.org/maven2/org/objenesis/objenesis/3.3/objenesis-3.3.pom
[INFO] Downloaded from central: https://repo.maven.apache.org/maven2/org/objenesis/objenesis/3.3/objenesis-3.3.pom (3.0 kB at 167 kB/s)
[INFO] Downloading from sc-generated-vendor: file:///private/tmp/sc-framework-consumer-011-20261007/sc-notes-candidate3/vendor/maven/org/objenesis/objenesis-parent/3.3/objenesis-parent-3.3.pom
[INFO] Downloading from central: https://repo.maven.apache.org/maven2/org/objenesis/objenesis-parent/3.3/objenesis-parent-3.3.pom
[INFO] Downloaded from central: https://repo.maven.apache.org/maven2/org/objenesis/objenesis-parent/3.3/objenesis-parent-3.3.pom (19 kB at 1.0 MB/s)
[INFO] Downloading from sc-generated-vendor: file:///private/tmp/sc-framework-consumer-011-20261007/sc-notes-candidate3/vendor/maven/org/mockito/mockito-junit-jupiter/5.17.0/mockito-junit-jupiter-5.17.0.pom
[INFO] Downloading from central: https://repo.maven.apache.org/maven2/org/mockito/mockito-junit-jupiter/5.17.0/mockito-junit-jupiter-5.17.0.pom
[INFO] Downloaded from central: https://repo.maven.apache.org/maven2/org/mockito/mockito-junit-jupiter/5.17.0/mockito-junit-jupiter-5.17.0.pom (2.3 kB at 134 kB/s)
[INFO] Downloading from sc-generated-vendor: file:///private/tmp/sc-framework-consumer-011-20261007/sc-notes-candidate3/vendor/maven/org/skyscreamer/jsonassert/1.5.3/jsonassert-1.5.3.pom
[INFO] Downloading from central: https://repo.maven.apache.org/maven2/org/skyscreamer/jsonassert/1.5.3/jsonassert-1.5.3.pom
[INFO] Downloaded from central: https://repo.maven.apache.org/maven2/org/skyscreamer/jsonassert/1.5.3/jsonassert-1.5.3.pom (7.0 kB at 349 kB/s)
[INFO] Downloading from sc-generated-vendor: file:///private/tmp/sc-framework-consumer-011-20261007/sc-notes-candidate3/vendor/maven/com/vaadin/external/google/android-json/0.0.20131108.vaadin1/android-json-0.0.20131108.vaadin1.pom
[INFO] Downloading from central: https://repo.maven.apache.org/maven2/com/vaadin/external/google/android-json/0.0.20131108.vaadin1/android-json-0.0.20131108.vaadin1.pom
[INFO] Downloaded from central: https://repo.maven.apache.org/maven2/com/vaadin/external/google/android-json/0.0.20131108.vaadin1/android-json-0.0.20131108.vaadin1.pom (2.8 kB at 133 kB/s)
[INFO] Downloading from sc-generated-vendor: file:///private/tmp/sc-framework-consumer-011-20261007/sc-notes-candidate3/vendor/maven/org/xmlunit/xmlunit-core/2.10.4/xmlunit-core-2.10.4.pom
[INFO] Downloading from central: https://repo.maven.apache.org/maven2/org/xmlunit/xmlunit-core/2.10.4/xmlunit-core-2.10.4.pom
[INFO] Downloaded from central: https://repo.maven.apache.org/maven2/org/xmlunit/xmlunit-core/2.10.4/xmlunit-core-2.10.4.pom (2.8 kB at 133 kB/s)
[INFO] Downloading from sc-generated-vendor: file:///private/tmp/sc-framework-consumer-011-20261007/sc-notes-candidate3/vendor/maven/org/xmlunit/xmlunit-parent/2.10.4/xmlunit-parent-2.10.4.pom
[INFO] Downloading from central: https://repo.maven.apache.org/maven2/org/xmlunit/xmlunit-parent/2.10.4/xmlunit-parent-2.10.4.pom
[INFO] Downloaded from central: https://repo.maven.apache.org/maven2/org/xmlunit/xmlunit-parent/2.10.4/xmlunit-parent-2.10.4.pom (23 kB at 971 kB/s)
[INFO] Downloading from sc-generated-vendor: file:///private/tmp/sc-framework-consumer-011-20261007/sc-notes-candidate3/vendor/maven/org/springframework/security/spring-security-test/6.5.11/spring-security-test-6.5.11.pom
[INFO] Downloading from central: https://repo.maven.apache.org/maven2/org/springframework/security/spring-security-test/6.5.11/spring-security-test-6.5.11.pom
[INFO] Downloaded from central: https://repo.maven.apache.org/maven2/org/springframework/security/spring-security-test/6.5.11/spring-security-test-6.5.11.pom (2.7 kB at 141 kB/s)
[INFO] Downloading from sc-generated-vendor: file:///private/tmp/sc-framework-consumer-011-20261007/sc-notes-candidate3/vendor/maven/dev/scframework/framework-spring-boot-starter/0.1.0-SNAPSHOT/framework-spring-boot-starter-0.1.0-SNAPSHOT.jar
[WARNING] Could not validate integrity of download from file:///private/tmp/sc-framework-consumer-011-20261007/sc-notes-candidate3/vendor/maven/dev/scframework/framework-spring-boot-starter/0.1.0-SNAPSHOT/framework-spring-boot-starter-0.1.0-SNAPSHOT.jar
org.eclipse.aether.transfer.ChecksumFailureException: Checksum validation failed, no checksums available
    at org.eclipse.aether.internal.impl.AbstractChecksumPolicy.onNoMoreChecksums (AbstractChecksumPolicy.java:63)
    at org.eclipse.aether.connector.basic.ChecksumValidator.validate (ChecksumValidator.java:112)
    at org.eclipse.aether.connector.basic.BasicRepositoryConnector$GetTaskRunner.runTask (BasicRepositoryConnector.java:486)
    at org.eclipse.aether.connector.basic.BasicRepositoryConnector$TaskRunner.run (BasicRepositoryConnector.java:416)
    at org.eclipse.aether.connector.basic.BasicRepositoryConnector.get (BasicRepositoryConnector.java:260)
    at org.eclipse.aether.internal.impl.DefaultArtifactResolver.performDownloads (DefaultArtifactResolver.java:550)
    at org.eclipse.aether.internal.impl.DefaultArtifactResolver.resolve (DefaultArtifactResolver.java:450)
    at org.eclipse.aether.internal.impl.DefaultArtifactResolver.resolveArtifacts (DefaultArtifactResolver.java:261)
    at org.eclipse.aether.internal.impl.DefaultRepositorySystem.resolveDependencies (DefaultRepositorySystem.java:353)
    at org.apache.maven.project.DefaultProjectDependenciesResolver.resolve (DefaultProjectDependenciesResolver.java:184)
    at org.apache.maven.lifecycle.internal.LifecycleDependencyResolver.getDependencies (LifecycleDependencyResolver.java:227)
    at org.apache.maven.lifecycle.internal.LifecycleDependencyResolver.resolveProjectDependencies (LifecycleDependencyResolver.java:136)
    at org.apache.maven.lifecycle.internal.MojoExecutor.ensureDependenciesAreResolved (MojoExecutor.java:355)
    at org.apache.maven.lifecycle.internal.MojoExecutor.doExecute (MojoExecutor.java:314)
    at org.apache.maven.lifecycle.internal.MojoExecutor.execute (MojoExecutor.java:212)
    at org.apache.maven.lifecycle.internal.MojoExecutor.execute (MojoExecutor.java:174)
    at org.apache.maven.lifecycle.internal.MojoExecutor.access$000 (MojoExecutor.java:75)
    at org.apache.maven.lifecycle.internal.MojoExecutor$1.run (MojoExecutor.java:162)
    at org.apache.maven.plugin.DefaultMojosExecutionStrategy.execute (DefaultMojosExecutionStrategy.java:39)
    at org.apache.maven.lifecycle.internal.MojoExecutor.execute (MojoExecutor.java:159)
    at org.apache.maven.lifecycle.internal.LifecycleModuleBuilder.buildProject (LifecycleModuleBuilder.java:105)
    at org.apache.maven.lifecycle.internal.LifecycleModuleBuilder.buildProject (LifecycleModuleBuilder.java:73)
    at org.apache.maven.lifecycle.internal.builder.singlethreaded.SingleThreadedBuilder.build (SingleThreadedBuilder.java:53)
    at org.apache.maven.lifecycle.internal.LifecycleStarter.execute (LifecycleStarter.java:118)
    at org.apache.maven.DefaultMaven.doExecute (DefaultMaven.java:261)
    at org.apache.maven.DefaultMaven.doExecute (DefaultMaven.java:173)
    at org.apache.maven.DefaultMaven.execute (DefaultMaven.java:101)
    at org.apache.maven.cli.MavenCli.execute (MavenCli.java:919)
    at org.apache.maven.cli.MavenCli.doMain (MavenCli.java:285)
    at org.apache.maven.cli.MavenCli.main (MavenCli.java:207)
    at jdk.internal.reflect.DirectMethodHandleAccessor.invoke (DirectMethodHandleAccessor.java:103)
    at java.lang.reflect.Method.invoke (Method.java:580)
    at org.codehaus.plexus.classworlds.launcher.Launcher.launchEnhanced (Launcher.java:255)
    at org.codehaus.plexus.classworlds.launcher.Launcher.launch (Launcher.java:201)
    at org.codehaus.plexus.classworlds.launcher.Launcher.mainWithExitCode (Launcher.java:362)
    at org.codehaus.plexus.classworlds.launcher.Launcher.main (Launcher.java:314)
[WARNING] Checksum validation failed, no checksums available from sc-generated-vendor for file:///private/tmp/sc-framework-consumer-011-20261007/sc-notes-candidate3/vendor/maven/dev/scframework/framework-spring-boot-starter/0.1.0-SNAPSHOT/framework-spring-boot-starter-0.1.0-SNAPSHOT.jar
[INFO] Downloaded from sc-generated-vendor: file:///private/tmp/sc-framework-consumer-011-20261007/sc-notes-candidate3/vendor/maven/dev/scframework/framework-spring-boot-starter/0.1.0-SNAPSHOT/framework-spring-boot-starter-0.1.0-SNAPSHOT.jar (1.8 kB at 1.8 MB/s)
[INFO] Downloading from sc-generated-vendor: file:///private/tmp/sc-framework-consumer-011-20261007/sc-notes-candidate3/vendor/maven/dev/scframework/framework-autoconfigure/0.1.0-SNAPSHOT/framework-autoconfigure-0.1.0-SNAPSHOT.jar
[INFO] Downloading from sc-generated-vendor: file:///private/tmp/sc-framework-consumer-011-20261007/sc-notes-candidate3/vendor/maven/dev/scframework/framework-core/0.1.0-SNAPSHOT/framework-core-0.1.0-SNAPSHOT.jar
[INFO] Downloading from sc-generated-vendor: file:///private/tmp/sc-framework-consumer-011-20261007/sc-notes-candidate3/vendor/maven/org/springframework/boot/spring-boot-starter-web/3.5.16/spring-boot-starter-web-3.5.16.jar
[INFO] Downloading from sc-generated-vendor: file:///private/tmp/sc-framework-consumer-011-20261007/sc-notes-candidate3/vendor/maven/org/springframework/boot/spring-boot-starter-json/3.5.16/spring-boot-starter-json-3.5.16.jar
[INFO] Downloading from sc-generated-vendor: file:///private/tmp/sc-framework-consumer-011-20261007/sc-notes-candidate3/vendor/maven/com/fasterxml/jackson/datatype/jackson-datatype-jdk8/2.21.4/jackson-datatype-jdk8-2.21.4.jar
[INFO] Downloading from sc-generated-vendor: file:///private/tmp/sc-framework-consumer-011-20261007/sc-notes-candidate3/vendor/maven/com/fasterxml/jackson/module/jackson-module-parameter-names/2.21.4/jackson-module-parameter-names-2.21.4.jar
[INFO] Downloading from sc-generated-vendor: file:///private/tmp/sc-framework-consumer-011-20261007/sc-notes-candidate3/vendor/maven/org/springframework/boot/spring-boot-starter-tomcat/3.5.16/spring-boot-starter-tomcat-3.5.16.jar
[INFO] Downloading from sc-generated-vendor: file:///private/tmp/sc-framework-consumer-011-20261007/sc-notes-candidate3/vendor/maven/org/apache/tomcat/embed/tomcat-embed-core/10.1.55/tomcat-embed-core-10.1.55.jar
[INFO] Downloading from sc-generated-vendor: file:///private/tmp/sc-framework-consumer-011-20261007/sc-notes-candidate3/vendor/maven/org/springframework/spring-webmvc/6.2.19/spring-webmvc-6.2.19.jar
[INFO] Downloading from sc-generated-vendor: file:///private/tmp/sc-framework-consumer-011-20261007/sc-notes-candidate3/vendor/maven/org/apache/tomcat/embed/tomcat-embed-websocket/10.1.55/tomcat-embed-websocket-10.1.55.jar
[INFO] Downloading from sc-generated-vendor: file:///private/tmp/sc-framework-consumer-011-20261007/sc-notes-candidate3/vendor/maven/org/springframework/boot/spring-boot-starter-security/3.5.16/spring-boot-starter-security-3.5.16.jar
[INFO] Downloading from sc-generated-vendor: file:///private/tmp/sc-framework-consumer-011-20261007/sc-notes-candidate3/vendor/maven/org/springframework/security/spring-security-config/6.5.11/spring-security-config-6.5.11.jar
[INFO] Downloading from sc-generated-vendor: file:///private/tmp/sc-framework-consumer-011-20261007/sc-notes-candidate3/vendor/maven/org/springframework/boot/spring-boot-starter-validation/3.5.16/spring-boot-starter-validation-3.5.16.jar
[INFO] Downloading from sc-generated-vendor: file:///private/tmp/sc-framework-consumer-011-20261007/sc-notes-candidate3/vendor/maven/org/apache/tomcat/embed/tomcat-embed-el/10.1.55/tomcat-embed-el-10.1.55.jar
[INFO] Downloading from sc-generated-vendor: file:///private/tmp/sc-framework-consumer-011-20261007/sc-notes-candidate3/vendor/maven/org/hibernate/validator/hibernate-validator/8.0.3.Final/hibernate-validator-8.0.3.Final.jar
[INFO] Downloading from sc-generated-vendor: file:///private/tmp/sc-framework-consumer-011-20261007/sc-notes-candidate3/vendor/maven/jakarta/validation/jakarta.validation-api/3.0.2/jakarta.validation-api-3.0.2.jar
[INFO] Downloading from sc-generated-vendor: file:///private/tmp/sc-framework-consumer-011-20261007/sc-notes-candidate3/vendor/maven/org/springframework/spring-jdbc/6.2.19/spring-jdbc-6.2.19.jar
[INFO] Downloading from sc-generated-vendor: file:///private/tmp/sc-framework-consumer-011-20261007/sc-notes-candidate3/vendor/maven/org/springframework/spring-tx/6.2.19/spring-tx-6.2.19.jar
[INFO] Downloading from sc-generated-vendor: file:///private/tmp/sc-framework-consumer-011-20261007/sc-notes-candidate3/vendor/maven/org/springframework/spring-orm/6.2.19/spring-orm-6.2.19.jar
[INFO] Downloading from sc-generated-vendor: file:///private/tmp/sc-framework-consumer-011-20261007/sc-notes-candidate3/vendor/maven/org/springframework/boot/spring-boot-starter-data-jpa/3.5.16/spring-boot-starter-data-jpa-3.5.16.jar
[WARNING] Could not validate integrity of download from file:///private/tmp/sc-framework-consumer-011-20261007/sc-notes-candidate3/vendor/maven/dev/scframework/framework-core/0.1.0-SNAPSHOT/framework-core-0.1.0-SNAPSHOT.jar
org.eclipse.aether.transfer.ChecksumFailureException: Checksum validation failed, no checksums available
    at org.eclipse.aether.internal.impl.AbstractChecksumPolicy.onNoMoreChecksums (AbstractChecksumPolicy.java:63)
    at org.eclipse.aether.connector.basic.ChecksumValidator.validate (ChecksumValidator.java:112)
    at org.eclipse.aether.connector.basic.BasicRepositoryConnector$GetTaskRunner.runTask (BasicRepositoryConnector.java:486)
    at org.eclipse.aether.connector.basic.BasicRepositoryConnector$TaskRunner.run (BasicRepositoryConnector.java:416)
    at org.eclipse.aether.util.concurrency.RunnableErrorForwarder.lambda$wrap$0 (RunnableErrorForwarder.java:66)
    at java.util.concurrent.ThreadPoolExecutor.runWorker (ThreadPoolExecutor.java:1144)
    at java.util.concurrent.ThreadPoolExecutor$Worker.run (ThreadPoolExecutor.java:642)
    at java.lang.Thread.run (Thread.java:1583)
[INFO] Downloading from sc-generated-vendor: file:///private/tmp/sc-framework-consumer-011-20261007/sc-notes-candidate3/vendor/maven/jakarta/persistence/jakarta.persistence-api/3.1.0/jakarta.persistence-api-3.1.0.jar
[WARNING] Checksum validation failed, no checksums available from sc-generated-vendor for file:///private/tmp/sc-framework-consumer-011-20261007/sc-notes-candidate3/vendor/maven/dev/scframework/framework-core/0.1.0-SNAPSHOT/framework-core-0.1.0-SNAPSHOT.jar
[INFO] Downloading from sc-generated-vendor: file:///private/tmp/sc-framework-consumer-011-20261007/sc-notes-candidate3/vendor/maven/com/zaxxer/HikariCP/6.3.3/HikariCP-6.3.3.jar
[INFO] Downloading from sc-generated-vendor: file:///private/tmp/sc-framework-consumer-011-20261007/sc-notes-candidate3/vendor/maven/org/springframework/boot/spring-boot-starter-jdbc/3.5.16/spring-boot-starter-jdbc-3.5.16.jar
[INFO] Downloading from sc-generated-vendor: file:///private/tmp/sc-framework-consumer-011-20261007/sc-notes-candidate3/vendor/maven/org/hibernate/orm/hibernate-core/6.6.53.Final/hibernate-core-6.6.53.Final.jar
[WARNING] Could not validate integrity of download from file:///private/tmp/sc-framework-consumer-011-20261007/sc-notes-candidate3/vendor/maven/dev/scframework/framework-autoconfigure/0.1.0-SNAPSHOT/framework-autoconfigure-0.1.0-SNAPSHOT.jar
org.eclipse.aether.transfer.ChecksumFailureException: Checksum validation failed, no checksums available
    at org.eclipse.aether.internal.impl.AbstractChecksumPolicy.onNoMoreChecksums (AbstractChecksumPolicy.java:63)
    at org.eclipse.aether.connector.basic.ChecksumValidator.validate (ChecksumValidator.java:112)
    at org.eclipse.aether.connector.basic.BasicRepositoryConnector$GetTaskRunner.runTask (BasicRepositoryConnector.java:486)
    at org.eclipse.aether.connector.basic.BasicRepositoryConnector$TaskRunner.run (BasicRepositoryConnector.java:416)
    at org.eclipse.aether.util.concurrency.RunnableErrorForwarder.lambda$wrap$0 (RunnableErrorForwarder.java:66)
    at java.util.concurrent.ThreadPoolExecutor.runWorker (ThreadPoolExecutor.java:1144)
    at java.util.concurrent.ThreadPoolExecutor$Worker.run (ThreadPoolExecutor.java:642)
    at java.lang.Thread.run (Thread.java:1583)
[INFO] Downloaded from sc-generated-vendor: file:///private/tmp/sc-framework-consumer-011-20261007/sc-notes-candidate3/vendor/maven/dev/scframework/framework-core/0.1.0-SNAPSHOT/framework-core-0.1.0-SNAPSHOT.jar (9.8 kB at 9.8 MB/s)
[INFO] Downloading from sc-generated-vendor: file:///private/tmp/sc-framework-consumer-011-20261007/sc-notes-candidate3/vendor/maven/org/hibernate/common/hibernate-commons-annotations/7.0.3.Final/hibernate-commons-annotations-7.0.3.Final.jar
[INFO] Downloading from sc-generated-vendor: file:///private/tmp/sc-framework-consumer-011-20261007/sc-notes-candidate3/vendor/maven/org/jboss/logging/jboss-logging/3.6.3.Final/jboss-logging-3.6.3.Final.jar
[INFO] Downloading from sc-generated-vendor: file:///private/tmp/sc-framework-consumer-011-20261007/sc-notes-candidate3/vendor/maven/jakarta/transaction/jakarta.transaction-api/2.0.1/jakarta.transaction-api-2.0.1.jar
[INFO] Downloading from sc-generated-vendor: file:///private/tmp/sc-framework-consumer-011-20261007/sc-notes-candidate3/vendor/maven/io/smallrye/jandex/3.2.0/jandex-3.2.0.jar
[WARNING] Checksum validation failed, no checksums available from sc-generated-vendor for file:///private/tmp/sc-framework-consumer-011-20261007/sc-notes-candidate3/vendor/maven/dev/scframework/framework-autoconfigure/0.1.0-SNAPSHOT/framework-autoconfigure-0.1.0-SNAPSHOT.jar
[INFO] Downloading from sc-generated-vendor: file:///private/tmp/sc-framework-consumer-011-20261007/sc-notes-candidate3/vendor/maven/org/glassfish/jaxb/jaxb-core/4.0.9/jaxb-core-4.0.9.jar
[INFO] Downloading from sc-generated-vendor: file:///private/tmp/sc-framework-consumer-011-20261007/sc-notes-candidate3/vendor/maven/org/glassfish/jaxb/jaxb-runtime/4.0.9/jaxb-runtime-4.0.9.jar
[INFO] Downloading from sc-generated-vendor: file:///private/tmp/sc-framework-consumer-011-20261007/sc-notes-candidate3/vendor/maven/com/fasterxml/classmate/1.7.3/classmate-1.7.3.jar
[INFO] Downloading from sc-generated-vendor: file:///private/tmp/sc-framework-consumer-011-20261007/sc-notes-candidate3/vendor/maven/org/glassfish/jaxb/txw2/4.0.9/txw2-4.0.9.jar
[INFO] Downloading from sc-generated-vendor: file:///private/tmp/sc-framework-consumer-011-20261007/sc-notes-candidate3/vendor/maven/org/eclipse/angus/angus-activation/2.0.3/angus-activation-2.0.3.jar
[INFO] Downloading from sc-generated-vendor: file:///private/tmp/sc-framework-consumer-011-20261007/sc-notes-candidate3/vendor/maven/com/sun/istack/istack-commons-runtime/4.1.2/istack-commons-runtime-4.1.2.jar
[INFO] Downloading from sc-generated-vendor: file:///private/tmp/sc-framework-consumer-011-20261007/sc-notes-candidate3/vendor/maven/org/antlr/antlr4-runtime/4.13.2/antlr4-runtime-4.13.2.jar
[INFO] Downloaded from sc-generated-vendor: file:///private/tmp/sc-framework-consumer-011-20261007/sc-notes-candidate3/vendor/maven/dev/scframework/framework-autoconfigure/0.1.0-SNAPSHOT/framework-autoconfigure-0.1.0-SNAPSHOT.jar (51 kB at 25 MB/s)
[INFO] Downloading from sc-generated-vendor: file:///private/tmp/sc-framework-consumer-011-20261007/sc-notes-candidate3/vendor/maven/jakarta/inject/jakarta.inject-api/2.0.1/jakarta.inject-api-2.0.1.jar
[INFO] Downloading from sc-generated-vendor: file:///private/tmp/sc-framework-consumer-011-20261007/sc-notes-candidate3/vendor/maven/org/springframework/data/spring-data-commons/3.5.13/spring-data-commons-3.5.13.jar
[INFO] Downloading from sc-generated-vendor: file:///private/tmp/sc-framework-consumer-011-20261007/sc-notes-candidate3/vendor/maven/org/springframework/data/spring-data-jpa/3.5.13/spring-data-jpa-3.5.13.jar
[INFO] Downloading from sc-generated-vendor: file:///private/tmp/sc-framework-consumer-011-20261007/sc-notes-candidate3/vendor/maven/org/aspectj/aspectjweaver/1.9.25.1/aspectjweaver-1.9.25.1.jar
[INFO] Downloading from sc-generated-vendor: file:///private/tmp/sc-framework-consumer-011-20261007/sc-notes-candidate3/vendor/maven/org/springframework/spring-aspects/6.2.19/spring-aspects-6.2.19.jar
[INFO] Downloading from sc-generated-vendor: file:///private/tmp/sc-framework-consumer-011-20261007/sc-notes-candidate3/vendor/maven/io/github/openfeign/querydsl/querydsl-core/6.12/querydsl-core-6.12.jar
[INFO] Downloading from sc-generated-vendor: file:///private/tmp/sc-framework-consumer-011-20261007/sc-notes-candidate3/vendor/maven/io/github/openfeign/querydsl/querydsl-jpa/6.12/querydsl-jpa-6.12.jar
[INFO] Downloading from sc-generated-vendor: file:///private/tmp/sc-framework-consumer-011-20261007/sc-notes-candidate3/vendor/maven/org/reactivestreams/reactive-streams/1.0.4/reactive-streams-1.0.4.jar
[INFO] Downloading from sc-generated-vendor: file:///private/tmp/sc-framework-consumer-011-20261007/sc-notes-candidate3/vendor/maven/io/projectreactor/reactor-core/3.7.19/reactor-core-3.7.19.jar
[INFO] Downloading from sc-generated-vendor: file:///private/tmp/sc-framework-consumer-011-20261007/sc-notes-candidate3/vendor/maven/com/mysema/commons/mysema-commons-lang/0.2.4/mysema-commons-lang-0.2.4.jar
[INFO] Downloading from sc-generated-vendor: file:///private/tmp/sc-framework-consumer-011-20261007/sc-notes-candidate3/vendor/maven/org/mybatis/mybatis/3.5.19/mybatis-3.5.19.jar
[INFO] Downloading from sc-generated-vendor: file:///private/tmp/sc-framework-consumer-011-20261007/sc-notes-candidate3/vendor/maven/org/mybatis/spring/boot/mybatis-spring-boot-autoconfigure/3.0.5/mybatis-spring-boot-autoconfigure-3.0.5.jar
[INFO] Downloading from sc-generated-vendor: file:///private/tmp/sc-framework-consumer-011-20261007/sc-notes-candidate3/vendor/maven/com/h2database/h2/2.3.232/h2-2.3.232.jar
[INFO] Downloading from sc-generated-vendor: file:///private/tmp/sc-framework-consumer-011-20261007/sc-notes-candidate3/vendor/maven/org/mybatis/spring/boot/mybatis-spring-boot-starter/3.0.5/mybatis-spring-boot-starter-3.0.5.jar
[INFO] Downloading from sc-generated-vendor: file:///private/tmp/sc-framework-consumer-011-20261007/sc-notes-candidate3/vendor/maven/com/fasterxml/jackson/dataformat/jackson-dataformat-toml/2.21.4/jackson-dataformat-toml-2.21.4.jar
[INFO] Downloading from sc-generated-vendor: file:///private/tmp/sc-framework-consumer-011-20261007/sc-notes-candidate3/vendor/maven/com/fasterxml/jackson/core/jackson-databind/2.21.4/jackson-databind-2.21.4.jar
[INFO] Downloading from sc-generated-vendor: file:///private/tmp/sc-framework-consumer-011-20261007/sc-notes-candidate3/vendor/maven/org/flywaydb/flyway-core/11.7.2/flyway-core-11.7.2.jar
[INFO] Downloading from sc-generated-vendor: file:///private/tmp/sc-framework-consumer-011-20261007/sc-notes-candidate3/vendor/maven/com/fasterxml/jackson/core/jackson-core/2.21.4/jackson-core-2.21.4.jar
[INFO] Downloading from sc-generated-vendor: file:///private/tmp/sc-framework-consumer-011-20261007/sc-notes-candidate3/vendor/maven/com/fasterxml/jackson/datatype/jackson-datatype-jsr310/2.21.4/jackson-datatype-jsr310-2.21.4.jar
[INFO] Downloading from sc-generated-vendor: file:///private/tmp/sc-framework-consumer-011-20261007/sc-notes-candidate3/vendor/maven/org/mybatis/mybatis-spring/3.0.5/mybatis-spring-3.0.5.jar
[INFO] Downloading from sc-generated-vendor: file:///private/tmp/sc-framework-consumer-011-20261007/sc-notes-candidate3/vendor/maven/com/fasterxml/jackson/core/jackson-annotations/2.21/jackson-annotations-2.21.jar
[INFO] Downloading from sc-generated-vendor: file:///private/tmp/sc-framework-consumer-011-20261007/sc-notes-candidate3/vendor/maven/org/bouncycastle/bcprov-jdk18on/1.80.2/bcprov-jdk18on-1.80.2.jar
[INFO] Downloading from sc-generated-vendor: file:///private/tmp/sc-framework-consumer-011-20261007/sc-notes-candidate3/vendor/maven/org/springframework/cloud/spring-cloud-context/4.3.3/spring-cloud-context-4.3.3.jar
[INFO] Downloading from sc-generated-vendor: file:///private/tmp/sc-framework-consumer-011-20261007/sc-notes-candidate3/vendor/maven/org/springframework/cloud/spring-cloud-starter/4.3.3/spring-cloud-starter-4.3.3.jar
[INFO] Downloading from sc-generated-vendor: file:///private/tmp/sc-framework-consumer-011-20261007/sc-notes-candidate3/vendor/maven/io/github/openfeign/feign-form-spring/13.6.1/feign-form-spring-13.6.1.jar
[INFO] Downloading from sc-generated-vendor: file:///private/tmp/sc-framework-consumer-011-20261007/sc-notes-candidate3/vendor/maven/org/springframework/cloud/spring-cloud-starter-openfeign/4.3.3/spring-cloud-starter-openfeign-4.3.3.jar
[INFO] Downloading from sc-generated-vendor: file:///private/tmp/sc-framework-consumer-011-20261007/sc-notes-candidate3/vendor/maven/io/github/openfeign/feign-form/13.6.1/feign-form-13.6.1.jar
[INFO] Downloading from sc-generated-vendor: file:///private/tmp/sc-framework-consumer-011-20261007/sc-notes-candidate3/vendor/maven/org/apache/commons/commons-text/1.13.0/commons-text-1.13.0.jar
[INFO] Downloading from sc-generated-vendor: file:///private/tmp/sc-framework-consumer-011-20261007/sc-notes-candidate3/vendor/maven/org/springframework/cloud/spring-cloud-openfeign-core/4.3.3/spring-cloud-openfeign-core-4.3.3.jar
[INFO] Downloading from sc-generated-vendor: file:///private/tmp/sc-framework-consumer-011-20261007/sc-notes-candidate3/vendor/maven/org/springframework/spring-web/6.2.19/spring-web-6.2.19.jar
[INFO] Downloading from sc-generated-vendor: file:///private/tmp/sc-framework-consumer-011-20261007/sc-notes-candidate3/vendor/maven/commons-fileupload/commons-fileupload/1.6.0/commons-fileupload-1.6.0.jar
[INFO] Downloading from sc-generated-vendor: file:///private/tmp/sc-framework-consumer-011-20261007/sc-notes-candidate3/vendor/maven/org/springframework/cloud/spring-cloud-commons/4.3.3/spring-cloud-commons-4.3.3.jar
[INFO] Downloading from sc-generated-vendor: file:///private/tmp/sc-framework-consumer-011-20261007/sc-notes-candidate3/vendor/maven/io/github/openfeign/feign-slf4j/13.6.1/feign-slf4j-13.6.1.jar
[INFO] Downloading from sc-generated-vendor: file:///private/tmp/sc-framework-consumer-011-20261007/sc-notes-candidate3/vendor/maven/org/springdoc/springdoc-openapi-starter-webmvc-api/2.9.1/springdoc-openapi-starter-webmvc-api-2.9.1.jar
[INFO] Downloading from sc-generated-vendor: file:///private/tmp/sc-framework-consumer-011-20261007/sc-notes-candidate3/vendor/maven/org/springdoc/springdoc-openapi-starter-webmvc-ui/2.9.1/springdoc-openapi-starter-webmvc-ui-2.9.1.jar
[INFO] Downloading from sc-generated-vendor: file:///private/tmp/sc-framework-consumer-011-20261007/sc-notes-candidate3/vendor/maven/io/github/openfeign/feign-core/13.6.1/feign-core-13.6.1.jar
[INFO] Downloading from sc-generated-vendor: file:///private/tmp/sc-framework-consumer-011-20261007/sc-notes-candidate3/vendor/maven/org/springdoc/springdoc-openapi-starter-common/2.9.1/springdoc-openapi-starter-common-2.9.1.jar
[INFO] Downloading from sc-generated-vendor: file:///private/tmp/sc-framework-consumer-011-20261007/sc-notes-candidate3/vendor/maven/org/apache/commons/commons-lang3/3.17.0/commons-lang3-3.17.0.jar
[INFO] Downloading from sc-generated-vendor: file:///private/tmp/sc-framework-consumer-011-20261007/sc-notes-candidate3/vendor/maven/io/swagger/core/v3/swagger-annotations-jakarta/2.2.55/swagger-annotations-jakarta-2.2.55.jar
[INFO] Downloading from sc-generated-vendor: file:///private/tmp/sc-framework-consumer-011-20261007/sc-notes-candidate3/vendor/maven/io/swagger/core/v3/swagger-core-jakarta/2.2.55/swagger-core-jakarta-2.2.55.jar
[INFO] Downloading from sc-generated-vendor: file:///private/tmp/sc-framework-consumer-011-20261007/sc-notes-candidate3/vendor/maven/org/webjars/swagger-ui/5.32.14/swagger-ui-5.32.14.jar
[INFO] Downloading from sc-generated-vendor: file:///private/tmp/sc-framework-consumer-011-20261007/sc-notes-candidate3/vendor/maven/com/fasterxml/jackson/dataformat/jackson-dataformat-yaml/2.21.4/jackson-dataformat-yaml-2.21.4.jar
[INFO] Downloading from sc-generated-vendor: file:///private/tmp/sc-framework-consumer-011-20261007/sc-notes-candidate3/vendor/maven/io/swagger/core/v3/swagger-models-jakarta/2.2.55/swagger-models-jakarta-2.2.55.jar
[INFO] Downloading from sc-generated-vendor: file:///private/tmp/sc-framework-consumer-011-20261007/sc-notes-candidate3/vendor/maven/org/jspecify/jspecify/1.0.0/jspecify-1.0.0.jar
[INFO] Downloading from sc-generated-vendor: file:///private/tmp/sc-framework-consumer-011-20261007/sc-notes-candidate3/vendor/maven/org/webjars/webjars-locator-lite/1.1.3/webjars-locator-lite-1.1.3.jar
[INFO] Downloading from sc-generated-vendor: file:///private/tmp/sc-framework-consumer-011-20261007/sc-notes-candidate3/vendor/maven/org/springframework/boot/spring-boot-actuator/3.5.16/spring-boot-actuator-3.5.16.jar
[INFO] Downloading from sc-generated-vendor: file:///private/tmp/sc-framework-consumer-011-20261007/sc-notes-candidate3/vendor/maven/org/springframework/boot/spring-boot-actuator-autoconfigure/3.5.16/spring-boot-actuator-autoconfigure-3.5.16.jar
[INFO] Downloading from sc-generated-vendor: file:///private/tmp/sc-framework-consumer-011-20261007/sc-notes-candidate3/vendor/maven/io/micrometer/micrometer-observation/1.15.12/micrometer-observation-1.15.12.jar
[INFO] Downloading from sc-generated-vendor: file:///private/tmp/sc-framework-consumer-011-20261007/sc-notes-candidate3/vendor/maven/org/springframework/boot/spring-boot-starter-actuator/3.5.16/spring-boot-starter-actuator-3.5.16.jar
[INFO] Downloading from sc-generated-vendor: file:///private/tmp/sc-framework-consumer-011-20261007/sc-notes-candidate3/vendor/maven/io/micrometer/micrometer-commons/1.15.12/micrometer-commons-1.15.12.jar
[INFO] Downloading from sc-generated-vendor: file:///private/tmp/sc-framework-consumer-011-20261007/sc-notes-candidate3/vendor/maven/io/micrometer/micrometer-jakarta9/1.15.12/micrometer-jakarta9-1.15.12.jar
[INFO] Downloading from sc-generated-vendor: file:///private/tmp/sc-framework-consumer-011-20261007/sc-notes-candidate3/vendor/maven/org/hdrhistogram/HdrHistogram/2.2.2/HdrHistogram-2.2.2.jar
[INFO] Downloading from sc-generated-vendor: file:///private/tmp/sc-framework-consumer-011-20261007/sc-notes-candidate3/vendor/maven/org/projectlombok/lombok/1.18.46/lombok-1.18.46.jar
[INFO] Downloading from sc-generated-vendor: file:///private/tmp/sc-framework-consumer-011-20261007/sc-notes-candidate3/vendor/maven/io/micrometer/micrometer-core/1.15.12/micrometer-core-1.15.12.jar
[INFO] Downloading from sc-generated-vendor: file:///private/tmp/sc-framework-consumer-011-20261007/sc-notes-candidate3/vendor/maven/org/mapstruct/mapstruct/1.6.3/mapstruct-1.6.3.jar
[INFO] Downloading from sc-generated-vendor: file:///private/tmp/sc-framework-consumer-011-20261007/sc-notes-candidate3/vendor/maven/org/springframework/boot/spring-boot-starter-test/3.5.16/spring-boot-starter-test-3.5.16.jar
[INFO] Downloading from sc-generated-vendor: file:///private/tmp/sc-framework-consumer-011-20261007/sc-notes-candidate3/vendor/maven/org/springframework/boot/spring-boot/3.5.16/spring-boot-3.5.16.jar
[INFO] Downloading from sc-generated-vendor: file:///private/tmp/sc-framework-consumer-011-20261007/sc-notes-candidate3/vendor/maven/org/springframework/boot/spring-boot-autoconfigure/3.5.16/spring-boot-autoconfigure-3.5.16.jar
[INFO] Downloading from sc-generated-vendor: file:///private/tmp/sc-framework-consumer-011-20261007/sc-notes-candidate3/vendor/maven/org/latencyutils/LatencyUtils/2.0.3/LatencyUtils-2.0.3.jar
[INFO] Downloading from sc-generated-vendor: file:///private/tmp/sc-framework-consumer-011-20261007/sc-notes-candidate3/vendor/maven/org/springframework/boot/spring-boot-starter-logging/3.5.16/spring-boot-starter-logging-3.5.16.jar
[INFO] Downloading from sc-generated-vendor: file:///private/tmp/sc-framework-consumer-011-20261007/sc-notes-candidate3/vendor/maven/ch/qos/logback/logback-core/1.5.34/logback-core-1.5.34.jar
[INFO] Downloading from sc-generated-vendor: file:///private/tmp/sc-framework-consumer-011-20261007/sc-notes-candidate3/vendor/maven/org/springframework/boot/spring-boot-starter/3.5.16/spring-boot-starter-3.5.16.jar
[INFO] Downloading from sc-generated-vendor: file:///private/tmp/sc-framework-consumer-011-20261007/sc-notes-candidate3/vendor/maven/org/apache/logging/log4j/log4j-api/2.24.3/log4j-api-2.24.3.jar
[INFO] Downloading from sc-generated-vendor: file:///private/tmp/sc-framework-consumer-011-20261007/sc-notes-candidate3/vendor/maven/org/slf4j/jul-to-slf4j/2.0.18/jul-to-slf4j-2.0.18.jar
[INFO] Downloading from sc-generated-vendor: file:///private/tmp/sc-framework-consumer-011-20261007/sc-notes-candidate3/vendor/maven/jakarta/annotation/jakarta.annotation-api/2.1.1/jakarta.annotation-api-2.1.1.jar
[INFO] Downloading from sc-generated-vendor: file:///private/tmp/sc-framework-consumer-011-20261007/sc-notes-candidate3/vendor/maven/org/yaml/snakeyaml/2.4/snakeyaml-2.4.jar
[INFO] Downloading from sc-generated-vendor: file:///private/tmp/sc-framework-consumer-011-20261007/sc-notes-candidate3/vendor/maven/org/springframework/boot/spring-boot-test/3.5.16/spring-boot-test-3.5.16.jar
[INFO] Downloading from sc-generated-vendor: file:///private/tmp/sc-framework-consumer-011-20261007/sc-notes-candidate3/vendor/maven/org/springframework/boot/spring-boot-test-autoconfigure/3.5.16/spring-boot-test-autoconfigure-3.5.16.jar
[INFO] Downloading from sc-generated-vendor: file:///private/tmp/sc-framework-consumer-011-20261007/sc-notes-candidate3/vendor/maven/com/jayway/jsonpath/json-path/2.9.0/json-path-2.9.0.jar
[INFO] Downloading from sc-generated-vendor: file:///private/tmp/sc-framework-consumer-011-20261007/sc-notes-candidate3/vendor/maven/org/slf4j/slf4j-api/2.0.18/slf4j-api-2.0.18.jar
[INFO] Downloading from sc-generated-vendor: file:///private/tmp/sc-framework-consumer-011-20261007/sc-notes-candidate3/vendor/maven/org/apache/logging/log4j/log4j-to-slf4j/2.24.3/log4j-to-slf4j-2.24.3.jar
[INFO] Downloading from sc-generated-vendor: file:///private/tmp/sc-framework-consumer-011-20261007/sc-notes-candidate3/vendor/maven/ch/qos/logback/logback-classic/1.5.34/logback-classic-1.5.34.jar
[INFO] Downloading from sc-generated-vendor: file:///private/tmp/sc-framework-consumer-011-20261007/sc-notes-candidate3/vendor/maven/net/minidev/json-smart/2.5.2/json-smart-2.5.2.jar
[INFO] Downloading from sc-generated-vendor: file:///private/tmp/sc-framework-consumer-011-20261007/sc-notes-candidate3/vendor/maven/jakarta/activation/jakarta.activation-api/2.1.4/jakarta.activation-api-2.1.4.jar
[INFO] Downloading from sc-generated-vendor: file:///private/tmp/sc-framework-consumer-011-20261007/sc-notes-candidate3/vendor/maven/jakarta/xml/bind/jakarta.xml.bind-api/4.0.5/jakarta.xml.bind-api-4.0.5.jar
[INFO] Downloading from sc-generated-vendor: file:///private/tmp/sc-framework-consumer-011-20261007/sc-notes-candidate3/vendor/maven/org/assertj/assertj-core/3.27.7/assertj-core-3.27.7.jar
[INFO] Downloading from sc-generated-vendor: file:///private/tmp/sc-framework-consumer-011-20261007/sc-notes-candidate3/vendor/maven/org/ow2/asm/asm/9.7.1/asm-9.7.1.jar
[INFO] Downloading from sc-generated-vendor: file:///private/tmp/sc-framework-consumer-011-20261007/sc-notes-candidate3/vendor/maven/org/hamcrest/hamcrest/3.0/hamcrest-3.0.jar
[INFO] Downloading from sc-generated-vendor: file:///private/tmp/sc-framework-consumer-011-20261007/sc-notes-candidate3/vendor/maven/net/minidev/accessors-smart/2.5.2/accessors-smart-2.5.2.jar
[INFO] Downloading from sc-generated-vendor: file:///private/tmp/sc-framework-consumer-011-20261007/sc-notes-candidate3/vendor/maven/org/awaitility/awaitility/4.2.2/awaitility-4.2.2.jar
[INFO] Downloading from sc-generated-vendor: file:///private/tmp/sc-framework-consumer-011-20261007/sc-notes-candidate3/vendor/maven/org/junit/jupiter/junit-jupiter/5.12.2/junit-jupiter-5.12.2.jar
[INFO] Downloading from sc-generated-vendor: file:///private/tmp/sc-framework-consumer-011-20261007/sc-notes-candidate3/vendor/maven/org/junit/jupiter/junit-jupiter-api/5.12.2/junit-jupiter-api-5.12.2.jar
[INFO] Downloading from sc-generated-vendor: file:///private/tmp/sc-framework-consumer-011-20261007/sc-notes-candidate3/vendor/maven/net/bytebuddy/byte-buddy/1.17.8/byte-buddy-1.17.8.jar
[INFO] Downloading from sc-generated-vendor: file:///private/tmp/sc-framework-consumer-011-20261007/sc-notes-candidate3/vendor/maven/org/junit/jupiter/junit-jupiter-params/5.12.2/junit-jupiter-params-5.12.2.jar
[INFO] Downloading from sc-generated-vendor: file:///private/tmp/sc-framework-consumer-011-20261007/sc-notes-candidate3/vendor/maven/org/apiguardian/apiguardian-api/1.1.2/apiguardian-api-1.1.2.jar
[INFO] Downloading from sc-generated-vendor: file:///private/tmp/sc-framework-consumer-011-20261007/sc-notes-candidate3/vendor/maven/org/junit/platform/junit-platform-commons/1.12.2/junit-platform-commons-1.12.2.jar
[INFO] Downloading from sc-generated-vendor: file:///private/tmp/sc-framework-consumer-011-20261007/sc-notes-candidate3/vendor/maven/org/opentest4j/opentest4j/1.3.0/opentest4j-1.3.0.jar
[INFO] Downloading from sc-generated-vendor: file:///private/tmp/sc-framework-consumer-011-20261007/sc-notes-candidate3/vendor/maven/org/junit/platform/junit-platform-engine/1.12.2/junit-platform-engine-1.12.2.jar
[INFO] Downloading from sc-generated-vendor: file:///private/tmp/sc-framework-consumer-011-20261007/sc-notes-candidate3/vendor/maven/org/mockito/mockito-core/5.17.0/mockito-core-5.17.0.jar
[INFO] Downloading from sc-generated-vendor: file:///private/tmp/sc-framework-consumer-011-20261007/sc-notes-candidate3/vendor/maven/org/junit/jupiter/junit-jupiter-engine/5.12.2/junit-jupiter-engine-5.12.2.jar
[INFO] Downloading from sc-generated-vendor: file:///private/tmp/sc-framework-consumer-011-20261007/sc-notes-candidate3/vendor/maven/org/mockito/mockito-junit-jupiter/5.17.0/mockito-junit-jupiter-5.17.0.jar
[INFO] Downloading from sc-generated-vendor: file:///private/tmp/sc-framework-consumer-011-20261007/sc-notes-candidate3/vendor/maven/org/objenesis/objenesis/3.3/objenesis-3.3.jar
[INFO] Downloading from sc-generated-vendor: file:///private/tmp/sc-framework-consumer-011-20261007/sc-notes-candidate3/vendor/maven/net/bytebuddy/byte-buddy-agent/1.17.8/byte-buddy-agent-1.17.8.jar
[INFO] Downloading from sc-generated-vendor: file:///private/tmp/sc-framework-consumer-011-20261007/sc-notes-candidate3/vendor/maven/com/vaadin/external/google/android-json/0.0.20131108.vaadin1/android-json-0.0.20131108.vaadin1.jar
[INFO] Downloading from sc-generated-vendor: file:///private/tmp/sc-framework-consumer-011-20261007/sc-notes-candidate3/vendor/maven/org/springframework/spring-jcl/6.2.19/spring-jcl-6.2.19.jar
[INFO] Downloading from sc-generated-vendor: file:///private/tmp/sc-framework-consumer-011-20261007/sc-notes-candidate3/vendor/maven/org/skyscreamer/jsonassert/1.5.3/jsonassert-1.5.3.jar
[INFO] Downloading from sc-generated-vendor: file:///private/tmp/sc-framework-consumer-011-20261007/sc-notes-candidate3/vendor/maven/org/springframework/spring-test/6.2.19/spring-test-6.2.19.jar
[INFO] Downloading from sc-generated-vendor: file:///private/tmp/sc-framework-consumer-011-20261007/sc-notes-candidate3/vendor/maven/org/springframework/spring-core/6.2.19/spring-core-6.2.19.jar
[INFO] Downloading from sc-generated-vendor: file:///private/tmp/sc-framework-consumer-011-20261007/sc-notes-candidate3/vendor/maven/org/springframework/security/spring-security-test/6.5.11/spring-security-test-6.5.11.jar
[INFO] Downloading from sc-generated-vendor: file:///private/tmp/sc-framework-consumer-011-20261007/sc-notes-candidate3/vendor/maven/org/springframework/security/spring-security-crypto/6.5.11/spring-security-crypto-6.5.11.jar
[INFO] Downloading from sc-generated-vendor: file:///private/tmp/sc-framework-consumer-011-20261007/sc-notes-candidate3/vendor/maven/org/xmlunit/xmlunit-core/2.10.4/xmlunit-core-2.10.4.jar
[INFO] Downloading from sc-generated-vendor: file:///private/tmp/sc-framework-consumer-011-20261007/sc-notes-candidate3/vendor/maven/org/springframework/spring-aop/6.2.19/spring-aop-6.2.19.jar
[INFO] Downloading from sc-generated-vendor: file:///private/tmp/sc-framework-consumer-011-20261007/sc-notes-candidate3/vendor/maven/org/springframework/security/spring-security-core/6.5.11/spring-security-core-6.5.11.jar
[INFO] Downloading from sc-generated-vendor: file:///private/tmp/sc-framework-consumer-011-20261007/sc-notes-candidate3/vendor/maven/org/springframework/spring-beans/6.2.19/spring-beans-6.2.19.jar
[INFO] Downloading from sc-generated-vendor: file:///private/tmp/sc-framework-consumer-011-20261007/sc-notes-candidate3/vendor/maven/org/springframework/spring-expression/6.2.19/spring-expression-6.2.19.jar
[INFO] Downloading from sc-generated-vendor: file:///private/tmp/sc-framework-consumer-011-20261007/sc-notes-candidate3/vendor/maven/org/springframework/spring-context/6.2.19/spring-context-6.2.19.jar
[INFO] Downloading from sc-generated-vendor: file:///private/tmp/sc-framework-consumer-011-20261007/sc-notes-candidate3/vendor/maven/org/springframework/security/spring-security-web/6.5.11/spring-security-web-6.5.11.jar
[INFO] Downloading from central: https://repo.maven.apache.org/maven2/org/springframework/boot/spring-boot-starter-web/3.5.16/spring-boot-starter-web-3.5.16.jar
[INFO] Downloaded from central: https://repo.maven.apache.org/maven2/org/springframework/boot/spring-boot-starter-web/3.5.16/spring-boot-starter-web-3.5.16.jar (4.8 kB at 267 kB/s)
[INFO] Downloading from central: https://repo.maven.apache.org/maven2/org/springframework/boot/spring-boot-starter-json/3.5.16/spring-boot-starter-json-3.5.16.jar
[INFO] Downloading from central: https://repo.maven.apache.org/maven2/com/fasterxml/jackson/datatype/jackson-datatype-jdk8/2.21.4/jackson-datatype-jdk8-2.21.4.jar
[INFO] Downloading from central: https://repo.maven.apache.org/maven2/com/fasterxml/jackson/module/jackson-module-parameter-names/2.21.4/jackson-module-parameter-names-2.21.4.jar
[INFO] Downloading from central: https://repo.maven.apache.org/maven2/org/springframework/boot/spring-boot-starter-tomcat/3.5.16/spring-boot-starter-tomcat-3.5.16.jar
[INFO] Downloading from central: https://repo.maven.apache.org/maven2/org/apache/tomcat/embed/tomcat-embed-core/10.1.55/tomcat-embed-core-10.1.55.jar
[INFO] Downloaded from central: https://repo.maven.apache.org/maven2/org/springframework/boot/spring-boot-starter-tomcat/3.5.16/spring-boot-starter-tomcat-3.5.16.jar (4.8 kB at 111 kB/s)
[INFO] Downloading from central: https://repo.maven.apache.org/maven2/org/apache/tomcat/embed/tomcat-embed-websocket/10.1.55/tomcat-embed-websocket-10.1.55.jar
[INFO] Downloaded from central: https://repo.maven.apache.org/maven2/com/fasterxml/jackson/module/jackson-module-parameter-names/2.21.4/jackson-module-parameter-names-2.21.4.jar (10 kB at 232 kB/s)
[INFO] Downloading from central: https://repo.maven.apache.org/maven2/org/springframework/spring-webmvc/6.2.19/spring-webmvc-6.2.19.jar
[INFO] Downloaded from central: https://repo.maven.apache.org/maven2/com/fasterxml/jackson/datatype/jackson-datatype-jdk8/2.21.4/jackson-datatype-jdk8-2.21.4.jar (36 kB at 767 kB/s)
[INFO] Downloading from central: https://repo.maven.apache.org/maven2/org/springframework/boot/spring-boot-starter-security/3.5.16/spring-boot-starter-security-3.5.16.jar
[INFO] Downloaded from central: https://repo.maven.apache.org/maven2/org/springframework/boot/spring-boot-starter-json/3.5.16/spring-boot-starter-json-3.5.16.jar (4.7 kB at 95 kB/s)
[INFO] Downloading from central: https://repo.maven.apache.org/maven2/org/springframework/security/spring-security-config/6.5.11/spring-security-config-6.5.11.jar
[INFO] Downloaded from central: https://repo.maven.apache.org/maven2/org/springframework/boot/spring-boot-starter-security/3.5.16/spring-boot-starter-security-3.5.16.jar (4.7 kB at 64 kB/s)
[INFO] Downloading from central: https://repo.maven.apache.org/maven2/org/springframework/boot/spring-boot-starter-validation/3.5.16/spring-boot-starter-validation-3.5.16.jar
[INFO] Downloaded from central: https://repo.maven.apache.org/maven2/org/apache/tomcat/embed/tomcat-embed-core/10.1.55/tomcat-embed-core-10.1.55.jar (3.7 MB at 41 MB/s)
[INFO] Downloading from central: https://repo.maven.apache.org/maven2/org/apache/tomcat/embed/tomcat-embed-el/10.1.55/tomcat-embed-el-10.1.55.jar
[INFO] Downloaded from central: https://repo.maven.apache.org/maven2/org/springframework/boot/spring-boot-starter-validation/3.5.16/spring-boot-starter-validation-3.5.16.jar (4.8 kB at 52 kB/s)
[INFO] Downloading from central: https://repo.maven.apache.org/maven2/org/hibernate/validator/hibernate-validator/8.0.3.Final/hibernate-validator-8.0.3.Final.jar
[INFO] Downloaded from central: https://repo.maven.apache.org/maven2/org/apache/tomcat/embed/tomcat-embed-websocket/10.1.55/tomcat-embed-websocket-10.1.55.jar (284 kB at 2.6 MB/s)
[INFO] Downloading from central: https://repo.maven.apache.org/maven2/jakarta/validation/jakarta.validation-api/3.0.2/jakarta.validation-api-3.0.2.jar
[INFO] Downloaded from central: https://repo.maven.apache.org/maven2/org/apache/tomcat/embed/tomcat-embed-el/10.1.55/tomcat-embed-el-10.1.55.jar (264 kB at 2.1 MB/s)
[INFO] Downloading from central: https://repo.maven.apache.org/maven2/org/springframework/spring-jdbc/6.2.19/spring-jdbc-6.2.19.jar
[INFO] Downloaded from central: https://repo.maven.apache.org/maven2/jakarta/validation/jakarta.validation-api/3.0.2/jakarta.validation-api-3.0.2.jar (93 kB at 707 kB/s)
[INFO] Downloading from central: https://repo.maven.apache.org/maven2/org/springframework/spring-tx/6.2.19/spring-tx-6.2.19.jar
[INFO] Downloaded from central: https://repo.maven.apache.org/maven2/org/springframework/spring-webmvc/6.2.19/spring-webmvc-6.2.19.jar (1.1 MB at 7.7 MB/s)
[INFO] Downloading from central: https://repo.maven.apache.org/maven2/org/springframework/spring-orm/6.2.19/spring-orm-6.2.19.jar
[INFO] Downloaded from central: https://repo.maven.apache.org/maven2/org/springframework/spring-jdbc/6.2.19/spring-jdbc-6.2.19.jar (476 kB at 2.8 MB/s)
[INFO] Downloading from central: https://repo.maven.apache.org/maven2/jakarta/persistence/jakarta.persistence-api/3.1.0/jakarta.persistence-api-3.1.0.jar
[INFO] Downloaded from central: https://repo.maven.apache.org/maven2/org/springframework/spring-tx/6.2.19/spring-tx-6.2.19.jar (290 kB at 1.6 MB/s)
[INFO] Downloading from central: https://repo.maven.apache.org/maven2/org/springframework/boot/spring-boot-starter-data-jpa/3.5.16/spring-boot-starter-data-jpa-3.5.16.jar
[INFO] Downloaded from central: https://repo.maven.apache.org/maven2/org/springframework/security/spring-security-config/6.5.11/spring-security-config-6.5.11.jar (2.1 MB at 11 MB/s)
[INFO] Downloading from central: https://repo.maven.apache.org/maven2/org/springframework/boot/spring-boot-starter-jdbc/3.5.16/spring-boot-starter-jdbc-3.5.16.jar
[INFO] Downloaded from central: https://repo.maven.apache.org/maven2/org/springframework/spring-orm/6.2.19/spring-orm-6.2.19.jar (235 kB at 1.2 MB/s)
[INFO] Downloading from central: https://repo.maven.apache.org/maven2/com/zaxxer/HikariCP/6.3.3/HikariCP-6.3.3.jar
[INFO] Downloaded from central: https://repo.maven.apache.org/maven2/jakarta/persistence/jakarta.persistence-api/3.1.0/jakarta.persistence-api-3.1.0.jar (165 kB at 856 kB/s)
[INFO] Downloading from central: https://repo.maven.apache.org/maven2/org/hibernate/orm/hibernate-core/6.6.53.Final/hibernate-core-6.6.53.Final.jar
[INFO] Downloaded from central: https://repo.maven.apache.org/maven2/org/springframework/boot/spring-boot-starter-data-jpa/3.5.16/spring-boot-starter-data-jpa-3.5.16.jar (4.8 kB at 24 kB/s)
[INFO] Downloading from central: https://repo.maven.apache.org/maven2/jakarta/transaction/jakarta.transaction-api/2.0.1/jakarta.transaction-api-2.0.1.jar
[INFO] Downloaded from central: https://repo.maven.apache.org/maven2/org/hibernate/validator/hibernate-validator/8.0.3.Final/hibernate-validator-8.0.3.Final.jar (1.3 MB at 6.6 MB/s)
[INFO] Downloading from central: https://repo.maven.apache.org/maven2/org/jboss/logging/jboss-logging/3.6.3.Final/jboss-logging-3.6.3.Final.jar
[INFO] Downloaded from central: https://repo.maven.apache.org/maven2/org/springframework/boot/spring-boot-starter-jdbc/3.5.16/spring-boot-starter-jdbc-3.5.16.jar (4.8 kB at 23 kB/s)
[INFO] Downloading from central: https://repo.maven.apache.org/maven2/org/hibernate/common/hibernate-commons-annotations/7.0.3.Final/hibernate-commons-annotations-7.0.3.Final.jar
[INFO] Downloaded from central: https://repo.maven.apache.org/maven2/com/zaxxer/HikariCP/6.3.3/HikariCP-6.3.3.jar (172 kB at 771 kB/s)
[INFO] Downloading from central: https://repo.maven.apache.org/maven2/io/smallrye/jandex/3.2.0/jandex-3.2.0.jar
[INFO] Downloaded from central: https://repo.maven.apache.org/maven2/org/jboss/logging/jboss-logging/3.6.3.Final/jboss-logging-3.6.3.Final.jar (63 kB at 272 kB/s)
[INFO] Downloading from central: https://repo.maven.apache.org/maven2/com/fasterxml/classmate/1.7.3/classmate-1.7.3.jar
[INFO] Downloaded from central: https://repo.maven.apache.org/maven2/jakarta/transaction/jakarta.transaction-api/2.0.1/jakarta.transaction-api-2.0.1.jar (29 kB at 122 kB/s)
[INFO] Downloading from central: https://repo.maven.apache.org/maven2/org/glassfish/jaxb/jaxb-runtime/4.0.9/jaxb-runtime-4.0.9.jar
[INFO] Downloaded from central: https://repo.maven.apache.org/maven2/org/hibernate/common/hibernate-commons-annotations/7.0.3.Final/hibernate-commons-annotations-7.0.3.Final.jar (68 kB at 241 kB/s)
[INFO] Downloading from central: https://repo.maven.apache.org/maven2/org/glassfish/jaxb/jaxb-core/4.0.9/jaxb-core-4.0.9.jar
[INFO] Downloaded from central: https://repo.maven.apache.org/maven2/com/fasterxml/classmate/1.7.3/classmate-1.7.3.jar (68 kB at 240 kB/s)
[INFO] Downloading from central: https://repo.maven.apache.org/maven2/org/eclipse/angus/angus-activation/2.0.3/angus-activation-2.0.3.jar
[INFO] Downloaded from central: https://repo.maven.apache.org/maven2/io/smallrye/jandex/3.2.0/jandex-3.2.0.jar (375 kB at 1.2 MB/s)
[INFO] Downloading from central: https://repo.maven.apache.org/maven2/org/glassfish/jaxb/txw2/4.0.9/txw2-4.0.9.jar
[INFO] Downloaded from central: https://repo.maven.apache.org/maven2/org/eclipse/angus/angus-activation/2.0.3/angus-activation-2.0.3.jar (27 kB at 86 kB/s)
[INFO] Downloading from central: https://repo.maven.apache.org/maven2/com/sun/istack/istack-commons-runtime/4.1.2/istack-commons-runtime-4.1.2.jar
[INFO] Downloaded from central: https://repo.maven.apache.org/maven2/org/glassfish/jaxb/jaxb-core/4.0.9/jaxb-core-4.0.9.jar (139 kB at 414 kB/s)
[INFO] Downloading from central: https://repo.maven.apache.org/maven2/jakarta/inject/jakarta.inject-api/2.0.1/jakarta.inject-api-2.0.1.jar
[INFO] Downloaded from central: https://repo.maven.apache.org/maven2/com/sun/istack/istack-commons-runtime/4.1.2/istack-commons-runtime-4.1.2.jar (26 kB at 76 kB/s)
[INFO] Downloading from central: https://repo.maven.apache.org/maven2/org/antlr/antlr4-runtime/4.13.2/antlr4-runtime-4.13.2.jar
[INFO] Downloaded from central: https://repo.maven.apache.org/maven2/org/glassfish/jaxb/txw2/4.0.9/txw2-4.0.9.jar (73 kB at 216 kB/s)
[INFO] Downloading from central: https://repo.maven.apache.org/maven2/org/springframework/data/spring-data-jpa/3.5.13/spring-data-jpa-3.5.13.jar
[INFO] Downloaded from central: https://repo.maven.apache.org/maven2/org/glassfish/jaxb/jaxb-runtime/4.0.9/jaxb-runtime-4.0.9.jar (922 kB at 2.6 MB/s)
[INFO] Downloading from central: https://repo.maven.apache.org/maven2/org/springframework/data/spring-data-commons/3.5.13/spring-data-commons-3.5.13.jar
[INFO] Downloaded from central: https://repo.maven.apache.org/maven2/jakarta/inject/jakarta.inject-api/2.0.1/jakarta.inject-api-2.0.1.jar (11 kB at 28 kB/s)
[INFO] Downloading from central: https://repo.maven.apache.org/maven2/org/springframework/spring-aspects/6.2.19/spring-aspects-6.2.19.jar
[INFO] Downloaded from central: https://repo.maven.apache.org/maven2/org/antlr/antlr4-runtime/4.13.2/antlr4-runtime-4.13.2.jar (326 kB at 762 kB/s)
[INFO] Downloading from central: https://repo.maven.apache.org/maven2/org/aspectj/aspectjweaver/1.9.25.1/aspectjweaver-1.9.25.1.jar
[INFO] Downloaded from central: https://repo.maven.apache.org/maven2/org/springframework/spring-aspects/6.2.19/spring-aspects-6.2.19.jar (50 kB at 111 kB/s)
[INFO] Downloading from central: https://repo.maven.apache.org/maven2/io/github/openfeign/querydsl/querydsl-jpa/6.12/querydsl-jpa-6.12.jar
[INFO] Downloaded from central: https://repo.maven.apache.org/maven2/org/hibernate/orm/hibernate-core/6.6.53.Final/hibernate-core-6.6.53.Final.jar (12 MB at 25 MB/s)
[INFO] Downloading from central: https://repo.maven.apache.org/maven2/io/github/openfeign/querydsl/querydsl-core/6.12/querydsl-core-6.12.jar
[INFO] Downloaded from central: https://repo.maven.apache.org/maven2/io/github/openfeign/querydsl/querydsl-jpa/6.12/querydsl-jpa-6.12.jar (138 kB at 274 kB/s)
[INFO] Downloading from central: https://repo.maven.apache.org/maven2/com/mysema/commons/mysema-commons-lang/0.2.4/mysema-commons-lang-0.2.4.jar
[INFO] Downloaded from central: https://repo.maven.apache.org/maven2/io/github/openfeign/querydsl/querydsl-core/6.12/querydsl-core-6.12.jar (491 kB at 941 kB/s)
[INFO] Downloading from central: https://repo.maven.apache.org/maven2/io/projectreactor/reactor-core/3.7.19/reactor-core-3.7.19.jar
[INFO] Downloaded from central: https://repo.maven.apache.org/maven2/org/springframework/data/spring-data-commons/3.5.13/spring-data-commons-3.5.13.jar (1.5 MB at 2.9 MB/s)
[INFO] Downloading from central: https://repo.maven.apache.org/maven2/org/reactivestreams/reactive-streams/1.0.4/reactive-streams-1.0.4.jar
[INFO] Downloaded from central: https://repo.maven.apache.org/maven2/com/mysema/commons/mysema-commons-lang/0.2.4/mysema-commons-lang-0.2.4.jar (12 kB at 23 kB/s)
[INFO] Downloading from central: https://repo.maven.apache.org/maven2/org/mybatis/spring/boot/mybatis-spring-boot-starter/3.0.5/mybatis-spring-boot-starter-3.0.5.jar
[INFO] Downloaded from central: https://repo.maven.apache.org/maven2/org/springframework/data/spring-data-jpa/3.5.13/spring-data-jpa-3.5.13.jar (1.8 MB at 3.4 MB/s)
[INFO] Downloading from central: https://repo.maven.apache.org/maven2/org/mybatis/spring/boot/mybatis-spring-boot-autoconfigure/3.0.5/mybatis-spring-boot-autoconfigure-3.0.5.jar
[INFO] Downloaded from central: https://repo.maven.apache.org/maven2/org/reactivestreams/reactive-streams/1.0.4/reactive-streams-1.0.4.jar (12 kB at 21 kB/s)
[INFO] Downloading from central: https://repo.maven.apache.org/maven2/org/mybatis/mybatis/3.5.19/mybatis-3.5.19.jar
[INFO] Downloaded from central: https://repo.maven.apache.org/maven2/org/mybatis/spring/boot/mybatis-spring-boot-autoconfigure/3.0.5/mybatis-spring-boot-autoconfigure-3.0.5.jar (37 kB at 67 kB/s)
[INFO] Downloading from central: https://repo.maven.apache.org/maven2/org/mybatis/mybatis-spring/3.0.5/mybatis-spring-3.0.5.jar
[INFO] Downloaded from central: https://repo.maven.apache.org/maven2/org/mybatis/spring/boot/mybatis-spring-boot-starter/3.0.5/mybatis-spring-boot-starter-3.0.5.jar (3.7 kB at 6.5 kB/s)
[INFO] Downloading from central: https://repo.maven.apache.org/maven2/com/h2database/h2/2.3.232/h2-2.3.232.jar
[INFO] Downloaded from central: https://repo.maven.apache.org/maven2/org/mybatis/mybatis-spring/3.0.5/mybatis-spring-3.0.5.jar (83 kB at 143 kB/s)
[INFO] Downloading from central: https://repo.maven.apache.org/maven2/org/flywaydb/flyway-core/11.7.2/flyway-core-11.7.2.jar
[INFO] Downloaded from central: https://repo.maven.apache.org/maven2/io/projectreactor/reactor-core/3.7.19/reactor-core-3.7.19.jar (1.9 MB at 3.2 MB/s)
[INFO] Downloading from central: https://repo.maven.apache.org/maven2/com/fasterxml/jackson/dataformat/jackson-dataformat-toml/2.21.4/jackson-dataformat-toml-2.21.4.jar
[INFO] Downloaded from central: https://repo.maven.apache.org/maven2/com/fasterxml/jackson/dataformat/jackson-dataformat-toml/2.21.4/jackson-dataformat-toml-2.21.4.jar (58 kB at 95 kB/s)
[INFO] Downloading from central: https://repo.maven.apache.org/maven2/com/fasterxml/jackson/core/jackson-databind/2.21.4/jackson-databind-2.21.4.jar
[INFO] Downloaded from central: https://repo.maven.apache.org/maven2/org/flywaydb/flyway-core/11.7.2/flyway-core-11.7.2.jar (698 kB at 1.1 MB/s)
[INFO] Downloading from central: https://repo.maven.apache.org/maven2/com/fasterxml/jackson/core/jackson-core/2.21.4/jackson-core-2.21.4.jar
[INFO] Downloaded from central: https://repo.maven.apache.org/maven2/com/fasterxml/jackson/core/jackson-databind/2.21.4/jackson-databind-2.21.4.jar (1.7 MB at 2.5 MB/s)
[INFO] Downloading from central: https://repo.maven.apache.org/maven2/com/fasterxml/jackson/datatype/jackson-datatype-jsr310/2.21.4/jackson-datatype-jsr310-2.21.4.jar
[INFO] Downloaded from central: https://repo.maven.apache.org/maven2/org/mybatis/mybatis/3.5.19/mybatis-3.5.19.jar (1.8 MB at 2.6 MB/s)
[INFO] Downloading from central: https://repo.maven.apache.org/maven2/com/fasterxml/jackson/core/jackson-annotations/2.21/jackson-annotations-2.21.jar
[INFO] Downloaded from central: https://repo.maven.apache.org/maven2/com/fasterxml/jackson/datatype/jackson-datatype-jsr310/2.21.4/jackson-datatype-jsr310-2.21.4.jar (137 kB at 196 kB/s)
[INFO] Downloading from central: https://repo.maven.apache.org/maven2/org/springframework/cloud/spring-cloud-starter-openfeign/4.3.3/spring-cloud-starter-openfeign-4.3.3.jar
[INFO] Downloaded from central: https://repo.maven.apache.org/maven2/com/fasterxml/jackson/core/jackson-core/2.21.4/jackson-core-2.21.4.jar (594 kB at 830 kB/s)
[INFO] Downloading from central: https://repo.maven.apache.org/maven2/org/springframework/cloud/spring-cloud-starter/4.3.3/spring-cloud-starter-4.3.3.jar
[INFO] Downloaded from central: https://repo.maven.apache.org/maven2/com/fasterxml/jackson/core/jackson-annotations/2.21/jackson-annotations-2.21.jar (82 kB at 114 kB/s)
[INFO] Downloading from central: https://repo.maven.apache.org/maven2/org/springframework/cloud/spring-cloud-context/4.3.3/spring-cloud-context-4.3.3.jar
[INFO] Downloaded from central: https://repo.maven.apache.org/maven2/org/springframework/cloud/spring-cloud-starter-openfeign/4.3.3/spring-cloud-starter-openfeign-4.3.3.jar (2.3 kB at 3.2 kB/s)
[INFO] Downloading from central: https://repo.maven.apache.org/maven2/org/bouncycastle/bcprov-jdk18on/1.80.2/bcprov-jdk18on-1.80.2.jar
[INFO] Downloaded from central: https://repo.maven.apache.org/maven2/org/springframework/cloud/spring-cloud-starter/4.3.3/spring-cloud-starter-4.3.3.jar (2.2 kB at 3.0 kB/s)
[INFO] Downloading from central: https://repo.maven.apache.org/maven2/org/springframework/cloud/spring-cloud-openfeign-core/4.3.3/spring-cloud-openfeign-core-4.3.3.jar
[INFO] Downloaded from central: https://repo.maven.apache.org/maven2/org/springframework/cloud/spring-cloud-context/4.3.3/spring-cloud-context-4.3.3.jar (192 kB at 256 kB/s)
[INFO] Downloading from central: https://repo.maven.apache.org/maven2/io/github/openfeign/feign-form-spring/13.6.1/feign-form-spring-13.6.1.jar
[INFO] Downloaded from central: https://repo.maven.apache.org/maven2/io/github/openfeign/feign-form-spring/13.6.1/feign-form-spring-13.6.1.jar (14 kB at 19 kB/s)
[INFO] Downloaded from central: https://repo.maven.apache.org/maven2/org/springframework/cloud/spring-cloud-openfeign-core/4.3.3/spring-cloud-openfeign-core-4.3.3.jar (226 kB at 291 kB/s)
[INFO] Downloading from central: https://repo.maven.apache.org/maven2/org/apache/commons/commons-text/1.13.0/commons-text-1.13.0.jar
[INFO] Downloading from central: https://repo.maven.apache.org/maven2/io/github/openfeign/feign-form/13.6.1/feign-form-13.6.1.jar
[INFO] Downloaded from central: https://repo.maven.apache.org/maven2/io/github/openfeign/feign-form/13.6.1/feign-form-13.6.1.jar (29 kB at 36 kB/s)
[INFO] Downloading from central: https://repo.maven.apache.org/maven2/commons-fileupload/commons-fileupload/1.6.0/commons-fileupload-1.6.0.jar
[INFO] Downloaded from central: https://repo.maven.apache.org/maven2/org/apache/commons/commons-text/1.13.0/commons-text-1.13.0.jar (258 kB at 316 kB/s)
[INFO] Downloading from central: https://repo.maven.apache.org/maven2/org/springframework/spring-web/6.2.19/spring-web-6.2.19.jar
[INFO] Downloaded from central: https://repo.maven.apache.org/maven2/org/aspectj/aspectjweaver/1.9.25.1/aspectjweaver-1.9.25.1.jar (2.2 MB at 2.6 MB/s)
[INFO] Downloading from central: https://repo.maven.apache.org/maven2/org/springframework/cloud/spring-cloud-commons/4.3.3/spring-cloud-commons-4.3.3.jar
[INFO] Downloaded from central: https://repo.maven.apache.org/maven2/commons-fileupload/commons-fileupload/1.6.0/commons-fileupload-1.6.0.jar (77 kB at 92 kB/s)
[INFO] Downloading from central: https://repo.maven.apache.org/maven2/io/github/openfeign/feign-core/13.6.1/feign-core-13.6.1.jar
[INFO] Downloaded from central: https://repo.maven.apache.org/maven2/org/bouncycastle/bcprov-jdk18on/1.80.2/bcprov-jdk18on-1.80.2.jar (8.7 MB at 9.1 MB/s)
[INFO] Downloading from central: https://repo.maven.apache.org/maven2/io/github/openfeign/feign-slf4j/13.6.1/feign-slf4j-13.6.1.jar
[INFO] Downloaded from central: https://repo.maven.apache.org/maven2/io/github/openfeign/feign-slf4j/13.6.1/feign-slf4j-13.6.1.jar (4.1 kB at 4.2 kB/s)
[INFO] Downloading from central: https://repo.maven.apache.org/maven2/org/springdoc/springdoc-openapi-starter-webmvc-ui/2.9.1/springdoc-openapi-starter-webmvc-ui-2.9.1.jar
[INFO] Downloaded from central: https://repo.maven.apache.org/maven2/org/springframework/spring-web/6.2.19/spring-web-6.2.19.jar (2.1 MB at 2.1 MB/s)
[INFO] Downloading from central: https://repo.maven.apache.org/maven2/org/springdoc/springdoc-openapi-starter-webmvc-api/2.9.1/springdoc-openapi-starter-webmvc-api-2.9.1.jar
[INFO] Downloaded from central: https://repo.maven.apache.org/maven2/org/springdoc/springdoc-openapi-starter-webmvc-ui/2.9.1/springdoc-openapi-starter-webmvc-ui-2.9.1.jar (25 kB at 25 kB/s)
[INFO] Downloading from central: https://repo.maven.apache.org/maven2/org/springdoc/springdoc-openapi-starter-common/2.9.1/springdoc-openapi-starter-common-2.9.1.jar
[INFO] Downloaded from central: https://repo.maven.apache.org/maven2/org/springdoc/springdoc-openapi-starter-webmvc-api/2.9.1/springdoc-openapi-starter-webmvc-api-2.9.1.jar (41 kB at 41 kB/s)
[INFO] Downloading from central: https://repo.maven.apache.org/maven2/org/apache/commons/commons-lang3/3.17.0/commons-lang3-3.17.0.jar
[INFO] Downloaded from central: https://repo.maven.apache.org/maven2/org/springdoc/springdoc-openapi-starter-common/2.9.1/springdoc-openapi-starter-common-2.9.1.jar (577 kB at 563 kB/s)
[INFO] Downloading from central: https://repo.maven.apache.org/maven2/io/swagger/core/v3/swagger-core-jakarta/2.2.55/swagger-core-jakarta-2.2.55.jar
[INFO] Downloaded from central: https://repo.maven.apache.org/maven2/io/swagger/core/v3/swagger-core-jakarta/2.2.55/swagger-core-jakarta-2.2.55.jar (273 kB at 260 kB/s)
[INFO] Downloading from central: https://repo.maven.apache.org/maven2/io/swagger/core/v3/swagger-annotations-jakarta/2.2.55/swagger-annotations-jakarta-2.2.55.jar
[INFO] Downloaded from central: https://repo.maven.apache.org/maven2/org/apache/commons/commons-lang3/3.17.0/commons-lang3-3.17.0.jar (674 kB at 638 kB/s)
[INFO] Downloading from central: https://repo.maven.apache.org/maven2/io/swagger/core/v3/swagger-models-jakarta/2.2.55/swagger-models-jakarta-2.2.55.jar
[INFO] Downloaded from central: https://repo.maven.apache.org/maven2/com/h2database/h2/2.3.232/h2-2.3.232.jar (2.7 MB at 2.5 MB/s)
[INFO] Downloading from central: https://repo.maven.apache.org/maven2/com/fasterxml/jackson/dataformat/jackson-dataformat-yaml/2.21.4/jackson-dataformat-yaml-2.21.4.jar
[INFO] Downloaded from central: https://repo.maven.apache.org/maven2/io/swagger/core/v3/swagger-annotations-jakarta/2.2.55/swagger-annotations-jakarta-2.2.55.jar (51 kB at 48 kB/s)
[INFO] Downloading from central: https://repo.maven.apache.org/maven2/org/webjars/swagger-ui/5.32.14/swagger-ui-5.32.14.jar
[INFO] Downloaded from central: https://repo.maven.apache.org/maven2/io/swagger/core/v3/swagger-models-jakarta/2.2.55/swagger-models-jakarta-2.2.55.jar (147 kB at 136 kB/s)
[INFO] Downloading from central: https://repo.maven.apache.org/maven2/org/webjars/webjars-locator-lite/1.1.3/webjars-locator-lite-1.1.3.jar
[INFO] Downloaded from central: https://repo.maven.apache.org/maven2/com/fasterxml/jackson/dataformat/jackson-dataformat-yaml/2.21.4/jackson-dataformat-yaml-2.21.4.jar (61 kB at 56 kB/s)
[INFO] Downloading from central: https://repo.maven.apache.org/maven2/org/jspecify/jspecify/1.0.0/jspecify-1.0.0.jar
[INFO] Downloaded from central: https://repo.maven.apache.org/maven2/org/webjars/webjars-locator-lite/1.1.3/webjars-locator-lite-1.1.3.jar (8.7 kB at 7.9 kB/s)
[INFO] Downloading from central: https://repo.maven.apache.org/maven2/org/springframework/boot/spring-boot-starter-actuator/3.5.16/spring-boot-starter-actuator-3.5.16.jar
[INFO] Downloaded from central: https://repo.maven.apache.org/maven2/org/webjars/swagger-ui/5.32.14/swagger-ui-5.32.14.jar (1.2 MB at 1.1 MB/s)
[INFO] Downloaded from central: https://repo.maven.apache.org/maven2/org/jspecify/jspecify/1.0.0/jspecify-1.0.0.jar (3.8 kB at 3.4 kB/s)
[INFO] Downloading from central: https://repo.maven.apache.org/maven2/org/springframework/boot/spring-boot-actuator-autoconfigure/3.5.16/spring-boot-actuator-autoconfigure-3.5.16.jar
[INFO] Downloading from central: https://repo.maven.apache.org/maven2/org/springframework/boot/spring-boot-actuator/3.5.16/spring-boot-actuator-3.5.16.jar
[INFO] Downloaded from central: https://repo.maven.apache.org/maven2/org/springframework/boot/spring-boot-starter-actuator/3.5.16/spring-boot-starter-actuator-3.5.16.jar (4.8 kB at 4.3 kB/s)
[INFO] Downloading from central: https://repo.maven.apache.org/maven2/io/micrometer/micrometer-observation/1.15.12/micrometer-observation-1.15.12.jar
[INFO] Downloaded from central: https://repo.maven.apache.org/maven2/io/github/openfeign/feign-core/13.6.1/feign-core-13.6.1.jar (224 kB at 199 kB/s)
[INFO] Downloading from central: https://repo.maven.apache.org/maven2/io/micrometer/micrometer-commons/1.15.12/micrometer-commons-1.15.12.jar
[INFO] Downloaded from central: https://repo.maven.apache.org/maven2/org/springframework/cloud/spring-cloud-commons/4.3.3/spring-cloud-commons-4.3.3.jar (267 kB at 233 kB/s)
[INFO] Downloading from central: https://repo.maven.apache.org/maven2/io/micrometer/micrometer-jakarta9/1.15.12/micrometer-jakarta9-1.15.12.jar
[INFO] Downloaded from central: https://repo.maven.apache.org/maven2/io/micrometer/micrometer-observation/1.15.12/micrometer-observation-1.15.12.jar (76 kB at 66 kB/s)
[INFO] Downloading from central: https://repo.maven.apache.org/maven2/io/micrometer/micrometer-core/1.15.12/micrometer-core-1.15.12.jar
[INFO] Downloaded from central: https://repo.maven.apache.org/maven2/org/springframework/boot/spring-boot-actuator-autoconfigure/3.5.16/spring-boot-actuator-autoconfigure-3.5.16.jar (843 kB at 732 kB/s)
[INFO] Downloading from central: https://repo.maven.apache.org/maven2/org/hdrhistogram/HdrHistogram/2.2.2/HdrHistogram-2.2.2.jar
[INFO] Downloaded from central: https://repo.maven.apache.org/maven2/io/micrometer/micrometer-commons/1.15.12/micrometer-commons-1.15.12.jar (49 kB at 43 kB/s)
[INFO] Downloading from central: https://repo.maven.apache.org/maven2/org/latencyutils/LatencyUtils/2.0.3/LatencyUtils-2.0.3.jar
[INFO] Downloaded from central: https://repo.maven.apache.org/maven2/io/micrometer/micrometer-jakarta9/1.15.12/micrometer-jakarta9-1.15.12.jar (33 kB at 28 kB/s)
[INFO] Downloaded from central: https://repo.maven.apache.org/maven2/org/latencyutils/LatencyUtils/2.0.3/LatencyUtils-2.0.3.jar (30 kB at 25 kB/s)
[INFO] Downloading from central: https://repo.maven.apache.org/maven2/org/mapstruct/mapstruct/1.6.3/mapstruct-1.6.3.jar
[INFO] Downloading from central: https://repo.maven.apache.org/maven2/org/projectlombok/lombok/1.18.46/lombok-1.18.46.jar
[INFO] Downloaded from central: https://repo.maven.apache.org/maven2/org/hdrhistogram/HdrHistogram/2.2.2/HdrHistogram-2.2.2.jar (177 kB at 148 kB/s)
[INFO] Downloading from central: https://repo.maven.apache.org/maven2/org/springframework/boot/spring-boot-starter-test/3.5.16/spring-boot-starter-test-3.5.16.jar
[INFO] Downloaded from central: https://repo.maven.apache.org/maven2/io/micrometer/micrometer-core/1.15.12/micrometer-core-1.15.12.jar (867 kB at 724 kB/s)
[INFO] Downloading from central: https://repo.maven.apache.org/maven2/org/springframework/boot/spring-boot-starter/3.5.16/spring-boot-starter-3.5.16.jar
[INFO] Downloaded from central: https://repo.maven.apache.org/maven2/org/mapstruct/mapstruct/1.6.3/mapstruct-1.6.3.jar (34 kB at 28 kB/s)
[INFO] Downloading from central: https://repo.maven.apache.org/maven2/org/springframework/boot/spring-boot/3.5.16/spring-boot-3.5.16.jar
[INFO] Downloaded from central: https://repo.maven.apache.org/maven2/org/springframework/boot/spring-boot-actuator/3.5.16/spring-boot-actuator-3.5.16.jar (708 kB at 585 kB/s)
[INFO] Downloading from central: https://repo.maven.apache.org/maven2/org/springframework/boot/spring-boot-autoconfigure/3.5.16/spring-boot-autoconfigure-3.5.16.jar
[INFO] Downloaded from central: https://repo.maven.apache.org/maven2/org/springframework/boot/spring-boot-starter-test/3.5.16/spring-boot-starter-test-3.5.16.jar (4.8 kB at 3.9 kB/s)
[INFO] Downloading from central: https://repo.maven.apache.org/maven2/org/springframework/boot/spring-boot-starter-logging/3.5.16/spring-boot-starter-logging-3.5.16.jar
[INFO] Downloaded from central: https://repo.maven.apache.org/maven2/org/springframework/boot/spring-boot-starter/3.5.16/spring-boot-starter-3.5.16.jar (4.8 kB at 3.9 kB/s)
[INFO] Downloading from central: https://repo.maven.apache.org/maven2/ch/qos/logback/logback-classic/1.5.34/logback-classic-1.5.34.jar
[INFO] Downloaded from central: https://repo.maven.apache.org/maven2/org/springframework/boot/spring-boot-starter-logging/3.5.16/spring-boot-starter-logging-3.5.16.jar (4.8 kB at 3.9 kB/s)
[INFO] Downloading from central: https://repo.maven.apache.org/maven2/ch/qos/logback/logback-core/1.5.34/logback-core-1.5.34.jar
[INFO] Downloaded from central: https://repo.maven.apache.org/maven2/ch/qos/logback/logback-classic/1.5.34/logback-classic-1.5.34.jar (287 kB at 224 kB/s)
[INFO] Downloading from central: https://repo.maven.apache.org/maven2/org/apache/logging/log4j/log4j-to-slf4j/2.24.3/log4j-to-slf4j-2.24.3.jar
[INFO] Downloaded from central: https://repo.maven.apache.org/maven2/ch/qos/logback/logback-core/1.5.34/logback-core-1.5.34.jar (645 kB at 500 kB/s)
[INFO] Downloading from central: https://repo.maven.apache.org/maven2/org/apache/logging/log4j/log4j-api/2.24.3/log4j-api-2.24.3.jar
[INFO] Downloaded from central: https://repo.maven.apache.org/maven2/org/projectlombok/lombok/1.18.46/lombok-1.18.46.jar (2.0 MB at 1.6 MB/s)
[INFO] Downloading from central: https://repo.maven.apache.org/maven2/org/slf4j/jul-to-slf4j/2.0.18/jul-to-slf4j-2.0.18.jar
[INFO] Downloaded from central: https://repo.maven.apache.org/maven2/org/apache/logging/log4j/log4j-to-slf4j/2.24.3/log4j-to-slf4j-2.24.3.jar (24 kB at 18 kB/s)
[INFO] Downloading from central: https://repo.maven.apache.org/maven2/jakarta/annotation/jakarta.annotation-api/2.1.1/jakarta.annotation-api-2.1.1.jar
[INFO] Downloaded from central: https://repo.maven.apache.org/maven2/org/apache/logging/log4j/log4j-api/2.24.3/log4j-api-2.24.3.jar (349 kB at 265 kB/s)
[INFO] Downloading from central: https://repo.maven.apache.org/maven2/org/yaml/snakeyaml/2.4/snakeyaml-2.4.jar
[INFO] Downloaded from central: https://repo.maven.apache.org/maven2/org/slf4j/jul-to-slf4j/2.0.18/jul-to-slf4j-2.0.18.jar (6.3 kB at 4.8 kB/s)
[INFO] Downloading from central: https://repo.maven.apache.org/maven2/org/springframework/boot/spring-boot-test/3.5.16/spring-boot-test-3.5.16.jar
[INFO] Downloaded from central: https://repo.maven.apache.org/maven2/jakarta/annotation/jakarta.annotation-api/2.1.1/jakarta.annotation-api-2.1.1.jar (26 kB at 20 kB/s)
[INFO] Downloading from central: https://repo.maven.apache.org/maven2/org/springframework/boot/spring-boot-test-autoconfigure/3.5.16/spring-boot-test-autoconfigure-3.5.16.jar
[INFO] Downloaded from central: https://repo.maven.apache.org/maven2/org/yaml/snakeyaml/2.4/snakeyaml-2.4.jar (340 kB at 253 kB/s)
[INFO] Downloading from central: https://repo.maven.apache.org/maven2/com/jayway/jsonpath/json-path/2.9.0/json-path-2.9.0.jar
[INFO] Downloaded from central: https://repo.maven.apache.org/maven2/org/springframework/boot/spring-boot-test/3.5.16/spring-boot-test-3.5.16.jar (258 kB at 191 kB/s)
[INFO] Downloading from central: https://repo.maven.apache.org/maven2/org/slf4j/slf4j-api/2.0.18/slf4j-api-2.0.18.jar
[INFO] Downloaded from central: https://repo.maven.apache.org/maven2/com/jayway/jsonpath/json-path/2.9.0/json-path-2.9.0.jar (277 kB at 202 kB/s)
[INFO] Downloading from central: https://repo.maven.apache.org/maven2/jakarta/xml/bind/jakarta.xml.bind-api/4.0.5/jakarta.xml.bind-api-4.0.5.jar
[INFO] Downloaded from central: https://repo.maven.apache.org/maven2/org/springframework/boot/spring-boot-test-autoconfigure/3.5.16/spring-boot-test-autoconfigure-3.5.16.jar (230 kB at 168 kB/s)
[INFO] Downloading from central: https://repo.maven.apache.org/maven2/jakarta/activation/jakarta.activation-api/2.1.4/jakarta.activation-api-2.1.4.jar
[INFO] Downloaded from central: https://repo.maven.apache.org/maven2/org/slf4j/slf4j-api/2.0.18/slf4j-api-2.0.18.jar (70 kB at 51 kB/s)
[INFO] Downloading from central: https://repo.maven.apache.org/maven2/net/minidev/json-smart/2.5.2/json-smart-2.5.2.jar
[INFO] Downloaded from central: https://repo.maven.apache.org/maven2/jakarta/xml/bind/jakarta.xml.bind-api/4.0.5/jakarta.xml.bind-api-4.0.5.jar (131 kB at 95 kB/s)
[INFO] Downloading from central: https://repo.maven.apache.org/maven2/net/minidev/accessors-smart/2.5.2/accessors-smart-2.5.2.jar
[INFO] Downloaded from central: https://repo.maven.apache.org/maven2/jakarta/activation/jakarta.activation-api/2.1.4/jakarta.activation-api-2.1.4.jar (67 kB at 48 kB/s)
[INFO] Downloading from central: https://repo.maven.apache.org/maven2/org/ow2/asm/asm/9.7.1/asm-9.7.1.jar
[INFO] Downloaded from central: https://repo.maven.apache.org/maven2/net/minidev/json-smart/2.5.2/json-smart-2.5.2.jar (122 kB at 88 kB/s)
[INFO] Downloading from central: https://repo.maven.apache.org/maven2/org/assertj/assertj-core/3.27.7/assertj-core-3.27.7.jar
[INFO] Downloaded from central: https://repo.maven.apache.org/maven2/net/minidev/accessors-smart/2.5.2/accessors-smart-2.5.2.jar (30 kB at 22 kB/s)
[INFO] Downloading from central: https://repo.maven.apache.org/maven2/net/bytebuddy/byte-buddy/1.17.8/byte-buddy-1.17.8.jar
[INFO] Downloaded from central: https://repo.maven.apache.org/maven2/org/springframework/boot/spring-boot-autoconfigure/3.5.16/spring-boot-autoconfigure-3.5.16.jar (2.1 MB at 1.5 MB/s)
[INFO] Downloaded from central: https://repo.maven.apache.org/maven2/org/springframework/boot/spring-boot/3.5.16/spring-boot-3.5.16.jar (1.9 MB at 1.3 MB/s)
[INFO] Downloading from central: https://repo.maven.apache.org/maven2/org/awaitility/awaitility/4.2.2/awaitility-4.2.2.jar
[INFO] Downloading from central: https://repo.maven.apache.org/maven2/org/hamcrest/hamcrest/3.0/hamcrest-3.0.jar
[INFO] Downloaded from central: https://repo.maven.apache.org/maven2/org/ow2/asm/asm/9.7.1/asm-9.7.1.jar (126 kB at 88 kB/s)
[INFO] Downloading from central: https://repo.maven.apache.org/maven2/org/junit/jupiter/junit-jupiter/5.12.2/junit-jupiter-5.12.2.jar
[INFO] Downloaded from central: https://repo.maven.apache.org/maven2/org/hamcrest/hamcrest/3.0/hamcrest-3.0.jar (126 kB at 87 kB/s)
[INFO] Downloading from central: https://repo.maven.apache.org/maven2/org/junit/jupiter/junit-jupiter-api/5.12.2/junit-jupiter-api-5.12.2.jar
[INFO] Downloaded from central: https://repo.maven.apache.org/maven2/org/awaitility/awaitility/4.2.2/awaitility-4.2.2.jar (97 kB at 67 kB/s)
[INFO] Downloading from central: https://repo.maven.apache.org/maven2/org/opentest4j/opentest4j/1.3.0/opentest4j-1.3.0.jar
[INFO] Downloaded from central: https://repo.maven.apache.org/maven2/org/junit/jupiter/junit-jupiter/5.12.2/junit-jupiter-5.12.2.jar (6.4 kB at 4.4 kB/s)
[INFO] Downloading from central: https://repo.maven.apache.org/maven2/org/junit/platform/junit-platform-commons/1.12.2/junit-platform-commons-1.12.2.jar
[INFO] Downloaded from central: https://repo.maven.apache.org/maven2/org/opentest4j/opentest4j/1.3.0/opentest4j-1.3.0.jar (14 kB at 9.7 kB/s)
[INFO] Downloading from central: https://repo.maven.apache.org/maven2/org/apiguardian/apiguardian-api/1.1.2/apiguardian-api-1.1.2.jar
[INFO] Downloaded from central: https://repo.maven.apache.org/maven2/org/assertj/assertj-core/3.27.7/assertj-core-3.27.7.jar (1.4 MB at 935 kB/s)
[INFO] Downloading from central: https://repo.maven.apache.org/maven2/org/junit/jupiter/junit-jupiter-params/5.12.2/junit-jupiter-params-5.12.2.jar
[INFO] Downloaded from central: https://repo.maven.apache.org/maven2/org/junit/jupiter/junit-jupiter-api/5.12.2/junit-jupiter-api-5.12.2.jar (233 kB at 156 kB/s)
[INFO] Downloading from central: https://repo.maven.apache.org/maven2/org/junit/jupiter/junit-jupiter-engine/5.12.2/junit-jupiter-engine-5.12.2.jar
[INFO] Downloaded from central: https://repo.maven.apache.org/maven2/org/apiguardian/apiguardian-api/1.1.2/apiguardian-api-1.1.2.jar (6.8 kB at 4.5 kB/s)
[INFO] Downloading from central: https://repo.maven.apache.org/maven2/org/junit/platform/junit-platform-engine/1.12.2/junit-platform-engine-1.12.2.jar
[INFO] Downloaded from central: https://repo.maven.apache.org/maven2/org/junit/platform/junit-platform-commons/1.12.2/junit-platform-commons-1.12.2.jar (152 kB at 101 kB/s)
[INFO] Downloading from central: https://repo.maven.apache.org/maven2/org/mockito/mockito-core/5.17.0/mockito-core-5.17.0.jar
[INFO] Downloaded from central: https://repo.maven.apache.org/maven2/org/junit/jupiter/junit-jupiter-engine/5.12.2/junit-jupiter-engine-5.12.2.jar (292 kB at 187 kB/s)
[INFO] Downloading from central: https://repo.maven.apache.org/maven2/net/bytebuddy/byte-buddy-agent/1.17.8/byte-buddy-agent-1.17.8.jar
[INFO] Downloaded from central: https://repo.maven.apache.org/maven2/org/junit/platform/junit-platform-engine/1.12.2/junit-platform-engine-1.12.2.jar (256 kB at 163 kB/s)
[INFO] Downloading from central: https://repo.maven.apache.org/maven2/org/objenesis/objenesis/3.3/objenesis-3.3.jar
[INFO] Downloaded from central: https://repo.maven.apache.org/maven2/org/junit/jupiter/junit-jupiter-params/5.12.2/junit-jupiter-params-5.12.2.jar (602 kB at 383 kB/s)
[INFO] Downloading from central: https://repo.maven.apache.org/maven2/org/mockito/mockito-junit-jupiter/5.17.0/mockito-junit-jupiter-5.17.0.jar
[INFO] Downloaded from central: https://repo.maven.apache.org/maven2/net/bytebuddy/byte-buddy-agent/1.17.8/byte-buddy-agent-1.17.8.jar (367 kB at 226 kB/s)
[INFO] Downloading from central: https://repo.maven.apache.org/maven2/org/skyscreamer/jsonassert/1.5.3/jsonassert-1.5.3.jar
[INFO] Downloaded from central: https://repo.maven.apache.org/maven2/org/mockito/mockito-core/5.17.0/mockito-core-5.17.0.jar (709 kB at 436 kB/s)
[INFO] Downloading from central: https://repo.maven.apache.org/maven2/com/vaadin/external/google/android-json/0.0.20131108.vaadin1/android-json-0.0.20131108.vaadin1.jar
[INFO] Downloaded from central: https://repo.maven.apache.org/maven2/org/objenesis/objenesis/3.3/objenesis-3.3.jar (49 kB at 30 kB/s)
[INFO] Downloading from central: https://repo.maven.apache.org/maven2/org/springframework/spring-core/6.2.19/spring-core-6.2.19.jar
[INFO] Downloaded from central: https://repo.maven.apache.org/maven2/org/skyscreamer/jsonassert/1.5.3/jsonassert-1.5.3.jar (31 kB at 19 kB/s)
[INFO] Downloading from central: https://repo.maven.apache.org/maven2/org/springframework/spring-jcl/6.2.19/spring-jcl-6.2.19.jar
[INFO] Downloaded from central: https://repo.maven.apache.org/maven2/net/bytebuddy/byte-buddy/1.17.8/byte-buddy-1.17.8.jar (9.0 MB at 5.5 MB/s)
[INFO] Downloading from central: https://repo.maven.apache.org/maven2/org/springframework/spring-test/6.2.19/spring-test-6.2.19.jar
[INFO] Downloaded from central: https://repo.maven.apache.org/maven2/org/mockito/mockito-junit-jupiter/5.17.0/mockito-junit-jupiter-5.17.0.jar (9.4 kB at 5.7 kB/s)
[INFO] Downloading from central: https://repo.maven.apache.org/maven2/org/xmlunit/xmlunit-core/2.10.4/xmlunit-core-2.10.4.jar
[INFO] Downloaded from central: https://repo.maven.apache.org/maven2/com/vaadin/external/google/android-json/0.0.20131108.vaadin1/android-json-0.0.20131108.vaadin1.jar (18 kB at 11 kB/s)
[INFO] Downloading from central: https://repo.maven.apache.org/maven2/org/springframework/security/spring-security-test/6.5.11/spring-security-test-6.5.11.jar
[INFO] Downloaded from central: https://repo.maven.apache.org/maven2/org/springframework/spring-jcl/6.2.19/spring-jcl-6.2.19.jar (24 kB at 15 kB/s)
[INFO] Downloading from central: https://repo.maven.apache.org/maven2/org/springframework/security/spring-security-core/6.5.11/spring-security-core-6.5.11.jar
[INFO] Downloaded from central: https://repo.maven.apache.org/maven2/org/springframework/security/spring-security-test/6.5.11/spring-security-test-6.5.11.jar (136 kB at 80 kB/s)
[INFO] Downloading from central: https://repo.maven.apache.org/maven2/org/springframework/security/spring-security-crypto/6.5.11/spring-security-crypto-6.5.11.jar
[INFO] Downloaded from central: https://repo.maven.apache.org/maven2/org/springframework/spring-test/6.2.19/spring-test-6.2.19.jar (1.0 MB at 602 kB/s)
[INFO] Downloading from central: https://repo.maven.apache.org/maven2/org/springframework/spring-aop/6.2.19/spring-aop-6.2.19.jar
[INFO] Downloaded from central: https://repo.maven.apache.org/maven2/org/springframework/security/spring-security-core/6.5.11/spring-security-core-6.5.11.jar (623 kB at 364 kB/s)
[INFO] Downloading from central: https://repo.maven.apache.org/maven2/org/springframework/spring-beans/6.2.19/spring-beans-6.2.19.jar
[INFO] Downloaded from central: https://repo.maven.apache.org/maven2/org/springframework/spring-aop/6.2.19/spring-aop-6.2.19.jar (420 kB at 243 kB/s)
[INFO] Downloading from central: https://repo.maven.apache.org/maven2/org/springframework/spring-context/6.2.19/spring-context-6.2.19.jar
[INFO] Downloaded from central: https://repo.maven.apache.org/maven2/org/springframework/security/spring-security-crypto/6.5.11/spring-security-crypto-6.5.11.jar (105 kB at 60 kB/s)
[INFO] Downloading from central: https://repo.maven.apache.org/maven2/org/springframework/spring-expression/6.2.19/spring-expression-6.2.19.jar
[INFO] Downloaded from central: https://repo.maven.apache.org/maven2/org/xmlunit/xmlunit-core/2.10.4/xmlunit-core-2.10.4.jar (178 kB at 102 kB/s)
[INFO] Downloading from central: https://repo.maven.apache.org/maven2/org/springframework/security/spring-security-web/6.5.11/spring-security-web-6.5.11.jar
[INFO] Downloaded from central: https://repo.maven.apache.org/maven2/org/springframework/spring-beans/6.2.19/spring-beans-6.2.19.jar (892 kB at 497 kB/s)
[INFO] Downloaded from central: https://repo.maven.apache.org/maven2/org/springframework/spring-context/6.2.19/spring-context-6.2.19.jar (1.4 MB at 758 kB/s)
[INFO] Downloaded from central: https://repo.maven.apache.org/maven2/org/springframework/spring-core/6.2.19/spring-core-6.2.19.jar (2.0 MB at 1.1 MB/s)
[INFO] Downloaded from central: https://repo.maven.apache.org/maven2/org/springframework/spring-expression/6.2.19/spring-expression-6.2.19.jar (321 kB at 179 kB/s)
[INFO] Downloaded from central: https://repo.maven.apache.org/maven2/org/springframework/security/spring-security-web/6.5.11/spring-security-web-6.5.11.jar (1.1 MB at 565 kB/s)
[INFO] 
[INFO] --- clean:3.4.1:clean (default-clean) @ sc-notes ---
[INFO] Downloading from central: https://repo.maven.apache.org/maven2/org/codehaus/plexus/plexus-utils/4.0.1/plexus-utils-4.0.1.pom
[INFO] Downloaded from central: https://repo.maven.apache.org/maven2/org/codehaus/plexus/plexus-utils/4.0.1/plexus-utils-4.0.1.pom (7.8 kB at 301 kB/s)
[INFO] Downloading from central: https://repo.maven.apache.org/maven2/org/codehaus/plexus/plexus/17/plexus-17.pom
[INFO] Downloaded from central: https://repo.maven.apache.org/maven2/org/codehaus/plexus/plexus/17/plexus-17.pom (28 kB at 1.1 MB/s)
[INFO] Downloading from central: https://repo.maven.apache.org/maven2/org/codehaus/plexus/plexus-utils/4.0.1/plexus-utils-4.0.1.jar
[INFO] Downloaded from central: https://repo.maven.apache.org/maven2/org/codehaus/plexus/plexus-utils/4.0.1/plexus-utils-4.0.1.jar (193 kB at 5.5 MB/s)
[INFO] 
[INFO] --- resources:3.3.1:resources (default-resources) @ sc-notes ---
[INFO] Downloading from central: https://repo.maven.apache.org/maven2/org/codehaus/plexus/plexus-interpolation/1.26/plexus-interpolation-1.26.pom
[INFO] Downloaded from central: https://repo.maven.apache.org/maven2/org/codehaus/plexus/plexus-interpolation/1.26/plexus-interpolation-1.26.pom (2.7 kB at 126 kB/s)
[INFO] Downloading from central: https://repo.maven.apache.org/maven2/org/codehaus/plexus/plexus/5.1/plexus-5.1.pom
[INFO] Downloaded from central: https://repo.maven.apache.org/maven2/org/codehaus/plexus/plexus/5.1/plexus-5.1.pom (23 kB at 978 kB/s)
[INFO] Downloading from central: https://repo.maven.apache.org/maven2/org/codehaus/plexus/plexus-utils/3.5.1/plexus-utils-3.5.1.pom
[INFO] Downloaded from central: https://repo.maven.apache.org/maven2/org/codehaus/plexus/plexus-utils/3.5.1/plexus-utils-3.5.1.pom (8.8 kB at 399 kB/s)
[INFO] Downloading from central: https://repo.maven.apache.org/maven2/org/codehaus/plexus/plexus/10/plexus-10.pom
[INFO] Downloaded from central: https://repo.maven.apache.org/maven2/org/codehaus/plexus/plexus/10/plexus-10.pom (25 kB at 977 kB/s)
[INFO] Downloading from central: https://repo.maven.apache.org/maven2/org/apache/maven/shared/maven-filtering/3.3.1/maven-filtering-3.3.1.pom
[INFO] Downloaded from central: https://repo.maven.apache.org/maven2/org/apache/maven/shared/maven-filtering/3.3.1/maven-filtering-3.3.1.pom (6.0 kB at 241 kB/s)
[INFO] Downloading from central: https://repo.maven.apache.org/maven2/org/apache/maven/shared/maven-shared-components/39/maven-shared-components-39.pom
[INFO] Downloaded from central: https://repo.maven.apache.org/maven2/org/apache/maven/shared/maven-shared-components/39/maven-shared-components-39.pom (3.2 kB at 153 kB/s)
[INFO] Downloading from central: https://repo.maven.apache.org/maven2/javax/inject/javax.inject/1/javax.inject-1.pom
[INFO] Downloaded from central: https://repo.maven.apache.org/maven2/javax/inject/javax.inject/1/javax.inject-1.pom (612 B at 26 kB/s)
[INFO] Downloading from central: https://repo.maven.apache.org/maven2/org/slf4j/slf4j-api/1.7.36/slf4j-api-1.7.36.pom
[INFO] Downloaded from central: https://repo.maven.apache.org/maven2/org/slf4j/slf4j-api/1.7.36/slf4j-api-1.7.36.pom (2.7 kB at 119 kB/s)
[INFO] Downloading from central: https://repo.maven.apache.org/maven2/org/slf4j/slf4j-parent/1.7.36/slf4j-parent-1.7.36.pom
[INFO] Downloaded from central: https://repo.maven.apache.org/maven2/org/slf4j/slf4j-parent/1.7.36/slf4j-parent-1.7.36.pom (14 kB at 564 kB/s)
[INFO] Downloading from central: https://repo.maven.apache.org/maven2/org/sonatype/plexus/plexus-build-api/0.0.7/plexus-build-api-0.0.7.pom
[INFO] Downloaded from central: https://repo.maven.apache.org/maven2/org/sonatype/plexus/plexus-build-api/0.0.7/plexus-build-api-0.0.7.pom (3.2 kB at 139 kB/s)
[INFO] Downloading from central: https://repo.maven.apache.org/maven2/org/sonatype/spice/spice-parent/15/spice-parent-15.pom
[INFO] Downloaded from central: https://repo.maven.apache.org/maven2/org/sonatype/spice/spice-parent/15/spice-parent-15.pom (8.4 kB at 321 kB/s)
[INFO] Downloading from central: https://repo.maven.apache.org/maven2/org/sonatype/forge/forge-parent/5/forge-parent-5.pom
[INFO] Downloaded from central: https://repo.maven.apache.org/maven2/org/sonatype/forge/forge-parent/5/forge-parent-5.pom (8.4 kB at 380 kB/s)
[INFO] Downloading from central: https://repo.maven.apache.org/maven2/org/codehaus/plexus/plexus-utils/3.5.0/plexus-utils-3.5.0.pom
[INFO] Downloaded from central: https://repo.maven.apache.org/maven2/org/codehaus/plexus/plexus-utils/3.5.0/plexus-utils-3.5.0.pom (8.0 kB at 382 kB/s)
[INFO] Downloading from central: https://repo.maven.apache.org/maven2/commons-io/commons-io/2.11.0/commons-io-2.11.0.pom
[INFO] Downloaded from central: https://repo.maven.apache.org/maven2/commons-io/commons-io/2.11.0/commons-io-2.11.0.pom (20 kB at 731 kB/s)
[INFO] Downloading from central: https://repo.maven.apache.org/maven2/org/apache/commons/commons-parent/52/commons-parent-52.pom
[INFO] Downloaded from central: https://repo.maven.apache.org/maven2/org/apache/commons/commons-parent/52/commons-parent-52.pom (79 kB at 2.7 MB/s)
[INFO] Downloading from central: https://repo.maven.apache.org/maven2/org/apache/apache/23/apache-23.pom
[INFO] Downloaded from central: https://repo.maven.apache.org/maven2/org/apache/apache/23/apache-23.pom (18 kB at 768 kB/s)
[INFO] Downloading from central: https://repo.maven.apache.org/maven2/org/junit/junit-bom/5.7.2/junit-bom-5.7.2.pom
[INFO] Downloaded from central: https://repo.maven.apache.org/maven2/org/junit/junit-bom/5.7.2/junit-bom-5.7.2.pom (5.1 kB at 212 kB/s)
[INFO] Downloading from central: https://repo.maven.apache.org/maven2/org/apache/commons/commons-lang3/3.12.0/commons-lang3-3.12.0.pom
[INFO] Downloaded from central: https://repo.maven.apache.org/maven2/org/apache/commons/commons-lang3/3.12.0/commons-lang3-3.12.0.pom (31 kB at 1.3 MB/s)
[INFO] Downloading from central: https://repo.maven.apache.org/maven2/org/junit/junit-bom/5.7.1/junit-bom-5.7.1.pom
[INFO] Downloaded from central: https://repo.maven.apache.org/maven2/org/junit/junit-bom/5.7.1/junit-bom-5.7.1.pom (5.1 kB at 255 kB/s)
[INFO] Downloading from central: https://repo.maven.apache.org/maven2/org/codehaus/plexus/plexus-interpolation/1.26/plexus-interpolation-1.26.jar
[INFO] Downloaded from central: https://repo.maven.apache.org/maven2/org/codehaus/plexus/plexus-interpolation/1.26/plexus-interpolation-1.26.jar (85 kB at 3.4 MB/s)
[INFO] Downloading from central: https://repo.maven.apache.org/maven2/org/codehaus/plexus/plexus-utils/3.5.1/plexus-utils-3.5.1.jar
[INFO] Downloading from central: https://repo.maven.apache.org/maven2/org/apache/maven/shared/maven-filtering/3.3.1/maven-filtering-3.3.1.jar
[INFO] Downloading from central: https://repo.maven.apache.org/maven2/javax/inject/javax.inject/1/javax.inject-1.jar
[INFO] Downloading from central: https://repo.maven.apache.org/maven2/org/slf4j/slf4j-api/1.7.36/slf4j-api-1.7.36.jar
[INFO] Downloading from central: https://repo.maven.apache.org/maven2/org/sonatype/plexus/plexus-build-api/0.0.7/plexus-build-api-0.0.7.jar
[INFO] Downloaded from central: https://repo.maven.apache.org/maven2/org/sonatype/plexus/plexus-build-api/0.0.7/plexus-build-api-0.0.7.jar (8.5 kB at 424 kB/s)
[INFO] Downloaded from central: https://repo.maven.apache.org/maven2/org/apache/maven/shared/maven-filtering/3.3.1/maven-filtering-3.3.1.jar (55 kB at 2.6 MB/s)
[INFO] Downloaded from central: https://repo.maven.apache.org/maven2/javax/inject/javax.inject/1/javax.inject-1.jar (2.5 kB at 125 kB/s)
[INFO] Downloading from central: https://repo.maven.apache.org/maven2/org/apache/commons/commons-lang3/3.12.0/commons-lang3-3.12.0.jar
[INFO] Downloading from central: https://repo.maven.apache.org/maven2/commons-io/commons-io/2.11.0/commons-io-2.11.0.jar
[INFO] Downloaded from central: https://repo.maven.apache.org/maven2/org/slf4j/slf4j-api/1.7.36/slf4j-api-1.7.36.jar (41 kB at 2.0 MB/s)
[INFO] Downloaded from central: https://repo.maven.apache.org/maven2/org/codehaus/plexus/plexus-utils/3.5.1/plexus-utils-3.5.1.jar (269 kB at 7.1 MB/s)
[INFO] Downloaded from central: https://repo.maven.apache.org/maven2/commons-io/commons-io/2.11.0/commons-io-2.11.0.jar (327 kB at 6.5 MB/s)
[INFO] Downloaded from central: https://repo.maven.apache.org/maven2/org/apache/commons/commons-lang3/3.12.0/commons-lang3-3.12.0.jar (587 kB at 8.8 MB/s)
[INFO] Copying 7 resources from src/main/resources to target/classes
[INFO] skip non existing resourceDirectory /private/tmp/sc-framework-consumer-011-20261007/sc-notes-candidate3/backend/../frontend/dist
[INFO] 
[INFO] --- compiler:3.14.1:compile (default-compile) @ sc-notes ---
[INFO] Downloading from central: https://repo.maven.apache.org/maven2/org/ow2/asm/asm/9.8/asm-9.8.pom
[INFO] Downloaded from central: https://repo.maven.apache.org/maven2/org/ow2/asm/asm/9.8/asm-9.8.pom (2.4 kB at 139 kB/s)
[INFO] Downloading from central: https://repo.maven.apache.org/maven2/org/apache/maven/shared/maven-shared-utils/3.4.2/maven-shared-utils-3.4.2.pom
[INFO] Downloaded from central: https://repo.maven.apache.org/maven2/org/apache/maven/shared/maven-shared-utils/3.4.2/maven-shared-utils-3.4.2.pom (5.9 kB at 281 kB/s)
[INFO] Downloading from central: https://repo.maven.apache.org/maven2/org/apache/maven/shared/maven-shared-incremental/1.1/maven-shared-incremental-1.1.pom
[INFO] Downloaded from central: https://repo.maven.apache.org/maven2/org/apache/maven/shared/maven-shared-incremental/1.1/maven-shared-incremental-1.1.pom (4.7 kB at 279 kB/s)
[INFO] Downloading from central: https://repo.maven.apache.org/maven2/org/apache/maven/shared/maven-shared-components/19/maven-shared-components-19.pom
[INFO] Downloaded from central: https://repo.maven.apache.org/maven2/org/apache/maven/shared/maven-shared-components/19/maven-shared-components-19.pom (6.4 kB at 374 kB/s)
[INFO] Downloading from central: https://repo.maven.apache.org/maven2/org/apache/maven/maven-parent/23/maven-parent-23.pom
[INFO] Downloaded from central: https://repo.maven.apache.org/maven2/org/apache/maven/maven-parent/23/maven-parent-23.pom (33 kB at 1.6 MB/s)
[INFO] Downloading from central: https://repo.maven.apache.org/maven2/org/apache/apache/13/apache-13.pom
[INFO] Downloaded from central: https://repo.maven.apache.org/maven2/org/apache/apache/13/apache-13.pom (14 kB at 699 kB/s)
[INFO] Downloading from central: https://repo.maven.apache.org/maven2/org/codehaus/plexus/plexus-java/1.5.0/plexus-java-1.5.0.pom
[INFO] Downloaded from central: https://repo.maven.apache.org/maven2/org/codehaus/plexus/plexus-java/1.5.0/plexus-java-1.5.0.pom (4.1 kB at 194 kB/s)
[INFO] Downloading from central: https://repo.maven.apache.org/maven2/org/codehaus/plexus/plexus-languages/1.5.0/plexus-languages-1.5.0.pom
[INFO] Downloaded from central: https://repo.maven.apache.org/maven2/org/codehaus/plexus/plexus-languages/1.5.0/plexus-languages-1.5.0.pom (3.9 kB at 214 kB/s)
[INFO] Downloading from central: https://repo.maven.apache.org/maven2/org/codehaus/plexus/plexus/20/plexus-20.pom
[INFO] Downloaded from central: https://repo.maven.apache.org/maven2/org/codehaus/plexus/plexus/20/plexus-20.pom (29 kB at 1.5 MB/s)
[INFO] Downloading from central: https://repo.maven.apache.org/maven2/com/thoughtworks/qdox/qdox/2.2.0/qdox-2.2.0.pom
[INFO] Downloaded from central: https://repo.maven.apache.org/maven2/com/thoughtworks/qdox/qdox/2.2.0/qdox-2.2.0.pom (18 kB at 841 kB/s)
[INFO] Downloading from central: https://repo.maven.apache.org/maven2/org/codehaus/plexus/plexus-compiler-api/2.15.0/plexus-compiler-api-2.15.0.pom
[INFO] Downloaded from central: https://repo.maven.apache.org/maven2/org/codehaus/plexus/plexus-compiler-api/2.15.0/plexus-compiler-api-2.15.0.pom (1.4 kB at 76 kB/s)
[INFO] Downloading from central: https://repo.maven.apache.org/maven2/org/codehaus/plexus/plexus-compiler/2.15.0/plexus-compiler-2.15.0.pom
[INFO] Downloaded from central: https://repo.maven.apache.org/maven2/org/codehaus/plexus/plexus-compiler/2.15.0/plexus-compiler-2.15.0.pom (7.6 kB at 422 kB/s)
[INFO] Downloading from central: https://repo.maven.apache.org/maven2/org/codehaus/plexus/plexus-utils/4.0.2/plexus-utils-4.0.2.pom
[INFO] Downloaded from central: https://repo.maven.apache.org/maven2/org/codehaus/plexus/plexus-utils/4.0.2/plexus-utils-4.0.2.pom (13 kB at 640 kB/s)
[INFO] Downloading from central: https://repo.maven.apache.org/maven2/org/codehaus/plexus/plexus-compiler-manager/2.15.0/plexus-compiler-manager-2.15.0.pom
[INFO] Downloaded from central: https://repo.maven.apache.org/maven2/org/codehaus/plexus/plexus-compiler-manager/2.15.0/plexus-compiler-manager-2.15.0.pom (1.3 kB at 64 kB/s)
[INFO] Downloading from central: https://repo.maven.apache.org/maven2/org/codehaus/plexus/plexus-xml/3.0.1/plexus-xml-3.0.1.pom
[INFO] Downloaded from central: https://repo.maven.apache.org/maven2/org/codehaus/plexus/plexus-xml/3.0.1/plexus-xml-3.0.1.pom (3.7 kB at 217 kB/s)
[INFO] Downloading from central: https://repo.maven.apache.org/maven2/org/codehaus/plexus/plexus/18/plexus-18.pom
[INFO] Downloaded from central: https://repo.maven.apache.org/maven2/org/codehaus/plexus/plexus/18/plexus-18.pom (29 kB at 1.3 MB/s)
[INFO] Downloading from central: https://repo.maven.apache.org/maven2/org/codehaus/plexus/plexus-compiler-javac/2.15.0/plexus-compiler-javac-2.15.0.pom
[INFO] Downloaded from central: https://repo.maven.apache.org/maven2/org/codehaus/plexus/plexus-compiler-javac/2.15.0/plexus-compiler-javac-2.15.0.pom (1.3 kB at 65 kB/s)
[INFO] Downloading from central: https://repo.maven.apache.org/maven2/org/codehaus/plexus/plexus-compilers/2.15.0/plexus-compilers-2.15.0.pom
[INFO] Downloaded from central: https://repo.maven.apache.org/maven2/org/codehaus/plexus/plexus-compilers/2.15.0/plexus-compilers-2.15.0.pom (1.6 kB at 82 kB/s)
[INFO] Downloading from central: https://repo.maven.apache.org/maven2/org/ow2/asm/asm/9.8/asm-9.8.jar
[INFO] Downloaded from central: https://repo.maven.apache.org/maven2/org/ow2/asm/asm/9.8/asm-9.8.jar (126 kB at 6.0 MB/s)
[INFO] Downloading from central: https://repo.maven.apache.org/maven2/org/apache/maven/shared/maven-shared-utils/3.4.2/maven-shared-utils-3.4.2.jar
[INFO] Downloading from central: https://repo.maven.apache.org/maven2/org/apache/maven/shared/maven-shared-incremental/1.1/maven-shared-incremental-1.1.jar
[INFO] Downloading from central: https://repo.maven.apache.org/maven2/org/codehaus/plexus/plexus-java/1.5.0/plexus-java-1.5.0.jar
[INFO] Downloading from central: https://repo.maven.apache.org/maven2/com/thoughtworks/qdox/qdox/2.2.0/qdox-2.2.0.jar
[INFO] Downloading from central: https://repo.maven.apache.org/maven2/org/codehaus/plexus/plexus-compiler-api/2.15.0/plexus-compiler-api-2.15.0.jar
[INFO] Downloaded from central: https://repo.maven.apache.org/maven2/org/apache/maven/shared/maven-shared-incremental/1.1/maven-shared-incremental-1.1.jar (14 kB at 752 kB/s)
[INFO] Downloading from central: https://repo.maven.apache.org/maven2/org/codehaus/plexus/plexus-compiler-manager/2.15.0/plexus-compiler-manager-2.15.0.jar
[INFO] Downloaded from central: https://repo.maven.apache.org/maven2/org/codehaus/plexus/plexus-compiler-api/2.15.0/plexus-compiler-api-2.15.0.jar (29 kB at 1.5 MB/s)
[INFO] Downloading from central: https://repo.maven.apache.org/maven2/org/codehaus/plexus/plexus-xml/3.0.1/plexus-xml-3.0.1.jar
[INFO] Downloaded from central: https://repo.maven.apache.org/maven2/org/codehaus/plexus/plexus-java/1.5.0/plexus-java-1.5.0.jar (57 kB at 2.3 MB/s)
[INFO] Downloading from central: https://repo.maven.apache.org/maven2/org/codehaus/plexus/plexus-compiler-javac/2.15.0/plexus-compiler-javac-2.15.0.jar
[INFO] Downloaded from central: https://repo.maven.apache.org/maven2/org/apache/maven/shared/maven-shared-utils/3.4.2/maven-shared-utils-3.4.2.jar (151 kB at 5.6 MB/s)
[INFO] Downloading from central: https://repo.maven.apache.org/maven2/org/codehaus/plexus/plexus-utils/4.0.2/plexus-utils-4.0.2.jar
[INFO] Downloaded from central: https://repo.maven.apache.org/maven2/org/codehaus/plexus/plexus-compiler-manager/2.15.0/plexus-compiler-manager-2.15.0.jar (5.2 kB at 145 kB/s)
[INFO] Downloaded from central: https://repo.maven.apache.org/maven2/org/codehaus/plexus/plexus-xml/3.0.1/plexus-xml-3.0.1.jar (94 kB at 2.1 MB/s)
[INFO] Downloaded from central: https://repo.maven.apache.org/maven2/org/codehaus/plexus/plexus-compiler-javac/2.15.0/plexus-compiler-javac-2.15.0.jar (26 kB at 536 kB/s)
[INFO] Downloaded from central: https://repo.maven.apache.org/maven2/org/codehaus/plexus/plexus-utils/4.0.2/plexus-utils-4.0.2.jar (193 kB at 3.8 MB/s)
[INFO] Downloaded from central: https://repo.maven.apache.org/maven2/com/thoughtworks/qdox/qdox/2.2.0/qdox-2.2.0.jar (353 kB at 6.1 MB/s)
[INFO] Downloading from sc-generated-vendor: file:///private/tmp/sc-framework-consumer-011-20261007/sc-notes-candidate3/vendor/maven/io/github/openfeign/querydsl/querydsl-apt/6.12/querydsl-apt-6.12.pom
[INFO] Downloading from central: https://repo.maven.apache.org/maven2/io/github/openfeign/querydsl/querydsl-apt/6.12/querydsl-apt-6.12.pom
[INFO] Downloaded from central: https://repo.maven.apache.org/maven2/io/github/openfeign/querydsl/querydsl-apt/6.12/querydsl-apt-6.12.pom (6.6 kB at 346 kB/s)
[INFO] Downloading from sc-generated-vendor: file:///private/tmp/sc-framework-consumer-011-20261007/sc-notes-candidate3/vendor/maven/io/github/openfeign/querydsl/querydsl-tooling/6.12/querydsl-tooling-6.12.pom
[INFO] Downloading from central: https://repo.maven.apache.org/maven2/io/github/openfeign/querydsl/querydsl-tooling/6.12/querydsl-tooling-6.12.pom
[INFO] Downloaded from central: https://repo.maven.apache.org/maven2/io/github/openfeign/querydsl/querydsl-tooling/6.12/querydsl-tooling-6.12.pom (901 B at 53 kB/s)
[INFO] Downloading from sc-generated-vendor: file:///private/tmp/sc-framework-consumer-011-20261007/sc-notes-candidate3/vendor/maven/io/github/openfeign/querydsl/querydsl-codegen/6.12/querydsl-codegen-6.12.pom
[INFO] Downloading from central: https://repo.maven.apache.org/maven2/io/github/openfeign/querydsl/querydsl-codegen/6.12/querydsl-codegen-6.12.pom
[INFO] Downloaded from central: https://repo.maven.apache.org/maven2/io/github/openfeign/querydsl/querydsl-codegen/6.12/querydsl-codegen-6.12.pom (2.9 kB at 172 kB/s)
[INFO] Downloading from sc-generated-vendor: file:///private/tmp/sc-framework-consumer-011-20261007/sc-notes-candidate3/vendor/maven/io/github/openfeign/querydsl/querydsl-codegen-utils/6.12/querydsl-codegen-utils-6.12.pom
[INFO] Downloading from central: https://repo.maven.apache.org/maven2/io/github/openfeign/querydsl/querydsl-codegen-utils/6.12/querydsl-codegen-utils-6.12.pom
[INFO] Downloaded from central: https://repo.maven.apache.org/maven2/io/github/openfeign/querydsl/querydsl-codegen-utils/6.12/querydsl-codegen-utils-6.12.pom (1.9 kB at 103 kB/s)
[INFO] Downloading from sc-generated-vendor: file:///private/tmp/sc-framework-consumer-011-20261007/sc-notes-candidate3/vendor/maven/org/eclipse/jdt/ecj/3.33.0/ecj-3.33.0.pom
[INFO] Downloading from central: https://repo.maven.apache.org/maven2/org/eclipse/jdt/ecj/3.33.0/ecj-3.33.0.pom
[INFO] Downloaded from central: https://repo.maven.apache.org/maven2/org/eclipse/jdt/ecj/3.33.0/ecj-3.33.0.pom (1.3 kB at 69 kB/s)
[INFO] Downloading from sc-generated-vendor: file:///private/tmp/sc-framework-consumer-011-20261007/sc-notes-candidate3/vendor/maven/io/github/classgraph/classgraph/4.8.179/classgraph-4.8.179.pom
[INFO] Downloading from central: https://repo.maven.apache.org/maven2/io/github/classgraph/classgraph/4.8.179/classgraph-4.8.179.pom
[INFO] Downloaded from central: https://repo.maven.apache.org/maven2/io/github/classgraph/classgraph/4.8.179/classgraph-4.8.179.pom (30 kB at 1.5 MB/s)
[INFO] Downloading from sc-generated-vendor: file:///private/tmp/sc-framework-consumer-011-20261007/sc-notes-candidate3/vendor/maven/org/mapstruct/mapstruct-processor/1.6.3/mapstruct-processor-1.6.3.pom
[INFO] Downloading from central: https://repo.maven.apache.org/maven2/org/mapstruct/mapstruct-processor/1.6.3/mapstruct-processor-1.6.3.pom
[INFO] Downloaded from central: https://repo.maven.apache.org/maven2/org/mapstruct/mapstruct-processor/1.6.3/mapstruct-processor-1.6.3.pom (3.2 kB at 189 kB/s)
[INFO] Downloading from sc-generated-vendor: file:///private/tmp/sc-framework-consumer-011-20261007/sc-notes-candidate3/vendor/maven/org/projectlombok/lombok-mapstruct-binding/0.2.0/lombok-mapstruct-binding-0.2.0.pom
[INFO] Downloading from central: https://repo.maven.apache.org/maven2/org/projectlombok/lombok-mapstruct-binding/0.2.0/lombok-mapstruct-binding-0.2.0.pom
[INFO] Downloaded from central: https://repo.maven.apache.org/maven2/org/projectlombok/lombok-mapstruct-binding/0.2.0/lombok-mapstruct-binding-0.2.0.pom (1.4 kB at 74 kB/s)
[INFO] Downloading from sc-generated-vendor: file:///private/tmp/sc-framework-consumer-011-20261007/sc-notes-candidate3/vendor/maven/org/springframework/boot/spring-boot-configuration-processor/3.5.16/spring-boot-configuration-processor-3.5.16.pom
[INFO] Downloading from central: https://repo.maven.apache.org/maven2/org/springframework/boot/spring-boot-configuration-processor/3.5.16/spring-boot-configuration-processor-3.5.16.pom
[INFO] Downloaded from central: https://repo.maven.apache.org/maven2/org/springframework/boot/spring-boot-configuration-processor/3.5.16/spring-boot-configuration-processor-3.5.16.pom (1.9 kB at 99 kB/s)
[INFO] Downloading from sc-generated-vendor: file:///private/tmp/sc-framework-consumer-011-20261007/sc-notes-candidate3/vendor/maven/io/github/openfeign/querydsl/querydsl-apt/6.12/querydsl-apt-6.12-jpa.jar
[INFO] Downloading from sc-generated-vendor: file:///private/tmp/sc-framework-consumer-011-20261007/sc-notes-candidate3/vendor/maven/io/github/openfeign/querydsl/querydsl-codegen/6.12/querydsl-codegen-6.12.jar
[INFO] Downloading from sc-generated-vendor: file:///private/tmp/sc-framework-consumer-011-20261007/sc-notes-candidate3/vendor/maven/io/github/openfeign/querydsl/querydsl-codegen-utils/6.12/querydsl-codegen-utils-6.12.jar
[INFO] Downloading from sc-generated-vendor: file:///private/tmp/sc-framework-consumer-011-20261007/sc-notes-candidate3/vendor/maven/org/eclipse/jdt/ecj/3.33.0/ecj-3.33.0.jar
[INFO] Downloading from sc-generated-vendor: file:///private/tmp/sc-framework-consumer-011-20261007/sc-notes-candidate3/vendor/maven/io/github/classgraph/classgraph/4.8.179/classgraph-4.8.179.jar
[INFO] Downloading from sc-generated-vendor: file:///private/tmp/sc-framework-consumer-011-20261007/sc-notes-candidate3/vendor/maven/org/projectlombok/lombok-mapstruct-binding/0.2.0/lombok-mapstruct-binding-0.2.0.jar
[INFO] Downloading from sc-generated-vendor: file:///private/tmp/sc-framework-consumer-011-20261007/sc-notes-candidate3/vendor/maven/org/springframework/boot/spring-boot-configuration-processor/3.5.16/spring-boot-configuration-processor-3.5.16.jar
[INFO] Downloading from sc-generated-vendor: file:///private/tmp/sc-framework-consumer-011-20261007/sc-notes-candidate3/vendor/maven/org/mapstruct/mapstruct-processor/1.6.3/mapstruct-processor-1.6.3.jar
[INFO] Downloading from central: https://repo.maven.apache.org/maven2/io/github/openfeign/querydsl/querydsl-apt/6.12/querydsl-apt-6.12-jpa.jar
[INFO] Downloaded from central: https://repo.maven.apache.org/maven2/io/github/openfeign/querydsl/querydsl-apt/6.12/querydsl-apt-6.12-jpa.jar (64 kB at 2.7 MB/s)
[INFO] Downloading from central: https://repo.maven.apache.org/maven2/io/github/openfeign/querydsl/querydsl-codegen/6.12/querydsl-codegen-6.12.jar
[INFO] Downloading from central: https://repo.maven.apache.org/maven2/io/github/openfeign/querydsl/querydsl-codegen-utils/6.12/querydsl-codegen-utils-6.12.jar
[INFO] Downloading from central: https://repo.maven.apache.org/maven2/org/eclipse/jdt/ecj/3.33.0/ecj-3.33.0.jar
[INFO] Downloading from central: https://repo.maven.apache.org/maven2/io/github/classgraph/classgraph/4.8.179/classgraph-4.8.179.jar
[INFO] Downloading from central: https://repo.maven.apache.org/maven2/org/mapstruct/mapstruct-processor/1.6.3/mapstruct-processor-1.6.3.jar
[INFO] Downloaded from central: https://repo.maven.apache.org/maven2/io/github/openfeign/querydsl/querydsl-codegen/6.12/querydsl-codegen-6.12.jar (90 kB at 3.0 MB/s)
[INFO] Downloading from central: https://repo.maven.apache.org/maven2/org/projectlombok/lombok-mapstruct-binding/0.2.0/lombok-mapstruct-binding-0.2.0.jar
[INFO] Downloaded from central: https://repo.maven.apache.org/maven2/io/github/openfeign/querydsl/querydsl-codegen-utils/6.12/querydsl-codegen-utils-6.12.jar (76 kB at 2.5 MB/s)
[INFO] Downloading from central: https://repo.maven.apache.org/maven2/org/springframework/boot/spring-boot-configuration-processor/3.5.16/spring-boot-configuration-processor-3.5.16.jar
[INFO] Downloaded from central: https://repo.maven.apache.org/maven2/org/projectlombok/lombok-mapstruct-binding/0.2.0/lombok-mapstruct-binding-0.2.0.jar (2.4 kB at 49 kB/s)
[INFO] Downloaded from central: https://repo.maven.apache.org/maven2/org/springframework/boot/spring-boot-configuration-processor/3.5.16/spring-boot-configuration-processor-3.5.16.jar (136 kB at 2.2 MB/s)
[INFO] Downloaded from central: https://repo.maven.apache.org/maven2/io/github/classgraph/classgraph/4.8.179/classgraph-4.8.179.jar (576 kB at 6.9 MB/s)
[INFO] Downloaded from central: https://repo.maven.apache.org/maven2/org/mapstruct/mapstruct-processor/1.6.3/mapstruct-processor-1.6.3.jar (2.5 MB at 20 MB/s)
[INFO] Downloaded from central: https://repo.maven.apache.org/maven2/org/eclipse/jdt/ecj/3.33.0/ecj-3.33.0.jar (3.2 MB at 17 MB/s)
[INFO] Recompiling the module because of changed dependency.
[INFO] Compiling 13 source files with javac [debug parameters release 21] to target/classes
[INFO] 
[INFO] --- resources:3.3.1:testResources (default-testResources) @ sc-notes ---
[INFO] Not copying test resources
[INFO] 
[INFO] --- compiler:3.14.1:testCompile (default-testCompile) @ sc-notes ---
[INFO] Not compiling test sources
[INFO] 
[INFO] --- surefire:3.5.6:test (default-test) @ sc-notes ---
[INFO] Downloading from central: https://repo.maven.apache.org/maven2/org/apache/maven/surefire/surefire-api/3.5.6/surefire-api-3.5.6.pom
[INFO] Downloaded from central: https://repo.maven.apache.org/maven2/org/apache/maven/surefire/surefire-api/3.5.6/surefire-api-3.5.6.pom (3.7 kB at 154 kB/s)
[INFO] Downloading from central: https://repo.maven.apache.org/maven2/org/apache/maven/surefire/surefire-logger-api/3.5.6/surefire-logger-api-3.5.6.pom
[INFO] Downloaded from central: https://repo.maven.apache.org/maven2/org/apache/maven/surefire/surefire-logger-api/3.5.6/surefire-logger-api-3.5.6.pom (3.5 kB at 166 kB/s)
[INFO] Downloading from central: https://repo.maven.apache.org/maven2/org/apache/maven/surefire/surefire-shared-utils/3.5.6/surefire-shared-utils-3.5.6.pom
[INFO] Downloaded from central: https://repo.maven.apache.org/maven2/org/apache/maven/surefire/surefire-shared-utils/3.5.6/surefire-shared-utils-3.5.6.pom (4.0 kB at 172 kB/s)
[INFO] Downloading from central: https://repo.maven.apache.org/maven2/org/apache/maven/surefire/surefire-extensions-api/3.5.6/surefire-extensions-api-3.5.6.pom
[INFO] Downloaded from central: https://repo.maven.apache.org/maven2/org/apache/maven/surefire/surefire-extensions-api/3.5.6/surefire-extensions-api-3.5.6.pom (3.6 kB at 170 kB/s)
[INFO] Downloading from central: https://repo.maven.apache.org/maven2/org/apache/maven/surefire/maven-surefire-common/3.5.6/maven-surefire-common-3.5.6.pom
[INFO] Downloaded from central: https://repo.maven.apache.org/maven2/org/apache/maven/surefire/maven-surefire-common/3.5.6/maven-surefire-common-3.5.6.pom (7.3 kB at 346 kB/s)
[INFO] Downloading from central: https://repo.maven.apache.org/maven2/org/apache/maven/surefire/surefire-booter/3.5.6/surefire-booter-3.5.6.pom
[INFO] Downloaded from central: https://repo.maven.apache.org/maven2/org/apache/maven/surefire/surefire-booter/3.5.6/surefire-booter-3.5.6.pom (5.1 kB at 222 kB/s)
[INFO] Downloading from central: https://repo.maven.apache.org/maven2/org/apache/maven/surefire/surefire-extensions-spi/3.5.6/surefire-extensions-spi-3.5.6.pom
[INFO] Downloaded from central: https://repo.maven.apache.org/maven2/org/apache/maven/surefire/surefire-extensions-spi/3.5.6/surefire-extensions-spi-3.5.6.pom (1.7 kB at 86 kB/s)
[INFO] Downloading from central: https://repo.maven.apache.org/maven2/org/apache/maven/resolver/maven-resolver-util/1.4.1/maven-resolver-util-1.4.1.pom
[INFO] Downloaded from central: https://repo.maven.apache.org/maven2/org/apache/maven/resolver/maven-resolver-util/1.4.1/maven-resolver-util-1.4.1.pom (2.8 kB at 122 kB/s)
[INFO] Downloading from central: https://repo.maven.apache.org/maven2/org/apache/maven/resolver/maven-resolver/1.4.1/maven-resolver-1.4.1.pom
[INFO] Downloaded from central: https://repo.maven.apache.org/maven2/org/apache/maven/resolver/maven-resolver/1.4.1/maven-resolver-1.4.1.pom (18 kB at 757 kB/s)
[INFO] Downloading from central: https://repo.maven.apache.org/maven2/org/apache/maven/maven-parent/33/maven-parent-33.pom
[INFO] Downloaded from central: https://repo.maven.apache.org/maven2/org/apache/maven/maven-parent/33/maven-parent-33.pom (44 kB at 1.8 MB/s)
[INFO] Downloading from central: https://repo.maven.apache.org/maven2/org/apache/apache/21/apache-21.pom
[INFO] Downloaded from central: https://repo.maven.apache.org/maven2/org/apache/apache/21/apache-21.pom (17 kB at 744 kB/s)
[INFO] Downloading from central: https://repo.maven.apache.org/maven2/org/apache/maven/resolver/maven-resolver-api/1.4.1/maven-resolver-api-1.4.1.pom
[INFO] Downloaded from central: https://repo.maven.apache.org/maven2/org/apache/maven/resolver/maven-resolver-api/1.4.1/maven-resolver-api-1.4.1.pom (2.6 kB at 125 kB/s)
[INFO] Downloading from central: https://repo.maven.apache.org/maven2/org/apache/maven/shared/maven-common-artifact-filters/3.4.0/maven-common-artifact-filters-3.4.0.pom
[INFO] Downloaded from central: https://repo.maven.apache.org/maven2/org/apache/maven/shared/maven-common-artifact-filters/3.4.0/maven-common-artifact-filters-3.4.0.pom (5.4 kB at 244 kB/s)
[INFO] Downloading from central: https://repo.maven.apache.org/maven2/org/apache/maven/shared/maven-shared-components/42/maven-shared-components-42.pom
[INFO] Downloaded from central: https://repo.maven.apache.org/maven2/org/apache/maven/shared/maven-shared-components/42/maven-shared-components-42.pom (3.8 kB at 180 kB/s)
[INFO] Downloading from central: https://repo.maven.apache.org/maven2/org/codehaus/plexus/plexus-java/1.5.2/plexus-java-1.5.2.pom
[INFO] Downloaded from central: https://repo.maven.apache.org/maven2/org/codehaus/plexus/plexus-java/1.5.2/plexus-java-1.5.2.pom (4.1 kB at 215 kB/s)
[INFO] Downloading from central: https://repo.maven.apache.org/maven2/org/codehaus/plexus/plexus-languages/1.5.2/plexus-languages-1.5.2.pom
[INFO] Downloaded from central: https://repo.maven.apache.org/maven2/org/codehaus/plexus/plexus-languages/1.5.2/plexus-languages-1.5.2.pom (3.9 kB at 184 kB/s)
[INFO] Downloading from central: https://repo.maven.apache.org/maven2/org/codehaus/plexus/plexus/24/plexus-24.pom
[INFO] Downloaded from central: https://repo.maven.apache.org/maven2/org/codehaus/plexus/plexus/24/plexus-24.pom (31 kB at 1.4 MB/s)
[INFO] Downloading from central: https://repo.maven.apache.org/maven2/org/ow2/asm/asm/9.9.1/asm-9.9.1.pom
[INFO] Downloaded from central: https://repo.maven.apache.org/maven2/org/ow2/asm/asm/9.9.1/asm-9.9.1.pom (2.4 kB at 99 kB/s)
[INFO] Downloading from central: https://repo.maven.apache.org/maven2/org/apache/maven/surefire/surefire-api/3.5.6/surefire-api-3.5.6.jar
[INFO] Downloaded from central: https://repo.maven.apache.org/maven2/org/apache/maven/surefire/surefire-api/3.5.6/surefire-api-3.5.6.jar (174 kB at 6.4 MB/s)
[INFO] Downloading from central: https://repo.maven.apache.org/maven2/org/apache/maven/surefire/surefire-logger-api/3.5.6/surefire-logger-api-3.5.6.jar
[INFO] Downloading from central: https://repo.maven.apache.org/maven2/org/apache/maven/surefire/surefire-shared-utils/3.5.6/surefire-shared-utils-3.5.6.jar
[INFO] Downloading from central: https://repo.maven.apache.org/maven2/org/apache/maven/surefire/surefire-extensions-api/3.5.6/surefire-extensions-api-3.5.6.jar
[INFO] Downloading from central: https://repo.maven.apache.org/maven2/org/apache/maven/surefire/maven-surefire-common/3.5.6/maven-surefire-common-3.5.6.jar
[INFO] Downloading from central: https://repo.maven.apache.org/maven2/org/apache/maven/surefire/surefire-booter/3.5.6/surefire-booter-3.5.6.jar
[INFO] Downloaded from central: https://repo.maven.apache.org/maven2/org/apache/maven/surefire/surefire-logger-api/3.5.6/surefire-logger-api-3.5.6.jar (14 kB at 714 kB/s)
[INFO] Downloading from central: https://repo.maven.apache.org/maven2/org/apache/maven/surefire/surefire-extensions-spi/3.5.6/surefire-extensions-spi-3.5.6.jar
[INFO] Downloaded from central: https://repo.maven.apache.org/maven2/org/apache/maven/surefire/surefire-extensions-api/3.5.6/surefire-extensions-api-3.5.6.jar (26 kB at 1.1 MB/s)
[INFO] Downloading from central: https://repo.maven.apache.org/maven2/org/apache/maven/resolver/maven-resolver-util/1.4.1/maven-resolver-util-1.4.1.jar
[INFO] Downloaded from central: https://repo.maven.apache.org/maven2/org/apache/maven/surefire/surefire-booter/3.5.6/surefire-booter-3.5.6.jar (123 kB at 4.7 MB/s)
[INFO] Downloading from central: https://repo.maven.apache.org/maven2/org/apache/maven/resolver/maven-resolver-api/1.4.1/maven-resolver-api-1.4.1.jar
[INFO] Downloaded from central: https://repo.maven.apache.org/maven2/org/apache/maven/surefire/maven-surefire-common/3.5.6/maven-surefire-common-3.5.6.jar (317 kB at 11 MB/s)
[INFO] Downloading from central: https://repo.maven.apache.org/maven2/org/apache/maven/shared/maven-common-artifact-filters/3.4.0/maven-common-artifact-filters-3.4.0.jar
[INFO] Downloaded from central: https://repo.maven.apache.org/maven2/org/apache/maven/surefire/surefire-extensions-spi/3.5.6/surefire-extensions-spi-3.5.6.jar (8.2 kB at 216 kB/s)
[INFO] Downloading from central: https://repo.maven.apache.org/maven2/org/codehaus/plexus/plexus-java/1.5.2/plexus-java-1.5.2.jar
[INFO] Downloaded from central: https://repo.maven.apache.org/maven2/org/apache/maven/shared/maven-common-artifact-filters/3.4.0/maven-common-artifact-filters-3.4.0.jar (58 kB at 1.2 MB/s)
[INFO] Downloading from central: https://repo.maven.apache.org/maven2/org/ow2/asm/asm/9.9.1/asm-9.9.1.jar
[INFO] Downloaded from central: https://repo.maven.apache.org/maven2/org/apache/maven/resolver/maven-resolver-api/1.4.1/maven-resolver-api-1.4.1.jar (149 kB at 2.8 MB/s)
[INFO] Downloaded from central: https://repo.maven.apache.org/maven2/org/codehaus/plexus/plexus-java/1.5.2/plexus-java-1.5.2.jar (57 kB at 989 kB/s)
[INFO] Downloaded from central: https://repo.maven.apache.org/maven2/org/apache/maven/resolver/maven-resolver-util/1.4.1/maven-resolver-util-1.4.1.jar (168 kB at 2.8 MB/s)
[INFO] Downloaded from central: https://repo.maven.apache.org/maven2/org/ow2/asm/asm/9.9.1/asm-9.9.1.jar (126 kB at 1.8 MB/s)
[INFO] Downloaded from central: https://repo.maven.apache.org/maven2/org/apache/maven/surefire/surefire-shared-utils/3.5.6/surefire-shared-utils-3.5.6.jar (3.0 MB at 21 MB/s)
[INFO] Tests are skipped.
[INFO] 
[INFO] --- jar:3.4.2:jar (default-jar) @ sc-notes ---
[INFO] Downloading from central: https://repo.maven.apache.org/maven2/org/apache/maven/shared/file-management/3.1.0/file-management-3.1.0.pom
[INFO] Downloaded from central: https://repo.maven.apache.org/maven2/org/apache/maven/shared/file-management/3.1.0/file-management-3.1.0.pom (4.5 kB at 204 kB/s)
[INFO] Downloading from central: https://repo.maven.apache.org/maven2/org/apache/maven/shared/maven-shared-components/36/maven-shared-components-36.pom
[INFO] Downloaded from central: https://repo.maven.apache.org/maven2/org/apache/maven/shared/maven-shared-components/36/maven-shared-components-36.pom (4.9 kB at 233 kB/s)
[INFO] Downloading from central: https://repo.maven.apache.org/maven2/org/apache/maven/maven-parent/36/maven-parent-36.pom
[INFO] Downloaded from central: https://repo.maven.apache.org/maven2/org/apache/maven/maven-parent/36/maven-parent-36.pom (45 kB at 1.9 MB/s)
[INFO] Downloading from central: https://repo.maven.apache.org/maven2/org/apache/apache/26/apache-26.pom
[INFO] Downloaded from central: https://repo.maven.apache.org/maven2/org/apache/apache/26/apache-26.pom (21 kB at 856 kB/s)
[INFO] Downloading from central: https://repo.maven.apache.org/maven2/commons-io/commons-io/2.16.1/commons-io-2.16.1.pom
[INFO] Downloaded from central: https://repo.maven.apache.org/maven2/commons-io/commons-io/2.16.1/commons-io-2.16.1.pom (20 kB at 785 kB/s)
[INFO] Downloading from central: https://repo.maven.apache.org/maven2/org/apache/commons/commons-parent/69/commons-parent-69.pom
[INFO] Downloaded from central: https://repo.maven.apache.org/maven2/org/apache/commons/commons-parent/69/commons-parent-69.pom (77 kB at 2.8 MB/s)
[INFO] Downloading from central: https://repo.maven.apache.org/maven2/org/apache/apache/31/apache-31.pom
[INFO] Downloaded from central: https://repo.maven.apache.org/maven2/org/apache/apache/31/apache-31.pom (24 kB at 872 kB/s)
[INFO] Downloading from central: https://repo.maven.apache.org/maven2/org/apache/maven/maven-archiver/3.6.2/maven-archiver-3.6.2.pom
[INFO] Downloaded from central: https://repo.maven.apache.org/maven2/org/apache/maven/maven-archiver/3.6.2/maven-archiver-3.6.2.pom (4.4 kB at 191 kB/s)
[INFO] Downloading from central: https://repo.maven.apache.org/maven2/org/apache/maven/shared/maven-shared-components/41/maven-shared-components-41.pom
[INFO] Downloaded from central: https://repo.maven.apache.org/maven2/org/apache/maven/shared/maven-shared-components/41/maven-shared-components-41.pom (3.2 kB at 159 kB/s)
[INFO] Downloading from central: https://repo.maven.apache.org/maven2/org/apache/maven/maven-parent/41/maven-parent-41.pom
[INFO] Downloaded from central: https://repo.maven.apache.org/maven2/org/apache/maven/maven-parent/41/maven-parent-41.pom (50 kB at 1.9 MB/s)
[INFO] Downloading from central: https://repo.maven.apache.org/maven2/org/codehaus/plexus/plexus-archiver/4.9.2/plexus-archiver-4.9.2.pom
[INFO] Downloaded from central: https://repo.maven.apache.org/maven2/org/codehaus/plexus/plexus-archiver/4.9.2/plexus-archiver-4.9.2.pom (6.0 kB at 260 kB/s)
[INFO] Downloading from central: https://repo.maven.apache.org/maven2/org/codehaus/plexus/plexus-io/3.4.2/plexus-io-3.4.2.pom
[INFO] Downloaded from central: https://repo.maven.apache.org/maven2/org/codehaus/plexus/plexus-io/3.4.2/plexus-io-3.4.2.pom (3.9 kB at 161 kB/s)
[INFO] Downloading from central: https://repo.maven.apache.org/maven2/org/codehaus/plexus/plexus/16/plexus-16.pom
[INFO] Downloaded from central: https://repo.maven.apache.org/maven2/org/codehaus/plexus/plexus/16/plexus-16.pom (28 kB at 1.2 MB/s)
[INFO] Downloading from central: https://repo.maven.apache.org/maven2/org/junit/junit-bom/5.10.1/junit-bom-5.10.1.pom
[INFO] Downloaded from central: https://repo.maven.apache.org/maven2/org/junit/junit-bom/5.10.1/junit-bom-5.10.1.pom (5.6 kB at 297 kB/s)
[INFO] Downloading from central: https://repo.maven.apache.org/maven2/org/apache/commons/commons-compress/1.26.1/commons-compress-1.26.1.pom
[INFO] Downloaded from central: https://repo.maven.apache.org/maven2/org/apache/commons/commons-compress/1.26.1/commons-compress-1.26.1.pom (22 kB at 1.0 MB/s)
[INFO] Downloading from central: https://repo.maven.apache.org/maven2/org/apache/commons/commons-parent/66/commons-parent-66.pom
[INFO] Downloaded from central: https://repo.maven.apache.org/maven2/org/apache/commons/commons-parent/66/commons-parent-66.pom (77 kB at 3.0 MB/s)
[INFO] Downloading from central: https://repo.maven.apache.org/maven2/commons-codec/commons-codec/1.16.1/commons-codec-1.16.1.pom
[INFO] Downloaded from central: https://repo.maven.apache.org/maven2/commons-codec/commons-codec/1.16.1/commons-codec-1.16.1.pom (16 kB at 682 kB/s)
[INFO] Downloading from central: https://repo.maven.apache.org/maven2/org/apache/commons/commons-lang3/3.14.0/commons-lang3-3.14.0.pom
[INFO] Downloaded from central: https://repo.maven.apache.org/maven2/org/apache/commons/commons-lang3/3.14.0/commons-lang3-3.14.0.pom (31 kB at 1.3 MB/s)
[INFO] Downloading from central: https://repo.maven.apache.org/maven2/org/apache/commons/commons-parent/64/commons-parent-64.pom
[INFO] Downloaded from central: https://repo.maven.apache.org/maven2/org/apache/commons/commons-parent/64/commons-parent-64.pom (78 kB at 3.1 MB/s)
[INFO] Downloading from central: https://repo.maven.apache.org/maven2/org/apache/apache/30/apache-30.pom
[INFO] Downloaded from central: https://repo.maven.apache.org/maven2/org/apache/apache/30/apache-30.pom (23 kB at 1.1 MB/s)
[INFO] Downloading from central: https://repo.maven.apache.org/maven2/org/junit/junit-bom/5.10.0/junit-bom-5.10.0.pom
[INFO] Downloaded from central: https://repo.maven.apache.org/maven2/org/junit/junit-bom/5.10.0/junit-bom-5.10.0.pom (5.6 kB at 282 kB/s)
[INFO] Downloading from central: https://repo.maven.apache.org/maven2/org/iq80/snappy/snappy/0.4/snappy-0.4.pom
[INFO] Downloaded from central: https://repo.maven.apache.org/maven2/org/iq80/snappy/snappy/0.4/snappy-0.4.pom (15 kB at 581 kB/s)
[INFO] Downloading from central: https://repo.maven.apache.org/maven2/org/tukaani/xz/1.9/xz-1.9.pom
[INFO] Downloaded from central: https://repo.maven.apache.org/maven2/org/tukaani/xz/1.9/xz-1.9.pom (2.0 kB at 89 kB/s)
[INFO] Downloading from central: https://repo.maven.apache.org/maven2/com/github/luben/zstd-jni/1.5.5-11/zstd-jni-1.5.5-11.pom
[INFO] Downloaded from central: https://repo.maven.apache.org/maven2/com/github/luben/zstd-jni/1.5.5-11/zstd-jni-1.5.5-11.pom (2.0 kB at 72 kB/s)
[INFO] Downloading from central: https://repo.maven.apache.org/maven2/org/codehaus/plexus/plexus-interpolation/1.27/plexus-interpolation-1.27.pom
[INFO] Downloaded from central: https://repo.maven.apache.org/maven2/org/codehaus/plexus/plexus-interpolation/1.27/plexus-interpolation-1.27.pom (3.0 kB at 144 kB/s)
[INFO] Downloading from central: https://repo.maven.apache.org/maven2/org/apache/maven/shared/file-management/3.1.0/file-management-3.1.0.jar
[INFO] Downloaded from central: https://repo.maven.apache.org/maven2/org/apache/maven/shared/file-management/3.1.0/file-management-3.1.0.jar (36 kB at 1.5 MB/s)
[INFO] Downloading from central: https://repo.maven.apache.org/maven2/commons-io/commons-io/2.16.1/commons-io-2.16.1.jar
[INFO] Downloading from central: https://repo.maven.apache.org/maven2/org/apache/maven/maven-archiver/3.6.2/maven-archiver-3.6.2.jar
[INFO] Downloading from central: https://repo.maven.apache.org/maven2/org/codehaus/plexus/plexus-interpolation/1.27/plexus-interpolation-1.27.jar
[INFO] Downloading from central: https://repo.maven.apache.org/maven2/org/codehaus/plexus/plexus-archiver/4.9.2/plexus-archiver-4.9.2.jar
[INFO] Downloading from central: https://repo.maven.apache.org/maven2/org/codehaus/plexus/plexus-io/3.4.2/plexus-io-3.4.2.jar
[INFO] Downloaded from central: https://repo.maven.apache.org/maven2/org/apache/maven/maven-archiver/3.6.2/maven-archiver-3.6.2.jar (27 kB at 1.3 MB/s)
[INFO] Downloading from central: https://repo.maven.apache.org/maven2/org/apache/commons/commons-compress/1.26.1/commons-compress-1.26.1.jar
[INFO] Downloaded from central: https://repo.maven.apache.org/maven2/org/codehaus/plexus/plexus-io/3.4.2/plexus-io-3.4.2.jar (79 kB at 3.3 MB/s)
[INFO] Downloading from central: https://repo.maven.apache.org/maven2/org/apache/commons/commons-lang3/3.14.0/commons-lang3-3.14.0.jar
[INFO] Downloaded from central: https://repo.maven.apache.org/maven2/org/codehaus/plexus/plexus-archiver/4.9.2/plexus-archiver-4.9.2.jar (225 kB at 8.3 MB/s)
[INFO] Downloading from central: https://repo.maven.apache.org/maven2/commons-codec/commons-codec/1.16.1/commons-codec-1.16.1.jar
[INFO] Downloaded from central: https://repo.maven.apache.org/maven2/org/codehaus/plexus/plexus-interpolation/1.27/plexus-interpolation-1.27.jar (86 kB at 2.9 MB/s)
[INFO] Downloading from central: https://repo.maven.apache.org/maven2/org/iq80/snappy/snappy/0.4/snappy-0.4.jar
[INFO] Downloaded from central: https://repo.maven.apache.org/maven2/commons-io/commons-io/2.16.1/commons-io-2.16.1.jar (509 kB at 13 MB/s)
[INFO] Downloading from central: https://repo.maven.apache.org/maven2/org/tukaani/xz/1.9/xz-1.9.jar
[INFO] Downloaded from central: https://repo.maven.apache.org/maven2/org/iq80/snappy/snappy/0.4/snappy-0.4.jar (58 kB at 966 kB/s)
[INFO] Downloading from central: https://repo.maven.apache.org/maven2/com/github/luben/zstd-jni/1.5.5-11/zstd-jni-1.5.5-11.jar
[INFO] Downloaded from central: https://repo.maven.apache.org/maven2/org/apache/commons/commons-compress/1.26.1/commons-compress-1.26.1.jar (1.1 MB at 13 MB/s)
[INFO] Downloaded from central: https://repo.maven.apache.org/maven2/org/apache/commons/commons-lang3/3.14.0/commons-lang3-3.14.0.jar (658 kB at 7.9 MB/s)
[INFO] Downloaded from central: https://repo.maven.apache.org/maven2/org/tukaani/xz/1.9/xz-1.9.jar (116 kB at 1.4 MB/s)
[INFO] Downloaded from central: https://repo.maven.apache.org/maven2/commons-codec/commons-codec/1.16.1/commons-codec-1.16.1.jar (365 kB at 3.1 MB/s)
[INFO] Downloaded from central: https://repo.maven.apache.org/maven2/com/github/luben/zstd-jni/1.5.5-11/zstd-jni-1.5.5-11.jar (6.8 MB at 16 MB/s)
[INFO] Building jar: /private/tmp/sc-framework-consumer-011-20261007/sc-notes-candidate3/backend/target/sc-notes.jar
[INFO] 
[INFO] --- spring-boot:3.5.16:repackage (repackage) @ sc-notes ---
[INFO] Downloading from central: https://repo.maven.apache.org/maven2/org/springframework/boot/spring-boot-buildpack-platform/3.5.16/spring-boot-buildpack-platform-3.5.16.pom
[INFO] Downloaded from central: https://repo.maven.apache.org/maven2/org/springframework/boot/spring-boot-buildpack-platform/3.5.16/spring-boot-buildpack-platform-3.5.16.pom (3.2 kB at 161 kB/s)
[INFO] Downloading from central: https://repo.maven.apache.org/maven2/net/java/dev/jna/jna-platform/5.17.0/jna-platform-5.17.0.pom
[INFO] Downloaded from central: https://repo.maven.apache.org/maven2/net/java/dev/jna/jna-platform/5.17.0/jna-platform-5.17.0.pom (2.3 kB at 83 kB/s)
[INFO] Downloading from central: https://repo.maven.apache.org/maven2/net/java/dev/jna/jna/5.17.0/jna-5.17.0.pom
[INFO] Downloaded from central: https://repo.maven.apache.org/maven2/net/java/dev/jna/jna/5.17.0/jna-5.17.0.pom (2.0 kB at 127 kB/s)
[INFO] Downloading from central: https://repo.maven.apache.org/maven2/org/apache/commons/commons-compress/1.27.1/commons-compress-1.27.1.pom
[INFO] Downloaded from central: https://repo.maven.apache.org/maven2/org/apache/commons/commons-compress/1.27.1/commons-compress-1.27.1.pom (23 kB at 1.3 MB/s)
[INFO] Downloading from central: https://repo.maven.apache.org/maven2/org/apache/commons/commons-parent/72/commons-parent-72.pom
[INFO] Downloaded from central: https://repo.maven.apache.org/maven2/org/apache/commons/commons-parent/72/commons-parent-72.pom (78 kB at 3.5 MB/s)
[INFO] Downloading from central: https://repo.maven.apache.org/maven2/org/junit/junit-bom/5.11.0-M2/junit-bom-5.11.0-M2.pom
[INFO] Downloaded from central: https://repo.maven.apache.org/maven2/org/junit/junit-bom/5.11.0-M2/junit-bom-5.11.0-M2.pom (5.7 kB at 336 kB/s)
[INFO] Downloading from central: https://repo.maven.apache.org/maven2/commons-codec/commons-codec/1.17.1/commons-codec-1.17.1.pom
[INFO] Downloaded from central: https://repo.maven.apache.org/maven2/commons-codec/commons-codec/1.17.1/commons-codec-1.17.1.pom (18 kB at 889 kB/s)
[INFO] Downloading from central: https://repo.maven.apache.org/maven2/org/apache/commons/commons-parent/71/commons-parent-71.pom
[INFO] Downloaded from central: https://repo.maven.apache.org/maven2/org/apache/commons/commons-parent/71/commons-parent-71.pom (78 kB at 3.4 MB/s)
[INFO] Downloading from central: https://repo.maven.apache.org/maven2/org/apache/commons/commons-lang3/3.16.0/commons-lang3-3.16.0.pom
[INFO] Downloaded from central: https://repo.maven.apache.org/maven2/org/apache/commons/commons-lang3/3.16.0/commons-lang3-3.16.0.pom (31 kB at 1.7 MB/s)
[INFO] Downloading from central: https://repo.maven.apache.org/maven2/org/apache/httpcomponents/client5/httpclient5/5.5.2/httpclient5-5.5.2.pom
[INFO] Downloaded from central: https://repo.maven.apache.org/maven2/org/apache/httpcomponents/client5/httpclient5/5.5.2/httpclient5-5.5.2.pom (6.1 kB at 320 kB/s)
[INFO] Downloading from central: https://repo.maven.apache.org/maven2/org/apache/httpcomponents/client5/httpclient5-parent/5.5.2/httpclient5-parent-5.5.2.pom
[INFO] Downloaded from central: https://repo.maven.apache.org/maven2/org/apache/httpcomponents/client5/httpclient5-parent/5.5.2/httpclient5-parent-5.5.2.pom (17 kB at 796 kB/s)
[INFO] Downloading from central: https://repo.maven.apache.org/maven2/org/apache/httpcomponents/httpcomponents-parent/14/httpcomponents-parent-14.pom
[INFO] Downloaded from central: https://repo.maven.apache.org/maven2/org/apache/httpcomponents/httpcomponents-parent/14/httpcomponents-parent-14.pom (30 kB at 1.6 MB/s)
[INFO] Downloading from central: https://repo.maven.apache.org/maven2/org/apache/apache/27/apache-27.pom
[INFO] Downloaded from central: https://repo.maven.apache.org/maven2/org/apache/apache/27/apache-27.pom (20 kB at 1.1 MB/s)
[INFO] Downloading from central: https://repo.maven.apache.org/maven2/org/junit/junit-bom/5.13.3/junit-bom-5.13.3.pom
[INFO] Downloaded from central: https://repo.maven.apache.org/maven2/org/junit/junit-bom/5.13.3/junit-bom-5.13.3.pom (5.7 kB at 354 kB/s)
[INFO] Downloading from central: https://repo.maven.apache.org/maven2/org/apache/httpcomponents/core5/httpcore5/5.3.6/httpcore5-5.3.6.pom
[INFO] Downloaded from central: https://repo.maven.apache.org/maven2/org/apache/httpcomponents/core5/httpcore5/5.3.6/httpcore5-5.3.6.pom (3.9 kB at 188 kB/s)
[INFO] Downloading from central: https://repo.maven.apache.org/maven2/org/apache/httpcomponents/core5/httpcore5-parent/5.3.6/httpcore5-parent-5.3.6.pom
[INFO] Downloaded from central: https://repo.maven.apache.org/maven2/org/apache/httpcomponents/core5/httpcore5-parent/5.3.6/httpcore5-parent-5.3.6.pom (14 kB at 734 kB/s)
[INFO] Downloading from central: https://repo.maven.apache.org/maven2/org/apache/httpcomponents/httpcomponents-parent/13/httpcomponents-parent-13.pom
[INFO] Downloaded from central: https://repo.maven.apache.org/maven2/org/apache/httpcomponents/httpcomponents-parent/13/httpcomponents-parent-13.pom (30 kB at 1.7 MB/s)
[INFO] Downloading from central: https://repo.maven.apache.org/maven2/org/apache/httpcomponents/core5/httpcore5-h2/5.3.6/httpcore5-h2-5.3.6.pom
[INFO] Downloaded from central: https://repo.maven.apache.org/maven2/org/apache/httpcomponents/core5/httpcore5-h2/5.3.6/httpcore5-h2-5.3.6.pom (3.6 kB at 226 kB/s)
[INFO] Downloading from central: https://repo.maven.apache.org/maven2/org/tomlj/tomlj/1.0.0/tomlj-1.0.0.pom
[INFO] Downloaded from central: https://repo.maven.apache.org/maven2/org/tomlj/tomlj/1.0.0/tomlj-1.0.0.pom (2.8 kB at 166 kB/s)
[INFO] Downloading from central: https://repo.maven.apache.org/maven2/org/antlr/antlr4-runtime/4.7.2/antlr4-runtime-4.7.2.pom
[INFO] Downloaded from central: https://repo.maven.apache.org/maven2/org/antlr/antlr4-runtime/4.7.2/antlr4-runtime-4.7.2.pom (3.6 kB at 190 kB/s)
[INFO] Downloading from central: https://repo.maven.apache.org/maven2/org/antlr/antlr4-master/4.7.2/antlr4-master-4.7.2.pom
[INFO] Downloaded from central: https://repo.maven.apache.org/maven2/org/antlr/antlr4-master/4.7.2/antlr4-master-4.7.2.pom (4.4 kB at 275 kB/s)
[INFO] Downloading from central: https://repo.maven.apache.org/maven2/com/google/code/findbugs/jsr305/3.0.2/jsr305-3.0.2.pom
[INFO] Downloaded from central: https://repo.maven.apache.org/maven2/com/google/code/findbugs/jsr305/3.0.2/jsr305-3.0.2.pom (4.3 kB at 214 kB/s)
[INFO] Downloading from central: https://repo.maven.apache.org/maven2/org/springframework/boot/spring-boot-loader-tools/3.5.16/spring-boot-loader-tools-3.5.16.pom
[INFO] Downloaded from central: https://repo.maven.apache.org/maven2/org/springframework/boot/spring-boot-loader-tools/3.5.16/spring-boot-loader-tools-3.5.16.pom (2.2 kB at 132 kB/s)
[INFO] Downloading from central: https://repo.maven.apache.org/maven2/org/apache/maven/plugins/maven-shade-plugin/3.6.0/maven-shade-plugin-3.6.0.pom
[INFO] Downloaded from central: https://repo.maven.apache.org/maven2/org/apache/maven/plugins/maven-shade-plugin/3.6.0/maven-shade-plugin-3.6.0.pom (12 kB at 506 kB/s)
[INFO] Downloading from central: https://repo.maven.apache.org/maven2/org/ow2/asm/asm/9.7/asm-9.7.pom
[INFO] Downloaded from central: https://repo.maven.apache.org/maven2/org/ow2/asm/asm/9.7/asm-9.7.pom (2.4 kB at 148 kB/s)
[INFO] Downloading from central: https://repo.maven.apache.org/maven2/org/ow2/asm/asm-commons/9.7/asm-commons-9.7.pom
[INFO] Downloaded from central: https://repo.maven.apache.org/maven2/org/ow2/asm/asm-commons/9.7/asm-commons-9.7.pom (2.8 kB at 186 kB/s)
[INFO] Downloading from central: https://repo.maven.apache.org/maven2/org/ow2/asm/asm-tree/9.7/asm-tree-9.7.pom
[INFO] Downloaded from central: https://repo.maven.apache.org/maven2/org/ow2/asm/asm-tree/9.7/asm-tree-9.7.pom (2.6 kB at 173 kB/s)
[INFO] Downloading from central: https://repo.maven.apache.org/maven2/org/jdom/jdom2/2.0.6.1/jdom2-2.0.6.1.pom
[INFO] Downloaded from central: https://repo.maven.apache.org/maven2/org/jdom/jdom2/2.0.6.1/jdom2-2.0.6.1.pom (4.6 kB at 256 kB/s)
[INFO] Downloading from central: https://repo.maven.apache.org/maven2/org/apache/commons/commons-compress/1.26.2/commons-compress-1.26.2.pom
[INFO] Downloaded from central: https://repo.maven.apache.org/maven2/org/apache/commons/commons-compress/1.26.2/commons-compress-1.26.2.pom (23 kB at 1.3 MB/s)
[INFO] Downloading from central: https://repo.maven.apache.org/maven2/commons-codec/commons-codec/1.17.0/commons-codec-1.17.0.pom
[INFO] Downloaded from central: https://repo.maven.apache.org/maven2/commons-codec/commons-codec/1.17.0/commons-codec-1.17.0.pom (18 kB at 941 kB/s)
[INFO] Downloading from central: https://repo.maven.apache.org/maven2/org/vafer/jdependency/2.10/jdependency-2.10.pom
[INFO] Downloaded from central: https://repo.maven.apache.org/maven2/org/vafer/jdependency/2.10/jdependency-2.10.pom (14 kB at 738 kB/s)
[INFO] Downloading from central: https://repo.maven.apache.org/maven2/org/springframework/boot/spring-boot-buildpack-platform/3.5.16/spring-boot-buildpack-platform-3.5.16.jar
[INFO] Downloaded from central: https://repo.maven.apache.org/maven2/org/springframework/boot/spring-boot-buildpack-platform/3.5.16/spring-boot-buildpack-platform-3.5.16.jar (325 kB at 13 MB/s)
[INFO] Downloading from central: https://repo.maven.apache.org/maven2/net/java/dev/jna/jna-platform/5.17.0/jna-platform-5.17.0.jar
[INFO] Downloading from central: https://repo.maven.apache.org/maven2/net/java/dev/jna/jna/5.17.0/jna-5.17.0.jar
[INFO] Downloading from central: https://repo.maven.apache.org/maven2/org/apache/commons/commons-compress/1.27.1/commons-compress-1.27.1.jar
[INFO] Downloading from central: https://repo.maven.apache.org/maven2/commons-codec/commons-codec/1.17.1/commons-codec-1.17.1.jar
[INFO] Downloading from central: https://repo.maven.apache.org/maven2/org/apache/commons/commons-lang3/3.16.0/commons-lang3-3.16.0.jar
[INFO] Downloaded from central: https://repo.maven.apache.org/maven2/commons-codec/commons-codec/1.17.1/commons-codec-1.17.1.jar (373 kB at 5.2 MB/s)
[INFO] Downloading from central: https://repo.maven.apache.org/maven2/org/apache/httpcomponents/client5/httpclient5/5.5.2/httpclient5-5.5.2.jar
[INFO] Downloaded from central: https://repo.maven.apache.org/maven2/org/apache/commons/commons-lang3/3.16.0/commons-lang3-3.16.0.jar (674 kB at 8.9 MB/s)
[INFO] Downloading from central: https://repo.maven.apache.org/maven2/org/apache/httpcomponents/core5/httpcore5/5.3.6/httpcore5-5.3.6.jar
[INFO] Downloaded from central: https://repo.maven.apache.org/maven2/net/java/dev/jna/jna-platform/5.17.0/jna-platform-5.17.0.jar (1.4 MB at 15 MB/s)
[INFO] Downloading from central: https://repo.maven.apache.org/maven2/org/apache/httpcomponents/core5/httpcore5-h2/5.3.6/httpcore5-h2-5.3.6.jar
[INFO] Downloaded from central: https://repo.maven.apache.org/maven2/org/apache/commons/commons-compress/1.27.1/commons-compress-1.27.1.jar (1.1 MB at 11 MB/s)
[INFO] Downloading from central: https://repo.maven.apache.org/maven2/org/tomlj/tomlj/1.0.0/tomlj-1.0.0.jar
[INFO] Downloaded from central: https://repo.maven.apache.org/maven2/org/apache/httpcomponents/core5/httpcore5/5.3.6/httpcore5-5.3.6.jar (909 kB at 6.2 MB/s)
[INFO] Downloaded from central: https://repo.maven.apache.org/maven2/org/apache/httpcomponents/client5/httpclient5/5.5.2/httpclient5-5.5.2.jar (961 kB at 6.6 MB/s)
[INFO] Downloading from central: https://repo.maven.apache.org/maven2/org/antlr/antlr4-runtime/4.7.2/antlr4-runtime-4.7.2.jar
[INFO] Downloaded from central: https://repo.maven.apache.org/maven2/org/apache/httpcomponents/core5/httpcore5-h2/5.3.6/httpcore5-h2-5.3.6.jar (243 kB at 1.7 MB/s)
[INFO] Downloading from central: https://repo.maven.apache.org/maven2/com/google/code/findbugs/jsr305/3.0.2/jsr305-3.0.2.jar
[INFO] Downloading from central: https://repo.maven.apache.org/maven2/org/springframework/boot/spring-boot-loader-tools/3.5.16/spring-boot-loader-tools-3.5.16.jar
[INFO] Downloaded from central: https://repo.maven.apache.org/maven2/org/tomlj/tomlj/1.0.0/tomlj-1.0.0.jar (157 kB at 1.1 MB/s)
[INFO] Downloading from central: https://repo.maven.apache.org/maven2/org/apache/maven/plugins/maven-shade-plugin/3.6.0/maven-shade-plugin-3.6.0.jar
[INFO] Downloaded from central: https://repo.maven.apache.org/maven2/net/java/dev/jna/jna/5.17.0/jna-5.17.0.jar (2.0 MB at 13 MB/s)
[INFO] Downloading from central: https://repo.maven.apache.org/maven2/org/ow2/asm/asm/9.7/asm-9.7.jar
[INFO] Downloaded from central: https://repo.maven.apache.org/maven2/com/google/code/findbugs/jsr305/3.0.2/jsr305-3.0.2.jar (20 kB at 122 kB/s)
[INFO] Downloading from central: https://repo.maven.apache.org/maven2/org/ow2/asm/asm-commons/9.7/asm-commons-9.7.jar
[INFO] Downloaded from central: https://repo.maven.apache.org/maven2/org/ow2/asm/asm/9.7/asm-9.7.jar (125 kB at 729 kB/s)
[INFO] Downloading from central: https://repo.maven.apache.org/maven2/org/ow2/asm/asm-tree/9.7/asm-tree-9.7.jar
[INFO] Downloaded from central: https://repo.maven.apache.org/maven2/org/apache/maven/plugins/maven-shade-plugin/3.6.0/maven-shade-plugin-3.6.0.jar (150 kB at 832 kB/s)
[INFO] Downloading from central: https://repo.maven.apache.org/maven2/org/jdom/jdom2/2.0.6.1/jdom2-2.0.6.1.jar
[INFO] Downloaded from central: https://repo.maven.apache.org/maven2/org/springframework/boot/spring-boot-loader-tools/3.5.16/spring-boot-loader-tools-3.5.16.jar (468 kB at 2.6 MB/s)
[INFO] Downloading from central: https://repo.maven.apache.org/maven2/org/vafer/jdependency/2.10/jdependency-2.10.jar
[INFO] Downloaded from central: https://repo.maven.apache.org/maven2/org/ow2/asm/asm-commons/9.7/asm-commons-9.7.jar (73 kB at 399 kB/s)
[INFO] Downloaded from central: https://repo.maven.apache.org/maven2/org/antlr/antlr4-runtime/4.7.2/antlr4-runtime-4.7.2.jar (338 kB at 1.8 MB/s)
[INFO] Downloaded from central: https://repo.maven.apache.org/maven2/org/ow2/asm/asm-tree/9.7/asm-tree-9.7.jar (52 kB at 265 kB/s)
[INFO] Downloaded from central: https://repo.maven.apache.org/maven2/org/jdom/jdom2/2.0.6.1/jdom2-2.0.6.1.jar (328 kB at 1.6 MB/s)
[INFO] Downloaded from central: https://repo.maven.apache.org/maven2/org/vafer/jdependency/2.10/jdependency-2.10.jar (416 kB at 1.9 MB/s)
[INFO] Replacing main artifact /private/tmp/sc-framework-consumer-011-20261007/sc-notes-candidate3/backend/target/sc-notes.jar with repackaged archive, adding nested dependencies in BOOT-INF/.
[INFO] The original artifact has been renamed to /private/tmp/sc-framework-consumer-011-20261007/sc-notes-candidate3/backend/target/sc-notes.jar.original
[INFO] ------------------------------------------------------------------------
[INFO] BUILD SUCCESS
[INFO] ------------------------------------------------------------------------
[INFO] Total time:  36.733 s
[INFO] Finished at: 2026-10-07T05:41:13+09:00
[INFO] ------------------------------------------------------------------------
Application API types generated from the actual schema.

> sc-notes@1.0.0 verify
> npm run format:check && npm run lint && npm run api:check && npm run build


> sc-notes@1.0.0 format:check
> prettier --check .

Checking formatting...
All matched files use Prettier code style!

> sc-notes@1.0.0 lint
> eslint frontend scripts --max-warnings 0


> sc-notes@1.0.0 api:check
> node scripts/openapi-types.mjs --check

OpenAPI and generated application types match.

> sc-notes@1.0.0 build
> npm run typecheck && vite build --config frontend/vite.config.ts


> sc-notes@1.0.0 typecheck
> vue-tsc --noEmit -p frontend/tsconfig.json

vite v8.3.1 building client environment for production...
transforming...
✓ 1784 modules transformed.
rendering chunks...
computing gzip size...
frontend/dist/index.html                            0.39 kB │ gzip:   0.26 kB
frontend/dist/assets/PatternsPage-D_YoJvWF.css      0.92 kB │ gzip:   0.40 kB
frontend/dist/assets/index-DAXlcMnv.css           314.78 kB │ gzip:  45.29 kB
frontend/dist/assets/index-uJfAgyqt.js            706.02 kB │ gzip: 238.37 kB
frontend/dist/assets/PatternsPage-C4yDMGEM.js   2,318.13 kB │ gzip: 708.28 kB

[plugin builtin:vite-reporter] 
(!) Some chunks are larger than 500 kB after minification. Consider:
- Using dynamic import() to code-split the application
- Use build.rolldownOptions.output.codeSplitting to improve chunking: https://rolldown.rs/reference/OutputOptions.codeSplitting
- Adjust chunk size limit for this warning via build.chunkSizeWarningLimit.
✓ built in 1.50s
[INFO] Scanning for projects...
[INFO] 
[INFO] ------------------< dev.scconsumer.notesapp:sc-notes >------------------
[INFO] Building sc-notes 1.0.0
[INFO]   from pom.xml
[INFO] --------------------------------[ jar ]---------------------------------
[INFO] 
[INFO] --- clean:3.4.1:clean (default-clean) @ sc-notes ---
[INFO] Deleting /private/tmp/sc-framework-consumer-011-20261007/sc-notes-candidate3/backend/target
[INFO] 
[INFO] --- resources:3.3.1:resources (default-resources) @ sc-notes ---
[INFO] Copying 7 resources from src/main/resources to target/classes
[INFO] Copying 5 resources from ../frontend/dist to target/classes/static
[INFO] 
[INFO] --- compiler:3.14.1:compile (default-compile) @ sc-notes ---
[INFO] Recompiling the module because of changed source code.
[INFO] Compiling 13 source files with javac [debug parameters release 21] to target/classes
[INFO] 
[INFO] --- resources:3.3.1:testResources (default-testResources) @ sc-notes ---
[INFO] skip non existing resourceDirectory /private/tmp/sc-framework-consumer-011-20261007/sc-notes-candidate3/backend/src/test/resources
[INFO] 
[INFO] --- compiler:3.14.1:testCompile (default-testCompile) @ sc-notes ---
[INFO] Recompiling the module because of changed dependency.
[INFO] Compiling 1 source file with javac [debug parameters release 21] to target/test-classes
[INFO] 
[INFO] --- surefire:3.5.6:test (default-test) @ sc-notes ---
[INFO] Using auto detected provider org.apache.maven.surefire.junitplatform.JUnitPlatformProvider
[INFO] Downloading from central: https://repo.maven.apache.org/maven2/org/apache/maven/surefire/surefire-junit-platform/3.5.6/surefire-junit-platform-3.5.6.pom
[INFO] Downloaded from central: https://repo.maven.apache.org/maven2/org/apache/maven/surefire/surefire-junit-platform/3.5.6/surefire-junit-platform-3.5.6.pom (5.2 kB at 41 kB/s)
[INFO] Downloading from central: https://repo.maven.apache.org/maven2/org/apache/maven/surefire/surefire-providers/3.5.6/surefire-providers-3.5.6.pom
[INFO] Downloaded from central: https://repo.maven.apache.org/maven2/org/apache/maven/surefire/surefire-providers/3.5.6/surefire-providers-3.5.6.pom (2.5 kB at 106 kB/s)
[INFO] Downloading from central: https://repo.maven.apache.org/maven2/org/apache/maven/surefire/common-java5/3.5.6/common-java5-3.5.6.pom
[INFO] Downloaded from central: https://repo.maven.apache.org/maven2/org/apache/maven/surefire/common-java5/3.5.6/common-java5-3.5.6.pom (3.1 kB at 153 kB/s)
[INFO] Downloading from central: https://repo.maven.apache.org/maven2/org/junit/platform/junit-platform-launcher/1.12.2/junit-platform-launcher-1.12.2.pom
[INFO] Downloaded from central: https://repo.maven.apache.org/maven2/org/junit/platform/junit-platform-launcher/1.12.2/junit-platform-launcher-1.12.2.pom (3.0 kB at 138 kB/s)
[INFO] Downloading from central: https://repo.maven.apache.org/maven2/org/apache/maven/surefire/surefire-junit-platform/3.5.6/surefire-junit-platform-3.5.6.jar
[INFO] Downloaded from central: https://repo.maven.apache.org/maven2/org/apache/maven/surefire/surefire-junit-platform/3.5.6/surefire-junit-platform-3.5.6.jar (35 kB at 1.4 MB/s)
[INFO] Downloading from central: https://repo.maven.apache.org/maven2/org/apache/maven/surefire/common-java5/3.5.6/common-java5-3.5.6.jar
[INFO] Downloading from central: https://repo.maven.apache.org/maven2/org/junit/platform/junit-platform-launcher/1.12.2/junit-platform-launcher-1.12.2.jar
[INFO] Downloaded from central: https://repo.maven.apache.org/maven2/org/junit/platform/junit-platform-launcher/1.12.2/junit-platform-launcher-1.12.2.jar (208 kB at 4.9 MB/s)
[INFO] Downloaded from central: https://repo.maven.apache.org/maven2/org/apache/maven/surefire/common-java5/3.5.6/common-java5-3.5.6.jar (18 kB at 410 kB/s)
[INFO] 
[INFO] -------------------------------------------------------
[INFO]  T E S T S
[INFO] -------------------------------------------------------
[INFO] Running dev.scconsumer.notesapp.GeneratedAppIntegrationTest
05:41:37.005 [main] INFO org.springframework.test.context.support.AnnotationConfigContextLoaderUtils -- Could not detect default configuration classes for test class [dev.scconsumer.notesapp.GeneratedAppIntegrationTest]: GeneratedAppIntegrationTest does not declare any static, non-private, non-final, nested classes annotated with @Configuration.
05:41:37.047 [main] INFO org.springframework.boot.test.context.SpringBootTestContextBootstrapper -- Found @SpringBootConfiguration dev.scconsumer.notesapp.GeneratedApplication for test class dev.scconsumer.notesapp.GeneratedAppIntegrationTest

  .   ____          _            __ _ _
 /\\ / ___'_ __ _ _(_)_ __  __ _ \ \ \ \
( ( )\___ | '_ | '_| | '_ \/ _` | \ \ \ \
 \\/  ___)| |_)| | | | | || (_| |  ) ) ) )
  '  |____| .__|_| |_|_| |_\__, | / / / /
 =========|_|==============|___/=/_/_/_/

 :: Spring Boot ::               (v3.5.16)

2026-10-07T05:41:37.283+09:00  INFO [requestId:] 30061 --- [sc-notes] [           main] d.s.n.GeneratedAppIntegrationTest        : Starting GeneratedAppIntegrationTest using Java 21.0.11 with PID 30061 (started by dk in /private/tmp/sc-framework-consumer-011-20261007/sc-notes-candidate3/backend)
2026-10-07T05:41:37.283+09:00  INFO [requestId:] 30061 --- [sc-notes] [           main] d.s.n.GeneratedAppIntegrationTest        : The following 1 profile is active: "dev"
2026-10-07T05:41:37.655+09:00  INFO [requestId:] 30061 --- [sc-notes] [           main] .s.d.r.c.RepositoryConfigurationDelegate : Bootstrapping Spring Data JPA repositories in DEFAULT mode.
2026-10-07T05:41:37.696+09:00  INFO [requestId:] 30061 --- [sc-notes] [           main] .s.d.r.c.RepositoryConfigurationDelegate : Finished Spring Data repository scanning in 36 ms. Found 1 JPA repository interface.
2026-10-07T05:41:37.746+09:00  INFO [requestId:] 30061 --- [sc-notes] [           main] o.s.cloud.context.scope.GenericScope     : BeanFactory id=d3820e19-547b-3b2d-98be-2740909c5936
2026-10-07T05:41:37.878+09:00  INFO [requestId:] 30061 --- [sc-notes] [           main] com.zaxxer.hikari.HikariDataSource       : HikariPool-1 - Starting...
2026-10-07T05:41:37.940+09:00  INFO [requestId:] 30061 --- [sc-notes] [           main] com.zaxxer.hikari.pool.HikariPool        : HikariPool-1 - Added connection conn0: url=jdbc:h2:mem:generated-sc-notes user=SA
2026-10-07T05:41:37.941+09:00  INFO [requestId:] 30061 --- [sc-notes] [           main] com.zaxxer.hikari.HikariDataSource       : HikariPool-1 - Start completed.
2026-10-07T05:41:37.958+09:00  INFO [requestId:] 30061 --- [sc-notes] [           main] org.flywaydb.core.FlywayExecutor         : Database: jdbc:h2:mem:generated-sc-notes (H2 2.3)
2026-10-07T05:41:37.968+09:00  INFO [requestId:] 30061 --- [sc-notes] [           main] o.f.c.i.s.JdbcTableSchemaHistory         : Schema history table "PUBLIC"."flyway_schema_history" does not exist yet
2026-10-07T05:41:37.969+09:00  INFO [requestId:] 30061 --- [sc-notes] [           main] o.f.core.internal.command.DbValidate     : Successfully validated 1 migration (execution time 00:00.005s)
2026-10-07T05:41:37.971+09:00  INFO [requestId:] 30061 --- [sc-notes] [           main] o.f.c.i.s.JdbcTableSchemaHistory         : Creating Schema History table "PUBLIC"."flyway_schema_history" ...
2026-10-07T05:41:37.985+09:00  INFO [requestId:] 30061 --- [sc-notes] [           main] o.f.core.internal.command.DbMigrate      : Current version of schema "PUBLIC": << Empty Schema >>
2026-10-07T05:41:37.988+09:00  INFO [requestId:] 30061 --- [sc-notes] [           main] o.f.core.internal.command.DbMigrate      : Migrating schema "PUBLIC" to version "1 - starter notes"
2026-10-07T05:41:37.994+09:00  INFO [requestId:] 30061 --- [sc-notes] [           main] o.f.core.internal.command.DbMigrate      : Successfully applied 1 migration to schema "PUBLIC", now at version v1 (execution time 00:00.002s)
2026-10-07T05:41:38.022+09:00  INFO [requestId:] 30061 --- [sc-notes] [           main] o.hibernate.jpa.internal.util.LogHelper  : HHH000204: Processing PersistenceUnitInfo [name: default]
2026-10-07T05:41:38.038+09:00  INFO [requestId:] 30061 --- [sc-notes] [           main] org.hibernate.Version                    : HHH000412: Hibernate ORM core version 6.6.53.Final
2026-10-07T05:41:38.048+09:00  INFO [requestId:] 30061 --- [sc-notes] [           main] o.h.c.internal.RegionFactoryInitiator    : HHH000026: Second-level cache disabled
2026-10-07T05:41:38.138+09:00  INFO [requestId:] 30061 --- [sc-notes] [           main] o.s.o.j.p.SpringPersistenceUnitInfo      : No LoadTimeWeaver setup: ignoring JPA class transformer
2026-10-07T05:41:38.161+09:00  INFO [requestId:] 30061 --- [sc-notes] [           main] org.hibernate.orm.connections.pooling    : HHH10001005: Database info:
	Database JDBC URL [Connecting through datasource 'HikariDataSource (HikariPool-1)']
	Database driver: undefined/unknown
	Database version: 2.3.232
	Autocommit mode: undefined/unknown
	Isolation level: undefined/unknown
	Minimum pool size: undefined/unknown
	Maximum pool size: undefined/unknown
2026-10-07T05:41:38.400+09:00  INFO [requestId:] 30061 --- [sc-notes] [           main] o.h.e.t.j.p.i.JtaPlatformInitiator       : HHH000489: No JTA platform available (set 'hibernate.transaction.jta.platform' to enable JTA platform integration)
2026-10-07T05:41:38.406+09:00  INFO [requestId:] 30061 --- [sc-notes] [           main] j.LocalContainerEntityManagerFactoryBean : Initialized JPA EntityManagerFactory for persistence unit 'default'
2026-10-07T05:41:38.741+09:00  INFO [requestId:] 30061 --- [sc-notes] [           main] o.s.b.a.w.s.WelcomePageHandlerMapping    : Adding welcome page: class path resource [static/index.html]
2026-10-07T05:41:38.898+09:00  INFO [requestId:] 30061 --- [sc-notes] [           main] r$InitializeUserDetailsManagerConfigurer : Global AuthenticationManager configured with UserDetailsService bean with name users
2026-10-07T05:41:38.957+09:00  INFO [requestId:] 30061 --- [sc-notes] [           main] o.s.b.a.e.web.EndpointLinksResolver      : Exposing 1 endpoint beneath base path '/actuator'
2026-10-07T05:41:39.065+09:00  INFO [requestId:] 30061 --- [sc-notes] [           main] o.s.b.t.m.w.SpringBootMockServletContext : Initializing Spring TestDispatcherServlet ''
2026-10-07T05:41:39.065+09:00  INFO [requestId:] 30061 --- [sc-notes] [           main] o.s.t.web.servlet.TestDispatcherServlet  : Initializing Servlet ''
2026-10-07T05:41:39.065+09:00  INFO [requestId:] 30061 --- [sc-notes] [           main] o.s.t.web.servlet.TestDispatcherServlet  : Completed initialization in 0 ms
2026-10-07T05:41:39.105+09:00  INFO [requestId:] 30061 --- [sc-notes] [           main] d.s.n.GeneratedAppIntegrationTest        : Started GeneratedAppIntegrationTest in 1.955 seconds (process running for 2.339)
Mockito is currently self-attaching to enable the inline-mock-maker. This will no longer work in future releases of the JDK. Please add Mockito as an agent to your build as described in Mockito's documentation: https://javadoc.io/doc/org.mockito/mockito-core/latest/org.mockito/org/mockito/Mockito.html#0.3
WARNING: A Java agent has been loaded dynamically (/private/tmp/sc-framework-consumer-011-20261007/sc-notes-candidate3/.runtime/maven-repository/net/bytebuddy/byte-buddy-agent/1.17.8/byte-buddy-agent-1.17.8.jar)
WARNING: If a serviceability tool is in use, please run with -XX:+EnableDynamicAgentLoading to hide this warning
WARNING: If a serviceability tool is not in use, please run with -Djdk.instrument.traceUsage for more information
WARNING: Dynamic loading of agents will be disallowed by default in a future release
OpenJDK 64-Bit Server VM warning: Sharing is only supported for boot loader classes because bootstrap classpath has been appended
[INFO] Tests run: 5, Failures: 0, Errors: 0, Skipped: 0, Time elapsed: 3.027 s -- in dev.scconsumer.notesapp.GeneratedAppIntegrationTest
[INFO] 
[INFO] Results:
[INFO] 
[INFO] Tests run: 5, Failures: 0, Errors: 0, Skipped: 0
[INFO] 
[INFO] 
[INFO] --- jar:3.4.2:jar (default-jar) @ sc-notes ---
[INFO] Building jar: /private/tmp/sc-framework-consumer-011-20261007/sc-notes-candidate3/backend/target/sc-notes.jar
[INFO] 
[INFO] --- spring-boot:3.5.16:repackage (repackage) @ sc-notes ---
[INFO] Replacing main artifact /private/tmp/sc-framework-consumer-011-20261007/sc-notes-candidate3/backend/target/sc-notes.jar with repackaged archive, adding nested dependencies in BOOT-INF/.
[INFO] The original artifact has been renamed to /private/tmp/sc-framework-consumer-011-20261007/sc-notes-candidate3/backend/target/sc-notes.jar.original
[INFO] ------------------------------------------------------------------------
[INFO] BUILD SUCCESS
[INFO] ------------------------------------------------------------------------
[INFO] Total time:  5.605 s
[INFO] Finished at: 2026-10-07T05:41:40+09:00
[INFO] ------------------------------------------------------------------------
프런트와 실제 테스트를 포함한 신규 앱 JAR 빌드 완료
