Design token CSS matches tokens.ts.
vite v8.3.1 building client environment for production...
transforming...
✓ 100 modules transformed.
rendering chunks...
computing gzip size...
frontend/packages/ui/dist/sc-ui.css                                     33.23 kB │ gzip: 5.01 kB
frontend/packages/ui/dist/__styles.js                                    0.00 kB │ gzip: 0.02 kB
frontend/packages/ui/dist/chunks/_plugin-vue_export-helper-Bm2-moSD.js   1.00 kB │ gzip: 0.59 kB
frontend/packages/ui/dist/chunks/tokens-ttIY1ZG7.js                      1.69 kB │ gzip: 0.92 kB
frontend/packages/ui/dist/chunks/ScActionButton-uKAjPCjN.js              2.73 kB │ gzip: 1.17 kB
frontend/packages/ui/dist/charts.js                                      9.34 kB │ gzip: 3.08 kB
frontend/packages/ui/dist/editor.js                                     16.94 kB │ gzip: 5.09 kB
frontend/packages/ui/dist/board.js                                      17.86 kB │ gzip: 4.86 kB
frontend/packages/ui/dist/image.js                                      18.22 kB │ gzip: 5.31 kB
frontend/packages/ui/dist/table.js                                      49.21 kB │ gzip: 9.62 kB
frontend/packages/ui/dist/index.js                                      51.29 kB │ gzip: 9.37 kB

✓ built in 172ms
../../../node_modules/@vue/runtime-core/dist/runtime-core.d.ts(1391,18): error TS2430: Interface 'GlobalComponents' incorrectly extends interface 'PrefixedKonvaComponents'.
  Types of property 'VLabel' are incompatible.
    Type '{ new (...args: any[]): CreateComponentPublicInstanceWithMixins<{ style: string | false | CSSProperties | StyleValue[] | null; } & { theme?: string | undefined; class?: any; text?: string | undefined; onClick?: ((args_0: MouseEvent) => void) | undefined; } & { ...; } & { ...; }, ... 24 more ..., { ...; }>; __isFragm...' is not assignable to type 'DefineComponent<ExtractPropTypes<{ config: { type: ObjectConstructor; default: () => {}; }; __useStrictMode: { type: BooleanConstructor; }; }>, ... 18 more ..., any>'.
      Type '{ new (...args: any[]): CreateComponentPublicInstanceWithMixins<{ style: string | false | CSSProperties | StyleValue[] | null; } & { theme?: string | undefined; class?: any; text?: string | undefined; onClick?: ((args_0: MouseEvent) => void) | undefined; } & { ...; } & { ...; }, ... 24 more ..., { ...; }>; __isFragm...' is not assignable to type 'ComponentPublicInstanceConstructor<CreateComponentPublicInstanceWithMixins<Readonly<ExtractPropTypes<{ config: { type: ObjectConstructor; default: () => {}; }; __useStrictMode: { type: BooleanConstructor; }; }>> & Readonly<...>, ... 24 more ..., { ...; }>, ... 4 more ..., MethodOptions>'.
        Type 'CreateComponentPublicInstanceWithMixins<{ style: string | false | CSSProperties | StyleValue[] | null; } & { theme?: string | undefined; class?: any; text?: string | undefined; onClick?: ((args_0: MouseEvent) => void) | undefined; } & { ...; } & { ...; }, ... 24 more ..., { ...; }>' is not assignable to type 'CreateComponentPublicInstanceWithMixins<Readonly<ExtractPropTypes<{ config: { type: ObjectConstructor; default: () => {}; }; __useStrictMode: { type: BooleanConstructor; }; }>> & Readonly<...>, ... 24 more ..., { ...; }>'.
          Type 'CreateComponentPublicInstanceWithMixins<{ style: string | false | CSSProperties | StyleValue[] | null; } & { theme?: string | undefined; class?: any; text?: string | undefined; onClick?: ((args_0: MouseEvent) => void) | undefined; } & { ...; } & { ...; }, ... 24 more ..., { ...; }>' is not assignable to type '{ $: ComponentInternalInstance; $data: {}; $props: Partial<{ config: Record<string, any>; __useStrictMode: boolean; }> & Omit<{ readonly config: Record<...>; readonly __useStrictMode: boolean; } & VNodeProps & AllowedComponentProps & ComponentCustomProps, "config" | "__useStrictMode">; ... 11 more ...; $watch<T exte...'.
            Type 'CreateComponentPublicInstanceWithMixins<{ style: string | false | CSSProperties | StyleValue[] | null; } & { theme?: string | undefined; class?: any; text?: string | undefined; onClick?: ((args_0: MouseEvent) => void) | undefined; } & { ...; } & { ...; }, ... 24 more ..., { ...; }>' is not assignable to type '{ $: ComponentInternalInstance; $data: {}; $props: Partial<{ config: Record<string, any>; __useStrictMode: boolean; }> & Omit<{ readonly config: Record<...>; readonly __useStrictMode: boolean; } & VNodeProps & AllowedComponentProps & ComponentCustomProps, "config" | "__useStrictMode">; ... 11 more ...; $watch<T exte...'.
              Types of property '$options' are incompatible.
                Type 'ComponentOptionsBase<{ style: string | false | CSSProperties | StyleValue[] | null; } & { theme?: string | undefined; class?: any; text?: string | undefined; onClick?: ((args_0: MouseEvent) => void) | undefined; } & { ...; } & { ...; }, ... 15 more ..., ComponentProvideOptions> & MergedComponentOptionsOverride' is not assignable to type 'ComponentOptionsBase<Readonly<ExtractPropTypes<{ config: { type: ObjectConstructor; default: () => {}; }; __useStrictMode: { type: BooleanConstructor; }; }>> & Readonly<...>, ... 15 more ..., ComponentProvideOptions> & MergedComponentOptionsOverride'.
                  Type 'ComponentOptionsBase<{ style: string | false | CSSProperties | StyleValue[] | null; } & { theme?: string | undefined; class?: any; text?: string | undefined; onClick?: ((args_0: MouseEvent) => void) | undefined; } & { ...; } & { ...; }, ... 15 more ..., ComponentProvideOptions> & MergedComponentOptionsOverride' is not assignable to type 'ComponentOptionsBase<Readonly<ExtractPropTypes<{ config: { type: ObjectConstructor; default: () => {}; }; __useStrictMode: { type: BooleanConstructor; }; }>> & Readonly<...>, ... 15 more ..., ComponentProvideOptions>'.
                    Types of property 'setup' are incompatible.
                      Type '((this: void, props: LooseRequired<{ style: string | false | CSSProperties | StyleValue[] | null; } & { theme?: string | undefined; class?: any; text?: string | undefined; onClick?: ((args_0: MouseEvent) => void) | undefined; } & { ...; } & { ...; } & {}>, ctx: { ...; }) => void | ... 2 more ... | Promise<...>) | un...' is not assignable to type '((this: void, props: LooseRequired<Readonly<ExtractPropTypes<{ config: { type: ObjectConstructor; default: () => {}; }; __useStrictMode: { type: BooleanConstructor; }; }>> & Readonly<...> & {}>, ctx: { ...; }) => void | ... 3 more ... | undefined) | undefined'.
                        Type '(this: void, props: LooseRequired<{ style: string | false | CSSProperties | StyleValue[] | null; } & { theme?: string | undefined; class?: any; text?: string | undefined; onClick?: ((args_0: MouseEvent) => void) | undefined; } & { ...; } & { ...; } & {}>, ctx: { ...; }) => void | ... 2 more ... | Promise<...>' is not assignable to type '(this: void, props: LooseRequired<Readonly<ExtractPropTypes<{ config: { type: ObjectConstructor; default: () => {}; }; __useStrictMode: { type: BooleanConstructor; }; }>> & Readonly<...> & {}>, ctx: { ...; }) => void | ... 3 more ... | undefined'.
                          Types of parameters 'props' and 'props' are incompatible.
                            Type 'LooseRequired<Readonly<ExtractPropTypes<{ config: { type: ObjectConstructor; default: () => {}; }; __useStrictMode: { type: BooleanConstructor; }; }>> & Readonly<...> & {}>' is missing the following properties from type 'LooseRequired<{ style: string | false | CSSProperties | StyleValue[] | null; } & { theme?: string | undefined; class?: any; text?: string | undefined; onClick?: ((args_0: MouseEvent) => void) | undefined; } & { ...; } & { ...; } & {}>': style, theme, class, text, and 4 more.
../../../node_modules/typescript/lib/lib.dom.d.ts(33359,14): error TS2687: All declarations of 'finished' must have identical modifiers.
../../../node_modules/vuetify/lib/components/transitions/dialog-transition.d.ts(28,10): error TS2344: Type 'GlobalComponents' does not satisfy the constraint 'Record<string, Component<any, any, any, ComputedOptions, MethodOptions, {}, any>>'.
  Index signature for type 'string' is missing in type 'GlobalComponents'.
../../../node_modules/vuetify/lib/components/transitions/dialog-transition.d.ts(69,6): error TS2344: Type 'GlobalComponents' does not satisfy the constraint 'Record<string, Component<any, any, any, ComputedOptions, MethodOptions, {}, any>>'.
  Index signature for type 'string' is missing in type 'GlobalComponents'.
../../../node_modules/vuetify/lib/components/transitions/index.d.ts(33,10): error TS2344: Type 'GlobalComponents' does not satisfy the constraint 'Record<string, Component<any, any, any, ComputedOptions, MethodOptions, {}, any>>'.
  Index signature for type 'string' is missing in type 'GlobalComponents'.
../../../node_modules/vuetify/lib/components/transitions/index.d.ts(102,6): error TS2344: Type 'GlobalComponents' does not satisfy the constraint 'Record<string, Component<any, any, any, ComputedOptions, MethodOptions, {}, any>>'.
  Index signature for type 'string' is missing in type 'GlobalComponents'.
../../../node_modules/vuetify/lib/components/transitions/index.d.ts(161,10): error TS2344: Type 'GlobalComponents' does not satisfy the constraint 'Record<string, Component<any, any, any, ComputedOptions, MethodOptions, {}, any>>'.
  Index signature for type 'string' is missing in type 'GlobalComponents'.
../../../node_modules/vuetify/lib/components/transitions/index.d.ts(230,6): error TS2344: Type 'GlobalComponents' does not satisfy the constraint 'Record<string, Component<any, any, any, ComputedOptions, MethodOptions, {}, any>>'.
  Index signature for type 'string' is missing in type 'GlobalComponents'.
../../../node_modules/vuetify/lib/components/transitions/index.d.ts(289,10): error TS2344: Type 'GlobalComponents' does not satisfy the constraint 'Record<string, Component<any, any, any, ComputedOptions, MethodOptions, {}, any>>'.
  Index signature for type 'string' is missing in type 'GlobalComponents'.
../../../node_modules/vuetify/lib/components/transitions/index.d.ts(358,6): error TS2344: Type 'GlobalComponents' does not satisfy the constraint 'Record<string, Component<any, any, any, ComputedOptions, MethodOptions, {}, any>>'.
  Index signature for type 'string' is missing in type 'GlobalComponents'.
../../../node_modules/vuetify/lib/components/transitions/index.d.ts(417,10): error TS2344: Type 'GlobalComponents' does not satisfy the constraint 'Record<string, Component<any, any, any, ComputedOptions, MethodOptions, {}, any>>'.
  Index signature for type 'string' is missing in type 'GlobalComponents'.
../../../node_modules/vuetify/lib/components/transitions/index.d.ts(486,6): error TS2344: Type 'GlobalComponents' does not satisfy the constraint 'Record<string, Component<any, any, any, ComputedOptions, MethodOptions, {}, any>>'.
  Index signature for type 'string' is missing in type 'GlobalComponents'.
../../../node_modules/vuetify/lib/components/transitions/index.d.ts(545,10): error TS2344: Type 'GlobalComponents' does not satisfy the constraint 'Record<string, Component<any, any, any, ComputedOptions, MethodOptions, {}, any>>'.
  Index signature for type 'string' is missing in type 'GlobalComponents'.
../../../node_modules/vuetify/lib/components/transitions/index.d.ts(614,6): error TS2344: Type 'GlobalComponents' does not satisfy the constraint 'Record<string, Component<any, any, any, ComputedOptions, MethodOptions, {}, any>>'.
  Index signature for type 'string' is missing in type 'GlobalComponents'.
../../../node_modules/vuetify/lib/components/transitions/index.d.ts(673,10): error TS2344: Type 'GlobalComponents' does not satisfy the constraint 'Record<string, Component<any, any, any, ComputedOptions, MethodOptions, {}, any>>'.
  Index signature for type 'string' is missing in type 'GlobalComponents'.
../../../node_modules/vuetify/lib/components/transitions/index.d.ts(742,6): error TS2344: Type 'GlobalComponents' does not satisfy the constraint 'Record<string, Component<any, any, any, ComputedOptions, MethodOptions, {}, any>>'.
  Index signature for type 'string' is missing in type 'GlobalComponents'.
../../../node_modules/vuetify/lib/components/transitions/index.d.ts(801,10): error TS2344: Type 'GlobalComponents' does not satisfy the constraint 'Record<string, Component<any, any, any, ComputedOptions, MethodOptions, {}, any>>'.
  Index signature for type 'string' is missing in type 'GlobalComponents'.
../../../node_modules/vuetify/lib/components/transitions/index.d.ts(870,6): error TS2344: Type 'GlobalComponents' does not satisfy the constraint 'Record<string, Component<any, any, any, ComputedOptions, MethodOptions, {}, any>>'.
  Index signature for type 'string' is missing in type 'GlobalComponents'.
../../../node_modules/vuetify/lib/components/transitions/index.d.ts(929,10): error TS2344: Type 'GlobalComponents' does not satisfy the constraint 'Record<string, Component<any, any, any, ComputedOptions, MethodOptions, {}, any>>'.
  Index signature for type 'string' is missing in type 'GlobalComponents'.
../../../node_modules/vuetify/lib/components/transitions/index.d.ts(998,6): error TS2344: Type 'GlobalComponents' does not satisfy the constraint 'Record<string, Component<any, any, any, ComputedOptions, MethodOptions, {}, any>>'.
  Index signature for type 'string' is missing in type 'GlobalComponents'.
../../../node_modules/vuetify/lib/components/transitions/index.d.ts(1057,10): error TS2344: Type 'GlobalComponents' does not satisfy the constraint 'Record<string, Component<any, any, any, ComputedOptions, MethodOptions, {}, any>>'.
  Index signature for type 'string' is missing in type 'GlobalComponents'.
../../../node_modules/vuetify/lib/components/transitions/index.d.ts(1126,6): error TS2344: Type 'GlobalComponents' does not satisfy the constraint 'Record<string, Component<any, any, any, ComputedOptions, MethodOptions, {}, any>>'.
  Index signature for type 'string' is missing in type 'GlobalComponents'.
../../../node_modules/vuetify/lib/components/transitions/index.d.ts(1185,10): error TS2344: Type 'GlobalComponents' does not satisfy the constraint 'Record<string, Component<any, any, any, ComputedOptions, MethodOptions, {}, any>>'.
  Index signature for type 'string' is missing in type 'GlobalComponents'.
../../../node_modules/vuetify/lib/components/transitions/index.d.ts(1254,6): error TS2344: Type 'GlobalComponents' does not satisfy the constraint 'Record<string, Component<any, any, any, ComputedOptions, MethodOptions, {}, any>>'.
  Index signature for type 'string' is missing in type 'GlobalComponents'.
../../../node_modules/vuetify/lib/components/transitions/index.d.ts(1313,10): error TS2344: Type 'GlobalComponents' does not satisfy the constraint 'Record<string, Component<any, any, any, ComputedOptions, MethodOptions, {}, any>>'.
  Index signature for type 'string' is missing in type 'GlobalComponents'.
../../../node_modules/vuetify/lib/components/transitions/index.d.ts(1382,6): error TS2344: Type 'GlobalComponents' does not satisfy the constraint 'Record<string, Component<any, any, any, ComputedOptions, MethodOptions, {}, any>>'.
  Index signature for type 'string' is missing in type 'GlobalComponents'.
../../../node_modules/vuetify/lib/components/transitions/index.d.ts(1441,10): error TS2344: Type 'GlobalComponents' does not satisfy the constraint 'Record<string, Component<any, any, any, ComputedOptions, MethodOptions, {}, any>>'.
  Index signature for type 'string' is missing in type 'GlobalComponents'.
../../../node_modules/vuetify/lib/components/transitions/index.d.ts(1510,6): error TS2344: Type 'GlobalComponents' does not satisfy the constraint 'Record<string, Component<any, any, any, ComputedOptions, MethodOptions, {}, any>>'.
  Index signature for type 'string' is missing in type 'GlobalComponents'.
../../../node_modules/vuetify/lib/components/transitions/index.d.ts(1569,10): error TS2344: Type 'GlobalComponents' does not satisfy the constraint 'Record<string, Component<any, any, any, ComputedOptions, MethodOptions, {}, any>>'.
  Index signature for type 'string' is missing in type 'GlobalComponents'.
../../../node_modules/vuetify/lib/components/transitions/index.d.ts(1638,6): error TS2344: Type 'GlobalComponents' does not satisfy the constraint 'Record<string, Component<any, any, any, ComputedOptions, MethodOptions, {}, any>>'.
  Index signature for type 'string' is missing in type 'GlobalComponents'.
../../../node_modules/vuetify/lib/components/transitions/index.d.ts(1693,10): error TS2344: Type 'GlobalComponents' does not satisfy the constraint 'Record<string, Component<any, any, any, ComputedOptions, MethodOptions, {}, any>>'.
  Index signature for type 'string' is missing in type 'GlobalComponents'.
../../../node_modules/vuetify/lib/components/transitions/index.d.ts(1754,6): error TS2344: Type 'GlobalComponents' does not satisfy the constraint 'Record<string, Component<any, any, any, ComputedOptions, MethodOptions, {}, any>>'.
  Index signature for type 'string' is missing in type 'GlobalComponents'.
../../../node_modules/vuetify/lib/components/transitions/index.d.ts(1805,10): error TS2344: Type 'GlobalComponents' does not satisfy the constraint 'Record<string, Component<any, any, any, ComputedOptions, MethodOptions, {}, any>>'.
  Index signature for type 'string' is missing in type 'GlobalComponents'.
../../../node_modules/vuetify/lib/components/transitions/index.d.ts(1866,6): error TS2344: Type 'GlobalComponents' does not satisfy the constraint 'Record<string, Component<any, any, any, ComputedOptions, MethodOptions, {}, any>>'.
  Index signature for type 'string' is missing in type 'GlobalComponents'.
../../../node_modules/vuetify/lib/components/transitions/index.d.ts(1917,10): error TS2344: Type 'GlobalComponents' does not satisfy the constraint 'Record<string, Component<any, any, any, ComputedOptions, MethodOptions, {}, any>>'.
  Index signature for type 'string' is missing in type 'GlobalComponents'.
../../../node_modules/vuetify/lib/components/transitions/index.d.ts(1978,6): error TS2344: Type 'GlobalComponents' does not satisfy the constraint 'Record<string, Component<any, any, any, ComputedOptions, MethodOptions, {}, any>>'.
  Index signature for type 'string' is missing in type 'GlobalComponents'.
../../../node_modules/vuetify/lib/components/VAlert/VAlert.d.ts(387,10): error TS2344: Type 'GlobalComponents' does not satisfy the constraint 'Record<string, Component<any, any, any, ComputedOptions, MethodOptions, {}, any>>'.
  Index signature for type 'string' is missing in type 'GlobalComponents'.
../../../node_modules/vuetify/lib/components/VAlert/VAlert.d.ts(588,6): error TS2344: Type 'GlobalComponents' does not satisfy the constraint 'Record<string, Component<any, any, any, ComputedOptions, MethodOptions, {}, any>>'.
  Index signature for type 'string' is missing in type 'GlobalComponents'.
../../../node_modules/vuetify/lib/components/VAlert/VAlertTitle.d.ts(27,10): error TS2344: Type 'GlobalComponents' does not satisfy the constraint 'Record<string, Component<any, any, any, ComputedOptions, MethodOptions, {}, any>>'.
  Index signature for type 'string' is missing in type 'GlobalComponents'.
../../../node_modules/vuetify/lib/components/VAlert/VAlertTitle.d.ts(84,6): error TS2344: Type 'GlobalComponents' does not satisfy the constraint 'Record<string, Component<any, any, any, ComputedOptions, MethodOptions, {}, any>>'.
  Index signature for type 'string' is missing in type 'GlobalComponents'.
../../../node_modules/vuetify/lib/components/VApp/VApp.d.ts(75,10): error TS2344: Type 'GlobalComponents' does not satisfy the constraint 'Record<string, Component<any, any, any, ComputedOptions, MethodOptions, {}, any>>'.
  Index signature for type 'string' is missing in type 'GlobalComponents'.
../../../node_modules/vuetify/lib/components/VApp/VApp.d.ts(168,6): error TS2344: Type 'GlobalComponents' does not satisfy the constraint 'Record<string, Component<any, any, any, ComputedOptions, MethodOptions, {}, any>>'.
  Index signature for type 'string' is missing in type 'GlobalComponents'.
../../../node_modules/vuetify/lib/components/VAppBar/VAppBar.d.ts(346,10): error TS2344: Type 'GlobalComponents' does not satisfy the constraint 'Record<string, Component<any, any, any, ComputedOptions, MethodOptions, {}, any>>'.
  Index signature for type 'string' is missing in type 'GlobalComponents'.
../../../node_modules/vuetify/lib/components/VAppBar/VAppBar.d.ts(530,6): error TS2344: Type 'GlobalComponents' does not satisfy the constraint 'Record<string, Component<any, any, any, ComputedOptions, MethodOptions, {}, any>>'.
  Index signature for type 'string' is missing in type 'GlobalComponents'.
../../../node_modules/vuetify/lib/components/VAppBar/VAppBarNavIcon.d.ts(449,10): error TS2344: Type 'GlobalComponents' does not satisfy the constraint 'Record<string, Component<any, any, any, ComputedOptions, MethodOptions, {}, any>>'.
  Index signature for type 'string' is missing in type 'GlobalComponents'.
../../../node_modules/vuetify/lib/components/VAppBar/VAppBarNavIcon.d.ts(657,6): error TS2344: Type 'GlobalComponents' does not satisfy the constraint 'Record<string, Component<any, any, any, ComputedOptions, MethodOptions, {}, any>>'.
  Index signature for type 'string' is missing in type 'GlobalComponents'.
../../../node_modules/vuetify/lib/components/VAppBar/VAppBarTitle.d.ts(32,10): error TS2344: Type 'GlobalComponents' does not satisfy the constraint 'Record<string, Component<any, any, any, ComputedOptions, MethodOptions, {}, any>>'.
  Index signature for type 'string' is missing in type 'GlobalComponents'.
../../../node_modules/vuetify/lib/components/VAppBar/VAppBarTitle.d.ts(96,6): error TS2344: Type 'GlobalComponents' does not satisfy the constraint 'Record<string, Component<any, any, any, ComputedOptions, MethodOptions, {}, any>>'.
  Index signature for type 'string' is missing in type 'GlobalComponents'.
../../../node_modules/vuetify/lib/components/VAutocomplete/VAutocomplete.d.ts(1621,26): error TS2344: Type 'GlobalComponents' does not satisfy the constraint 'Record<string, Component<any, any, any, ComputedOptions, MethodOptions, {}, any>>'.
  Index signature for type 'string' is missing in type 'GlobalComponents'.
../../../node_modules/vuetify/lib/components/VAutocomplete/VAutocomplete.d.ts(1662,22): error TS2344: Type 'GlobalComponents' does not satisfy the constraint 'Record<string, Component<any, any, any, ComputedOptions, MethodOptions, {}, any>>'.
  Index signature for type 'string' is missing in type 'GlobalComponents'.
../../../node_modules/vuetify/lib/components/VAutocomplete/VAutocomplete.d.ts(1752,26): error TS2344: Type 'GlobalComponents' does not satisfy the constraint 'Record<string, Component<any, any, any, ComputedOptions, MethodOptions, {}, any>>'.
  Index signature for type 'string' is missing in type 'GlobalComponents'.
../../../node_modules/vuetify/lib/components/VAutocomplete/VAutocomplete.d.ts(1793,22): error TS2344: Type 'GlobalComponents' does not satisfy the constraint 'Record<string, Component<any, any, any, ComputedOptions, MethodOptions, {}, any>>'.
  Index signature for type 'string' is missing in type 'GlobalComponents'.
../../../node_modules/vuetify/lib/components/VAutocomplete/VAutocomplete.d.ts(1866,26): error TS2344: Type 'GlobalComponents' does not satisfy the constraint 'Record<string, Component<any, any, any, ComputedOptions, MethodOptions, {}, any>>'.
  Index signature for type 'string' is missing in type 'GlobalComponents'.
../../../node_modules/vuetify/lib/components/VAutocomplete/VAutocomplete.d.ts(1907,22): error TS2344: Type 'GlobalComponents' does not satisfy the constraint 'Record<string, Component<any, any, any, ComputedOptions, MethodOptions, {}, any>>'.
  Index signature for type 'string' is missing in type 'GlobalComponents'.
../../../node_modules/vuetify/lib/components/VAutocomplete/VAutocomplete.d.ts(1997,26): error TS2344: Type 'GlobalComponents' does not satisfy the constraint 'Record<string, Component<any, any, any, ComputedOptions, MethodOptions, {}, any>>'.
  Index signature for type 'string' is missing in type 'GlobalComponents'.
../../../node_modules/vuetify/lib/components/VAutocomplete/VAutocomplete.d.ts(2038,22): error TS2344: Type 'GlobalComponents' does not satisfy the constraint 'Record<string, Component<any, any, any, ComputedOptions, MethodOptions, {}, any>>'.
  Index signature for type 'string' is missing in type 'GlobalComponents'.
../../../node_modules/vuetify/lib/components/VAutocomplete/VAutocomplete.d.ts(2112,26): error TS2344: Type 'GlobalComponents' does not satisfy the constraint 'Record<string, Component<any, any, any, ComputedOptions, MethodOptions, {}, any>>'.
  Index signature for type 'string' is missing in type 'GlobalComponents'.
../../../node_modules/vuetify/lib/components/VAutocomplete/VAutocomplete.d.ts(2153,22): error TS2344: Type 'GlobalComponents' does not satisfy the constraint 'Record<string, Component<any, any, any, ComputedOptions, MethodOptions, {}, any>>'.
  Index signature for type 'string' is missing in type 'GlobalComponents'.
../../../node_modules/vuetify/lib/components/VAutocomplete/VAutocomplete.d.ts(2243,26): error TS2344: Type 'GlobalComponents' does not satisfy the constraint 'Record<string, Component<any, any, any, ComputedOptions, MethodOptions, {}, any>>'.
  Index signature for type 'string' is missing in type 'GlobalComponents'.
../../../node_modules/vuetify/lib/components/VAutocomplete/VAutocomplete.d.ts(2284,22): error TS2344: Type 'GlobalComponents' does not satisfy the constraint 'Record<string, Component<any, any, any, ComputedOptions, MethodOptions, {}, any>>'.
  Index signature for type 'string' is missing in type 'GlobalComponents'.
../../../node_modules/vuetify/lib/components/VAutocomplete/VAutocomplete.d.ts(2357,26): error TS2344: Type 'GlobalComponents' does not satisfy the constraint 'Record<string, Component<any, any, any, ComputedOptions, MethodOptions, {}, any>>'.
  Index signature for type 'string' is missing in type 'GlobalComponents'.
../../../node_modules/vuetify/lib/components/VAutocomplete/VAutocomplete.d.ts(2398,22): error TS2344: Type 'GlobalComponents' does not satisfy the constraint 'Record<string, Component<any, any, any, ComputedOptions, MethodOptions, {}, any>>'.
  Index signature for type 'string' is missing in type 'GlobalComponents'.
../../../node_modules/vuetify/lib/components/VAutocomplete/VAutocomplete.d.ts(2488,26): error TS2344: Type 'GlobalComponents' does not satisfy the constraint 'Record<string, Component<any, any, any, ComputedOptions, MethodOptions, {}, any>>'.
  Index signature for type 'string' is missing in type 'GlobalComponents'.
../../../node_modules/vuetify/lib/components/VAutocomplete/VAutocomplete.d.ts(2529,22): error TS2344: Type 'GlobalComponents' does not satisfy the constraint 'Record<string, Component<any, any, any, ComputedOptions, MethodOptions, {}, any>>'.
  Index signature for type 'string' is missing in type 'GlobalComponents'.
../../../node_modules/vuetify/lib/components/VAutocomplete/VAutocomplete.d.ts(5598,10): error TS2344: Type 'GlobalComponents' does not satisfy the constraint 'Record<string, Component<any, any, any, ComputedOptions, MethodOptions, {}, any>>'.
  Index signature for type 'string' is missing in type 'GlobalComponents'.
../../../node_modules/vuetify/lib/components/VAutocomplete/VAutocomplete.d.ts(11449,6): error TS2344: Type 'GlobalComponents' does not satisfy the constraint 'Record<string, Component<any, any, any, ComputedOptions, MethodOptions, {}, any>>'.
  Index signature for type 'string' is missing in type 'GlobalComponents'.
../../../node_modules/vuetify/lib/components/VAvatar/VAvatar.d.ts(549,10): error TS2344: Type 'GlobalComponents' does not satisfy the constraint 'Record<string, Component<any, any, any, ComputedOptions, MethodOptions, {}, any>>'.
  Index signature for type 'string' is missing in type 'GlobalComponents'.
../../../node_modules/vuetify/lib/components/VAvatar/VAvatar.d.ts(887,6): error TS2344: Type 'GlobalComponents' does not satisfy the constraint 'Record<string, Component<any, any, any, ComputedOptions, MethodOptions, {}, any>>'.
  Index signature for type 'string' is missing in type 'GlobalComponents'.
../../../node_modules/vuetify/lib/components/VBadge/VBadge.d.ts(277,10): error TS2344: Type 'GlobalComponents' does not satisfy the constraint 'Record<string, Component<any, any, any, ComputedOptions, MethodOptions, {}, any>>'.
  Index signature for type 'string' is missing in type 'GlobalComponents'.
../../../node_modules/vuetify/lib/components/VBadge/VBadge.d.ts(417,6): error TS2344: Type 'GlobalComponents' does not satisfy the constraint 'Record<string, Component<any, any, any, ComputedOptions, MethodOptions, {}, any>>'.
  Index signature for type 'string' is missing in type 'GlobalComponents'.
../../../node_modules/vuetify/lib/components/VBanner/VBanner.d.ts(282,10): error TS2344: Type 'GlobalComponents' does not satisfy the constraint 'Record<string, Component<any, any, any, ComputedOptions, MethodOptions, {}, any>>'.
  Index signature for type 'string' is missing in type 'GlobalComponents'.
../../../node_modules/vuetify/lib/components/VBanner/VBanner.d.ts(424,6): error TS2344: Type 'GlobalComponents' does not satisfy the constraint 'Record<string, Component<any, any, any, ComputedOptions, MethodOptions, {}, any>>'.
  Index signature for type 'string' is missing in type 'GlobalComponents'.
../../../node_modules/vuetify/lib/components/VBanner/VBannerActions.d.ts(54,10): error TS2344: Type 'GlobalComponents' does not satisfy the constraint 'Record<string, Component<any, any, any, ComputedOptions, MethodOptions, {}, any>>'.
  Index signature for type 'string' is missing in type 'GlobalComponents'.
../../../node_modules/vuetify/lib/components/VBanner/VBannerActions.d.ts(107,6): error TS2344: Type 'GlobalComponents' does not satisfy the constraint 'Record<string, Component<any, any, any, ComputedOptions, MethodOptions, {}, any>>'.
  Index signature for type 'string' is missing in type 'GlobalComponents'.
../../../node_modules/vuetify/lib/components/VBanner/VBannerText.d.ts(27,10): error TS2344: Type 'GlobalComponents' does not satisfy the constraint 'Record<string, Component<any, any, any, ComputedOptions, MethodOptions, {}, any>>'.
  Index signature for type 'string' is missing in type 'GlobalComponents'.
../../../node_modules/vuetify/lib/components/VBanner/VBannerText.d.ts(84,6): error TS2344: Type 'GlobalComponents' does not satisfy the constraint 'Record<string, Component<any, any, any, ComputedOptions, MethodOptions, {}, any>>'.
  Index signature for type 'string' is missing in type 'GlobalComponents'.
../../../node_modules/vuetify/lib/components/VBottomNavigation/VBottomNavigation.d.ts(278,10): error TS2344: Type 'GlobalComponents' does not satisfy the constraint 'Record<string, Component<any, any, any, ComputedOptions, MethodOptions, {}, any>>'.
  Index signature for type 'string' is missing in type 'GlobalComponents'.
../../../node_modules/vuetify/lib/components/VBottomNavigation/VBottomNavigation.d.ts(384,6): error TS2344: Type 'GlobalComponents' does not satisfy the constraint 'Record<string, Component<any, any, any, ComputedOptions, MethodOptions, {}, any>>'.
  Index signature for type 'string' is missing in type 'GlobalComponents'.
../../../node_modules/vuetify/lib/components/VBottomSheet/VBottomSheet.d.ts(271,22): error TS2344: Type 'GlobalComponents' does not satisfy the constraint 'Record<string, Component<any, any, any, ComputedOptions, MethodOptions, {}, any>>'.
  Index signature for type 'string' is missing in type 'GlobalComponents'.
../../../node_modules/vuetify/lib/components/VBottomSheet/VBottomSheet.d.ts(312,18): error TS2344: Type 'GlobalComponents' does not satisfy the constraint 'Record<string, Component<any, any, any, ComputedOptions, MethodOptions, {}, any>>'.
  Index signature for type 'string' is missing in type 'GlobalComponents'.
../../../node_modules/vuetify/lib/components/VBottomSheet/VBottomSheet.d.ts(408,22): error TS2344: Type 'GlobalComponents' does not satisfy the constraint 'Record<string, Component<any, any, any, ComputedOptions, MethodOptions, {}, any>>'.
  Index signature for type 'string' is missing in type 'GlobalComponents'.
../../../node_modules/vuetify/lib/components/VBottomSheet/VBottomSheet.d.ts(449,18): error TS2344: Type 'GlobalComponents' does not satisfy the constraint 'Record<string, Component<any, any, any, ComputedOptions, MethodOptions, {}, any>>'.
  Index signature for type 'string' is missing in type 'GlobalComponents'.
../../../node_modules/vuetify/lib/components/VBottomSheet/VBottomSheet.d.ts(545,22): error TS2344: Type 'GlobalComponents' does not satisfy the constraint 'Record<string, Component<any, any, any, ComputedOptions, MethodOptions, {}, any>>'.
  Index signature for type 'string' is missing in type 'GlobalComponents'.
../../../node_modules/vuetify/lib/components/VBottomSheet/VBottomSheet.d.ts(586,18): error TS2344: Type 'GlobalComponents' does not satisfy the constraint 'Record<string, Component<any, any, any, ComputedOptions, MethodOptions, {}, any>>'.
  Index signature for type 'string' is missing in type 'GlobalComponents'.
../../../node_modules/vuetify/lib/components/VBottomSheet/VBottomSheet.d.ts(682,22): error TS2344: Type 'GlobalComponents' does not satisfy the constraint 'Record<string, Component<any, any, any, ComputedOptions, MethodOptions, {}, any>>'.
  Index signature for type 'string' is missing in type 'GlobalComponents'.
../../../node_modules/vuetify/lib/components/VBottomSheet/VBottomSheet.d.ts(723,18): error TS2344: Type 'GlobalComponents' does not satisfy the constraint 'Record<string, Component<any, any, any, ComputedOptions, MethodOptions, {}, any>>'.
  Index signature for type 'string' is missing in type 'GlobalComponents'.
../../../node_modules/vuetify/lib/components/VBottomSheet/VBottomSheet.d.ts(886,22): error TS2344: Type 'GlobalComponents' does not satisfy the constraint 'Record<string, Component<any, any, any, ComputedOptions, MethodOptions, {}, any>>'.
  Index signature for type 'string' is missing in type 'GlobalComponents'.
../../../node_modules/vuetify/lib/components/VBottomSheet/VBottomSheet.d.ts(927,18): error TS2344: Type 'GlobalComponents' does not satisfy the constraint 'Record<string, Component<any, any, any, ComputedOptions, MethodOptions, {}, any>>'.
  Index signature for type 'string' is missing in type 'GlobalComponents'.
../../../node_modules/vuetify/lib/components/VBottomSheet/VBottomSheet.d.ts(953,22): error TS2344: Type 'GlobalComponents' does not satisfy the constraint 'Record<string, Component<any, any, any, ComputedOptions, MethodOptions, {}, any>>'.
  Index signature for type 'string' is missing in type 'GlobalComponents'.
../../../node_modules/vuetify/lib/components/VBottomSheet/VBottomSheet.d.ts(994,18): error TS2344: Type 'GlobalComponents' does not satisfy the constraint 'Record<string, Component<any, any, any, ComputedOptions, MethodOptions, {}, any>>'.
  Index signature for type 'string' is missing in type 'GlobalComponents'.
../../../node_modules/vuetify/lib/components/VBottomSheet/VBottomSheet.d.ts(1432,10): error TS2344: Type 'GlobalComponents' does not satisfy the constraint 'Record<string, Component<any, any, any, ComputedOptions, MethodOptions, {}, any>>'.
  Index signature for type 'string' is missing in type 'GlobalComponents'.
../../../node_modules/vuetify/lib/components/VBottomSheet/VBottomSheet.d.ts(1950,6): error TS2344: Type 'GlobalComponents' does not satisfy the constraint 'Record<string, Component<any, any, any, ComputedOptions, MethodOptions, {}, any>>'.
  Index signature for type 'string' is missing in type 'GlobalComponents'.
../../../node_modules/vuetify/lib/components/VBreadcrumbs/VBreadcrumbs.d.ts(177,10): error TS2344: Type 'GlobalComponents' does not satisfy the constraint 'Record<string, Component<any, any, any, ComputedOptions, MethodOptions, {}, any>>'.
  Index signature for type 'string' is missing in type 'GlobalComponents'.
../../../node_modules/vuetify/lib/components/VBreadcrumbs/VBreadcrumbs.d.ts(259,6): error TS2344: Type 'GlobalComponents' does not satisfy the constraint 'Record<string, Component<any, any, any, ComputedOptions, MethodOptions, {}, any>>'.
  Index signature for type 'string' is missing in type 'GlobalComponents'.
../../../node_modules/vuetify/lib/components/VBreadcrumbs/VBreadcrumbsDivider.d.ts(48,10): error TS2344: Type 'GlobalComponents' does not satisfy the constraint 'Record<string, Component<any, any, any, ComputedOptions, MethodOptions, {}, any>>'.
  Index signature for type 'string' is missing in type 'GlobalComponents'.
../../../node_modules/vuetify/lib/components/VBreadcrumbs/VBreadcrumbsDivider.d.ts(99,6): error TS2344: Type 'GlobalComponents' does not satisfy the constraint 'Record<string, Component<any, any, any, ComputedOptions, MethodOptions, {}, any>>'.
  Index signature for type 'string' is missing in type 'GlobalComponents'.
../../../node_modules/vuetify/lib/components/VBreadcrumbs/VBreadcrumbsItem.d.ts(137,10): error TS2344: Type 'GlobalComponents' does not satisfy the constraint 'Record<string, Component<any, any, any, ComputedOptions, MethodOptions, {}, any>>'.
  Index signature for type 'string' is missing in type 'GlobalComponents'.
../../../node_modules/vuetify/lib/components/VBreadcrumbs/VBreadcrumbsItem.d.ts(222,6): error TS2344: Type 'GlobalComponents' does not satisfy the constraint 'Record<string, Component<any, any, any, ComputedOptions, MethodOptions, {}, any>>'.
  Index signature for type 'string' is missing in type 'GlobalComponents'.
../../../node_modules/vuetify/lib/components/VBtn/VBtn.d.ts(456,10): error TS2344: Type 'GlobalComponents' does not satisfy the constraint 'Record<string, Component<any, any, any, ComputedOptions, MethodOptions, {}, any>>'.
  Index signature for type 'string' is missing in type 'GlobalComponents'.
../../../node_modules/vuetify/lib/components/VBtn/VBtn.d.ts(680,6): error TS2344: Type 'GlobalComponents' does not satisfy the constraint 'Record<string, Component<any, any, any, ComputedOptions, MethodOptions, {}, any>>'.
  Index signature for type 'string' is missing in type 'GlobalComponents'.
../../../node_modules/vuetify/lib/components/VBtnGroup/VBtnGroup.d.ts(194,10): error TS2344: Type 'GlobalComponents' does not satisfy the constraint 'Record<string, Component<any, any, any, ComputedOptions, MethodOptions, {}, any>>'.
  Index signature for type 'string' is missing in type 'GlobalComponents'.
../../../node_modules/vuetify/lib/components/VBtnGroup/VBtnGroup.d.ts(287,6): error TS2344: Type 'GlobalComponents' does not satisfy the constraint 'Record<string, Component<any, any, any, ComputedOptions, MethodOptions, {}, any>>'.
  Index signature for type 'string' is missing in type 'GlobalComponents'.
../../../node_modules/vuetify/lib/components/VBtnToggle/VBtnToggle.d.ts(241,10): error TS2344: Type 'GlobalComponents' does not satisfy the constraint 'Record<string, Component<any, any, any, ComputedOptions, MethodOptions, {}, any>>'.
  Index signature for type 'string' is missing in type 'GlobalComponents'.
../../../node_modules/vuetify/lib/components/VBtnToggle/VBtnToggle.d.ts(336,6): error TS2344: Type 'GlobalComponents' does not satisfy the constraint 'Record<string, Component<any, any, any, ComputedOptions, MethodOptions, {}, any>>'.
  Index signature for type 'string' is missing in type 'GlobalComponents'.
../../../node_modules/vuetify/lib/components/VCalendar/VCalendar.d.ts(2191,10): error TS2344: Type 'GlobalComponents' does not satisfy the constraint 'Record<string, Component<any, any, any, ComputedOptions, MethodOptions, {}, any>>'.
  Index signature for type 'string' is missing in type 'GlobalComponents'.
../../../node_modules/vuetify/lib/components/VCalendar/VCalendar.d.ts(6465,6): error TS2344: Type 'GlobalComponents' does not satisfy the constraint 'Record<string, Component<any, any, any, ComputedOptions, MethodOptions, {}, any>>'.
  Index signature for type 'string' is missing in type 'GlobalComponents'.
../../../node_modules/vuetify/lib/components/VCard/VCard.d.ts(441,10): error TS2344: Type 'GlobalComponents' does not satisfy the constraint 'Record<string, Component<any, any, any, ComputedOptions, MethodOptions, {}, any>>'.
  Index signature for type 'string' is missing in type 'GlobalComponents'.
../../../node_modules/vuetify/lib/components/VCard/VCard.d.ts(685,6): error TS2344: Type 'GlobalComponents' does not satisfy the constraint 'Record<string, Component<any, any, any, ComputedOptions, MethodOptions, {}, any>>'.
  Index signature for type 'string' is missing in type 'GlobalComponents'.
../../../node_modules/vuetify/lib/components/VCard/VCardActions.d.ts(55,10): error TS2344: Type 'GlobalComponents' does not satisfy the constraint 'Record<string, Component<any, any, any, ComputedOptions, MethodOptions, {}, any>>'.
  Index signature for type 'string' is missing in type 'GlobalComponents'.
../../../node_modules/vuetify/lib/components/VCard/VCardActions.d.ts(108,6): error TS2344: Type 'GlobalComponents' does not satisfy the constraint 'Record<string, Component<any, any, any, ComputedOptions, MethodOptions, {}, any>>'.
  Index signature for type 'string' is missing in type 'GlobalComponents'.
../../../node_modules/vuetify/lib/components/VCard/VCardItem.d.ts(152,10): error TS2344: Type 'GlobalComponents' does not satisfy the constraint 'Record<string, Component<any, any, any, ComputedOptions, MethodOptions, {}, any>>'.
  Index signature for type 'string' is missing in type 'GlobalComponents'.
../../../node_modules/vuetify/lib/components/VCard/VCardItem.d.ts(261,6): error TS2344: Type 'GlobalComponents' does not satisfy the constraint 'Record<string, Component<any, any, any, ComputedOptions, MethodOptions, {}, any>>'.
  Index signature for type 'string' is missing in type 'GlobalComponents'.
../../../node_modules/vuetify/lib/components/VCard/VCardSubtitle.d.ts(61,10): error TS2344: Type 'GlobalComponents' does not satisfy the constraint 'Record<string, Component<any, any, any, ComputedOptions, MethodOptions, {}, any>>'.
  Index signature for type 'string' is missing in type 'GlobalComponents'.
../../../node_modules/vuetify/lib/components/VCard/VCardSubtitle.d.ts(116,6): error TS2344: Type 'GlobalComponents' does not satisfy the constraint 'Record<string, Component<any, any, any, ComputedOptions, MethodOptions, {}, any>>'.
  Index signature for type 'string' is missing in type 'GlobalComponents'.
../../../node_modules/vuetify/lib/components/VCard/VCardText.d.ts(61,10): error TS2344: Type 'GlobalComponents' does not satisfy the constraint 'Record<string, Component<any, any, any, ComputedOptions, MethodOptions, {}, any>>'.
  Index signature for type 'string' is missing in type 'GlobalComponents'.
../../../node_modules/vuetify/lib/components/VCard/VCardText.d.ts(116,6): error TS2344: Type 'GlobalComponents' does not satisfy the constraint 'Record<string, Component<any, any, any, ComputedOptions, MethodOptions, {}, any>>'.
  Index signature for type 'string' is missing in type 'GlobalComponents'.
../../../node_modules/vuetify/lib/components/VCard/VCardTitle.d.ts(27,10): error TS2344: Type 'GlobalComponents' does not satisfy the constraint 'Record<string, Component<any, any, any, ComputedOptions, MethodOptions, {}, any>>'.
  Index signature for type 'string' is missing in type 'GlobalComponents'.
../../../node_modules/vuetify/lib/components/VCard/VCardTitle.d.ts(84,6): error TS2344: Type 'GlobalComponents' does not satisfy the constraint 'Record<string, Component<any, any, any, ComputedOptions, MethodOptions, {}, any>>'.
  Index signature for type 'string' is missing in type 'GlobalComponents'.
../../../node_modules/vuetify/lib/components/VCarousel/VCarousel.d.ts(334,10): error TS2344: Type 'GlobalComponents' does not satisfy the constraint 'Record<string, Component<any, any, any, ComputedOptions, MethodOptions, {}, any>>'.
  Index signature for type 'string' is missing in type 'GlobalComponents'.
../../../node_modules/vuetify/lib/components/VCarousel/VCarousel.d.ts(479,6): error TS2344: Type 'GlobalComponents' does not satisfy the constraint 'Record<string, Component<any, any, any, ComputedOptions, MethodOptions, {}, any>>'.
  Index signature for type 'string' is missing in type 'GlobalComponents'.
../../../node_modules/vuetify/lib/components/VCarousel/VCarouselItem.d.ts(308,10): error TS2344: Type 'GlobalComponents' does not satisfy the constraint 'Record<string, Component<any, any, any, ComputedOptions, MethodOptions, {}, any>>'.
  Index signature for type 'string' is missing in type 'GlobalComponents'.
../../../node_modules/vuetify/lib/components/VCarousel/VCarouselItem.d.ts(472,6): error TS2344: Type 'GlobalComponents' does not satisfy the constraint 'Record<string, Component<any, any, any, ComputedOptions, MethodOptions, {}, any>>'.
  Index signature for type 'string' is missing in type 'GlobalComponents'.
../../../node_modules/vuetify/lib/components/VCheckbox/VCheckbox.d.ts(746,10): error TS2344: Type 'GlobalComponents' does not satisfy the constraint 'Record<string, Component<any, any, any, ComputedOptions, MethodOptions, {}, any>>'.
  Index signature for type 'string' is missing in type 'GlobalComponents'.
../../../node_modules/vuetify/lib/components/VCheckbox/VCheckbox.d.ts(1474,6): error TS2344: Type 'GlobalComponents' does not satisfy the constraint 'Record<string, Component<any, any, any, ComputedOptions, MethodOptions, {}, any>>'.
  Index signature for type 'string' is missing in type 'GlobalComponents'.
../../../node_modules/vuetify/lib/components/VCheckbox/VCheckboxBtn.d.ts(285,10): error TS2344: Type 'GlobalComponents' does not satisfy the constraint 'Record<string, Component<any, any, any, ComputedOptions, MethodOptions, {}, any>>'.
  Index signature for type 'string' is missing in type 'GlobalComponents'.
../../../node_modules/vuetify/lib/components/VCheckbox/VCheckboxBtn.d.ts(413,6): error TS2344: Type 'GlobalComponents' does not satisfy the constraint 'Record<string, Component<any, any, any, ComputedOptions, MethodOptions, {}, any>>'.
  Index signature for type 'string' is missing in type 'GlobalComponents'.
../../../node_modules/vuetify/lib/components/VChip/VChip.d.ts(507,10): error TS2344: Type 'GlobalComponents' does not satisfy the constraint 'Record<string, Component<any, any, any, ComputedOptions, MethodOptions, {}, any>>'.
  Index signature for type 'string' is missing in type 'GlobalComponents'.
../../../node_modules/vuetify/lib/components/VChip/VChip.d.ts(815,6): error TS2344: Type 'GlobalComponents' does not satisfy the constraint 'Record<string, Component<any, any, any, ComputedOptions, MethodOptions, {}, any>>'.
  Index signature for type 'string' is missing in type 'GlobalComponents'.
../../../node_modules/vuetify/lib/components/VChipGroup/VChipGroup.d.ts(330,10): error TS2344: Type 'GlobalComponents' does not satisfy the constraint 'Record<string, Component<any, any, any, ComputedOptions, MethodOptions, {}, any>>'.
  Index signature for type 'string' is missing in type 'GlobalComponents'.
../../../node_modules/vuetify/lib/components/VChipGroup/VChipGroup.d.ts(447,6): error TS2344: Type 'GlobalComponents' does not satisfy the constraint 'Record<string, Component<any, any, any, ComputedOptions, MethodOptions, {}, any>>'.
  Index signature for type 'string' is missing in type 'GlobalComponents'.
../../../node_modules/vuetify/lib/components/VCode/index.d.ts(28,10): error TS2344: Type 'GlobalComponents' does not satisfy the constraint 'Record<string, Component<any, any, any, ComputedOptions, MethodOptions, {}, any>>'.
  Index signature for type 'string' is missing in type 'GlobalComponents'.
../../../node_modules/vuetify/lib/components/VCode/index.d.ts(85,6): error TS2344: Type 'GlobalComponents' does not satisfy the constraint 'Record<string, Component<any, any, any, ComputedOptions, MethodOptions, {}, any>>'.
  Index signature for type 'string' is missing in type 'GlobalComponents'.
../../../node_modules/vuetify/lib/components/VColorInput/VColorInput.d.ts(777,22): error TS2344: Type 'GlobalComponents' does not satisfy the constraint 'Record<string, Component<any, any, any, ComputedOptions, MethodOptions, {}, any>>'.
  Index signature for type 'string' is missing in type 'GlobalComponents'.
../../../node_modules/vuetify/lib/components/VColorInput/VColorInput.d.ts(818,18): error TS2344: Type 'GlobalComponents' does not satisfy the constraint 'Record<string, Component<any, any, any, ComputedOptions, MethodOptions, {}, any>>'.
  Index signature for type 'string' is missing in type 'GlobalComponents'.
../../../node_modules/vuetify/lib/components/VColorInput/VColorInput.d.ts(908,22): error TS2344: Type 'GlobalComponents' does not satisfy the constraint 'Record<string, Component<any, any, any, ComputedOptions, MethodOptions, {}, any>>'.
  Index signature for type 'string' is missing in type 'GlobalComponents'.
../../../node_modules/vuetify/lib/components/VColorInput/VColorInput.d.ts(949,18): error TS2344: Type 'GlobalComponents' does not satisfy the constraint 'Record<string, Component<any, any, any, ComputedOptions, MethodOptions, {}, any>>'.
  Index signature for type 'string' is missing in type 'GlobalComponents'.
../../../node_modules/vuetify/lib/components/VColorInput/VColorInput.d.ts(1023,26): error TS2344: Type 'GlobalComponents' does not satisfy the constraint 'Record<string, Component<any, any, any, ComputedOptions, MethodOptions, {}, any>>'.
  Index signature for type 'string' is missing in type 'GlobalComponents'.
../../../node_modules/vuetify/lib/components/VColorInput/VColorInput.d.ts(1064,22): error TS2344: Type 'GlobalComponents' does not satisfy the constraint 'Record<string, Component<any, any, any, ComputedOptions, MethodOptions, {}, any>>'.
  Index signature for type 'string' is missing in type 'GlobalComponents'.
../../../node_modules/vuetify/lib/components/VColorInput/VColorInput.d.ts(1154,26): error TS2344: Type 'GlobalComponents' does not satisfy the constraint 'Record<string, Component<any, any, any, ComputedOptions, MethodOptions, {}, any>>'.
  Index signature for type 'string' is missing in type 'GlobalComponents'.
../../../node_modules/vuetify/lib/components/VColorInput/VColorInput.d.ts(1195,22): error TS2344: Type 'GlobalComponents' does not satisfy the constraint 'Record<string, Component<any, any, any, ComputedOptions, MethodOptions, {}, any>>'.
  Index signature for type 'string' is missing in type 'GlobalComponents'.
../../../node_modules/vuetify/lib/components/VColorInput/VColorInput.d.ts(1268,26): error TS2344: Type 'GlobalComponents' does not satisfy the constraint 'Record<string, Component<any, any, any, ComputedOptions, MethodOptions, {}, any>>'.
  Index signature for type 'string' is missing in type 'GlobalComponents'.
../../../node_modules/vuetify/lib/components/VColorInput/VColorInput.d.ts(1309,22): error TS2344: Type 'GlobalComponents' does not satisfy the constraint 'Record<string, Component<any, any, any, ComputedOptions, MethodOptions, {}, any>>'.
  Index signature for type 'string' is missing in type 'GlobalComponents'.
../../../node_modules/vuetify/lib/components/VColorInput/VColorInput.d.ts(1399,26): error TS2344: Type 'GlobalComponents' does not satisfy the constraint 'Record<string, Component<any, any, any, ComputedOptions, MethodOptions, {}, any>>'.
  Index signature for type 'string' is missing in type 'GlobalComponents'.
../../../node_modules/vuetify/lib/components/VColorInput/VColorInput.d.ts(1440,22): error TS2344: Type 'GlobalComponents' does not satisfy the constraint 'Record<string, Component<any, any, any, ComputedOptions, MethodOptions, {}, any>>'.
  Index signature for type 'string' is missing in type 'GlobalComponents'.
../../../node_modules/vuetify/lib/components/VColorInput/VColorInput.d.ts(1514,26): error TS2344: Type 'GlobalComponents' does not satisfy the constraint 'Record<string, Component<any, any, any, ComputedOptions, MethodOptions, {}, any>>'.
  Index signature for type 'string' is missing in type 'GlobalComponents'.
../../../node_modules/vuetify/lib/components/VColorInput/VColorInput.d.ts(1555,22): error TS2344: Type 'GlobalComponents' does not satisfy the constraint 'Record<string, Component<any, any, any, ComputedOptions, MethodOptions, {}, any>>'.
  Index signature for type 'string' is missing in type 'GlobalComponents'.
../../../node_modules/vuetify/lib/components/VColorInput/VColorInput.d.ts(1645,26): error TS2344: Type 'GlobalComponents' does not satisfy the constraint 'Record<string, Component<any, any, any, ComputedOptions, MethodOptions, {}, any>>'.
  Index signature for type 'string' is missing in type 'GlobalComponents'.
../../../node_modules/vuetify/lib/components/VColorInput/VColorInput.d.ts(1686,22): error TS2344: Type 'GlobalComponents' does not satisfy the constraint 'Record<string, Component<any, any, any, ComputedOptions, MethodOptions, {}, any>>'.
  Index signature for type 'string' is missing in type 'GlobalComponents'.
../../../node_modules/vuetify/lib/components/VColorInput/VColorInput.d.ts(1759,26): error TS2344: Type 'GlobalComponents' does not satisfy the constraint 'Record<string, Component<any, any, any, ComputedOptions, MethodOptions, {}, any>>'.
  Index signature for type 'string' is missing in type 'GlobalComponents'.
../../../node_modules/vuetify/lib/components/VColorInput/VColorInput.d.ts(1800,22): error TS2344: Type 'GlobalComponents' does not satisfy the constraint 'Record<string, Component<any, any, any, ComputedOptions, MethodOptions, {}, any>>'.
  Index signature for type 'string' is missing in type 'GlobalComponents'.
../../../node_modules/vuetify/lib/components/VColorInput/VColorInput.d.ts(1890,26): error TS2344: Type 'GlobalComponents' does not satisfy the constraint 'Record<string, Component<any, any, any, ComputedOptions, MethodOptions, {}, any>>'.
  Index signature for type 'string' is missing in type 'GlobalComponents'.
../../../node_modules/vuetify/lib/components/VColorInput/VColorInput.d.ts(1931,22): error TS2344: Type 'GlobalComponents' does not satisfy the constraint 'Record<string, Component<any, any, any, ComputedOptions, MethodOptions, {}, any>>'.
  Index signature for type 'string' is missing in type 'GlobalComponents'.
../../../node_modules/vuetify/lib/components/VColorInput/VColorInput.d.ts(3034,10): error TS2344: Type 'GlobalComponents' does not satisfy the constraint 'Record<string, Component<any, any, any, ComputedOptions, MethodOptions, {}, any>>'.
  Index signature for type 'string' is missing in type 'GlobalComponents'.
../../../node_modules/vuetify/lib/components/VColorInput/VColorInput.d.ts(4217,6): error TS2344: Type 'GlobalComponents' does not satisfy the constraint 'Record<string, Component<any, any, any, ComputedOptions, MethodOptions, {}, any>>'.
  Index signature for type 'string' is missing in type 'GlobalComponents'.
../../../node_modules/vuetify/lib/components/VColorPicker/VColorPicker.d.ts(483,22): error TS2344: Type 'GlobalComponents' does not satisfy the constraint 'Record<string, Component<any, any, any, ComputedOptions, MethodOptions, {}, any>>'.
  Index signature for type 'string' is missing in type 'GlobalComponents'.
../../../node_modules/vuetify/lib/components/VColorPicker/VColorPicker.d.ts(717,20): error TS2344: Type 'GlobalComponents' does not satisfy the constraint 'Record<string, Component<any, any, any, ComputedOptions, MethodOptions, {}, any>>'.
  Index signature for type 'string' is missing in type 'GlobalComponents'.
../../../node_modules/vuetify/lib/components/VCombobox/VCombobox.d.ts(1635,26): error TS2344: Type 'GlobalComponents' does not satisfy the constraint 'Record<string, Component<any, any, any, ComputedOptions, MethodOptions, {}, any>>'.
  Index signature for type 'string' is missing in type 'GlobalComponents'.
../../../node_modules/vuetify/lib/components/VCombobox/VCombobox.d.ts(1676,22): error TS2344: Type 'GlobalComponents' does not satisfy the constraint 'Record<string, Component<any, any, any, ComputedOptions, MethodOptions, {}, any>>'.
  Index signature for type 'string' is missing in type 'GlobalComponents'.
../../../node_modules/vuetify/lib/components/VCombobox/VCombobox.d.ts(1766,26): error TS2344: Type 'GlobalComponents' does not satisfy the constraint 'Record<string, Component<any, any, any, ComputedOptions, MethodOptions, {}, any>>'.
  Index signature for type 'string' is missing in type 'GlobalComponents'.
../../../node_modules/vuetify/lib/components/VCombobox/VCombobox.d.ts(1807,22): error TS2344: Type 'GlobalComponents' does not satisfy the constraint 'Record<string, Component<any, any, any, ComputedOptions, MethodOptions, {}, any>>'.
  Index signature for type 'string' is missing in type 'GlobalComponents'.
../../../node_modules/vuetify/lib/components/VCombobox/VCombobox.d.ts(1880,26): error TS2344: Type 'GlobalComponents' does not satisfy the constraint 'Record<string, Component<any, any, any, ComputedOptions, MethodOptions, {}, any>>'.
  Index signature for type 'string' is missing in type 'GlobalComponents'.
../../../node_modules/vuetify/lib/components/VCombobox/VCombobox.d.ts(1921,22): error TS2344: Type 'GlobalComponents' does not satisfy the constraint 'Record<string, Component<any, any, any, ComputedOptions, MethodOptions, {}, any>>'.
  Index signature for type 'string' is missing in type 'GlobalComponents'.
../../../node_modules/vuetify/lib/components/VCombobox/VCombobox.d.ts(2011,26): error TS2344: Type 'GlobalComponents' does not satisfy the constraint 'Record<string, Component<any, any, any, ComputedOptions, MethodOptions, {}, any>>'.
  Index signature for type 'string' is missing in type 'GlobalComponents'.
../../../node_modules/vuetify/lib/components/VCombobox/VCombobox.d.ts(2052,22): error TS2344: Type 'GlobalComponents' does not satisfy the constraint 'Record<string, Component<any, any, any, ComputedOptions, MethodOptions, {}, any>>'.
  Index signature for type 'string' is missing in type 'GlobalComponents'.
../../../node_modules/vuetify/lib/components/VCombobox/VCombobox.d.ts(2126,26): error TS2344: Type 'GlobalComponents' does not satisfy the constraint 'Record<string, Component<any, any, any, ComputedOptions, MethodOptions, {}, any>>'.
  Index signature for type 'string' is missing in type 'GlobalComponents'.
../../../node_modules/vuetify/lib/components/VCombobox/VCombobox.d.ts(2167,22): error TS2344: Type 'GlobalComponents' does not satisfy the constraint 'Record<string, Component<any, any, any, ComputedOptions, MethodOptions, {}, any>>'.
  Index signature for type 'string' is missing in type 'GlobalComponents'.
../../../node_modules/vuetify/lib/components/VCombobox/VCombobox.d.ts(2257,26): error TS2344: Type 'GlobalComponents' does not satisfy the constraint 'Record<string, Component<any, any, any, ComputedOptions, MethodOptions, {}, any>>'.
  Index signature for type 'string' is missing in type 'GlobalComponents'.
../../../node_modules/vuetify/lib/components/VCombobox/VCombobox.d.ts(2298,22): error TS2344: Type 'GlobalComponents' does not satisfy the constraint 'Record<string, Component<any, any, any, ComputedOptions, MethodOptions, {}, any>>'.
  Index signature for type 'string' is missing in type 'GlobalComponents'.
../../../node_modules/vuetify/lib/components/VCombobox/VCombobox.d.ts(2371,26): error TS2344: Type 'GlobalComponents' does not satisfy the constraint 'Record<string, Component<any, any, any, ComputedOptions, MethodOptions, {}, any>>'.
  Index signature for type 'string' is missing in type 'GlobalComponents'.
../../../node_modules/vuetify/lib/components/VCombobox/VCombobox.d.ts(2412,22): error TS2344: Type 'GlobalComponents' does not satisfy the constraint 'Record<string, Component<any, any, any, ComputedOptions, MethodOptions, {}, any>>'.
  Index signature for type 'string' is missing in type 'GlobalComponents'.
../../../node_modules/vuetify/lib/components/VCombobox/VCombobox.d.ts(2502,26): error TS2344: Type 'GlobalComponents' does not satisfy the constraint 'Record<string, Component<any, any, any, ComputedOptions, MethodOptions, {}, any>>'.
  Index signature for type 'string' is missing in type 'GlobalComponents'.
../../../node_modules/vuetify/lib/components/VCombobox/VCombobox.d.ts(2543,22): error TS2344: Type 'GlobalComponents' does not satisfy the constraint 'Record<string, Component<any, any, any, ComputedOptions, MethodOptions, {}, any>>'.
  Index signature for type 'string' is missing in type 'GlobalComponents'.
../../../node_modules/vuetify/lib/components/VCombobox/VCombobox.d.ts(5630,10): error TS2344: Type 'GlobalComponents' does not satisfy the constraint 'Record<string, Component<any, any, any, ComputedOptions, MethodOptions, {}, any>>'.
  Index signature for type 'string' is missing in type 'GlobalComponents'.
../../../node_modules/vuetify/lib/components/VCombobox/VCombobox.d.ts(11488,6): error TS2344: Type 'GlobalComponents' does not satisfy the constraint 'Record<string, Component<any, any, any, ComputedOptions, MethodOptions, {}, any>>'.
  Index signature for type 'string' is missing in type 'GlobalComponents'.
../../../node_modules/vuetify/lib/components/VConfirmEdit/VConfirmEdit.d.ts(94,10): error TS2344: Type 'GlobalComponents' does not satisfy the constraint 'Record<string, Component<any, any, any, ComputedOptions, MethodOptions, {}, any>>'.
  Index signature for type 'string' is missing in type 'GlobalComponents'.
../../../node_modules/vuetify/lib/components/VConfirmEdit/VConfirmEdit.d.ts(153,6): error TS2344: Type 'GlobalComponents' does not satisfy the constraint 'Record<string, Component<any, any, any, ComputedOptions, MethodOptions, {}, any>>'.
  Index signature for type 'string' is missing in type 'GlobalComponents'.
../../../node_modules/vuetify/lib/components/VCounter/VCounter.d.ts(135,10): error TS2344: Type 'GlobalComponents' does not satisfy the constraint 'Record<string, Component<any, any, any, ComputedOptions, MethodOptions, {}, any>>'.
  Index signature for type 'string' is missing in type 'GlobalComponents'.
../../../node_modules/vuetify/lib/components/VCounter/VCounter.d.ts(218,6): error TS2344: Type 'GlobalComponents' does not satisfy the constraint 'Record<string, Component<any, any, any, ComputedOptions, MethodOptions, {}, any>>'.
  Index signature for type 'string' is missing in type 'GlobalComponents'.
../../../node_modules/vuetify/lib/components/VDataIterator/VDataIterator.d.ts(503,10): error TS2344: Type 'GlobalComponents' does not satisfy the constraint 'Record<string, Component<any, any, any, ComputedOptions, MethodOptions, {}, any>>'.
  Index signature for type 'string' is missing in type 'GlobalComponents'.
../../../node_modules/vuetify/lib/components/VDataIterator/VDataIterator.d.ts(710,6): error TS2344: Type 'GlobalComponents' does not satisfy the constraint 'Record<string, Component<any, any, any, ComputedOptions, MethodOptions, {}, any>>'.
  Index signature for type 'string' is missing in type 'GlobalComponents'.
../../../node_modules/vuetify/lib/components/VDataTable/VDataTable.d.ts(722,22): error TS2344: Type 'GlobalComponents' does not satisfy the constraint 'Record<string, Component<any, any, any, ComputedOptions, MethodOptions, {}, any>>'.
  Index signature for type 'string' is missing in type 'GlobalComponents'.
../../../node_modules/vuetify/lib/components/VDataTable/VDataTable.d.ts(783,18): error TS2344: Type 'GlobalComponents' does not satisfy the constraint 'Record<string, Component<any, any, any, ComputedOptions, MethodOptions, {}, any>>'.
  Index signature for type 'string' is missing in type 'GlobalComponents'.
../../../node_modules/vuetify/lib/components/VDataTable/VDataTable.d.ts(841,22): error TS2344: Type 'GlobalComponents' does not satisfy the constraint 'Record<string, Component<any, any, any, ComputedOptions, MethodOptions, {}, any>>'.
  Index signature for type 'string' is missing in type 'GlobalComponents'.
../../../node_modules/vuetify/lib/components/VDataTable/VDataTable.d.ts(902,18): error TS2344: Type 'GlobalComponents' does not satisfy the constraint 'Record<string, Component<any, any, any, ComputedOptions, MethodOptions, {}, any>>'.
  Index signature for type 'string' is missing in type 'GlobalComponents'.
../../../node_modules/vuetify/lib/components/VDataTable/VDataTable.d.ts(1905,22): error TS2344: Type 'GlobalComponents' does not satisfy the constraint 'Record<string, Component<any, any, any, ComputedOptions, MethodOptions, {}, any>>'.
  Index signature for type 'string' is missing in type 'GlobalComponents'.
../../../node_modules/vuetify/lib/components/VDataTable/VDataTable.d.ts(1966,18): error TS2344: Type 'GlobalComponents' does not satisfy the constraint 'Record<string, Component<any, any, any, ComputedOptions, MethodOptions, {}, any>>'.
  Index signature for type 'string' is missing in type 'GlobalComponents'.
../../../node_modules/vuetify/lib/components/VDataTable/VDataTable.d.ts(2024,22): error TS2344: Type 'GlobalComponents' does not satisfy the constraint 'Record<string, Component<any, any, any, ComputedOptions, MethodOptions, {}, any>>'.
  Index signature for type 'string' is missing in type 'GlobalComponents'.
../../../node_modules/vuetify/lib/components/VDataTable/VDataTable.d.ts(2085,18): error TS2344: Type 'GlobalComponents' does not satisfy the constraint 'Record<string, Component<any, any, any, ComputedOptions, MethodOptions, {}, any>>'.
  Index signature for type 'string' is missing in type 'GlobalComponents'.
../../../node_modules/vuetify/lib/components/VDataTable/VDataTable.d.ts(2458,10): error TS2344: Type 'GlobalComponents' does not satisfy the constraint 'Record<string, Component<any, any, any, ComputedOptions, MethodOptions, {}, any>>'.
  Index signature for type 'string' is missing in type 'GlobalComponents'.
../../../node_modules/vuetify/lib/components/VDataTable/VDataTable.d.ts(2896,6): error TS2344: Type 'GlobalComponents' does not satisfy the constraint 'Record<string, Component<any, any, any, ComputedOptions, MethodOptions, {}, any>>'.
  Index signature for type 'string' is missing in type 'GlobalComponents'.
../../../node_modules/vuetify/lib/components/VDataTable/VDataTableFooter.d.ts(231,10): error TS2344: Type 'GlobalComponents' does not satisfy the constraint 'Record<string, Component<any, any, any, ComputedOptions, MethodOptions, {}, any>>'.
  Index signature for type 'string' is missing in type 'GlobalComponents'.
../../../node_modules/vuetify/lib/components/VDataTable/VDataTableFooter.d.ts(340,6): error TS2344: Type 'GlobalComponents' does not satisfy the constraint 'Record<string, Component<any, any, any, ComputedOptions, MethodOptions, {}, any>>'.
  Index signature for type 'string' is missing in type 'GlobalComponents'.
../../../node_modules/vuetify/lib/components/VDataTable/VDataTableGroupHeaderRow.d.ts(131,10): error TS2344: Type 'GlobalComponents' does not satisfy the constraint 'Record<string, Component<any, any, any, ComputedOptions, MethodOptions, {}, any>>'.
  Index signature for type 'string' is missing in type 'GlobalComponents'.
../../../node_modules/vuetify/lib/components/VDataTable/VDataTableGroupHeaderRow.d.ts(241,6): error TS2344: Type 'GlobalComponents' does not satisfy the constraint 'Record<string, Component<any, any, any, ComputedOptions, MethodOptions, {}, any>>'.
  Index signature for type 'string' is missing in type 'GlobalComponents'.
../../../node_modules/vuetify/lib/components/VDataTable/VDataTableHeaders.d.ts(228,10): error TS2344: Type 'GlobalComponents' does not satisfy the constraint 'Record<string, Component<any, any, any, ComputedOptions, MethodOptions, {}, any>>'.
  Index signature for type 'string' is missing in type 'GlobalComponents'.
../../../node_modules/vuetify/lib/components/VDataTable/VDataTableHeaders.d.ts(364,6): error TS2344: Type 'GlobalComponents' does not satisfy the constraint 'Record<string, Component<any, any, any, ComputedOptions, MethodOptions, {}, any>>'.
  Index signature for type 'string' is missing in type 'GlobalComponents'.
../../../node_modules/vuetify/lib/components/VDataTable/VDataTableRow.d.ts(164,10): error TS2344: Type 'GlobalComponents' does not satisfy the constraint 'Record<string, Component<any, any, any, ComputedOptions, MethodOptions, {}, any>>'.
  Index signature for type 'string' is missing in type 'GlobalComponents'.
../../../node_modules/vuetify/lib/components/VDataTable/VDataTableRow.d.ts(234,6): error TS2344: Type 'GlobalComponents' does not satisfy the constraint 'Record<string, Component<any, any, any, ComputedOptions, MethodOptions, {}, any>>'.
  Index signature for type 'string' is missing in type 'GlobalComponents'.
../../../node_modules/vuetify/lib/components/VDataTable/VDataTableRows.d.ts(190,22): error TS2344: Type 'GlobalComponents' does not satisfy the constraint 'Record<string, Component<any, any, any, ComputedOptions, MethodOptions, {}, any>>'.
  Index signature for type 'string' is missing in type 'GlobalComponents'.
../../../node_modules/vuetify/lib/components/VDataTable/VDataTableRows.d.ts(251,18): error TS2344: Type 'GlobalComponents' does not satisfy the constraint 'Record<string, Component<any, any, any, ComputedOptions, MethodOptions, {}, any>>'.
  Index signature for type 'string' is missing in type 'GlobalComponents'.
../../../node_modules/vuetify/lib/components/VDataTable/VDataTableRows.d.ts(309,22): error TS2344: Type 'GlobalComponents' does not satisfy the constraint 'Record<string, Component<any, any, any, ComputedOptions, MethodOptions, {}, any>>'.
  Index signature for type 'string' is missing in type 'GlobalComponents'.
../../../node_modules/vuetify/lib/components/VDataTable/VDataTableRows.d.ts(370,18): error TS2344: Type 'GlobalComponents' does not satisfy the constraint 'Record<string, Component<any, any, any, ComputedOptions, MethodOptions, {}, any>>'.
  Index signature for type 'string' is missing in type 'GlobalComponents'.
../../../node_modules/vuetify/lib/components/VDataTable/VDataTableRows.d.ts(506,10): error TS2344: Type 'GlobalComponents' does not satisfy the constraint 'Record<string, Component<any, any, any, ComputedOptions, MethodOptions, {}, any>>'.
  Index signature for type 'string' is missing in type 'GlobalComponents'.
../../../node_modules/vuetify/lib/components/VDataTable/VDataTableRows.d.ts(647,6): error TS2344: Type 'GlobalComponents' does not satisfy the constraint 'Record<string, Component<any, any, any, ComputedOptions, MethodOptions, {}, any>>'.
  Index signature for type 'string' is missing in type 'GlobalComponents'.
../../../node_modules/vuetify/lib/components/VDataTable/VDataTableServer.d.ts(877,22): error TS2344: Type 'GlobalComponents' does not satisfy the constraint 'Record<string, Component<any, any, any, ComputedOptions, MethodOptions, {}, any>>'.
  Index signature for type 'string' is missing in type 'GlobalComponents'.
../../../node_modules/vuetify/lib/components/VDataTable/VDataTableServer.d.ts(938,18): error TS2344: Type 'GlobalComponents' does not satisfy the constraint 'Record<string, Component<any, any, any, ComputedOptions, MethodOptions, {}, any>>'.
  Index signature for type 'string' is missing in type 'GlobalComponents'.
../../../node_modules/vuetify/lib/components/VDataTable/VDataTableServer.d.ts(996,22): error TS2344: Type 'GlobalComponents' does not satisfy the constraint 'Record<string, Component<any, any, any, ComputedOptions, MethodOptions, {}, any>>'.
  Index signature for type 'string' is missing in type 'GlobalComponents'.
../../../node_modules/vuetify/lib/components/VDataTable/VDataTableServer.d.ts(1057,18): error TS2344: Type 'GlobalComponents' does not satisfy the constraint 'Record<string, Component<any, any, any, ComputedOptions, MethodOptions, {}, any>>'.
  Index signature for type 'string' is missing in type 'GlobalComponents'.
../../../node_modules/vuetify/lib/components/VDataTable/VDataTableServer.d.ts(1431,10): error TS2344: Type 'GlobalComponents' does not satisfy the constraint 'Record<string, Component<any, any, any, ComputedOptions, MethodOptions, {}, any>>'.
  Index signature for type 'string' is missing in type 'GlobalComponents'.
../../../node_modules/vuetify/lib/components/VDataTable/VDataTableServer.d.ts(1852,6): error TS2344: Type 'GlobalComponents' does not satisfy the constraint 'Record<string, Component<any, any, any, ComputedOptions, MethodOptions, {}, any>>'.
  Index signature for type 'string' is missing in type 'GlobalComponents'.
../../../node_modules/vuetify/lib/components/VDataTable/VDataTableVirtual.d.ts(753,22): error TS2344: Type 'GlobalComponents' does not satisfy the constraint 'Record<string, Component<any, any, any, ComputedOptions, MethodOptions, {}, any>>'.
  Index signature for type 'string' is missing in type 'GlobalComponents'.
../../../node_modules/vuetify/lib/components/VDataTable/VDataTableVirtual.d.ts(812,18): error TS2344: Type 'GlobalComponents' does not satisfy the constraint 'Record<string, Component<any, any, any, ComputedOptions, MethodOptions, {}, any>>'.
  Index signature for type 'string' is missing in type 'GlobalComponents'.
../../../node_modules/vuetify/lib/components/VDataTable/VDataTableVirtual.d.ts(868,22): error TS2344: Type 'GlobalComponents' does not satisfy the constraint 'Record<string, Component<any, any, any, ComputedOptions, MethodOptions, {}, any>>'.
  Index signature for type 'string' is missing in type 'GlobalComponents'.
../../../node_modules/vuetify/lib/components/VDataTable/VDataTableVirtual.d.ts(927,18): error TS2344: Type 'GlobalComponents' does not satisfy the constraint 'Record<string, Component<any, any, any, ComputedOptions, MethodOptions, {}, any>>'.
  Index signature for type 'string' is missing in type 'GlobalComponents'.
../../../node_modules/vuetify/lib/components/VDataTable/VDataTableVirtual.d.ts(1192,10): error TS2344: Type 'GlobalComponents' does not satisfy the constraint 'Record<string, Component<any, any, any, ComputedOptions, MethodOptions, {}, any>>'.
  Index signature for type 'string' is missing in type 'GlobalComponents'.
../../../node_modules/vuetify/lib/components/VDataTable/VDataTableVirtual.d.ts(1494,6): error TS2344: Type 'GlobalComponents' does not satisfy the constraint 'Record<string, Component<any, any, any, ComputedOptions, MethodOptions, {}, any>>'.
  Index signature for type 'string' is missing in type 'GlobalComponents'.
../../../node_modules/vuetify/lib/components/VDateInput/VDateInput.d.ts(937,22): error TS2344: Type 'GlobalComponents' does not satisfy the constraint 'Record<string, Component<any, any, any, ComputedOptions, MethodOptions, {}, any>>'.
  Index signature for type 'string' is missing in type 'GlobalComponents'.
../../../node_modules/vuetify/lib/components/VDateInput/VDateInput.d.ts(978,18): error TS2344: Type 'GlobalComponents' does not satisfy the constraint 'Record<string, Component<any, any, any, ComputedOptions, MethodOptions, {}, any>>'.
  Index signature for type 'string' is missing in type 'GlobalComponents'.
../../../node_modules/vuetify/lib/components/VDateInput/VDateInput.d.ts(1068,22): error TS2344: Type 'GlobalComponents' does not satisfy the constraint 'Record<string, Component<any, any, any, ComputedOptions, MethodOptions, {}, any>>'.
  Index signature for type 'string' is missing in type 'GlobalComponents'.
../../../node_modules/vuetify/lib/components/VDateInput/VDateInput.d.ts(1109,18): error TS2344: Type 'GlobalComponents' does not satisfy the constraint 'Record<string, Component<any, any, any, ComputedOptions, MethodOptions, {}, any>>'.
  Index signature for type 'string' is missing in type 'GlobalComponents'.
../../../node_modules/vuetify/lib/components/VDateInput/VDateInput.d.ts(1183,26): error TS2344: Type 'GlobalComponents' does not satisfy the constraint 'Record<string, Component<any, any, any, ComputedOptions, MethodOptions, {}, any>>'.
  Index signature for type 'string' is missing in type 'GlobalComponents'.
../../../node_modules/vuetify/lib/components/VDateInput/VDateInput.d.ts(1224,22): error TS2344: Type 'GlobalComponents' does not satisfy the constraint 'Record<string, Component<any, any, any, ComputedOptions, MethodOptions, {}, any>>'.
  Index signature for type 'string' is missing in type 'GlobalComponents'.
../../../node_modules/vuetify/lib/components/VDateInput/VDateInput.d.ts(1314,26): error TS2344: Type 'GlobalComponents' does not satisfy the constraint 'Record<string, Component<any, any, any, ComputedOptions, MethodOptions, {}, any>>'.
  Index signature for type 'string' is missing in type 'GlobalComponents'.
../../../node_modules/vuetify/lib/components/VDateInput/VDateInput.d.ts(1355,22): error TS2344: Type 'GlobalComponents' does not satisfy the constraint 'Record<string, Component<any, any, any, ComputedOptions, MethodOptions, {}, any>>'.
  Index signature for type 'string' is missing in type 'GlobalComponents'.
../../../node_modules/vuetify/lib/components/VDateInput/VDateInput.d.ts(1428,26): error TS2344: Type 'GlobalComponents' does not satisfy the constraint 'Record<string, Component<any, any, any, ComputedOptions, MethodOptions, {}, any>>'.
  Index signature for type 'string' is missing in type 'GlobalComponents'.
../../../node_modules/vuetify/lib/components/VDateInput/VDateInput.d.ts(1469,22): error TS2344: Type 'GlobalComponents' does not satisfy the constraint 'Record<string, Component<any, any, any, ComputedOptions, MethodOptions, {}, any>>'.
  Index signature for type 'string' is missing in type 'GlobalComponents'.
../../../node_modules/vuetify/lib/components/VDateInput/VDateInput.d.ts(1559,26): error TS2344: Type 'GlobalComponents' does not satisfy the constraint 'Record<string, Component<any, any, any, ComputedOptions, MethodOptions, {}, any>>'.
  Index signature for type 'string' is missing in type 'GlobalComponents'.
../../../node_modules/vuetify/lib/components/VDateInput/VDateInput.d.ts(1600,22): error TS2344: Type 'GlobalComponents' does not satisfy the constraint 'Record<string, Component<any, any, any, ComputedOptions, MethodOptions, {}, any>>'.
  Index signature for type 'string' is missing in type 'GlobalComponents'.
../../../node_modules/vuetify/lib/components/VDateInput/VDateInput.d.ts(1674,26): error TS2344: Type 'GlobalComponents' does not satisfy the constraint 'Record<string, Component<any, any, any, ComputedOptions, MethodOptions, {}, any>>'.
  Index signature for type 'string' is missing in type 'GlobalComponents'.
../../../node_modules/vuetify/lib/components/VDateInput/VDateInput.d.ts(1715,22): error TS2344: Type 'GlobalComponents' does not satisfy the constraint 'Record<string, Component<any, any, any, ComputedOptions, MethodOptions, {}, any>>'.
  Index signature for type 'string' is missing in type 'GlobalComponents'.
../../../node_modules/vuetify/lib/components/VDateInput/VDateInput.d.ts(1805,26): error TS2344: Type 'GlobalComponents' does not satisfy the constraint 'Record<string, Component<any, any, any, ComputedOptions, MethodOptions, {}, any>>'.
  Index signature for type 'string' is missing in type 'GlobalComponents'.
../../../node_modules/vuetify/lib/components/VDateInput/VDateInput.d.ts(1846,22): error TS2344: Type 'GlobalComponents' does not satisfy the constraint 'Record<string, Component<any, any, any, ComputedOptions, MethodOptions, {}, any>>'.
  Index signature for type 'string' is missing in type 'GlobalComponents'.
../../../node_modules/vuetify/lib/components/VDateInput/VDateInput.d.ts(1919,26): error TS2344: Type 'GlobalComponents' does not satisfy the constraint 'Record<string, Component<any, any, any, ComputedOptions, MethodOptions, {}, any>>'.
  Index signature for type 'string' is missing in type 'GlobalComponents'.
../../../node_modules/vuetify/lib/components/VDateInput/VDateInput.d.ts(1960,22): error TS2344: Type 'GlobalComponents' does not satisfy the constraint 'Record<string, Component<any, any, any, ComputedOptions, MethodOptions, {}, any>>'.
  Index signature for type 'string' is missing in type 'GlobalComponents'.
../../../node_modules/vuetify/lib/components/VDateInput/VDateInput.d.ts(2050,26): error TS2344: Type 'GlobalComponents' does not satisfy the constraint 'Record<string, Component<any, any, any, ComputedOptions, MethodOptions, {}, any>>'.
  Index signature for type 'string' is missing in type 'GlobalComponents'.
../../../node_modules/vuetify/lib/components/VDateInput/VDateInput.d.ts(2091,22): error TS2344: Type 'GlobalComponents' does not satisfy the constraint 'Record<string, Component<any, any, any, ComputedOptions, MethodOptions, {}, any>>'.
  Index signature for type 'string' is missing in type 'GlobalComponents'.
../../../node_modules/vuetify/lib/components/VDateInput/VDateInput.d.ts(6329,10): error TS2344: Type 'GlobalComponents' does not satisfy the constraint 'Record<string, Component<any, any, any, ComputedOptions, MethodOptions, {}, any>>'.
  Index signature for type 'string' is missing in type 'GlobalComponents'.
../../../node_modules/vuetify/lib/components/VDateInput/VDateInput.d.ts(12235,6): error TS2344: Type 'GlobalComponents' does not satisfy the constraint 'Record<string, Component<any, any, any, ComputedOptions, MethodOptions, {}, any>>'.
  Index signature for type 'string' is missing in type 'GlobalComponents'.
../../../node_modules/vuetify/lib/components/VDatePicker/VDatePicker.d.ts(643,10): error TS2344: Type 'GlobalComponents' does not satisfy the constraint 'Record<string, Component<any, any, any, ComputedOptions, MethodOptions, {}, any>>'.
  Index signature for type 'string' is missing in type 'GlobalComponents'.
../../../node_modules/vuetify/lib/components/VDatePicker/VDatePicker.d.ts(932,6): error TS2344: Type 'GlobalComponents' does not satisfy the constraint 'Record<string, Component<any, any, any, ComputedOptions, MethodOptions, {}, any>>'.
  Index signature for type 'string' is missing in type 'GlobalComponents'.
../../../node_modules/vuetify/lib/components/VDatePicker/VDatePickerControls.d.ts(176,10): error TS2344: Type 'GlobalComponents' does not satisfy the constraint 'Record<string, Component<any, any, any, ComputedOptions, MethodOptions, {}, any>>'.
  Index signature for type 'string' is missing in type 'GlobalComponents'.
../../../node_modules/vuetify/lib/components/VDatePicker/VDatePickerControls.d.ts(280,6): error TS2344: Type 'GlobalComponents' does not satisfy the constraint 'Record<string, Component<any, any, any, ComputedOptions, MethodOptions, {}, any>>'.
  Index signature for type 'string' is missing in type 'GlobalComponents'.
../../../node_modules/vuetify/lib/components/VDatePicker/VDatePickerHeader.d.ts(82,10): error TS2344: Type 'GlobalComponents' does not satisfy the constraint 'Record<string, Component<any, any, any, ComputedOptions, MethodOptions, {}, any>>'.
  Index signature for type 'string' is missing in type 'GlobalComponents'.
../../../node_modules/vuetify/lib/components/VDatePicker/VDatePickerHeader.d.ts(160,6): error TS2344: Type 'GlobalComponents' does not satisfy the constraint 'Record<string, Component<any, any, any, ComputedOptions, MethodOptions, {}, any>>'.
  Index signature for type 'string' is missing in type 'GlobalComponents'.
../../../node_modules/vuetify/lib/components/VDatePicker/VDatePickerMonth.d.ts(265,10): error TS2344: Type 'GlobalComponents' does not satisfy the constraint 'Record<string, Component<any, any, any, ComputedOptions, MethodOptions, {}, any>>'.
  Index signature for type 'string' is missing in type 'GlobalComponents'.
../../../node_modules/vuetify/lib/components/VDatePicker/VDatePickerMonth.d.ts(397,6): error TS2344: Type 'GlobalComponents' does not satisfy the constraint 'Record<string, Component<any, any, any, ComputedOptions, MethodOptions, {}, any>>'.
  Index signature for type 'string' is missing in type 'GlobalComponents'.
../../../node_modules/vuetify/lib/components/VDatePicker/VDatePickerMonths.d.ts(134,10): error TS2344: Type 'GlobalComponents' does not satisfy the constraint 'Record<string, Component<any, any, any, ComputedOptions, MethodOptions, {}, any>>'.
  Index signature for type 'string' is missing in type 'GlobalComponents'.
../../../node_modules/vuetify/lib/components/VDatePicker/VDatePickerMonths.d.ts(267,6): error TS2344: Type 'GlobalComponents' does not satisfy the constraint 'Record<string, Component<any, any, any, ComputedOptions, MethodOptions, {}, any>>'.
  Index signature for type 'string' is missing in type 'GlobalComponents'.
../../../node_modules/vuetify/lib/components/VDatePicker/VDatePickerYears.d.ts(153,10): error TS2344: Type 'GlobalComponents' does not satisfy the constraint 'Record<string, Component<any, any, any, ComputedOptions, MethodOptions, {}, any>>'.
  Index signature for type 'string' is missing in type 'GlobalComponents'.
../../../node_modules/vuetify/lib/components/VDatePicker/VDatePickerYears.d.ts(319,6): error TS2344: Type 'GlobalComponents' does not satisfy the constraint 'Record<string, Component<any, any, any, ComputedOptions, MethodOptions, {}, any>>'.
  Index signature for type 'string' is missing in type 'GlobalComponents'.
../../../node_modules/vuetify/lib/components/VDefaultsProvider/VDefaultsProvider.d.ts(62,10): error TS2344: Type 'GlobalComponents' does not satisfy the constraint 'Record<string, Component<any, any, any, ComputedOptions, MethodOptions, {}, any>>'.
  Index signature for type 'string' is missing in type 'GlobalComponents'.
../../../node_modules/vuetify/lib/components/VDefaultsProvider/VDefaultsProvider.d.ts(123,6): error TS2344: Type 'GlobalComponents' does not satisfy the constraint 'Record<string, Component<any, any, any, ComputedOptions, MethodOptions, {}, any>>'.
  Index signature for type 'string' is missing in type 'GlobalComponents'.
../../../node_modules/vuetify/lib/components/VDialog/VDialog.d.ts(254,22): error TS2344: Type 'GlobalComponents' does not satisfy the constraint 'Record<string, Component<any, any, any, ComputedOptions, MethodOptions, {}, any>>'.
  Index signature for type 'string' is missing in type 'GlobalComponents'.
../../../node_modules/vuetify/lib/components/VDialog/VDialog.d.ts(295,18): error TS2344: Type 'GlobalComponents' does not satisfy the constraint 'Record<string, Component<any, any, any, ComputedOptions, MethodOptions, {}, any>>'.
  Index signature for type 'string' is missing in type 'GlobalComponents'.
../../../node_modules/vuetify/lib/components/VDialog/VDialog.d.ts(391,22): error TS2344: Type 'GlobalComponents' does not satisfy the constraint 'Record<string, Component<any, any, any, ComputedOptions, MethodOptions, {}, any>>'.
  Index signature for type 'string' is missing in type 'GlobalComponents'.
../../../node_modules/vuetify/lib/components/VDialog/VDialog.d.ts(432,18): error TS2344: Type 'GlobalComponents' does not satisfy the constraint 'Record<string, Component<any, any, any, ComputedOptions, MethodOptions, {}, any>>'.
  Index signature for type 'string' is missing in type 'GlobalComponents'.
../../../node_modules/vuetify/lib/components/VDialog/VDialog.d.ts(595,22): error TS2344: Type 'GlobalComponents' does not satisfy the constraint 'Record<string, Component<any, any, any, ComputedOptions, MethodOptions, {}, any>>'.
  Index signature for type 'string' is missing in type 'GlobalComponents'.
../../../node_modules/vuetify/lib/components/VDialog/VDialog.d.ts(636,18): error TS2344: Type 'GlobalComponents' does not satisfy the constraint 'Record<string, Component<any, any, any, ComputedOptions, MethodOptions, {}, any>>'.
  Index signature for type 'string' is missing in type 'GlobalComponents'.
../../../node_modules/vuetify/lib/components/VDialog/VDialog.d.ts(662,22): error TS2344: Type 'GlobalComponents' does not satisfy the constraint 'Record<string, Component<any, any, any, ComputedOptions, MethodOptions, {}, any>>'.
  Index signature for type 'string' is missing in type 'GlobalComponents'.
../../../node_modules/vuetify/lib/components/VDialog/VDialog.d.ts(703,18): error TS2344: Type 'GlobalComponents' does not satisfy the constraint 'Record<string, Component<any, any, any, ComputedOptions, MethodOptions, {}, any>>'.
  Index signature for type 'string' is missing in type 'GlobalComponents'.
../../../node_modules/vuetify/lib/components/VDialog/VDialog.d.ts(1580,10): error TS2344: Type 'GlobalComponents' does not satisfy the constraint 'Record<string, Component<any, any, any, ComputedOptions, MethodOptions, {}, any>>'.
  Index signature for type 'string' is missing in type 'GlobalComponents'.
../../../node_modules/vuetify/lib/components/VDialog/VDialog.d.ts(2982,6): error TS2344: Type 'GlobalComponents' does not satisfy the constraint 'Record<string, Component<any, any, any, ComputedOptions, MethodOptions, {}, any>>'.
  Index signature for type 'string' is missing in type 'GlobalComponents'.
../../../node_modules/vuetify/lib/components/VDivider/VDivider.d.ts(118,10): error TS2344: Type 'GlobalComponents' does not satisfy the constraint 'Record<string, Component<any, any, any, ComputedOptions, MethodOptions, {}, any>>'.
  Index signature for type 'string' is missing in type 'GlobalComponents'.
../../../node_modules/vuetify/lib/components/VDivider/VDivider.d.ts(195,6): error TS2344: Type 'GlobalComponents' does not satisfy the constraint 'Record<string, Component<any, any, any, ComputedOptions, MethodOptions, {}, any>>'.
  Index signature for type 'string' is missing in type 'GlobalComponents'.
../../../node_modules/vuetify/lib/components/VEmptyState/VEmptyState.d.ts(254,10): error TS2344: Type 'GlobalComponents' does not satisfy the constraint 'Record<string, Component<any, any, any, ComputedOptions, MethodOptions, {}, any>>'.
  Index signature for type 'string' is missing in type 'GlobalComponents'.
../../../node_modules/vuetify/lib/components/VEmptyState/VEmptyState.d.ts(428,6): error TS2344: Type 'GlobalComponents' does not satisfy the constraint 'Record<string, Component<any, any, any, ComputedOptions, MethodOptions, {}, any>>'.
  Index signature for type 'string' is missing in type 'GlobalComponents'.
../../../node_modules/vuetify/lib/components/VExpansionPanel/VExpansionPanel.d.ts(316,10): error TS2344: Type 'GlobalComponents' does not satisfy the constraint 'Record<string, Component<any, any, any, ComputedOptions, MethodOptions, {}, any>>'.
  Index signature for type 'string' is missing in type 'GlobalComponents'.
../../../node_modules/vuetify/lib/components/VExpansionPanel/VExpansionPanel.d.ts(491,6): error TS2344: Type 'GlobalComponents' does not satisfy the constraint 'Record<string, Component<any, any, any, ComputedOptions, MethodOptions, {}, any>>'.
  Index signature for type 'string' is missing in type 'GlobalComponents'.
../../../node_modules/vuetify/lib/components/VExpansionPanel/VExpansionPanels.d.ts(300,10): error TS2344: Type 'GlobalComponents' does not satisfy the constraint 'Record<string, Component<any, any, any, ComputedOptions, MethodOptions, {}, any>>'.
  Index signature for type 'string' is missing in type 'GlobalComponents'.
../../../node_modules/vuetify/lib/components/VExpansionPanel/VExpansionPanels.d.ts(431,6): error TS2344: Type 'GlobalComponents' does not satisfy the constraint 'Record<string, Component<any, any, any, ComputedOptions, MethodOptions, {}, any>>'.
  Index signature for type 'string' is missing in type 'GlobalComponents'.
../../../node_modules/vuetify/lib/components/VExpansionPanel/VExpansionPanelText.d.ts(49,10): error TS2344: Type 'GlobalComponents' does not satisfy the constraint 'Record<string, Component<any, any, any, ComputedOptions, MethodOptions, {}, any>>'.
  Index signature for type 'string' is missing in type 'GlobalComponents'.
../../../node_modules/vuetify/lib/components/VExpansionPanel/VExpansionPanelText.d.ts(102,6): error TS2344: Type 'GlobalComponents' does not satisfy the constraint 'Record<string, Component<any, any, any, ComputedOptions, MethodOptions, {}, any>>'.
  Index signature for type 'string' is missing in type 'GlobalComponents'.
../../../node_modules/vuetify/lib/components/VExpansionPanel/VExpansionPanelTitle.d.ts(202,10): error TS2344: Type 'GlobalComponents' does not satisfy the constraint 'Record<string, Component<any, any, any, ComputedOptions, MethodOptions, {}, any>>'.
  Index signature for type 'string' is missing in type 'GlobalComponents'.
../../../node_modules/vuetify/lib/components/VExpansionPanel/VExpansionPanelTitle.d.ts(318,6): error TS2344: Type 'GlobalComponents' does not satisfy the constraint 'Record<string, Component<any, any, any, ComputedOptions, MethodOptions, {}, any>>'.
  Index signature for type 'string' is missing in type 'GlobalComponents'.
../../../node_modules/vuetify/lib/components/VFab/VFab.d.ts(540,10): error TS2344: Type 'GlobalComponents' does not satisfy the constraint 'Record<string, Component<any, any, any, ComputedOptions, MethodOptions, {}, any>>'.
  Index signature for type 'string' is missing in type 'GlobalComponents'.
../../../node_modules/vuetify/lib/components/VFab/VFab.d.ts(771,6): error TS2344: Type 'GlobalComponents' does not satisfy the constraint 'Record<string, Component<any, any, any, ComputedOptions, MethodOptions, {}, any>>'.
  Index signature for type 'string' is missing in type 'GlobalComponents'.
../../../node_modules/vuetify/lib/components/VField/VField.d.ts(309,10): error TS2344: Type 'GlobalComponents' does not satisfy the constraint 'Record<string, Component<any, any, any, ComputedOptions, MethodOptions, {}, any>>'.
  Index signature for type 'string' is missing in type 'GlobalComponents'.
../../../node_modules/vuetify/lib/components/VField/VField.d.ts(467,6): error TS2344: Type 'GlobalComponents' does not satisfy the constraint 'Record<string, Component<any, any, any, ComputedOptions, MethodOptions, {}, any>>'.
  Index signature for type 'string' is missing in type 'GlobalComponents'.
../../../node_modules/vuetify/lib/components/VField/VFieldLabel.d.ts(49,10): error TS2344: Type 'GlobalComponents' does not satisfy the constraint 'Record<string, Component<any, any, any, ComputedOptions, MethodOptions, {}, any>>'.
  Index signature for type 'string' is missing in type 'GlobalComponents'.
../../../node_modules/vuetify/lib/components/VField/VFieldLabel.d.ts(102,6): error TS2344: Type 'GlobalComponents' does not satisfy the constraint 'Record<string, Component<any, any, any, ComputedOptions, MethodOptions, {}, any>>'.
  Index signature for type 'string' is missing in type 'GlobalComponents'.
../../../node_modules/vuetify/lib/components/VFileInput/VFileInput.d.ts(1254,10): error TS2344: Type 'GlobalComponents' does not satisfy the constraint 'Record<string, Component<any, any, any, ComputedOptions, MethodOptions, {}, any>>'.
  Index signature for type 'string' is missing in type 'GlobalComponents'.
../../../node_modules/vuetify/lib/components/VFileInput/VFileInput.d.ts(2745,6): error TS2344: Type 'GlobalComponents' does not satisfy the constraint 'Record<string, Component<any, any, any, ComputedOptions, MethodOptions, {}, any>>'.
  Index signature for type 'string' is missing in type 'GlobalComponents'.
../../../node_modules/vuetify/lib/components/VFileUpload/VFileUpload.d.ts(1905,10): error TS2344: Type 'GlobalComponents' does not satisfy the constraint 'Record<string, Component<any, any, any, ComputedOptions, MethodOptions, {}, any>>'.
  Index signature for type 'string' is missing in type 'GlobalComponents'.
../../../node_modules/vuetify/lib/components/VFileUpload/VFileUpload.d.ts(4906,6): error TS2344: Type 'GlobalComponents' does not satisfy the constraint 'Record<string, Component<any, any, any, ComputedOptions, MethodOptions, {}, any>>'.
  Index signature for type 'string' is missing in type 'GlobalComponents'.
../../../node_modules/vuetify/lib/components/VFileUpload/VFileUploadDropzone.d.ts(705,10): error TS2344: Type 'GlobalComponents' does not satisfy the constraint 'Record<string, Component<any, any, any, ComputedOptions, MethodOptions, {}, any>>'.
  Index signature for type 'string' is missing in type 'GlobalComponents'.
../../../node_modules/vuetify/lib/components/VFileUpload/VFileUploadDropzone.d.ts(1413,6): error TS2344: Type 'GlobalComponents' does not satisfy the constraint 'Record<string, Component<any, any, any, ComputedOptions, MethodOptions, {}, any>>'.
  Index signature for type 'string' is missing in type 'GlobalComponents'.
../../../node_modules/vuetify/lib/components/VFileUpload/VFileUploadItem.d.ts(530,10): error TS2344: Type 'GlobalComponents' does not satisfy the constraint 'Record<string, Component<any, any, any, ComputedOptions, MethodOptions, {}, any>>'.
  Index signature for type 'string' is missing in type 'GlobalComponents'.
../../../node_modules/vuetify/lib/components/VFileUpload/VFileUploadItem.d.ts(807,6): error TS2344: Type 'GlobalComponents' does not satisfy the constraint 'Record<string, Component<any, any, any, ComputedOptions, MethodOptions, {}, any>>'.
  Index signature for type 'string' is missing in type 'GlobalComponents'.
../../../node_modules/vuetify/lib/components/VFileUpload/VFileUploadList.d.ts(632,10): error TS2344: Type 'GlobalComponents' does not satisfy the constraint 'Record<string, Component<any, any, any, ComputedOptions, MethodOptions, {}, any>>'.
  Index signature for type 'string' is missing in type 'GlobalComponents'.
../../../node_modules/vuetify/lib/components/VFileUpload/VFileUploadList.d.ts(934,6): error TS2344: Type 'GlobalComponents' does not satisfy the constraint 'Record<string, Component<any, any, any, ComputedOptions, MethodOptions, {}, any>>'.
  Index signature for type 'string' is missing in type 'GlobalComponents'.
../../../node_modules/vuetify/lib/components/VFooter/VFooter.d.ts(174,10): error TS2344: Type 'GlobalComponents' does not satisfy the constraint 'Record<string, Component<any, any, any, ComputedOptions, MethodOptions, {}, any>>'.
  Index signature for type 'string' is missing in type 'GlobalComponents'.
../../../node_modules/vuetify/lib/components/VFooter/VFooter.d.ts(263,6): error TS2344: Type 'GlobalComponents' does not satisfy the constraint 'Record<string, Component<any, any, any, ComputedOptions, MethodOptions, {}, any>>'.
  Index signature for type 'string' is missing in type 'GlobalComponents'.
../../../node_modules/vuetify/lib/components/VForm/VForm.d.ts(228,10): error TS2344: Type 'GlobalComponents' does not satisfy the constraint 'Record<string, Component<any, any, any, ComputedOptions, MethodOptions, {}, any>>'.
  Index signature for type 'string' is missing in type 'GlobalComponents'.
../../../node_modules/vuetify/lib/components/VForm/VForm.d.ts(560,6): error TS2344: Type 'GlobalComponents' does not satisfy the constraint 'Record<string, Component<any, any, any, ComputedOptions, MethodOptions, {}, any>>'.
  Index signature for type 'string' is missing in type 'GlobalComponents'.
../../../node_modules/vuetify/lib/components/VGrid/VCol.d.ts(309,10): error TS2344: Type 'GlobalComponents' does not satisfy the constraint 'Record<string, Component<any, any, any, ComputedOptions, MethodOptions, {}, any>>'.
  Index signature for type 'string' is missing in type 'GlobalComponents'.
../../../node_modules/vuetify/lib/components/VGrid/VCol.d.ts(442,6): error TS2344: Type 'GlobalComponents' does not satisfy the constraint 'Record<string, Component<any, any, any, ComputedOptions, MethodOptions, {}, any>>'.
  Index signature for type 'string' is missing in type 'GlobalComponents'.
../../../node_modules/vuetify/lib/components/VGrid/VContainer.d.ts(105,10): error TS2344: Type 'GlobalComponents' does not satisfy the constraint 'Record<string, Component<any, any, any, ComputedOptions, MethodOptions, {}, any>>'.
  Index signature for type 'string' is missing in type 'GlobalComponents'.
../../../node_modules/vuetify/lib/components/VGrid/VContainer.d.ts(174,6): error TS2344: Type 'GlobalComponents' does not satisfy the constraint 'Record<string, Component<any, any, any, ComputedOptions, MethodOptions, {}, any>>'.
  Index signature for type 'string' is missing in type 'GlobalComponents'.
../../../node_modules/vuetify/lib/components/VGrid/VRow.d.ts(373,10): error TS2344: Type 'GlobalComponents' does not satisfy the constraint 'Record<string, Component<any, any, any, ComputedOptions, MethodOptions, {}, any>>'.
  Index signature for type 'string' is missing in type 'GlobalComponents'.
../../../node_modules/vuetify/lib/components/VGrid/VRow.d.ts(518,6): error TS2344: Type 'GlobalComponents' does not satisfy the constraint 'Record<string, Component<any, any, any, ComputedOptions, MethodOptions, {}, any>>'.
  Index signature for type 'string' is missing in type 'GlobalComponents'.
../../../node_modules/vuetify/lib/components/VGrid/VSpacer.d.ts(28,10): error TS2344: Type 'GlobalComponents' does not satisfy the constraint 'Record<string, Component<any, any, any, ComputedOptions, MethodOptions, {}, any>>'.
  Index signature for type 'string' is missing in type 'GlobalComponents'.
../../../node_modules/vuetify/lib/components/VGrid/VSpacer.d.ts(85,6): error TS2344: Type 'GlobalComponents' does not satisfy the constraint 'Record<string, Component<any, any, any, ComputedOptions, MethodOptions, {}, any>>'.
  Index signature for type 'string' is missing in type 'GlobalComponents'.
../../../node_modules/vuetify/lib/components/VHotkey/VHotkey.d.ts(233,10): error TS2344: Type 'GlobalComponents' does not satisfy the constraint 'Record<string, Component<any, any, any, ComputedOptions, MethodOptions, {}, any>>'.
  Index signature for type 'string' is missing in type 'GlobalComponents'.
../../../node_modules/vuetify/lib/components/VHotkey/VHotkey.d.ts(330,6): error TS2344: Type 'GlobalComponents' does not satisfy the constraint 'Record<string, Component<any, any, any, ComputedOptions, MethodOptions, {}, any>>'.
  Index signature for type 'string' is missing in type 'GlobalComponents'.
../../../node_modules/vuetify/lib/components/VHover/VHover.d.ts(76,10): error TS2344: Type 'GlobalComponents' does not satisfy the constraint 'Record<string, Component<any, any, any, ComputedOptions, MethodOptions, {}, any>>'.
  Index signature for type 'string' is missing in type 'GlobalComponents'.
../../../node_modules/vuetify/lib/components/VHover/VHover.d.ts(168,6): error TS2344: Type 'GlobalComponents' does not satisfy the constraint 'Record<string, Component<any, any, any, ComputedOptions, MethodOptions, {}, any>>'.
  Index signature for type 'string' is missing in type 'GlobalComponents'.
../../../node_modules/vuetify/lib/components/VIcon/VIcon.d.ts(121,10): error TS2344: Type 'GlobalComponents' does not satisfy the constraint 'Record<string, Component<any, any, any, ComputedOptions, MethodOptions, {}, any>>'.
  Index signature for type 'string' is missing in type 'GlobalComponents'.
../../../node_modules/vuetify/lib/components/VIcon/VIcon.d.ts(198,6): error TS2344: Type 'GlobalComponents' does not satisfy the constraint 'Record<string, Component<any, any, any, ComputedOptions, MethodOptions, {}, any>>'.
  Index signature for type 'string' is missing in type 'GlobalComponents'.
../../../node_modules/vuetify/lib/components/VIconBtn/VIconBtn.d.ts(329,10): error TS2344: Type 'GlobalComponents' does not satisfy the constraint 'Record<string, Component<any, any, any, ComputedOptions, MethodOptions, {}, any>>'.
  Index signature for type 'string' is missing in type 'GlobalComponents'.
../../../node_modules/vuetify/lib/components/VIconBtn/VIconBtn.d.ts(479,6): error TS2344: Type 'GlobalComponents' does not satisfy the constraint 'Record<string, Component<any, any, any, ComputedOptions, MethodOptions, {}, any>>'.
  Index signature for type 'string' is missing in type 'GlobalComponents'.
../../../node_modules/vuetify/lib/components/VImg/VImg.d.ts(309,10): error TS2344: Type 'GlobalComponents' does not satisfy the constraint 'Record<string, Component<any, any, any, ComputedOptions, MethodOptions, {}, any>>'.
  Index signature for type 'string' is missing in type 'GlobalComponents'.
../../../node_modules/vuetify/lib/components/VImg/VImg.d.ts(487,6): error TS2344: Type 'GlobalComponents' does not satisfy the constraint 'Record<string, Component<any, any, any, ComputedOptions, MethodOptions, {}, any>>'.
  Index signature for type 'string' is missing in type 'GlobalComponents'.
../../../node_modules/vuetify/lib/components/VInfiniteScroll/VInfiniteScroll.d.ts(135,53): error TS2344: Type 'GlobalComponents' does not satisfy the constraint 'Record<string, Component<any, any, any, ComputedOptions, MethodOptions, {}, any>>'.
  Index signature for type 'string' is missing in type 'GlobalComponents'.
../../../node_modules/vuetify/lib/components/VInfiniteScroll/VInfiniteScroll.d.ts(164,32): error TS2344: Type 'GlobalComponents' does not satisfy the constraint 'Record<string, Component<any, any, any, ComputedOptions, MethodOptions, {}, any>>'.
  Index signature for type 'string' is missing in type 'GlobalComponents'.
../../../node_modules/vuetify/lib/components/VInfiniteScroll/VInfiniteScroll.d.ts(252,10): error TS2344: Type 'GlobalComponents' does not satisfy the constraint 'Record<string, Component<any, any, any, ComputedOptions, MethodOptions, {}, any>>'.
  Index signature for type 'string' is missing in type 'GlobalComponents'.
../../../node_modules/vuetify/lib/components/VInfiniteScroll/VInfiniteScroll.d.ts(390,6): error TS2344: Type 'GlobalComponents' does not satisfy the constraint 'Record<string, Component<any, any, any, ComputedOptions, MethodOptions, {}, any>>'.
  Index signature for type 'string' is missing in type 'GlobalComponents'.
../../../node_modules/vuetify/lib/components/VInput/VInput.d.ts(378,10): error TS2344: Type 'GlobalComponents' does not satisfy the constraint 'Record<string, Component<any, any, any, ComputedOptions, MethodOptions, {}, any>>'.
  Index signature for type 'string' is missing in type 'GlobalComponents'.
../../../node_modules/vuetify/lib/components/VInput/VInput.d.ts(533,6): error TS2344: Type 'GlobalComponents' does not satisfy the constraint 'Record<string, Component<any, any, any, ComputedOptions, MethodOptions, {}, any>>'.
  Index signature for type 'string' is missing in type 'GlobalComponents'.
../../../node_modules/vuetify/lib/components/VItemGroup/VItem.d.ts(69,10): error TS2344: Type 'GlobalComponents' does not satisfy the constraint 'Record<string, Component<any, any, any, ComputedOptions, MethodOptions, {}, any>>'.
  Index signature for type 'string' is missing in type 'GlobalComponents'.
../../../node_modules/vuetify/lib/components/VItemGroup/VItem.d.ts(199,6): error TS2344: Type 'GlobalComponents' does not satisfy the constraint 'Record<string, Component<any, any, any, ComputedOptions, MethodOptions, {}, any>>'.
  Index signature for type 'string' is missing in type 'GlobalComponents'.
../../../node_modules/vuetify/lib/components/VItemGroup/VItemGroup.d.ts(120,10): error TS2344: Type 'GlobalComponents' does not satisfy the constraint 'Record<string, Component<any, any, any, ComputedOptions, MethodOptions, {}, any>>'.
  Index signature for type 'string' is missing in type 'GlobalComponents'.
../../../node_modules/vuetify/lib/components/VItemGroup/VItemGroup.d.ts(177,6): error TS2344: Type 'GlobalComponents' does not satisfy the constraint 'Record<string, Component<any, any, any, ComputedOptions, MethodOptions, {}, any>>'.
  Index signature for type 'string' is missing in type 'GlobalComponents'.
../../../node_modules/vuetify/lib/components/VKbd/VKbd.d.ts(124,10): error TS2344: Type 'GlobalComponents' does not satisfy the constraint 'Record<string, Component<any, any, any, ComputedOptions, MethodOptions, {}, any>>'.
  Index signature for type 'string' is missing in type 'GlobalComponents'.
../../../node_modules/vuetify/lib/components/VKbd/VKbd.d.ts(195,6): error TS2344: Type 'GlobalComponents' does not satisfy the constraint 'Record<string, Component<any, any, any, ComputedOptions, MethodOptions, {}, any>>'.
  Index signature for type 'string' is missing in type 'GlobalComponents'.
../../../node_modules/vuetify/lib/components/VLabel/VLabel.d.ts(61,10): error TS2344: Type 'GlobalComponents' does not satisfy the constraint 'Record<string, Component<any, any, any, ComputedOptions, MethodOptions, {}, any>>'.
  Index signature for type 'string' is missing in type 'GlobalComponents'.
../../../node_modules/vuetify/lib/components/VLabel/VLabel.d.ts(116,6): error TS2344: Type 'GlobalComponents' does not satisfy the constraint 'Record<string, Component<any, any, any, ComputedOptions, MethodOptions, {}, any>>'.
  Index signature for type 'string' is missing in type 'GlobalComponents'.
../../../node_modules/vuetify/lib/components/VLayout/VLayout.d.ts(111,10): error TS2344: Type 'GlobalComponents' does not satisfy the constraint 'Record<string, Component<any, any, any, ComputedOptions, MethodOptions, {}, any>>'.
  Index signature for type 'string' is missing in type 'GlobalComponents'.
../../../node_modules/vuetify/lib/components/VLayout/VLayout.d.ts(216,6): error TS2344: Type 'GlobalComponents' does not satisfy the constraint 'Record<string, Component<any, any, any, ComputedOptions, MethodOptions, {}, any>>'.
  Index signature for type 'string' is missing in type 'GlobalComponents'.
../../../node_modules/vuetify/lib/components/VLayout/VLayoutItem.d.ts(106,10): error TS2344: Type 'GlobalComponents' does not satisfy the constraint 'Record<string, Component<any, any, any, ComputedOptions, MethodOptions, {}, any>>'.
  Index signature for type 'string' is missing in type 'GlobalComponents'.
../../../node_modules/vuetify/lib/components/VLayout/VLayoutItem.d.ts(175,6): error TS2344: Type 'GlobalComponents' does not satisfy the constraint 'Record<string, Component<any, any, any, ComputedOptions, MethodOptions, {}, any>>'.
  Index signature for type 'string' is missing in type 'GlobalComponents'.
../../../node_modules/vuetify/lib/components/VLazy/VLazy.d.ts(157,10): error TS2344: Type 'GlobalComponents' does not satisfy the constraint 'Record<string, Component<any, any, any, ComputedOptions, MethodOptions, {}, any>>'.
  Index signature for type 'string' is missing in type 'GlobalComponents'.
../../../node_modules/vuetify/lib/components/VLazy/VLazy.d.ts(248,6): error TS2344: Type 'GlobalComponents' does not satisfy the constraint 'Record<string, Component<any, any, any, ComputedOptions, MethodOptions, {}, any>>'.
  Index signature for type 'string' is missing in type 'GlobalComponents'.
../../../node_modules/vuetify/lib/components/VList/VList.d.ts(594,10): error TS2344: Type 'GlobalComponents' does not satisfy the constraint 'Record<string, Component<any, any, any, ComputedOptions, MethodOptions, {}, any>>'.
  Index signature for type 'string' is missing in type 'GlobalComponents'.
../../../node_modules/vuetify/lib/components/VList/VList.d.ts(837,6): error TS2344: Type 'GlobalComponents' does not satisfy the constraint 'Record<string, Component<any, any, any, ComputedOptions, MethodOptions, {}, any>>'.
  Index signature for type 'string' is missing in type 'GlobalComponents'.
../../../node_modules/vuetify/lib/components/VList/VListChildren.d.ts(88,10): error TS2344: Type 'GlobalComponents' does not satisfy the constraint 'Record<string, Component<any, any, any, ComputedOptions, MethodOptions, {}, any>>'.
  Index signature for type 'string' is missing in type 'GlobalComponents'.
../../../node_modules/vuetify/lib/components/VList/VListChildren.d.ts(149,6): error TS2344: Type 'GlobalComponents' does not satisfy the constraint 'Record<string, Component<any, any, any, ComputedOptions, MethodOptions, {}, any>>'.
  Index signature for type 'string' is missing in type 'GlobalComponents'.
../../../node_modules/vuetify/lib/components/VList/VListGroup.d.ts(178,10): error TS2344: Type 'GlobalComponents' does not satisfy the constraint 'Record<string, Component<any, any, any, ComputedOptions, MethodOptions, {}, any>>'.
  Index signature for type 'string' is missing in type 'GlobalComponents'.
../../../node_modules/vuetify/lib/components/VList/VListGroup.d.ts(301,6): error TS2344: Type 'GlobalComponents' does not satisfy the constraint 'Record<string, Component<any, any, any, ComputedOptions, MethodOptions, {}, any>>'.
  Index signature for type 'string' is missing in type 'GlobalComponents'.
../../../node_modules/vuetify/lib/components/VList/VListImg.d.ts(27,10): error TS2344: Type 'GlobalComponents' does not satisfy the constraint 'Record<string, Component<any, any, any, ComputedOptions, MethodOptions, {}, any>>'.
  Index signature for type 'string' is missing in type 'GlobalComponents'.
../../../node_modules/vuetify/lib/components/VList/VListImg.d.ts(84,6): error TS2344: Type 'GlobalComponents' does not satisfy the constraint 'Record<string, Component<any, any, any, ComputedOptions, MethodOptions, {}, any>>'.
  Index signature for type 'string' is missing in type 'GlobalComponents'.
../../../node_modules/vuetify/lib/components/VList/VListItem.d.ts(498,10): error TS2344: Type 'GlobalComponents' does not satisfy the constraint 'Record<string, Component<any, any, any, ComputedOptions, MethodOptions, {}, any>>'.
  Index signature for type 'string' is missing in type 'GlobalComponents'.
../../../node_modules/vuetify/lib/components/VList/VListItem.d.ts(789,6): error TS2344: Type 'GlobalComponents' does not satisfy the constraint 'Record<string, Component<any, any, any, ComputedOptions, MethodOptions, {}, any>>'.
  Index signature for type 'string' is missing in type 'GlobalComponents'.
../../../node_modules/vuetify/lib/components/VList/VListItemAction.d.ts(69,10): error TS2344: Type 'GlobalComponents' does not satisfy the constraint 'Record<string, Component<any, any, any, ComputedOptions, MethodOptions, {}, any>>'.
  Index signature for type 'string' is missing in type 'GlobalComponents'.
../../../node_modules/vuetify/lib/components/VList/VListItemAction.d.ts(130,6): error TS2344: Type 'GlobalComponents' does not satisfy the constraint 'Record<string, Component<any, any, any, ComputedOptions, MethodOptions, {}, any>>'.
  Index signature for type 'string' is missing in type 'GlobalComponents'.
../../../node_modules/vuetify/lib/components/VList/VListItemMedia.d.ts(69,10): error TS2344: Type 'GlobalComponents' does not satisfy the constraint 'Record<string, Component<any, any, any, ComputedOptions, MethodOptions, {}, any>>'.
  Index signature for type 'string' is missing in type 'GlobalComponents'.
../../../node_modules/vuetify/lib/components/VList/VListItemMedia.d.ts(130,6): error TS2344: Type 'GlobalComponents' does not satisfy the constraint 'Record<string, Component<any, any, any, ComputedOptions, MethodOptions, {}, any>>'.
  Index signature for type 'string' is missing in type 'GlobalComponents'.
../../../node_modules/vuetify/lib/components/VList/VListItemSubtitle.d.ts(61,10): error TS2344: Type 'GlobalComponents' does not satisfy the constraint 'Record<string, Component<any, any, any, ComputedOptions, MethodOptions, {}, any>>'.
  Index signature for type 'string' is missing in type 'GlobalComponents'.
../../../node_modules/vuetify/lib/components/VList/VListItemSubtitle.d.ts(116,6): error TS2344: Type 'GlobalComponents' does not satisfy the constraint 'Record<string, Component<any, any, any, ComputedOptions, MethodOptions, {}, any>>'.
  Index signature for type 'string' is missing in type 'GlobalComponents'.
../../../node_modules/vuetify/lib/components/VList/VListItemTitle.d.ts(27,10): error TS2344: Type 'GlobalComponents' does not satisfy the constraint 'Record<string, Component<any, any, any, ComputedOptions, MethodOptions, {}, any>>'.
  Index signature for type 'string' is missing in type 'GlobalComponents'.
../../../node_modules/vuetify/lib/components/VList/VListItemTitle.d.ts(84,6): error TS2344: Type 'GlobalComponents' does not satisfy the constraint 'Record<string, Component<any, any, any, ComputedOptions, MethodOptions, {}, any>>'.
  Index signature for type 'string' is missing in type 'GlobalComponents'.
../../../node_modules/vuetify/lib/components/VList/VListSubheader.d.ts(81,10): error TS2344: Type 'GlobalComponents' does not satisfy the constraint 'Record<string, Component<any, any, any, ComputedOptions, MethodOptions, {}, any>>'.
  Index signature for type 'string' is missing in type 'GlobalComponents'.
../../../node_modules/vuetify/lib/components/VList/VListSubheader.d.ts(146,6): error TS2344: Type 'GlobalComponents' does not satisfy the constraint 'Record<string, Component<any, any, any, ComputedOptions, MethodOptions, {}, any>>'.
  Index signature for type 'string' is missing in type 'GlobalComponents'.
../../../node_modules/vuetify/lib/components/VLocaleProvider/VLocaleProvider.d.ts(74,10): error TS2344: Type 'GlobalComponents' does not satisfy the constraint 'Record<string, Component<any, any, any, ComputedOptions, MethodOptions, {}, any>>'.
  Index signature for type 'string' is missing in type 'GlobalComponents'.
../../../node_modules/vuetify/lib/components/VLocaleProvider/VLocaleProvider.d.ts(133,6): error TS2344: Type 'GlobalComponents' does not satisfy the constraint 'Record<string, Component<any, any, any, ComputedOptions, MethodOptions, {}, any>>'.
  Index signature for type 'string' is missing in type 'GlobalComponents'.
../../../node_modules/vuetify/lib/components/VMain/VMain.d.ts(105,10): error TS2344: Type 'GlobalComponents' does not satisfy the constraint 'Record<string, Component<any, any, any, ComputedOptions, MethodOptions, {}, any>>'.
  Index signature for type 'string' is missing in type 'GlobalComponents'.
../../../node_modules/vuetify/lib/components/VMain/VMain.d.ts(174,6): error TS2344: Type 'GlobalComponents' does not satisfy the constraint 'Record<string, Component<any, any, any, ComputedOptions, MethodOptions, {}, any>>'.
  Index signature for type 'string' is missing in type 'GlobalComponents'.
../../../node_modules/vuetify/lib/components/VMenu/VMenu.d.ts(254,22): error TS2344: Type 'GlobalComponents' does not satisfy the constraint 'Record<string, Component<any, any, any, ComputedOptions, MethodOptions, {}, any>>'.
  Index signature for type 'string' is missing in type 'GlobalComponents'.
../../../node_modules/vuetify/lib/components/VMenu/VMenu.d.ts(295,18): error TS2344: Type 'GlobalComponents' does not satisfy the constraint 'Record<string, Component<any, any, any, ComputedOptions, MethodOptions, {}, any>>'.
  Index signature for type 'string' is missing in type 'GlobalComponents'.
../../../node_modules/vuetify/lib/components/VMenu/VMenu.d.ts(391,22): error TS2344: Type 'GlobalComponents' does not satisfy the constraint 'Record<string, Component<any, any, any, ComputedOptions, MethodOptions, {}, any>>'.
  Index signature for type 'string' is missing in type 'GlobalComponents'.
../../../node_modules/vuetify/lib/components/VMenu/VMenu.d.ts(432,18): error TS2344: Type 'GlobalComponents' does not satisfy the constraint 'Record<string, Component<any, any, any, ComputedOptions, MethodOptions, {}, any>>'.
  Index signature for type 'string' is missing in type 'GlobalComponents'.
../../../node_modules/vuetify/lib/components/VMenu/VMenu.d.ts(595,22): error TS2344: Type 'GlobalComponents' does not satisfy the constraint 'Record<string, Component<any, any, any, ComputedOptions, MethodOptions, {}, any>>'.
  Index signature for type 'string' is missing in type 'GlobalComponents'.
../../../node_modules/vuetify/lib/components/VMenu/VMenu.d.ts(636,18): error TS2344: Type 'GlobalComponents' does not satisfy the constraint 'Record<string, Component<any, any, any, ComputedOptions, MethodOptions, {}, any>>'.
  Index signature for type 'string' is missing in type 'GlobalComponents'.
../../../node_modules/vuetify/lib/components/VMenu/VMenu.d.ts(662,22): error TS2344: Type 'GlobalComponents' does not satisfy the constraint 'Record<string, Component<any, any, any, ComputedOptions, MethodOptions, {}, any>>'.
  Index signature for type 'string' is missing in type 'GlobalComponents'.
../../../node_modules/vuetify/lib/components/VMenu/VMenu.d.ts(703,18): error TS2344: Type 'GlobalComponents' does not satisfy the constraint 'Record<string, Component<any, any, any, ComputedOptions, MethodOptions, {}, any>>'.
  Index signature for type 'string' is missing in type 'GlobalComponents'.
../../../node_modules/vuetify/lib/components/VMenu/VMenu.d.ts(1613,10): error TS2344: Type 'GlobalComponents' does not satisfy the constraint 'Record<string, Component<any, any, any, ComputedOptions, MethodOptions, {}, any>>'.
  Index signature for type 'string' is missing in type 'GlobalComponents'.
../../../node_modules/vuetify/lib/components/VMenu/VMenu.d.ts(3031,6): error TS2344: Type 'GlobalComponents' does not satisfy the constraint 'Record<string, Component<any, any, any, ComputedOptions, MethodOptions, {}, any>>'.
  Index signature for type 'string' is missing in type 'GlobalComponents'.
../../../node_modules/vuetify/lib/components/VMessages/VMessages.d.ts(149,10): error TS2344: Type 'GlobalComponents' does not satisfy the constraint 'Record<string, Component<any, any, any, ComputedOptions, MethodOptions, {}, any>>'.
  Index signature for type 'string' is missing in type 'GlobalComponents'.
../../../node_modules/vuetify/lib/components/VMessages/VMessages.d.ts(236,6): error TS2344: Type 'GlobalComponents' does not satisfy the constraint 'Record<string, Component<any, any, any, ComputedOptions, MethodOptions, {}, any>>'.
  Index signature for type 'string' is missing in type 'GlobalComponents'.
../../../node_modules/vuetify/lib/components/VNavigationDrawer/VNavigationDrawer.d.ts(391,10): error TS2344: Type 'GlobalComponents' does not satisfy the constraint 'Record<string, Component<any, any, any, ComputedOptions, MethodOptions, {}, any>>'.
  Index signature for type 'string' is missing in type 'GlobalComponents'.
../../../node_modules/vuetify/lib/components/VNavigationDrawer/VNavigationDrawer.d.ts(592,6): error TS2344: Type 'GlobalComponents' does not satisfy the constraint 'Record<string, Component<any, any, any, ComputedOptions, MethodOptions, {}, any>>'.
  Index signature for type 'string' is missing in type 'GlobalComponents'.
../../../node_modules/vuetify/lib/components/VNumberInput/VNumberInput.d.ts(2461,10): error TS2344: Type 'GlobalComponents' does not satisfy the constraint 'Record<string, Component<any, any, any, ComputedOptions, MethodOptions, {}, any>>'.
  Index signature for type 'string' is missing in type 'GlobalComponents'.
../../../node_modules/vuetify/lib/components/VNumberInput/VNumberInput.d.ts(7331,6): error TS2344: Type 'GlobalComponents' does not satisfy the constraint 'Record<string, Component<any, any, any, ComputedOptions, MethodOptions, {}, any>>'.
  Index signature for type 'string' is missing in type 'GlobalComponents'.
../../../node_modules/vuetify/lib/components/VOtpInput/VOtpField.d.ts(33,10): error TS2344: Type 'GlobalComponents' does not satisfy the constraint 'Record<string, Component<any, any, any, ComputedOptions, MethodOptions, {}, any>>'.
  Index signature for type 'string' is missing in type 'GlobalComponents'.
../../../node_modules/vuetify/lib/components/VOtpInput/VOtpField.d.ts(74,6): error TS2344: Type 'GlobalComponents' does not satisfy the constraint 'Record<string, Component<any, any, any, ComputedOptions, MethodOptions, {}, any>>'.
  Index signature for type 'string' is missing in type 'GlobalComponents'.
../../../node_modules/vuetify/lib/components/VOtpInput/VOtpGroup.d.ts(34,10): error TS2344: Type 'GlobalComponents' does not satisfy the constraint 'Record<string, Component<any, any, any, ComputedOptions, MethodOptions, {}, any>>'.
  Index signature for type 'string' is missing in type 'GlobalComponents'.
../../../node_modules/vuetify/lib/components/VOtpInput/VOtpGroup.d.ts(77,6): error TS2344: Type 'GlobalComponents' does not satisfy the constraint 'Record<string, Component<any, any, any, ComputedOptions, MethodOptions, {}, any>>'.
  Index signature for type 'string' is missing in type 'GlobalComponents'.
../../../node_modules/vuetify/lib/components/VOtpInput/VOtpInput.d.ts(350,10): error TS2344: Type 'GlobalComponents' does not satisfy the constraint 'Record<string, Component<any, any, any, ComputedOptions, MethodOptions, {}, any>>'.
  Index signature for type 'string' is missing in type 'GlobalComponents'.
../../../node_modules/vuetify/lib/components/VOtpInput/VOtpInput.d.ts(554,6): error TS2344: Type 'GlobalComponents' does not satisfy the constraint 'Record<string, Component<any, any, any, ComputedOptions, MethodOptions, {}, any>>'.
  Index signature for type 'string' is missing in type 'GlobalComponents'.
../../../node_modules/vuetify/lib/components/VOtpInput/VOtpSeparator.d.ts(27,10): error TS2344: Type 'GlobalComponents' does not satisfy the constraint 'Record<string, Component<any, any, any, ComputedOptions, MethodOptions, {}, any>>'.
  Index signature for type 'string' is missing in type 'GlobalComponents'.
../../../node_modules/vuetify/lib/components/VOtpInput/VOtpSeparator.d.ts(84,6): error TS2344: Type 'GlobalComponents' does not satisfy the constraint 'Record<string, Component<any, any, any, ComputedOptions, MethodOptions, {}, any>>'.
  Index signature for type 'string' is missing in type 'GlobalComponents'.
../../../node_modules/vuetify/lib/components/VOverlay/VOverlay.d.ts(457,10): error TS2344: Type 'GlobalComponents' does not satisfy the constraint 'Record<string, Component<any, any, any, ComputedOptions, MethodOptions, {}, any>>'.
  Index signature for type 'string' is missing in type 'GlobalComponents'.
../../../node_modules/vuetify/lib/components/VOverlay/VOverlay.d.ts(737,6): error TS2344: Type 'GlobalComponents' does not satisfy the constraint 'Record<string, Component<any, any, any, ComputedOptions, MethodOptions, {}, any>>'.
  Index signature for type 'string' is missing in type 'GlobalComponents'.
../../../node_modules/vuetify/lib/components/VPagination/VPagination.d.ts(460,10): error TS2344: Type 'GlobalComponents' does not satisfy the constraint 'Record<string, Component<any, any, any, ComputedOptions, MethodOptions, {}, any>>'.
  Index signature for type 'string' is missing in type 'GlobalComponents'.
../../../node_modules/vuetify/lib/components/VPagination/VPagination.d.ts(669,6): error TS2344: Type 'GlobalComponents' does not satisfy the constraint 'Record<string, Component<any, any, any, ComputedOptions, MethodOptions, {}, any>>'.
  Index signature for type 'string' is missing in type 'GlobalComponents'.
../../../node_modules/vuetify/lib/components/VParallax/VParallax.d.ts(74,10): error TS2344: Type 'GlobalComponents' does not satisfy the constraint 'Record<string, Component<any, any, any, ComputedOptions, MethodOptions, {}, any>>'.
  Index signature for type 'string' is missing in type 'GlobalComponents'.
../../../node_modules/vuetify/lib/components/VParallax/VParallax.d.ts(154,6): error TS2344: Type 'GlobalComponents' does not satisfy the constraint 'Record<string, Component<any, any, any, ComputedOptions, MethodOptions, {}, any>>'.
  Index signature for type 'string' is missing in type 'GlobalComponents'.
../../../node_modules/vuetify/lib/components/VPicker/VPicker.d.ts(236,10): error TS2344: Type 'GlobalComponents' does not satisfy the constraint 'Record<string, Component<any, any, any, ComputedOptions, MethodOptions, {}, any>>'.
  Index signature for type 'string' is missing in type 'GlobalComponents'.
../../../node_modules/vuetify/lib/components/VPicker/VPicker.d.ts(370,6): error TS2344: Type 'GlobalComponents' does not satisfy the constraint 'Record<string, Component<any, any, any, ComputedOptions, MethodOptions, {}, any>>'.
  Index signature for type 'string' is missing in type 'GlobalComponents'.
../../../node_modules/vuetify/lib/components/VPicker/VPickerTitle.d.ts(27,10): error TS2344: Type 'GlobalComponents' does not satisfy the constraint 'Record<string, Component<any, any, any, ComputedOptions, MethodOptions, {}, any>>'.
  Index signature for type 'string' is missing in type 'GlobalComponents'.
../../../node_modules/vuetify/lib/components/VPicker/VPickerTitle.d.ts(84,6): error TS2344: Type 'GlobalComponents' does not satisfy the constraint 'Record<string, Component<any, any, any, ComputedOptions, MethodOptions, {}, any>>'.
  Index signature for type 'string' is missing in type 'GlobalComponents'.
../../../node_modules/vuetify/lib/components/VProgressCircular/VProgressCircular.d.ts(214,10): error TS2344: Type 'GlobalComponents' does not satisfy the constraint 'Record<string, Component<any, any, any, ComputedOptions, MethodOptions, {}, any>>'.
  Index signature for type 'string' is missing in type 'GlobalComponents'.
../../../node_modules/vuetify/lib/components/VProgressCircular/VProgressCircular.d.ts(337,6): error TS2344: Type 'GlobalComponents' does not satisfy the constraint 'Record<string, Component<any, any, any, ComputedOptions, MethodOptions, {}, any>>'.
  Index signature for type 'string' is missing in type 'GlobalComponents'.
../../../node_modules/vuetify/lib/components/VProgressLinear/VProgressLinear.d.ts(377,10): error TS2344: Type 'GlobalComponents' does not satisfy the constraint 'Record<string, Component<any, any, any, ComputedOptions, MethodOptions, {}, any>>'.
  Index signature for type 'string' is missing in type 'GlobalComponents'.
../../../node_modules/vuetify/lib/components/VProgressLinear/VProgressLinear.d.ts(577,6): error TS2344: Type 'GlobalComponents' does not satisfy the constraint 'Record<string, Component<any, any, any, ComputedOptions, MethodOptions, {}, any>>'.
  Index signature for type 'string' is missing in type 'GlobalComponents'.
../../../node_modules/vuetify/lib/components/VPullToRefresh/VPullToRefresh.d.ts(62,10): error TS2344: Type 'GlobalComponents' does not satisfy the constraint 'Record<string, Component<any, any, any, ComputedOptions, MethodOptions, {}, any>>'.
  Index signature for type 'string' is missing in type 'GlobalComponents'.
../../../node_modules/vuetify/lib/components/VPullToRefresh/VPullToRefresh.d.ts(160,6): error TS2344: Type 'GlobalComponents' does not satisfy the constraint 'Record<string, Component<any, any, any, ComputedOptions, MethodOptions, {}, any>>'.
  Index signature for type 'string' is missing in type 'GlobalComponents'.
../../../node_modules/vuetify/lib/components/VRadio/VRadio.d.ts(262,10): error TS2344: Type 'GlobalComponents' does not satisfy the constraint 'Record<string, Component<any, any, any, ComputedOptions, MethodOptions, {}, any>>'.
  Index signature for type 'string' is missing in type 'GlobalComponents'.
../../../node_modules/vuetify/lib/components/VRadio/VRadio.d.ts(377,6): error TS2344: Type 'GlobalComponents' does not satisfy the constraint 'Record<string, Component<any, any, any, ComputedOptions, MethodOptions, {}, any>>'.
  Index signature for type 'string' is missing in type 'GlobalComponents'.
../../../node_modules/vuetify/lib/components/VRadioGroup/VRadioGroup.d.ts(725,10): error TS2344: Type 'GlobalComponents' does not satisfy the constraint 'Record<string, Component<any, any, any, ComputedOptions, MethodOptions, {}, any>>'.
  Index signature for type 'string' is missing in type 'GlobalComponents'.
../../../node_modules/vuetify/lib/components/VRadioGroup/VRadioGroup.d.ts(1436,6): error TS2344: Type 'GlobalComponents' does not satisfy the constraint 'Record<string, Component<any, any, any, ComputedOptions, MethodOptions, {}, any>>'.
  Index signature for type 'string' is missing in type 'GlobalComponents'.
../../../node_modules/vuetify/lib/components/VRangeSlider/VRangeSlider.d.ts(913,10): error TS2344: Type 'GlobalComponents' does not satisfy the constraint 'Record<string, Component<any, any, any, ComputedOptions, MethodOptions, {}, any>>'.
  Index signature for type 'string' is missing in type 'GlobalComponents'.
../../../node_modules/vuetify/lib/components/VRangeSlider/VRangeSlider.d.ts(1785,6): error TS2344: Type 'GlobalComponents' does not satisfy the constraint 'Record<string, Component<any, any, any, ComputedOptions, MethodOptions, {}, any>>'.
  Index signature for type 'string' is missing in type 'GlobalComponents'.
../../../node_modules/vuetify/lib/components/VRating/VRating.d.ts(264,10): error TS2344: Type 'GlobalComponents' does not satisfy the constraint 'Record<string, Component<any, any, any, ComputedOptions, MethodOptions, {}, any>>'.
  Index signature for type 'string' is missing in type 'GlobalComponents'.
../../../node_modules/vuetify/lib/components/VRating/VRating.d.ts(398,6): error TS2344: Type 'GlobalComponents' does not satisfy the constraint 'Record<string, Component<any, any, any, ComputedOptions, MethodOptions, {}, any>>'.
  Index signature for type 'string' is missing in type 'GlobalComponents'.
../../../node_modules/vuetify/lib/components/VResponsive/VResponsive.d.ts(115,10): error TS2344: Type 'GlobalComponents' does not satisfy the constraint 'Record<string, Component<any, any, any, ComputedOptions, MethodOptions, {}, any>>'.
  Index signature for type 'string' is missing in type 'GlobalComponents'.
../../../node_modules/vuetify/lib/components/VResponsive/VResponsive.d.ts(193,6): error TS2344: Type 'GlobalComponents' does not satisfy the constraint 'Record<string, Component<any, any, any, ComputedOptions, MethodOptions, {}, any>>'.
  Index signature for type 'string' is missing in type 'GlobalComponents'.
../../../node_modules/vuetify/lib/components/VSelect/VSelect.d.ts(1139,26): error TS2344: Type 'GlobalComponents' does not satisfy the constraint 'Record<string, Component<any, any, any, ComputedOptions, MethodOptions, {}, any>>'.
  Index signature for type 'string' is missing in type 'GlobalComponents'.
../../../node_modules/vuetify/lib/components/VSelect/VSelect.d.ts(1180,22): error TS2344: Type 'GlobalComponents' does not satisfy the constraint 'Record<string, Component<any, any, any, ComputedOptions, MethodOptions, {}, any>>'.
  Index signature for type 'string' is missing in type 'GlobalComponents'.
../../../node_modules/vuetify/lib/components/VSelect/VSelect.d.ts(1270,26): error TS2344: Type 'GlobalComponents' does not satisfy the constraint 'Record<string, Component<any, any, any, ComputedOptions, MethodOptions, {}, any>>'.
  Index signature for type 'string' is missing in type 'GlobalComponents'.
../../../node_modules/vuetify/lib/components/VSelect/VSelect.d.ts(1311,22): error TS2344: Type 'GlobalComponents' does not satisfy the constraint 'Record<string, Component<any, any, any, ComputedOptions, MethodOptions, {}, any>>'.
  Index signature for type 'string' is missing in type 'GlobalComponents'.
../../../node_modules/vuetify/lib/components/VSelect/VSelect.d.ts(1384,26): error TS2344: Type 'GlobalComponents' does not satisfy the constraint 'Record<string, Component<any, any, any, ComputedOptions, MethodOptions, {}, any>>'.
  Index signature for type 'string' is missing in type 'GlobalComponents'.
../../../node_modules/vuetify/lib/components/VSelect/VSelect.d.ts(1425,22): error TS2344: Type 'GlobalComponents' does not satisfy the constraint 'Record<string, Component<any, any, any, ComputedOptions, MethodOptions, {}, any>>'.
  Index signature for type 'string' is missing in type 'GlobalComponents'.
../../../node_modules/vuetify/lib/components/VSelect/VSelect.d.ts(1515,26): error TS2344: Type 'GlobalComponents' does not satisfy the constraint 'Record<string, Component<any, any, any, ComputedOptions, MethodOptions, {}, any>>'.
  Index signature for type 'string' is missing in type 'GlobalComponents'.
../../../node_modules/vuetify/lib/components/VSelect/VSelect.d.ts(1556,22): error TS2344: Type 'GlobalComponents' does not satisfy the constraint 'Record<string, Component<any, any, any, ComputedOptions, MethodOptions, {}, any>>'.
  Index signature for type 'string' is missing in type 'GlobalComponents'.
../../../node_modules/vuetify/lib/components/VSelect/VSelect.d.ts(1630,26): error TS2344: Type 'GlobalComponents' does not satisfy the constraint 'Record<string, Component<any, any, any, ComputedOptions, MethodOptions, {}, any>>'.
  Index signature for type 'string' is missing in type 'GlobalComponents'.
../../../node_modules/vuetify/lib/components/VSelect/VSelect.d.ts(1671,22): error TS2344: Type 'GlobalComponents' does not satisfy the constraint 'Record<string, Component<any, any, any, ComputedOptions, MethodOptions, {}, any>>'.
  Index signature for type 'string' is missing in type 'GlobalComponents'.
../../../node_modules/vuetify/lib/components/VSelect/VSelect.d.ts(1761,26): error TS2344: Type 'GlobalComponents' does not satisfy the constraint 'Record<string, Component<any, any, any, ComputedOptions, MethodOptions, {}, any>>'.
  Index signature for type 'string' is missing in type 'GlobalComponents'.
../../../node_modules/vuetify/lib/components/VSelect/VSelect.d.ts(1802,22): error TS2344: Type 'GlobalComponents' does not satisfy the constraint 'Record<string, Component<any, any, any, ComputedOptions, MethodOptions, {}, any>>'.
  Index signature for type 'string' is missing in type 'GlobalComponents'.
../../../node_modules/vuetify/lib/components/VSelect/VSelect.d.ts(1875,26): error TS2344: Type 'GlobalComponents' does not satisfy the constraint 'Record<string, Component<any, any, any, ComputedOptions, MethodOptions, {}, any>>'.
  Index signature for type 'string' is missing in type 'GlobalComponents'.
../../../node_modules/vuetify/lib/components/VSelect/VSelect.d.ts(1916,22): error TS2344: Type 'GlobalComponents' does not satisfy the constraint 'Record<string, Component<any, any, any, ComputedOptions, MethodOptions, {}, any>>'.
  Index signature for type 'string' is missing in type 'GlobalComponents'.
../../../node_modules/vuetify/lib/components/VSelect/VSelect.d.ts(2006,26): error TS2344: Type 'GlobalComponents' does not satisfy the constraint 'Record<string, Component<any, any, any, ComputedOptions, MethodOptions, {}, any>>'.
  Index signature for type 'string' is missing in type 'GlobalComponents'.
../../../node_modules/vuetify/lib/components/VSelect/VSelect.d.ts(2047,22): error TS2344: Type 'GlobalComponents' does not satisfy the constraint 'Record<string, Component<any, any, any, ComputedOptions, MethodOptions, {}, any>>'.
  Index signature for type 'string' is missing in type 'GlobalComponents'.
../../../node_modules/vuetify/lib/components/VSelect/VSelect.d.ts(3774,26): error TS2344: Type 'GlobalComponents' does not satisfy the constraint 'Record<string, Component<any, any, any, ComputedOptions, MethodOptions, {}, any>>'.
  Index signature for type 'string' is missing in type 'GlobalComponents'.
../../../node_modules/vuetify/lib/components/VSelect/VSelect.d.ts(3815,22): error TS2344: Type 'GlobalComponents' does not satisfy the constraint 'Record<string, Component<any, any, any, ComputedOptions, MethodOptions, {}, any>>'.
  Index signature for type 'string' is missing in type 'GlobalComponents'.
../../../node_modules/vuetify/lib/components/VSelect/VSelect.d.ts(3905,26): error TS2344: Type 'GlobalComponents' does not satisfy the constraint 'Record<string, Component<any, any, any, ComputedOptions, MethodOptions, {}, any>>'.
  Index signature for type 'string' is missing in type 'GlobalComponents'.
../../../node_modules/vuetify/lib/components/VSelect/VSelect.d.ts(3946,22): error TS2344: Type 'GlobalComponents' does not satisfy the constraint 'Record<string, Component<any, any, any, ComputedOptions, MethodOptions, {}, any>>'.
  Index signature for type 'string' is missing in type 'GlobalComponents'.
../../../node_modules/vuetify/lib/components/VSelect/VSelect.d.ts(4019,26): error TS2344: Type 'GlobalComponents' does not satisfy the constraint 'Record<string, Component<any, any, any, ComputedOptions, MethodOptions, {}, any>>'.
  Index signature for type 'string' is missing in type 'GlobalComponents'.
../../../node_modules/vuetify/lib/components/VSelect/VSelect.d.ts(4060,22): error TS2344: Type 'GlobalComponents' does not satisfy the constraint 'Record<string, Component<any, any, any, ComputedOptions, MethodOptions, {}, any>>'.
  Index signature for type 'string' is missing in type 'GlobalComponents'.
../../../node_modules/vuetify/lib/components/VSelect/VSelect.d.ts(4150,26): error TS2344: Type 'GlobalComponents' does not satisfy the constraint 'Record<string, Component<any, any, any, ComputedOptions, MethodOptions, {}, any>>'.
  Index signature for type 'string' is missing in type 'GlobalComponents'.
../../../node_modules/vuetify/lib/components/VSelect/VSelect.d.ts(4191,22): error TS2344: Type 'GlobalComponents' does not satisfy the constraint 'Record<string, Component<any, any, any, ComputedOptions, MethodOptions, {}, any>>'.
  Index signature for type 'string' is missing in type 'GlobalComponents'.
../../../node_modules/vuetify/lib/components/VSelect/VSelect.d.ts(4265,26): error TS2344: Type 'GlobalComponents' does not satisfy the constraint 'Record<string, Component<any, any, any, ComputedOptions, MethodOptions, {}, any>>'.
  Index signature for type 'string' is missing in type 'GlobalComponents'.
../../../node_modules/vuetify/lib/components/VSelect/VSelect.d.ts(4306,22): error TS2344: Type 'GlobalComponents' does not satisfy the constraint 'Record<string, Component<any, any, any, ComputedOptions, MethodOptions, {}, any>>'.
  Index signature for type 'string' is missing in type 'GlobalComponents'.
../../../node_modules/vuetify/lib/components/VSelect/VSelect.d.ts(4396,26): error TS2344: Type 'GlobalComponents' does not satisfy the constraint 'Record<string, Component<any, any, any, ComputedOptions, MethodOptions, {}, any>>'.
  Index signature for type 'string' is missing in type 'GlobalComponents'.
../../../node_modules/vuetify/lib/components/VSelect/VSelect.d.ts(4437,22): error TS2344: Type 'GlobalComponents' does not satisfy the constraint 'Record<string, Component<any, any, any, ComputedOptions, MethodOptions, {}, any>>'.
  Index signature for type 'string' is missing in type 'GlobalComponents'.
../../../node_modules/vuetify/lib/components/VSelect/VSelect.d.ts(4510,26): error TS2344: Type 'GlobalComponents' does not satisfy the constraint 'Record<string, Component<any, any, any, ComputedOptions, MethodOptions, {}, any>>'.
  Index signature for type 'string' is missing in type 'GlobalComponents'.
../../../node_modules/vuetify/lib/components/VSelect/VSelect.d.ts(4551,22): error TS2344: Type 'GlobalComponents' does not satisfy the constraint 'Record<string, Component<any, any, any, ComputedOptions, MethodOptions, {}, any>>'.
  Index signature for type 'string' is missing in type 'GlobalComponents'.
../../../node_modules/vuetify/lib/components/VSelect/VSelect.d.ts(4641,26): error TS2344: Type 'GlobalComponents' does not satisfy the constraint 'Record<string, Component<any, any, any, ComputedOptions, MethodOptions, {}, any>>'.
  Index signature for type 'string' is missing in type 'GlobalComponents'.
../../../node_modules/vuetify/lib/components/VSelect/VSelect.d.ts(4682,22): error TS2344: Type 'GlobalComponents' does not satisfy the constraint 'Record<string, Component<any, any, any, ComputedOptions, MethodOptions, {}, any>>'.
  Index signature for type 'string' is missing in type 'GlobalComponents'.
../../../node_modules/vuetify/lib/components/VSelect/VSelect.d.ts(7738,10): error TS2344: Type 'GlobalComponents' does not satisfy the constraint 'Record<string, Component<any, any, any, ComputedOptions, MethodOptions, {}, any>>'.
  Index signature for type 'string' is missing in type 'GlobalComponents'.
../../../node_modules/vuetify/lib/components/VSelect/VSelect.d.ts(13595,6): error TS2344: Type 'GlobalComponents' does not satisfy the constraint 'Record<string, Component<any, any, any, ComputedOptions, MethodOptions, {}, any>>'.
  Index signature for type 'string' is missing in type 'GlobalComponents'.
../../../node_modules/vuetify/lib/components/VSelectionControl/VSelectionControl.d.ts(299,10): error TS2344: Type 'GlobalComponents' does not satisfy the constraint 'Record<string, Component<any, any, any, ComputedOptions, MethodOptions, {}, any>>'.
  Index signature for type 'string' is missing in type 'GlobalComponents'.
../../../node_modules/vuetify/lib/components/VSelectionControl/VSelectionControl.d.ts(416,6): error TS2344: Type 'GlobalComponents' does not satisfy the constraint 'Record<string, Component<any, any, any, ComputedOptions, MethodOptions, {}, any>>'.
  Index signature for type 'string' is missing in type 'GlobalComponents'.
../../../node_modules/vuetify/lib/components/VSelectionControlGroup/VSelectionControlGroup.d.ts(382,10): error TS2344: Type 'GlobalComponents' does not satisfy the constraint 'Record<string, Component<any, any, any, ComputedOptions, MethodOptions, {}, any>>'.
  Index signature for type 'string' is missing in type 'GlobalComponents'.
../../../node_modules/vuetify/lib/components/VSelectionControlGroup/VSelectionControlGroup.d.ts(475,6): error TS2344: Type 'GlobalComponents' does not satisfy the constraint 'Record<string, Component<any, any, any, ComputedOptions, MethodOptions, {}, any>>'.
  Index signature for type 'string' is missing in type 'GlobalComponents'.
../../../node_modules/vuetify/lib/components/VSheet/VSheet.d.ts(172,10): error TS2344: Type 'GlobalComponents' does not satisfy the constraint 'Record<string, Component<any, any, any, ComputedOptions, MethodOptions, {}, any>>'.
  Index signature for type 'string' is missing in type 'GlobalComponents'.
../../../node_modules/vuetify/lib/components/VSheet/VSheet.d.ts(259,6): error TS2344: Type 'GlobalComponents' does not satisfy the constraint 'Record<string, Component<any, any, any, ComputedOptions, MethodOptions, {}, any>>'.
  Index signature for type 'string' is missing in type 'GlobalComponents'.
../../../node_modules/vuetify/lib/components/VSkeletonLoader/VSkeletonLoader.d.ts(179,10): error TS2344: Type 'GlobalComponents' does not satisfy the constraint 'Record<string, Component<any, any, any, ComputedOptions, MethodOptions, {}, any>>'.
  Index signature for type 'string' is missing in type 'GlobalComponents'.
../../../node_modules/vuetify/lib/components/VSkeletonLoader/VSkeletonLoader.d.ts(258,6): error TS2344: Type 'GlobalComponents' does not satisfy the constraint 'Record<string, Component<any, any, any, ComputedOptions, MethodOptions, {}, any>>'.
  Index signature for type 'string' is missing in type 'GlobalComponents'.
../../../node_modules/vuetify/lib/components/VSlideGroup/VSlideGroup.d.ts(278,10): error TS2344: Type 'GlobalComponents' does not satisfy the constraint 'Record<string, Component<any, any, any, ComputedOptions, MethodOptions, {}, any>>'.
  Index signature for type 'string' is missing in type 'GlobalComponents'.
../../../node_modules/vuetify/lib/components/VSlideGroup/VSlideGroup.d.ts(394,6): error TS2344: Type 'GlobalComponents' does not satisfy the constraint 'Record<string, Component<any, any, any, ComputedOptions, MethodOptions, {}, any>>'.
  Index signature for type 'string' is missing in type 'GlobalComponents'.
../../../node_modules/vuetify/lib/components/VSlideGroup/VSlideGroupItem.d.ts(61,10): error TS2344: Type 'GlobalComponents' does not satisfy the constraint 'Record<string, Component<any, any, any, ComputedOptions, MethodOptions, {}, any>>'.
  Index signature for type 'string' is missing in type 'GlobalComponents'.
../../../node_modules/vuetify/lib/components/VSlideGroup/VSlideGroupItem.d.ts(173,6): error TS2344: Type 'GlobalComponents' does not satisfy the constraint 'Record<string, Component<any, any, any, ComputedOptions, MethodOptions, {}, any>>'.
  Index signature for type 'string' is missing in type 'GlobalComponents'.
../../../node_modules/vuetify/lib/components/VSlider/VSlider.d.ts(911,10): error TS2344: Type 'GlobalComponents' does not satisfy the constraint 'Record<string, Component<any, any, any, ComputedOptions, MethodOptions, {}, any>>'.
  Index signature for type 'string' is missing in type 'GlobalComponents'.
../../../node_modules/vuetify/lib/components/VSlider/VSlider.d.ts(1779,6): error TS2344: Type 'GlobalComponents' does not satisfy the constraint 'Record<string, Component<any, any, any, ComputedOptions, MethodOptions, {}, any>>'.
  Index signature for type 'string' is missing in type 'GlobalComponents'.
../../../node_modules/vuetify/lib/components/VSlider/VSliderThumb.d.ts(161,10): error TS2344: Type 'GlobalComponents' does not satisfy the constraint 'Record<string, Component<any, any, any, ComputedOptions, MethodOptions, {}, any>>'.
  Index signature for type 'string' is missing in type 'GlobalComponents'.
../../../node_modules/vuetify/lib/components/VSlider/VSliderThumb.d.ts(264,6): error TS2344: Type 'GlobalComponents' does not satisfy the constraint 'Record<string, Component<any, any, any, ComputedOptions, MethodOptions, {}, any>>'.
  Index signature for type 'string' is missing in type 'GlobalComponents'.
../../../node_modules/vuetify/lib/components/VSlider/VSliderTrack.d.ts(86,10): error TS2344: Type 'GlobalComponents' does not satisfy the constraint 'Record<string, Component<any, any, any, ComputedOptions, MethodOptions, {}, any>>'.
  Index signature for type 'string' is missing in type 'GlobalComponents'.
../../../node_modules/vuetify/lib/components/VSlider/VSliderTrack.d.ts(160,6): error TS2344: Type 'GlobalComponents' does not satisfy the constraint 'Record<string, Component<any, any, any, ComputedOptions, MethodOptions, {}, any>>'.
  Index signature for type 'string' is missing in type 'GlobalComponents'.
../../../node_modules/vuetify/lib/components/VSnackbar/VSnackbar.d.ts(1004,10): error TS2344: Type 'GlobalComponents' does not satisfy the constraint 'Record<string, Component<any, any, any, ComputedOptions, MethodOptions, {}, any>>'.
  Index signature for type 'string' is missing in type 'GlobalComponents'.
../../../node_modules/vuetify/lib/components/VSnackbar/VSnackbar.d.ts(2190,6): error TS2344: Type 'GlobalComponents' does not satisfy the constraint 'Record<string, Component<any, any, any, ComputedOptions, MethodOptions, {}, any>>'.
  Index signature for type 'string' is missing in type 'GlobalComponents'.
../../../node_modules/vuetify/lib/components/VSnackbarQueue/VSnackbarQueue.d.ts(584,10): error TS2344: Type 'GlobalComponents' does not satisfy the constraint 'Record<string, Component<any, any, any, ComputedOptions, MethodOptions, {}, any>>'.
  Index signature for type 'string' is missing in type 'GlobalComponents'.
../../../node_modules/vuetify/lib/components/VSnackbarQueue/VSnackbarQueue.d.ts(803,6): error TS2344: Type 'GlobalComponents' does not satisfy the constraint 'Record<string, Component<any, any, any, ComputedOptions, MethodOptions, {}, any>>'.
  Index signature for type 'string' is missing in type 'GlobalComponents'.
../../../node_modules/vuetify/lib/components/VSparkline/VSparkline.d.ts(389,10): error TS2344: Type 'GlobalComponents' does not satisfy the constraint 'Record<string, Component<any, any, any, ComputedOptions, MethodOptions, {}, any>>'.
  Index signature for type 'string' is missing in type 'GlobalComponents'.
../../../node_modules/vuetify/lib/components/VSparkline/VSparkline.d.ts(606,6): error TS2344: Type 'GlobalComponents' does not satisfy the constraint 'Record<string, Component<any, any, any, ComputedOptions, MethodOptions, {}, any>>'.
  Index signature for type 'string' is missing in type 'GlobalComponents'.
../../../node_modules/vuetify/lib/components/VSparkline/VSparklineTooltip.d.ts(151,10): error TS2344: Type 'GlobalComponents' does not satisfy the constraint 'Record<string, Component<any, any, any, ComputedOptions, MethodOptions, {}, any>>'.
  Index signature for type 'string' is missing in type 'GlobalComponents'.
../../../node_modules/vuetify/lib/components/VSparkline/VSparklineTooltip.d.ts(263,6): error TS2344: Type 'GlobalComponents' does not satisfy the constraint 'Record<string, Component<any, any, any, ComputedOptions, MethodOptions, {}, any>>'.
  Index signature for type 'string' is missing in type 'GlobalComponents'.
../../../node_modules/vuetify/lib/components/VSpeedDial/VSpeedDial.d.ts(273,22): error TS2344: Type 'GlobalComponents' does not satisfy the constraint 'Record<string, Component<any, any, any, ComputedOptions, MethodOptions, {}, any>>'.
  Index signature for type 'string' is missing in type 'GlobalComponents'.
../../../node_modules/vuetify/lib/components/VSpeedDial/VSpeedDial.d.ts(314,18): error TS2344: Type 'GlobalComponents' does not satisfy the constraint 'Record<string, Component<any, any, any, ComputedOptions, MethodOptions, {}, any>>'.
  Index signature for type 'string' is missing in type 'GlobalComponents'.
../../../node_modules/vuetify/lib/components/VSpeedDial/VSpeedDial.d.ts(410,22): error TS2344: Type 'GlobalComponents' does not satisfy the constraint 'Record<string, Component<any, any, any, ComputedOptions, MethodOptions, {}, any>>'.
  Index signature for type 'string' is missing in type 'GlobalComponents'.
../../../node_modules/vuetify/lib/components/VSpeedDial/VSpeedDial.d.ts(451,18): error TS2344: Type 'GlobalComponents' does not satisfy the constraint 'Record<string, Component<any, any, any, ComputedOptions, MethodOptions, {}, any>>'.
  Index signature for type 'string' is missing in type 'GlobalComponents'.
../../../node_modules/vuetify/lib/components/VSpeedDial/VSpeedDial.d.ts(547,22): error TS2344: Type 'GlobalComponents' does not satisfy the constraint 'Record<string, Component<any, any, any, ComputedOptions, MethodOptions, {}, any>>'.
  Index signature for type 'string' is missing in type 'GlobalComponents'.
../../../node_modules/vuetify/lib/components/VSpeedDial/VSpeedDial.d.ts(588,18): error TS2344: Type 'GlobalComponents' does not satisfy the constraint 'Record<string, Component<any, any, any, ComputedOptions, MethodOptions, {}, any>>'.
  Index signature for type 'string' is missing in type 'GlobalComponents'.
../../../node_modules/vuetify/lib/components/VSpeedDial/VSpeedDial.d.ts(684,22): error TS2344: Type 'GlobalComponents' does not satisfy the constraint 'Record<string, Component<any, any, any, ComputedOptions, MethodOptions, {}, any>>'.
  Index signature for type 'string' is missing in type 'GlobalComponents'.
../../../node_modules/vuetify/lib/components/VSpeedDial/VSpeedDial.d.ts(725,18): error TS2344: Type 'GlobalComponents' does not satisfy the constraint 'Record<string, Component<any, any, any, ComputedOptions, MethodOptions, {}, any>>'.
  Index signature for type 'string' is missing in type 'GlobalComponents'.
../../../node_modules/vuetify/lib/components/VSpeedDial/VSpeedDial.d.ts(888,22): error TS2344: Type 'GlobalComponents' does not satisfy the constraint 'Record<string, Component<any, any, any, ComputedOptions, MethodOptions, {}, any>>'.
  Index signature for type 'string' is missing in type 'GlobalComponents'.
../../../node_modules/vuetify/lib/components/VSpeedDial/VSpeedDial.d.ts(929,18): error TS2344: Type 'GlobalComponents' does not satisfy the constraint 'Record<string, Component<any, any, any, ComputedOptions, MethodOptions, {}, any>>'.
  Index signature for type 'string' is missing in type 'GlobalComponents'.
../../../node_modules/vuetify/lib/components/VSpeedDial/VSpeedDial.d.ts(955,22): error TS2344: Type 'GlobalComponents' does not satisfy the constraint 'Record<string, Component<any, any, any, ComputedOptions, MethodOptions, {}, any>>'.
  Index signature for type 'string' is missing in type 'GlobalComponents'.
../../../node_modules/vuetify/lib/components/VSpeedDial/VSpeedDial.d.ts(996,18): error TS2344: Type 'GlobalComponents' does not satisfy the constraint 'Record<string, Component<any, any, any, ComputedOptions, MethodOptions, {}, any>>'.
  Index signature for type 'string' is missing in type 'GlobalComponents'.
../../../node_modules/vuetify/lib/components/VSpeedDial/VSpeedDial.d.ts(1473,10): error TS2344: Type 'GlobalComponents' does not satisfy the constraint 'Record<string, Component<any, any, any, ComputedOptions, MethodOptions, {}, any>>'.
  Index signature for type 'string' is missing in type 'GlobalComponents'.
../../../node_modules/vuetify/lib/components/VSpeedDial/VSpeedDial.d.ts(2001,6): error TS2344: Type 'GlobalComponents' does not satisfy the constraint 'Record<string, Component<any, any, any, ComputedOptions, MethodOptions, {}, any>>'.
  Index signature for type 'string' is missing in type 'GlobalComponents'.
../../../node_modules/vuetify/lib/components/VStepper/VStepper.d.ts(543,10): error TS2344: Type 'GlobalComponents' does not satisfy the constraint 'Record<string, Component<any, any, any, ComputedOptions, MethodOptions, {}, any>>'.
  Index signature for type 'string' is missing in type 'GlobalComponents'.
../../../node_modules/vuetify/lib/components/VStepper/VStepper.d.ts(725,6): error TS2344: Type 'GlobalComponents' does not satisfy the constraint 'Record<string, Component<any, any, any, ComputedOptions, MethodOptions, {}, any>>'.
  Index signature for type 'string' is missing in type 'GlobalComponents'.
../../../node_modules/vuetify/lib/components/VStepper/VStepperActions.d.ts(125,10): error TS2344: Type 'GlobalComponents' does not satisfy the constraint 'Record<string, Component<any, any, any, ComputedOptions, MethodOptions, {}, any>>'.
  Index signature for type 'string' is missing in type 'GlobalComponents'.
../../../node_modules/vuetify/lib/components/VStepper/VStepperActions.d.ts(256,6): error TS2344: Type 'GlobalComponents' does not satisfy the constraint 'Record<string, Component<any, any, any, ComputedOptions, MethodOptions, {}, any>>'.
  Index signature for type 'string' is missing in type 'GlobalComponents'.
../../../node_modules/vuetify/lib/components/VStepper/VStepperHeader.d.ts(27,10): error TS2344: Type 'GlobalComponents' does not satisfy the constraint 'Record<string, Component<any, any, any, ComputedOptions, MethodOptions, {}, any>>'.
  Index signature for type 'string' is missing in type 'GlobalComponents'.
../../../node_modules/vuetify/lib/components/VStepper/VStepperHeader.d.ts(84,6): error TS2344: Type 'GlobalComponents' does not satisfy the constraint 'Record<string, Component<any, any, any, ComputedOptions, MethodOptions, {}, any>>'.
  Index signature for type 'string' is missing in type 'GlobalComponents'.
../../../node_modules/vuetify/lib/components/VStepper/VStepperItem.d.ts(321,10): error TS2344: Type 'GlobalComponents' does not satisfy the constraint 'Record<string, Component<any, any, any, ComputedOptions, MethodOptions, {}, any>>'.
  Index signature for type 'string' is missing in type 'GlobalComponents'.
../../../node_modules/vuetify/lib/components/VStepper/VStepperItem.d.ts(463,6): error TS2344: Type 'GlobalComponents' does not satisfy the constraint 'Record<string, Component<any, any, any, ComputedOptions, MethodOptions, {}, any>>'.
  Index signature for type 'string' is missing in type 'GlobalComponents'.
../../../node_modules/vuetify/lib/components/VStepper/VStepperWindow.d.ts(145,10): error TS2344: Type 'GlobalComponents' does not satisfy the constraint 'Record<string, Component<any, any, any, ComputedOptions, MethodOptions, {}, any>>'.
  Index signature for type 'string' is missing in type 'GlobalComponents'.
../../../node_modules/vuetify/lib/components/VStepper/VStepperWindow.d.ts(231,6): error TS2344: Type 'GlobalComponents' does not satisfy the constraint 'Record<string, Component<any, any, any, ComputedOptions, MethodOptions, {}, any>>'.
  Index signature for type 'string' is missing in type 'GlobalComponents'.
../../../node_modules/vuetify/lib/components/VStepper/VStepperWindowItem.d.ts(94,10): error TS2344: Type 'GlobalComponents' does not satisfy the constraint 'Record<string, Component<any, any, any, ComputedOptions, MethodOptions, {}, any>>'.
  Index signature for type 'string' is missing in type 'GlobalComponents'.
../../../node_modules/vuetify/lib/components/VStepper/VStepperWindowItem.d.ts(163,6): error TS2344: Type 'GlobalComponents' does not satisfy the constraint 'Record<string, Component<any, any, any, ComputedOptions, MethodOptions, {}, any>>'.
  Index signature for type 'string' is missing in type 'GlobalComponents'.
../../../node_modules/vuetify/lib/components/VStepperVertical/VStepperVertical.d.ts(471,10): error TS2344: Type 'GlobalComponents' does not satisfy the constraint 'Record<string, Component<any, any, any, ComputedOptions, MethodOptions, {}, any>>'.
  Index signature for type 'string' is missing in type 'GlobalComponents'.
../../../node_modules/vuetify/lib/components/VStepperVertical/VStepperVertical.d.ts(668,6): error TS2344: Type 'GlobalComponents' does not satisfy the constraint 'Record<string, Component<any, any, any, ComputedOptions, MethodOptions, {}, any>>'.
  Index signature for type 'string' is missing in type 'GlobalComponents'.
../../../node_modules/vuetify/lib/components/VStepperVertical/VStepperVerticalActions.d.ts(112,10): error TS2344: Type 'GlobalComponents' does not satisfy the constraint 'Record<string, Component<any, any, any, ComputedOptions, MethodOptions, {}, any>>'.
  Index signature for type 'string' is missing in type 'GlobalComponents'.
../../../node_modules/vuetify/lib/components/VStepperVertical/VStepperVerticalActions.d.ts(243,6): error TS2344: Type 'GlobalComponents' does not satisfy the constraint 'Record<string, Component<any, any, any, ComputedOptions, MethodOptions, {}, any>>'.
  Index signature for type 'string' is missing in type 'GlobalComponents'.
../../../node_modules/vuetify/lib/components/VStepperVertical/VStepperVerticalItem.d.ts(452,10): error TS2344: Type 'GlobalComponents' does not satisfy the constraint 'Record<string, Component<any, any, any, ComputedOptions, MethodOptions, {}, any>>'.
  Index signature for type 'string' is missing in type 'GlobalComponents'.
../../../node_modules/vuetify/lib/components/VStepperVertical/VStepperVerticalItem.d.ts(700,6): error TS2344: Type 'GlobalComponents' does not satisfy the constraint 'Record<string, Component<any, any, any, ComputedOptions, MethodOptions, {}, any>>'.
  Index signature for type 'string' is missing in type 'GlobalComponents'.
../../../node_modules/vuetify/lib/components/VSwitch/VSwitch.d.ts(829,10): error TS2344: Type 'GlobalComponents' does not satisfy the constraint 'Record<string, Component<any, any, any, ComputedOptions, MethodOptions, {}, any>>'.
  Index signature for type 'string' is missing in type 'GlobalComponents'.
../../../node_modules/vuetify/lib/components/VSwitch/VSwitch.d.ts(1594,6): error TS2344: Type 'GlobalComponents' does not satisfy the constraint 'Record<string, Component<any, any, any, ComputedOptions, MethodOptions, {}, any>>'.
  Index signature for type 'string' is missing in type 'GlobalComponents'.
../../../node_modules/vuetify/lib/components/VSystemBar/VSystemBar.d.ts(155,10): error TS2344: Type 'GlobalComponents' does not satisfy the constraint 'Record<string, Component<any, any, any, ComputedOptions, MethodOptions, {}, any>>'.
  Index signature for type 'string' is missing in type 'GlobalComponents'.
../../../node_modules/vuetify/lib/components/VSystemBar/VSystemBar.d.ts(240,6): error TS2344: Type 'GlobalComponents' does not satisfy the constraint 'Record<string, Component<any, any, any, ComputedOptions, MethodOptions, {}, any>>'.
  Index signature for type 'string' is missing in type 'GlobalComponents'.
../../../node_modules/vuetify/lib/components/VTable/VTable.d.ts(168,10): error TS2344: Type 'GlobalComponents' does not satisfy the constraint 'Record<string, Component<any, any, any, ComputedOptions, MethodOptions, {}, any>>'.
  Index signature for type 'string' is missing in type 'GlobalComponents'.
../../../node_modules/vuetify/lib/components/VTable/VTable.d.ts(285,6): error TS2344: Type 'GlobalComponents' does not satisfy the constraint 'Record<string, Component<any, any, any, ComputedOptions, MethodOptions, {}, any>>'.
  Index signature for type 'string' is missing in type 'GlobalComponents'.
../../../node_modules/vuetify/lib/components/VTabs/VTab.d.ts(811,10): error TS2344: Type 'GlobalComponents' does not satisfy the constraint 'Record<string, Component<any, any, any, ComputedOptions, MethodOptions, {}, any>>'.
  Index signature for type 'string' is missing in type 'GlobalComponents'.
../../../node_modules/vuetify/lib/components/VTabs/VTab.d.ts(1743,6): error TS2344: Type 'GlobalComponents' does not satisfy the constraint 'Record<string, Component<any, any, any, ComputedOptions, MethodOptions, {}, any>>'.
  Index signature for type 'string' is missing in type 'GlobalComponents'.
../../../node_modules/vuetify/lib/components/VTabs/VTabs.d.ts(425,10): error TS2344: Type 'GlobalComponents' does not satisfy the constraint 'Record<string, Component<any, any, any, ComputedOptions, MethodOptions, {}, any>>'.
  Index signature for type 'string' is missing in type 'GlobalComponents'.
../../../node_modules/vuetify/lib/components/VTabs/VTabs.d.ts(585,6): error TS2344: Type 'GlobalComponents' does not satisfy the constraint 'Record<string, Component<any, any, any, ComputedOptions, MethodOptions, {}, any>>'.
  Index signature for type 'string' is missing in type 'GlobalComponents'.
../../../node_modules/vuetify/lib/components/VTabs/VTabsWindow.d.ts(145,10): error TS2344: Type 'GlobalComponents' does not satisfy the constraint 'Record<string, Component<any, any, any, ComputedOptions, MethodOptions, {}, any>>'.
  Index signature for type 'string' is missing in type 'GlobalComponents'.
../../../node_modules/vuetify/lib/components/VTabs/VTabsWindow.d.ts(231,6): error TS2344: Type 'GlobalComponents' does not satisfy the constraint 'Record<string, Component<any, any, any, ComputedOptions, MethodOptions, {}, any>>'.
  Index signature for type 'string' is missing in type 'GlobalComponents'.
../../../node_modules/vuetify/lib/components/VTabs/VTabsWindowItem.d.ts(94,10): error TS2344: Type 'GlobalComponents' does not satisfy the constraint 'Record<string, Component<any, any, any, ComputedOptions, MethodOptions, {}, any>>'.
  Index signature for type 'string' is missing in type 'GlobalComponents'.
../../../node_modules/vuetify/lib/components/VTabs/VTabsWindowItem.d.ts(163,6): error TS2344: Type 'GlobalComponents' does not satisfy the constraint 'Record<string, Component<any, any, any, ComputedOptions, MethodOptions, {}, any>>'.
  Index signature for type 'string' is missing in type 'GlobalComponents'.
../../../node_modules/vuetify/lib/components/VTextarea/VTextarea.d.ts(1214,10): error TS2344: Type 'GlobalComponents' does not satisfy the constraint 'Record<string, Component<any, any, any, ComputedOptions, MethodOptions, {}, any>>'.
  Index signature for type 'string' is missing in type 'GlobalComponents'.
../../../node_modules/vuetify/lib/components/VTextarea/VTextarea.d.ts(2659,6): error TS2344: Type 'GlobalComponents' does not satisfy the constraint 'Record<string, Component<any, any, any, ComputedOptions, MethodOptions, {}, any>>'.
  Index signature for type 'string' is missing in type 'GlobalComponents'.
../../../node_modules/vuetify/lib/components/VTextField/VTextField.d.ts(1199,10): error TS2344: Type 'GlobalComponents' does not satisfy the constraint 'Record<string, Component<any, any, any, ComputedOptions, MethodOptions, {}, any>>'.
  Index signature for type 'string' is missing in type 'GlobalComponents'.
../../../node_modules/vuetify/lib/components/VTextField/VTextField.d.ts(2658,6): error TS2344: Type 'GlobalComponents' does not satisfy the constraint 'Record<string, Component<any, any, any, ComputedOptions, MethodOptions, {}, any>>'.
  Index signature for type 'string' is missing in type 'GlobalComponents'.
../../../node_modules/vuetify/lib/components/VThemeProvider/VThemeProvider.d.ts(71,10): error TS2344: Type 'GlobalComponents' does not satisfy the constraint 'Record<string, Component<any, any, any, ComputedOptions, MethodOptions, {}, any>>'.
  Index signature for type 'string' is missing in type 'GlobalComponents'.
../../../node_modules/vuetify/lib/components/VThemeProvider/VThemeProvider.d.ts(134,6): error TS2344: Type 'GlobalComponents' does not satisfy the constraint 'Record<string, Component<any, any, any, ComputedOptions, MethodOptions, {}, any>>'.
  Index signature for type 'string' is missing in type 'GlobalComponents'.
../../../node_modules/vuetify/lib/components/VTimeline/VTimeline.d.ts(190,10): error TS2344: Type 'GlobalComponents' does not satisfy the constraint 'Record<string, Component<any, any, any, ComputedOptions, MethodOptions, {}, any>>'.
  Index signature for type 'string' is missing in type 'GlobalComponents'.
../../../node_modules/vuetify/lib/components/VTimeline/VTimeline.d.ts(285,6): error TS2344: Type 'GlobalComponents' does not satisfy the constraint 'Record<string, Component<any, any, any, ComputedOptions, MethodOptions, {}, any>>'.
  Index signature for type 'string' is missing in type 'GlobalComponents'.
../../../node_modules/vuetify/lib/components/VTimeline/VTimelineItem.d.ts(231,10): error TS2344: Type 'GlobalComponents' does not satisfy the constraint 'Record<string, Component<any, any, any, ComputedOptions, MethodOptions, {}, any>>'.
  Index signature for type 'string' is missing in type 'GlobalComponents'.
../../../node_modules/vuetify/lib/components/VTimeline/VTimelineItem.d.ts(354,6): error TS2344: Type 'GlobalComponents' does not satisfy the constraint 'Record<string, Component<any, any, any, ComputedOptions, MethodOptions, {}, any>>'.
  Index signature for type 'string' is missing in type 'GlobalComponents'.
../../../node_modules/vuetify/lib/components/VTimePicker/VTimePicker.d.ts(376,10): error TS2344: Type 'GlobalComponents' does not satisfy the constraint 'Record<string, Component<any, any, any, ComputedOptions, MethodOptions, {}, any>>'.
  Index signature for type 'string' is missing in type 'GlobalComponents'.
../../../node_modules/vuetify/lib/components/VTimePicker/VTimePicker.d.ts(568,6): error TS2344: Type 'GlobalComponents' does not satisfy the constraint 'Record<string, Component<any, any, any, ComputedOptions, MethodOptions, {}, any>>'.
  Index signature for type 'string' is missing in type 'GlobalComponents'.
../../../node_modules/vuetify/lib/components/VTimePicker/VTimePickerClock.d.ts(157,10): error TS2344: Type 'GlobalComponents' does not satisfy the constraint 'Record<string, Component<any, any, any, ComputedOptions, MethodOptions, {}, any>>'.
  Index signature for type 'string' is missing in type 'GlobalComponents'.
../../../node_modules/vuetify/lib/components/VTimePicker/VTimePickerClock.d.ts(253,6): error TS2344: Type 'GlobalComponents' does not satisfy the constraint 'Record<string, Component<any, any, any, ComputedOptions, MethodOptions, {}, any>>'.
  Index signature for type 'string' is missing in type 'GlobalComponents'.
../../../node_modules/vuetify/lib/components/VTimePicker/VTimePickerControls.d.ts(145,10): error TS2344: Type 'GlobalComponents' does not satisfy the constraint 'Record<string, Component<any, any, any, ComputedOptions, MethodOptions, {}, any>>'.
  Index signature for type 'string' is missing in type 'GlobalComponents'.
../../../node_modules/vuetify/lib/components/VTimePicker/VTimePickerControls.d.ts(250,6): error TS2344: Type 'GlobalComponents' does not satisfy the constraint 'Record<string, Component<any, any, any, ComputedOptions, MethodOptions, {}, any>>'.
  Index signature for type 'string' is missing in type 'GlobalComponents'.
../../../node_modules/vuetify/lib/components/VToolbar/VToolbar.d.ts(280,10): error TS2344: Type 'GlobalComponents' does not satisfy the constraint 'Record<string, Component<any, any, any, ComputedOptions, MethodOptions, {}, any>>'.
  Index signature for type 'string' is missing in type 'GlobalComponents'.
../../../node_modules/vuetify/lib/components/VToolbar/VToolbar.d.ts(444,6): error TS2344: Type 'GlobalComponents' does not satisfy the constraint 'Record<string, Component<any, any, any, ComputedOptions, MethodOptions, {}, any>>'.
  Index signature for type 'string' is missing in type 'GlobalComponents'.
../../../node_modules/vuetify/lib/components/VToolbar/VToolbarItems.d.ts(69,10): error TS2344: Type 'GlobalComponents' does not satisfy the constraint 'Record<string, Component<any, any, any, ComputedOptions, MethodOptions, {}, any>>'.
  Index signature for type 'string' is missing in type 'GlobalComponents'.
../../../node_modules/vuetify/lib/components/VToolbar/VToolbarItems.d.ts(124,6): error TS2344: Type 'GlobalComponents' does not satisfy the constraint 'Record<string, Component<any, any, any, ComputedOptions, MethodOptions, {}, any>>'.
  Index signature for type 'string' is missing in type 'GlobalComponents'.
../../../node_modules/vuetify/lib/components/VToolbar/VToolbarTitle.d.ts(71,10): error TS2344: Type 'GlobalComponents' does not satisfy the constraint 'Record<string, Component<any, any, any, ComputedOptions, MethodOptions, {}, any>>'.
  Index signature for type 'string' is missing in type 'GlobalComponents'.
../../../node_modules/vuetify/lib/components/VToolbar/VToolbarTitle.d.ts(135,6): error TS2344: Type 'GlobalComponents' does not satisfy the constraint 'Record<string, Component<any, any, any, ComputedOptions, MethodOptions, {}, any>>'.
  Index signature for type 'string' is missing in type 'GlobalComponents'.
../../../node_modules/vuetify/lib/components/VTooltip/VTooltip.d.ts(947,10): error TS2344: Type 'GlobalComponents' does not satisfy the constraint 'Record<string, Component<any, any, any, ComputedOptions, MethodOptions, {}, any>>'.
  Index signature for type 'string' is missing in type 'GlobalComponents'.
../../../node_modules/vuetify/lib/components/VTooltip/VTooltip.d.ts(2077,6): error TS2344: Type 'GlobalComponents' does not satisfy the constraint 'Record<string, Component<any, any, any, ComputedOptions, MethodOptions, {}, any>>'.
  Index signature for type 'string' is missing in type 'GlobalComponents'.
../../../node_modules/vuetify/lib/components/VTreeview/VTreeview.d.ts(835,10): error TS2344: Type 'GlobalComponents' does not satisfy the constraint 'Record<string, Component<any, any, any, ComputedOptions, MethodOptions, {}, any>>'.
  Index signature for type 'string' is missing in type 'GlobalComponents'.
../../../node_modules/vuetify/lib/components/VTreeview/VTreeview.d.ts(1215,6): error TS2344: Type 'GlobalComponents' does not satisfy the constraint 'Record<string, Component<any, any, any, ComputedOptions, MethodOptions, {}, any>>'.
  Index signature for type 'string' is missing in type 'GlobalComponents'.
../../../node_modules/vuetify/lib/components/VTreeview/VTreeviewChildren.d.ts(306,10): error TS2344: Type 'GlobalComponents' does not satisfy the constraint 'Record<string, Component<any, any, any, ComputedOptions, MethodOptions, {}, any>>'.
  Index signature for type 'string' is missing in type 'GlobalComponents'.
../../../node_modules/vuetify/lib/components/VTreeview/VTreeviewChildren.d.ts(470,6): error TS2344: Type 'GlobalComponents' does not satisfy the constraint 'Record<string, Component<any, any, any, ComputedOptions, MethodOptions, {}, any>>'.
  Index signature for type 'string' is missing in type 'GlobalComponents'.
../../../node_modules/vuetify/lib/components/VTreeview/VTreeviewGroup.d.ts(173,10): error TS2344: Type 'GlobalComponents' does not satisfy the constraint 'Record<string, Component<any, any, any, ComputedOptions, MethodOptions, {}, any>>'.
  Index signature for type 'string' is missing in type 'GlobalComponents'.
../../../node_modules/vuetify/lib/components/VTreeview/VTreeviewGroup.d.ts(288,6): error TS2344: Type 'GlobalComponents' does not satisfy the constraint 'Record<string, Component<any, any, any, ComputedOptions, MethodOptions, {}, any>>'.
  Index signature for type 'string' is missing in type 'GlobalComponents'.
../../../node_modules/vuetify/lib/components/VTreeview/VTreeviewItem.d.ts(977,10): error TS2344: Type 'GlobalComponents' does not satisfy the constraint 'Record<string, Component<any, any, any, ComputedOptions, MethodOptions, {}, any>>'.
  Index signature for type 'string' is missing in type 'GlobalComponents'.
../../../node_modules/vuetify/lib/components/VTreeview/VTreeviewItem.d.ts(2181,6): error TS2344: Type 'GlobalComponents' does not satisfy the constraint 'Record<string, Component<any, any, any, ComputedOptions, MethodOptions, {}, any>>'.
  Index signature for type 'string' is missing in type 'GlobalComponents'.
../../../node_modules/vuetify/lib/components/VValidation/VValidation.d.ts(51,10): error TS2344: Type 'GlobalComponents' does not satisfy the constraint 'Record<string, Component<any, any, any, ComputedOptions, MethodOptions, {}, any>>'.
  Index signature for type 'string' is missing in type 'GlobalComponents'.
../../../node_modules/vuetify/lib/components/VValidation/VValidation.d.ts(130,6): error TS2344: Type 'GlobalComponents' does not satisfy the constraint 'Record<string, Component<any, any, any, ComputedOptions, MethodOptions, {}, any>>'.
  Index signature for type 'string' is missing in type 'GlobalComponents'.
../../../node_modules/vuetify/lib/components/VVirtualScroll/VVirtualScroll.d.ts(121,10): error TS2344: Type 'GlobalComponents' does not satisfy the constraint 'Record<string, Component<any, any, any, ComputedOptions, MethodOptions, {}, any>>'.
  Index signature for type 'string' is missing in type 'GlobalComponents'.
../../../node_modules/vuetify/lib/components/VVirtualScroll/VVirtualScroll.d.ts(176,6): error TS2344: Type 'GlobalComponents' does not satisfy the constraint 'Record<string, Component<any, any, any, ComputedOptions, MethodOptions, {}, any>>'.
  Index signature for type 'string' is missing in type 'GlobalComponents'.
../../../node_modules/vuetify/lib/components/VWindow/VWindow.d.ts(242,10): error TS2344: Type 'GlobalComponents' does not satisfy the constraint 'Record<string, Component<any, any, any, ComputedOptions, MethodOptions, {}, any>>'.
  Index signature for type 'string' is missing in type 'GlobalComponents'.
../../../node_modules/vuetify/lib/components/VWindow/VWindow.d.ts(344,6): error TS2344: Type 'GlobalComponents' does not satisfy the constraint 'Record<string, Component<any, any, any, ComputedOptions, MethodOptions, {}, any>>'.
  Index signature for type 'string' is missing in type 'GlobalComponents'.
../../../node_modules/vuetify/lib/components/VWindow/VWindowItem.d.ts(104,10): error TS2344: Type 'GlobalComponents' does not satisfy the constraint 'Record<string, Component<any, any, any, ComputedOptions, MethodOptions, {}, any>>'.
  Index signature for type 'string' is missing in type 'GlobalComponents'.
../../../node_modules/vuetify/lib/components/VWindow/VWindowItem.d.ts(189,6): error TS2344: Type 'GlobalComponents' does not satisfy the constraint 'Record<string, Component<any, any, any, ComputedOptions, MethodOptions, {}, any>>'.
  Index signature for type 'string' is missing in type 'GlobalComponents'.
../../../node_modules/vuetify/lib/composables/icons.d.ts(123,10): error TS2344: Type 'GlobalComponents' does not satisfy the constraint 'Record<string, Component<any, any, any, ComputedOptions, MethodOptions, {}, any>>'.
  Index signature for type 'string' is missing in type 'GlobalComponents'.
../../../node_modules/vuetify/lib/composables/icons.d.ts(168,6): error TS2344: Type 'GlobalComponents' does not satisfy the constraint 'Record<string, Component<any, any, any, ComputedOptions, MethodOptions, {}, any>>'.
  Index signature for type 'string' is missing in type 'GlobalComponents'.
../../../node_modules/vuetify/lib/composables/icons.d.ts(195,169): error TS2344: Type 'GlobalComponents' does not satisfy the constraint 'Record<string, Component<any, any, any, ComputedOptions, MethodOptions, {}, any>>'.
  Index signature for type 'string' is missing in type 'GlobalComponents'.
../../../node_modules/vuetify/lib/composables/icons.d.ts(222,148): error TS2344: Type 'GlobalComponents' does not satisfy the constraint 'Record<string, Component<any, any, any, ComputedOptions, MethodOptions, {}, any>>'.
  Index signature for type 'string' is missing in type 'GlobalComponents'.
../../../node_modules/vuetify/lib/composables/icons.d.ts(249,169): error TS2344: Type 'GlobalComponents' does not satisfy the constraint 'Record<string, Component<any, any, any, ComputedOptions, MethodOptions, {}, any>>'.
  Index signature for type 'string' is missing in type 'GlobalComponents'.
../../../node_modules/vuetify/lib/composables/icons.d.ts(276,148): error TS2344: Type 'GlobalComponents' does not satisfy the constraint 'Record<string, Component<any, any, any, ComputedOptions, MethodOptions, {}, any>>'.
  Index signature for type 'string' is missing in type 'GlobalComponents'.
../../../node_modules/vuetify/lib/composables/icons.d.ts(303,169): error TS2344: Type 'GlobalComponents' does not satisfy the constraint 'Record<string, Component<any, any, any, ComputedOptions, MethodOptions, {}, any>>'.
  Index signature for type 'string' is missing in type 'GlobalComponents'.
../../../node_modules/vuetify/lib/composables/icons.d.ts(330,148): error TS2344: Type 'GlobalComponents' does not satisfy the constraint 'Record<string, Component<any, any, any, ComputedOptions, MethodOptions, {}, any>>'.
  Index signature for type 'string' is missing in type 'GlobalComponents'.
../../../node_modules/vuetify/lib/framework.d.ts(1210,14): error TS2344: Type 'GlobalComponents' does not satisfy the constraint 'Record<string, Component<any, any, any, ComputedOptions, MethodOptions, {}, any>>'.
  Index signature for type 'string' is missing in type 'GlobalComponents'.
../../../node_modules/vuetify/lib/framework.d.ts(1425,10): error TS2344: Type 'GlobalComponents' does not satisfy the constraint 'Record<string, Component<any, any, any, ComputedOptions, MethodOptions, {}, any>>'.
  Index signature for type 'string' is missing in type 'GlobalComponents'.
../../../node_modules/vuetify/lib/framework.d.ts(1819,14): error TS2344: Type 'GlobalComponents' does not satisfy the constraint 'Record<string, Component<any, any, any, ComputedOptions, MethodOptions, {}, any>>'.
  Index signature for type 'string' is missing in type 'GlobalComponents'.
../../../node_modules/vuetify/lib/framework.d.ts(2396,10): error TS2344: Type 'GlobalComponents' does not satisfy the constraint 'Record<string, Component<any, any, any, ComputedOptions, MethodOptions, {}, any>>'.
  Index signature for type 'string' is missing in type 'GlobalComponents'.
../../../node_modules/vuetify/lib/framework.d.ts(2611,6): error TS2344: Type 'GlobalComponents' does not satisfy the constraint 'Record<string, Component<any, any, any, ComputedOptions, MethodOptions, {}, any>>'.
  Index signature for type 'string' is missing in type 'GlobalComponents'.
../../../node_modules/vuetify/lib/framework.d.ts(2965,5): error TS2687: All declarations of 'finished' must have identical modifiers.
../../../node_modules/vuetify/lib/labs/VAvatarGroup/VAvatarGroup.d.ts(192,10): error TS2344: Type 'GlobalComponents' does not satisfy the constraint 'Record<string, Component<any, any, any, ComputedOptions, MethodOptions, {}, any>>'.
  Index signature for type 'string' is missing in type 'GlobalComponents'.
../../../node_modules/vuetify/lib/labs/VAvatarGroup/VAvatarGroup.d.ts(346,6): error TS2344: Type 'GlobalComponents' does not satisfy the constraint 'Record<string, Component<any, any, any, ComputedOptions, MethodOptions, {}, any>>'.
  Index signature for type 'string' is missing in type 'GlobalComponents'.
../../../node_modules/vuetify/lib/labs/VCommandPalette/VCommandPalette.d.ts(277,22): error TS2344: Type 'GlobalComponents' does not satisfy the constraint 'Record<string, Component<any, any, any, ComputedOptions, MethodOptions, {}, any>>'.
  Index signature for type 'string' is missing in type 'GlobalComponents'.
../../../node_modules/vuetify/lib/labs/VCommandPalette/VCommandPalette.d.ts(318,18): error TS2344: Type 'GlobalComponents' does not satisfy the constraint 'Record<string, Component<any, any, any, ComputedOptions, MethodOptions, {}, any>>'.
  Index signature for type 'string' is missing in type 'GlobalComponents'.
../../../node_modules/vuetify/lib/labs/VCommandPalette/VCommandPalette.d.ts(345,22): error TS2344: Type 'GlobalComponents' does not satisfy the constraint 'Record<string, Component<any, any, any, ComputedOptions, MethodOptions, {}, any>>'.
  Index signature for type 'string' is missing in type 'GlobalComponents'.
../../../node_modules/vuetify/lib/labs/VCommandPalette/VCommandPalette.d.ts(386,18): error TS2344: Type 'GlobalComponents' does not satisfy the constraint 'Record<string, Component<any, any, any, ComputedOptions, MethodOptions, {}, any>>'.
  Index signature for type 'string' is missing in type 'GlobalComponents'.
../../../node_modules/vuetify/lib/labs/VCommandPalette/VCommandPalette.d.ts(414,22): error TS2344: Type 'GlobalComponents' does not satisfy the constraint 'Record<string, Component<any, any, any, ComputedOptions, MethodOptions, {}, any>>'.
  Index signature for type 'string' is missing in type 'GlobalComponents'.
../../../node_modules/vuetify/lib/labs/VCommandPalette/VCommandPalette.d.ts(455,18): error TS2344: Type 'GlobalComponents' does not satisfy the constraint 'Record<string, Component<any, any, any, ComputedOptions, MethodOptions, {}, any>>'.
  Index signature for type 'string' is missing in type 'GlobalComponents'.
../../../node_modules/vuetify/lib/labs/VCommandPalette/VCommandPalette.d.ts(482,22): error TS2344: Type 'GlobalComponents' does not satisfy the constraint 'Record<string, Component<any, any, any, ComputedOptions, MethodOptions, {}, any>>'.
  Index signature for type 'string' is missing in type 'GlobalComponents'.
../../../node_modules/vuetify/lib/labs/VCommandPalette/VCommandPalette.d.ts(523,18): error TS2344: Type 'GlobalComponents' does not satisfy the constraint 'Record<string, Component<any, any, any, ComputedOptions, MethodOptions, {}, any>>'.
  Index signature for type 'string' is missing in type 'GlobalComponents'.
../../../node_modules/vuetify/lib/labs/VCommandPalette/VCommandPalette.d.ts(551,22): error TS2344: Type 'GlobalComponents' does not satisfy the constraint 'Record<string, Component<any, any, any, ComputedOptions, MethodOptions, {}, any>>'.
  Index signature for type 'string' is missing in type 'GlobalComponents'.
../../../node_modules/vuetify/lib/labs/VCommandPalette/VCommandPalette.d.ts(592,18): error TS2344: Type 'GlobalComponents' does not satisfy the constraint 'Record<string, Component<any, any, any, ComputedOptions, MethodOptions, {}, any>>'.
  Index signature for type 'string' is missing in type 'GlobalComponents'.
../../../node_modules/vuetify/lib/labs/VCommandPalette/VCommandPalette.d.ts(618,22): error TS2344: Type 'GlobalComponents' does not satisfy the constraint 'Record<string, Component<any, any, any, ComputedOptions, MethodOptions, {}, any>>'.
  Index signature for type 'string' is missing in type 'GlobalComponents'.
../../../node_modules/vuetify/lib/labs/VCommandPalette/VCommandPalette.d.ts(659,18): error TS2344: Type 'GlobalComponents' does not satisfy the constraint 'Record<string, Component<any, any, any, ComputedOptions, MethodOptions, {}, any>>'.
  Index signature for type 'string' is missing in type 'GlobalComponents'.
../../../node_modules/vuetify/lib/labs/VCommandPalette/VCommandPalette.d.ts(686,22): error TS2344: Type 'GlobalComponents' does not satisfy the constraint 'Record<string, Component<any, any, any, ComputedOptions, MethodOptions, {}, any>>'.
  Index signature for type 'string' is missing in type 'GlobalComponents'.
../../../node_modules/vuetify/lib/labs/VCommandPalette/VCommandPalette.d.ts(727,18): error TS2344: Type 'GlobalComponents' does not satisfy the constraint 'Record<string, Component<any, any, any, ComputedOptions, MethodOptions, {}, any>>'.
  Index signature for type 'string' is missing in type 'GlobalComponents'.
../../../node_modules/vuetify/lib/labs/VCommandPalette/VCommandPalette.d.ts(753,22): error TS2344: Type 'GlobalComponents' does not satisfy the constraint 'Record<string, Component<any, any, any, ComputedOptions, MethodOptions, {}, any>>'.
  Index signature for type 'string' is missing in type 'GlobalComponents'.
../../../node_modules/vuetify/lib/labs/VCommandPalette/VCommandPalette.d.ts(794,18): error TS2344: Type 'GlobalComponents' does not satisfy the constraint 'Record<string, Component<any, any, any, ComputedOptions, MethodOptions, {}, any>>'.
  Index signature for type 'string' is missing in type 'GlobalComponents'.
../../../node_modules/vuetify/lib/labs/VCommandPalette/VCommandPalette.d.ts(2874,10): error TS2344: Type 'GlobalComponents' does not satisfy the constraint 'Record<string, Component<any, any, any, ComputedOptions, MethodOptions, {}, any>>'.
  Index signature for type 'string' is missing in type 'GlobalComponents'.
../../../node_modules/vuetify/lib/labs/VCommandPalette/VCommandPalette.d.ts(4130,6): error TS2344: Type 'GlobalComponents' does not satisfy the constraint 'Record<string, Component<any, any, any, ComputedOptions, MethodOptions, {}, any>>'.
  Index signature for type 'string' is missing in type 'GlobalComponents'.
../../../node_modules/vuetify/lib/labs/VCommandPalette/VCommandPaletteItem.d.ts(71,10): error TS2344: Type 'GlobalComponents' does not satisfy the constraint 'Record<string, Component<any, any, any, ComputedOptions, MethodOptions, {}, any>>'.
  Index signature for type 'string' is missing in type 'GlobalComponents'.
../../../node_modules/vuetify/lib/labs/VCommandPalette/VCommandPaletteItem.d.ts(136,6): error TS2344: Type 'GlobalComponents' does not satisfy the constraint 'Record<string, Component<any, any, any, ComputedOptions, MethodOptions, {}, any>>'.
  Index signature for type 'string' is missing in type 'GlobalComponents'.
../../../node_modules/vuetify/lib/labs/VDateRangePicker/VDateRangePicker.d.ts(416,10): error TS2344: Type 'GlobalComponents' does not satisfy the constraint 'Record<string, Component<any, any, any, ComputedOptions, MethodOptions, {}, any>>'.
  Index signature for type 'string' is missing in type 'GlobalComponents'.
../../../node_modules/vuetify/lib/labs/VDateRangePicker/VDateRangePicker.d.ts(574,6): error TS2344: Type 'GlobalComponents' does not satisfy the constraint 'Record<string, Component<any, any, any, ComputedOptions, MethodOptions, {}, any>>'.
  Index signature for type 'string' is missing in type 'GlobalComponents'.
../../../node_modules/vuetify/lib/labs/VHeatmap/VHeatmap.d.ts(340,10): error TS2344: Type 'GlobalComponents' does not satisfy the constraint 'Record<string, Component<any, any, any, ComputedOptions, MethodOptions, {}, any>>'.
  Index signature for type 'string' is missing in type 'GlobalComponents'.
../../../node_modules/vuetify/lib/labs/VHeatmap/VHeatmap.d.ts(604,6): error TS2344: Type 'GlobalComponents' does not satisfy the constraint 'Record<string, Component<any, any, any, ComputedOptions, MethodOptions, {}, any>>'.
  Index signature for type 'string' is missing in type 'GlobalComponents'.
../../../node_modules/vuetify/lib/labs/VHeatmap/VHeatmapCell.d.ts(113,10): error TS2344: Type 'GlobalComponents' does not satisfy the constraint 'Record<string, Component<any, any, any, ComputedOptions, MethodOptions, {}, any>>'.
  Index signature for type 'string' is missing in type 'GlobalComponents'.
../../../node_modules/vuetify/lib/labs/VHeatmap/VHeatmapCell.d.ts(190,6): error TS2344: Type 'GlobalComponents' does not satisfy the constraint 'Record<string, Component<any, any, any, ComputedOptions, MethodOptions, {}, any>>'.
  Index signature for type 'string' is missing in type 'GlobalComponents'.
../../../node_modules/vuetify/lib/labs/VHeatmap/VHeatmapLegend.d.ts(82,22): error TS2344: Type 'GlobalComponents' does not satisfy the constraint 'Record<string, Component<any, any, any, ComputedOptions, MethodOptions, {}, any>>'.
  Index signature for type 'string' is missing in type 'GlobalComponents'.
../../../node_modules/vuetify/lib/labs/VHeatmap/VHeatmapLegend.d.ts(143,20): error TS2344: Type 'GlobalComponents' does not satisfy the constraint 'Record<string, Component<any, any, any, ComputedOptions, MethodOptions, {}, any>>'.
  Index signature for type 'string' is missing in type 'GlobalComponents'.
../../../node_modules/vuetify/lib/labs/VHeatmap/VHeatmapLegendCell.d.ts(64,22): error TS2344: Type 'GlobalComponents' does not satisfy the constraint 'Record<string, Component<any, any, any, ComputedOptions, MethodOptions, {}, any>>'.
  Index signature for type 'string' is missing in type 'GlobalComponents'.
../../../node_modules/vuetify/lib/labs/VHeatmap/VHeatmapLegendCell.d.ts(109,20): error TS2344: Type 'GlobalComponents' does not satisfy the constraint 'Record<string, Component<any, any, any, ComputedOptions, MethodOptions, {}, any>>'.
  Index signature for type 'string' is missing in type 'GlobalComponents'.
../../../node_modules/vuetify/lib/labs/VHighlight/VHighlight.d.ts(102,22): error TS2344: Type 'GlobalComponents' does not satisfy the constraint 'Record<string, Component<any, any, any, ComputedOptions, MethodOptions, {}, any>>'.
  Index signature for type 'string' is missing in type 'GlobalComponents'.
../../../node_modules/vuetify/lib/labs/VHighlight/VHighlight.d.ts(163,20): error TS2344: Type 'GlobalComponents' does not satisfy the constraint 'Record<string, Component<any, any, any, ComputedOptions, MethodOptions, {}, any>>'.
  Index signature for type 'string' is missing in type 'GlobalComponents'.
../../../node_modules/vuetify/lib/labs/VMaskInput/VMaskInput.d.ts(2890,10): error TS2344: Type 'GlobalComponents' does not satisfy the constraint 'Record<string, Component<any, any, any, ComputedOptions, MethodOptions, {}, any>>'.
  Index signature for type 'string' is missing in type 'GlobalComponents'.
../../../node_modules/vuetify/lib/labs/VMaskInput/VMaskInput.d.ts(7732,6): error TS2344: Type 'GlobalComponents' does not satisfy the constraint 'Record<string, Component<any, any, any, ComputedOptions, MethodOptions, {}, any>>'.
  Index signature for type 'string' is missing in type 'GlobalComponents'.
../../../node_modules/vuetify/lib/labs/VMonthPicker/VMonthPicker.d.ts(396,10): error TS2344: Type 'GlobalComponents' does not satisfy the constraint 'Record<string, Component<any, any, any, ComputedOptions, MethodOptions, {}, any>>'.
  Index signature for type 'string' is missing in type 'GlobalComponents'.
../../../node_modules/vuetify/lib/labs/VMonthPicker/VMonthPicker.d.ts(548,6): error TS2344: Type 'GlobalComponents' does not satisfy the constraint 'Record<string, Component<any, any, any, ComputedOptions, MethodOptions, {}, any>>'.
  Index signature for type 'string' is missing in type 'GlobalComponents'.
../../../node_modules/vuetify/lib/labs/VPie/VPie.d.ts(489,10): error TS2344: Type 'GlobalComponents' does not satisfy the constraint 'Record<string, Component<any, any, any, ComputedOptions, MethodOptions, {}, any>>'.
  Index signature for type 'string' is missing in type 'GlobalComponents'.
../../../node_modules/vuetify/lib/labs/VPie/VPie.d.ts(805,6): error TS2344: Type 'GlobalComponents' does not satisfy the constraint 'Record<string, Component<any, any, any, ComputedOptions, MethodOptions, {}, any>>'.
  Index signature for type 'string' is missing in type 'GlobalComponents'.
../../../node_modules/vuetify/lib/labs/VPie/VPieSegment.d.ts(171,10): error TS2344: Type 'GlobalComponents' does not satisfy the constraint 'Record<string, Component<any, any, any, ComputedOptions, MethodOptions, {}, any>>'.
  Index signature for type 'string' is missing in type 'GlobalComponents'.
../../../node_modules/vuetify/lib/labs/VPie/VPieSegment.d.ts(276,6): error TS2344: Type 'GlobalComponents' does not satisfy the constraint 'Record<string, Component<any, any, any, ComputedOptions, MethodOptions, {}, any>>'.
  Index signature for type 'string' is missing in type 'GlobalComponents'.
../../../node_modules/vuetify/lib/labs/VPie/VPieTooltip.d.ts(140,10): error TS2344: Type 'GlobalComponents' does not satisfy the constraint 'Record<string, Component<any, any, any, ComputedOptions, MethodOptions, {}, any>>'.
  Index signature for type 'string' is missing in type 'GlobalComponents'.
../../../node_modules/vuetify/lib/labs/VPie/VPieTooltip.d.ts(252,6): error TS2344: Type 'GlobalComponents' does not satisfy the constraint 'Record<string, Component<any, any, any, ComputedOptions, MethodOptions, {}, any>>'.
  Index signature for type 'string' is missing in type 'GlobalComponents'.
../../../node_modules/vuetify/lib/labs/VProgress/VProgress.d.ts(249,10): error TS2344: Type 'GlobalComponents' does not satisfy the constraint 'Record<string, Component<any, any, any, ComputedOptions, MethodOptions, {}, any>>'.
  Index signature for type 'string' is missing in type 'GlobalComponents'.
../../../node_modules/vuetify/lib/labs/VProgress/VProgress.d.ts(388,6): error TS2344: Type 'GlobalComponents' does not satisfy the constraint 'Record<string, Component<any, any, any, ComputedOptions, MethodOptions, {}, any>>'.
  Index signature for type 'string' is missing in type 'GlobalComponents'.
../../../node_modules/vuetify/lib/labs/VVideo/VVideo.d.ts(259,26): error TS2344: Type 'GlobalComponents' does not satisfy the constraint 'Record<string, Component<any, any, any, ComputedOptions, MethodOptions, {}, any>>'.
  Index signature for type 'string' is missing in type 'GlobalComponents'.
../../../node_modules/vuetify/lib/labs/VVideo/VVideo.d.ts(300,22): error TS2344: Type 'GlobalComponents' does not satisfy the constraint 'Record<string, Component<any, any, any, ComputedOptions, MethodOptions, {}, any>>'.
  Index signature for type 'string' is missing in type 'GlobalComponents'.
../../../node_modules/vuetify/lib/labs/VVideo/VVideo.d.ts(390,26): error TS2344: Type 'GlobalComponents' does not satisfy the constraint 'Record<string, Component<any, any, any, ComputedOptions, MethodOptions, {}, any>>'.
  Index signature for type 'string' is missing in type 'GlobalComponents'.
../../../node_modules/vuetify/lib/labs/VVideo/VVideo.d.ts(431,22): error TS2344: Type 'GlobalComponents' does not satisfy the constraint 'Record<string, Component<any, any, any, ComputedOptions, MethodOptions, {}, any>>'.
  Index signature for type 'string' is missing in type 'GlobalComponents'.
../../../node_modules/vuetify/lib/labs/VVideo/VVideo.d.ts(669,30): error TS2344: Type 'GlobalComponents' does not satisfy the constraint 'Record<string, Component<any, any, any, ComputedOptions, MethodOptions, {}, any>>'.
  Index signature for type 'string' is missing in type 'GlobalComponents'.
../../../node_modules/vuetify/lib/labs/VVideo/VVideo.d.ts(710,26): error TS2344: Type 'GlobalComponents' does not satisfy the constraint 'Record<string, Component<any, any, any, ComputedOptions, MethodOptions, {}, any>>'.
  Index signature for type 'string' is missing in type 'GlobalComponents'.
../../../node_modules/vuetify/lib/labs/VVideo/VVideo.d.ts(800,30): error TS2344: Type 'GlobalComponents' does not satisfy the constraint 'Record<string, Component<any, any, any, ComputedOptions, MethodOptions, {}, any>>'.
  Index signature for type 'string' is missing in type 'GlobalComponents'.
../../../node_modules/vuetify/lib/labs/VVideo/VVideo.d.ts(841,26): error TS2344: Type 'GlobalComponents' does not satisfy the constraint 'Record<string, Component<any, any, any, ComputedOptions, MethodOptions, {}, any>>'.
  Index signature for type 'string' is missing in type 'GlobalComponents'.
../../../node_modules/vuetify/lib/labs/VVideo/VVideo.d.ts(1078,30): error TS2344: Type 'GlobalComponents' does not satisfy the constraint 'Record<string, Component<any, any, any, ComputedOptions, MethodOptions, {}, any>>'.
  Index signature for type 'string' is missing in type 'GlobalComponents'.
../../../node_modules/vuetify/lib/labs/VVideo/VVideo.d.ts(1119,26): error TS2344: Type 'GlobalComponents' does not satisfy the constraint 'Record<string, Component<any, any, any, ComputedOptions, MethodOptions, {}, any>>'.
  Index signature for type 'string' is missing in type 'GlobalComponents'.
../../../node_modules/vuetify/lib/labs/VVideo/VVideo.d.ts(1209,30): error TS2344: Type 'GlobalComponents' does not satisfy the constraint 'Record<string, Component<any, any, any, ComputedOptions, MethodOptions, {}, any>>'.
  Index signature for type 'string' is missing in type 'GlobalComponents'.
../../../node_modules/vuetify/lib/labs/VVideo/VVideo.d.ts(1250,26): error TS2344: Type 'GlobalComponents' does not satisfy the constraint 'Record<string, Component<any, any, any, ComputedOptions, MethodOptions, {}, any>>'.
  Index signature for type 'string' is missing in type 'GlobalComponents'.
../../../node_modules/vuetify/lib/labs/VVideo/VVideo.d.ts(1488,30): error TS2344: Type 'GlobalComponents' does not satisfy the constraint 'Record<string, Component<any, any, any, ComputedOptions, MethodOptions, {}, any>>'.
  Index signature for type 'string' is missing in type 'GlobalComponents'.
../../../node_modules/vuetify/lib/labs/VVideo/VVideo.d.ts(1529,26): error TS2344: Type 'GlobalComponents' does not satisfy the constraint 'Record<string, Component<any, any, any, ComputedOptions, MethodOptions, {}, any>>'.
  Index signature for type 'string' is missing in type 'GlobalComponents'.
../../../node_modules/vuetify/lib/labs/VVideo/VVideo.d.ts(1619,30): error TS2344: Type 'GlobalComponents' does not satisfy the constraint 'Record<string, Component<any, any, any, ComputedOptions, MethodOptions, {}, any>>'.
  Index signature for type 'string' is missing in type 'GlobalComponents'.
../../../node_modules/vuetify/lib/labs/VVideo/VVideo.d.ts(1660,26): error TS2344: Type 'GlobalComponents' does not satisfy the constraint 'Record<string, Component<any, any, any, ComputedOptions, MethodOptions, {}, any>>'.
  Index signature for type 'string' is missing in type 'GlobalComponents'.
../../../node_modules/vuetify/lib/labs/VVideo/VVideo.d.ts(1897,30): error TS2344: Type 'GlobalComponents' does not satisfy the constraint 'Record<string, Component<any, any, any, ComputedOptions, MethodOptions, {}, any>>'.
  Index signature for type 'string' is missing in type 'GlobalComponents'.
../../../node_modules/vuetify/lib/labs/VVideo/VVideo.d.ts(1938,26): error TS2344: Type 'GlobalComponents' does not satisfy the constraint 'Record<string, Component<any, any, any, ComputedOptions, MethodOptions, {}, any>>'.
  Index signature for type 'string' is missing in type 'GlobalComponents'.
../../../node_modules/vuetify/lib/labs/VVideo/VVideo.d.ts(2028,30): error TS2344: Type 'GlobalComponents' does not satisfy the constraint 'Record<string, Component<any, any, any, ComputedOptions, MethodOptions, {}, any>>'.
  Index signature for type 'string' is missing in type 'GlobalComponents'.
../../../node_modules/vuetify/lib/labs/VVideo/VVideo.d.ts(2069,26): error TS2344: Type 'GlobalComponents' does not satisfy the constraint 'Record<string, Component<any, any, any, ComputedOptions, MethodOptions, {}, any>>'.
  Index signature for type 'string' is missing in type 'GlobalComponents'.
../../../node_modules/vuetify/lib/labs/VVideo/VVideo.d.ts(2454,34): error TS2344: Type 'GlobalComponents' does not satisfy the constraint 'Record<string, Component<any, any, any, ComputedOptions, MethodOptions, {}, any>>'.
  Index signature for type 'string' is missing in type 'GlobalComponents'.
../../../node_modules/vuetify/lib/labs/VVideo/VVideo.d.ts(2495,30): error TS2344: Type 'GlobalComponents' does not satisfy the constraint 'Record<string, Component<any, any, any, ComputedOptions, MethodOptions, {}, any>>'.
  Index signature for type 'string' is missing in type 'GlobalComponents'.
../../../node_modules/vuetify/lib/labs/VVideo/VVideo.d.ts(2585,34): error TS2344: Type 'GlobalComponents' does not satisfy the constraint 'Record<string, Component<any, any, any, ComputedOptions, MethodOptions, {}, any>>'.
  Index signature for type 'string' is missing in type 'GlobalComponents'.
../../../node_modules/vuetify/lib/labs/VVideo/VVideo.d.ts(2626,30): error TS2344: Type 'GlobalComponents' does not satisfy the constraint 'Record<string, Component<any, any, any, ComputedOptions, MethodOptions, {}, any>>'.
  Index signature for type 'string' is missing in type 'GlobalComponents'.
../../../node_modules/vuetify/lib/labs/VVideo/VVideo.d.ts(2921,34): error TS2344: Type 'GlobalComponents' does not satisfy the constraint 'Record<string, Component<any, any, any, ComputedOptions, MethodOptions, {}, any>>'.
  Index signature for type 'string' is missing in type 'GlobalComponents'.
../../../node_modules/vuetify/lib/labs/VVideo/VVideo.d.ts(2962,30): error TS2344: Type 'GlobalComponents' does not satisfy the constraint 'Record<string, Component<any, any, any, ComputedOptions, MethodOptions, {}, any>>'.
  Index signature for type 'string' is missing in type 'GlobalComponents'.
../../../node_modules/vuetify/lib/labs/VVideo/VVideo.d.ts(3052,34): error TS2344: Type 'GlobalComponents' does not satisfy the constraint 'Record<string, Component<any, any, any, ComputedOptions, MethodOptions, {}, any>>'.
  Index signature for type 'string' is missing in type 'GlobalComponents'.
../../../node_modules/vuetify/lib/labs/VVideo/VVideo.d.ts(3093,30): error TS2344: Type 'GlobalComponents' does not satisfy the constraint 'Record<string, Component<any, any, any, ComputedOptions, MethodOptions, {}, any>>'.
  Index signature for type 'string' is missing in type 'GlobalComponents'.
../../../node_modules/vuetify/lib/labs/VVideo/VVideo.d.ts(3389,34): error TS2344: Type 'GlobalComponents' does not satisfy the constraint 'Record<string, Component<any, any, any, ComputedOptions, MethodOptions, {}, any>>'.
  Index signature for type 'string' is missing in type 'GlobalComponents'.
../../../node_modules/vuetify/lib/labs/VVideo/VVideo.d.ts(3430,30): error TS2344: Type 'GlobalComponents' does not satisfy the constraint 'Record<string, Component<any, any, any, ComputedOptions, MethodOptions, {}, any>>'.
  Index signature for type 'string' is missing in type 'GlobalComponents'.
../../../node_modules/vuetify/lib/labs/VVideo/VVideo.d.ts(3520,34): error TS2344: Type 'GlobalComponents' does not satisfy the constraint 'Record<string, Component<any, any, any, ComputedOptions, MethodOptions, {}, any>>'.
  Index signature for type 'string' is missing in type 'GlobalComponents'.
../../../node_modules/vuetify/lib/labs/VVideo/VVideo.d.ts(3561,30): error TS2344: Type 'GlobalComponents' does not satisfy the constraint 'Record<string, Component<any, any, any, ComputedOptions, MethodOptions, {}, any>>'.
  Index signature for type 'string' is missing in type 'GlobalComponents'.
../../../node_modules/vuetify/lib/labs/VVideo/VVideo.d.ts(3856,34): error TS2344: Type 'GlobalComponents' does not satisfy the constraint 'Record<string, Component<any, any, any, ComputedOptions, MethodOptions, {}, any>>'.
  Index signature for type 'string' is missing in type 'GlobalComponents'.
../../../node_modules/vuetify/lib/labs/VVideo/VVideo.d.ts(3897,30): error TS2344: Type 'GlobalComponents' does not satisfy the constraint 'Record<string, Component<any, any, any, ComputedOptions, MethodOptions, {}, any>>'.
  Index signature for type 'string' is missing in type 'GlobalComponents'.
../../../node_modules/vuetify/lib/labs/VVideo/VVideo.d.ts(3987,34): error TS2344: Type 'GlobalComponents' does not satisfy the constraint 'Record<string, Component<any, any, any, ComputedOptions, MethodOptions, {}, any>>'.
  Index signature for type 'string' is missing in type 'GlobalComponents'.
../../../node_modules/vuetify/lib/labs/VVideo/VVideo.d.ts(4028,30): error TS2344: Type 'GlobalComponents' does not satisfy the constraint 'Record<string, Component<any, any, any, ComputedOptions, MethodOptions, {}, any>>'.
  Index signature for type 'string' is missing in type 'GlobalComponents'.
../../../node_modules/vuetify/lib/labs/VVideo/VVideo.d.ts(5268,10): error TS2344: Type 'GlobalComponents' does not satisfy the constraint 'Record<string, Component<any, any, any, ComputedOptions, MethodOptions, {}, any>>'.
  Index signature for type 'string' is missing in type 'GlobalComponents'.
../../../node_modules/vuetify/lib/labs/VVideo/VVideo.d.ts(7314,6): error TS2344: Type 'GlobalComponents' does not satisfy the constraint 'Record<string, Component<any, any, any, ComputedOptions, MethodOptions, {}, any>>'.
  Index signature for type 'string' is missing in type 'GlobalComponents'.
../../../node_modules/vuetify/lib/labs/VVideo/VVideoControls.d.ts(218,26): error TS2344: Type 'GlobalComponents' does not satisfy the constraint 'Record<string, Component<any, any, any, ComputedOptions, MethodOptions, {}, any>>'.
  Index signature for type 'string' is missing in type 'GlobalComponents'.
../../../node_modules/vuetify/lib/labs/VVideo/VVideoControls.d.ts(259,22): error TS2344: Type 'GlobalComponents' does not satisfy the constraint 'Record<string, Component<any, any, any, ComputedOptions, MethodOptions, {}, any>>'.
  Index signature for type 'string' is missing in type 'GlobalComponents'.
../../../node_modules/vuetify/lib/labs/VVideo/VVideoControls.d.ts(349,26): error TS2344: Type 'GlobalComponents' does not satisfy the constraint 'Record<string, Component<any, any, any, ComputedOptions, MethodOptions, {}, any>>'.
  Index signature for type 'string' is missing in type 'GlobalComponents'.
../../../node_modules/vuetify/lib/labs/VVideo/VVideoControls.d.ts(390,22): error TS2344: Type 'GlobalComponents' does not satisfy the constraint 'Record<string, Component<any, any, any, ComputedOptions, MethodOptions, {}, any>>'.
  Index signature for type 'string' is missing in type 'GlobalComponents'.
../../../node_modules/vuetify/lib/labs/VVideo/VVideoControls.d.ts(628,30): error TS2344: Type 'GlobalComponents' does not satisfy the constraint 'Record<string, Component<any, any, any, ComputedOptions, MethodOptions, {}, any>>'.
  Index signature for type 'string' is missing in type 'GlobalComponents'.
../../../node_modules/vuetify/lib/labs/VVideo/VVideoControls.d.ts(669,26): error TS2344: Type 'GlobalComponents' does not satisfy the constraint 'Record<string, Component<any, any, any, ComputedOptions, MethodOptions, {}, any>>'.
  Index signature for type 'string' is missing in type 'GlobalComponents'.
../../../node_modules/vuetify/lib/labs/VVideo/VVideoControls.d.ts(759,30): error TS2344: Type 'GlobalComponents' does not satisfy the constraint 'Record<string, Component<any, any, any, ComputedOptions, MethodOptions, {}, any>>'.
  Index signature for type 'string' is missing in type 'GlobalComponents'.
../../../node_modules/vuetify/lib/labs/VVideo/VVideoControls.d.ts(800,26): error TS2344: Type 'GlobalComponents' does not satisfy the constraint 'Record<string, Component<any, any, any, ComputedOptions, MethodOptions, {}, any>>'.
  Index signature for type 'string' is missing in type 'GlobalComponents'.
../../../node_modules/vuetify/lib/labs/VVideo/VVideoControls.d.ts(1037,30): error TS2344: Type 'GlobalComponents' does not satisfy the constraint 'Record<string, Component<any, any, any, ComputedOptions, MethodOptions, {}, any>>'.
  Index signature for type 'string' is missing in type 'GlobalComponents'.
../../../node_modules/vuetify/lib/labs/VVideo/VVideoControls.d.ts(1078,26): error TS2344: Type 'GlobalComponents' does not satisfy the constraint 'Record<string, Component<any, any, any, ComputedOptions, MethodOptions, {}, any>>'.
  Index signature for type 'string' is missing in type 'GlobalComponents'.
../../../node_modules/vuetify/lib/labs/VVideo/VVideoControls.d.ts(1168,30): error TS2344: Type 'GlobalComponents' does not satisfy the constraint 'Record<string, Component<any, any, any, ComputedOptions, MethodOptions, {}, any>>'.
  Index signature for type 'string' is missing in type 'GlobalComponents'.
../../../node_modules/vuetify/lib/labs/VVideo/VVideoControls.d.ts(1209,26): error TS2344: Type 'GlobalComponents' does not satisfy the constraint 'Record<string, Component<any, any, any, ComputedOptions, MethodOptions, {}, any>>'.
  Index signature for type 'string' is missing in type 'GlobalComponents'.
../../../node_modules/vuetify/lib/labs/VVideo/VVideoControls.d.ts(1447,30): error TS2344: Type 'GlobalComponents' does not satisfy the constraint 'Record<string, Component<any, any, any, ComputedOptions, MethodOptions, {}, any>>'.
  Index signature for type 'string' is missing in type 'GlobalComponents'.
../../../node_modules/vuetify/lib/labs/VVideo/VVideoControls.d.ts(1488,26): error TS2344: Type 'GlobalComponents' does not satisfy the constraint 'Record<string, Component<any, any, any, ComputedOptions, MethodOptions, {}, any>>'.
  Index signature for type 'string' is missing in type 'GlobalComponents'.
../../../node_modules/vuetify/lib/labs/VVideo/VVideoControls.d.ts(1578,30): error TS2344: Type 'GlobalComponents' does not satisfy the constraint 'Record<string, Component<any, any, any, ComputedOptions, MethodOptions, {}, any>>'.
  Index signature for type 'string' is missing in type 'GlobalComponents'.
../../../node_modules/vuetify/lib/labs/VVideo/VVideoControls.d.ts(1619,26): error TS2344: Type 'GlobalComponents' does not satisfy the constraint 'Record<string, Component<any, any, any, ComputedOptions, MethodOptions, {}, any>>'.
  Index signature for type 'string' is missing in type 'GlobalComponents'.
../../../node_modules/vuetify/lib/labs/VVideo/VVideoControls.d.ts(1856,30): error TS2344: Type 'GlobalComponents' does not satisfy the constraint 'Record<string, Component<any, any, any, ComputedOptions, MethodOptions, {}, any>>'.
  Index signature for type 'string' is missing in type 'GlobalComponents'.
../../../node_modules/vuetify/lib/labs/VVideo/VVideoControls.d.ts(1897,26): error TS2344: Type 'GlobalComponents' does not satisfy the constraint 'Record<string, Component<any, any, any, ComputedOptions, MethodOptions, {}, any>>'.
  Index signature for type 'string' is missing in type 'GlobalComponents'.
../../../node_modules/vuetify/lib/labs/VVideo/VVideoControls.d.ts(1987,30): error TS2344: Type 'GlobalComponents' does not satisfy the constraint 'Record<string, Component<any, any, any, ComputedOptions, MethodOptions, {}, any>>'.
  Index signature for type 'string' is missing in type 'GlobalComponents'.
../../../node_modules/vuetify/lib/labs/VVideo/VVideoControls.d.ts(2028,26): error TS2344: Type 'GlobalComponents' does not satisfy the constraint 'Record<string, Component<any, any, any, ComputedOptions, MethodOptions, {}, any>>'.
  Index signature for type 'string' is missing in type 'GlobalComponents'.
../../../node_modules/vuetify/lib/labs/VVideo/VVideoControls.d.ts(2711,10): error TS2344: Type 'GlobalComponents' does not satisfy the constraint 'Record<string, Component<any, any, any, ComputedOptions, MethodOptions, {}, any>>'.
  Index signature for type 'string' is missing in type 'GlobalComponents'.
../../../node_modules/vuetify/lib/labs/VVideo/VVideoControls.d.ts(3684,6): error TS2344: Type 'GlobalComponents' does not satisfy the constraint 'Record<string, Component<any, any, any, ComputedOptions, MethodOptions, {}, any>>'.
  Index signature for type 'string' is missing in type 'GlobalComponents'.
../../../node_modules/vuetify/lib/labs/VVideo/VVideoVolume.d.ts(85,22): error TS2344: Type 'GlobalComponents' does not satisfy the constraint 'Record<string, Component<any, any, any, ComputedOptions, MethodOptions, {}, any>>'.
  Index signature for type 'string' is missing in type 'GlobalComponents'.
../../../node_modules/vuetify/lib/labs/VVideo/VVideoVolume.d.ts(126,18): error TS2344: Type 'GlobalComponents' does not satisfy the constraint 'Record<string, Component<any, any, any, ComputedOptions, MethodOptions, {}, any>>'.
  Index signature for type 'string' is missing in type 'GlobalComponents'.
../../../node_modules/vuetify/lib/labs/VVideo/VVideoVolume.d.ts(216,22): error TS2344: Type 'GlobalComponents' does not satisfy the constraint 'Record<string, Component<any, any, any, ComputedOptions, MethodOptions, {}, any>>'.
  Index signature for type 'string' is missing in type 'GlobalComponents'.
../../../node_modules/vuetify/lib/labs/VVideo/VVideoVolume.d.ts(257,18): error TS2344: Type 'GlobalComponents' does not satisfy the constraint 'Record<string, Component<any, any, any, ComputedOptions, MethodOptions, {}, any>>'.
  Index signature for type 'string' is missing in type 'GlobalComponents'.
../../../node_modules/vuetify/lib/labs/VVideo/VVideoVolume.d.ts(331,26): error TS2344: Type 'GlobalComponents' does not satisfy the constraint 'Record<string, Component<any, any, any, ComputedOptions, MethodOptions, {}, any>>'.
  Index signature for type 'string' is missing in type 'GlobalComponents'.
../../../node_modules/vuetify/lib/labs/VVideo/VVideoVolume.d.ts(372,22): error TS2344: Type 'GlobalComponents' does not satisfy the constraint 'Record<string, Component<any, any, any, ComputedOptions, MethodOptions, {}, any>>'.
  Index signature for type 'string' is missing in type 'GlobalComponents'.
../../../node_modules/vuetify/lib/labs/VVideo/VVideoVolume.d.ts(462,26): error TS2344: Type 'GlobalComponents' does not satisfy the constraint 'Record<string, Component<any, any, any, ComputedOptions, MethodOptions, {}, any>>'.
  Index signature for type 'string' is missing in type 'GlobalComponents'.
../../../node_modules/vuetify/lib/labs/VVideo/VVideoVolume.d.ts(503,22): error TS2344: Type 'GlobalComponents' does not satisfy the constraint 'Record<string, Component<any, any, any, ComputedOptions, MethodOptions, {}, any>>'.
  Index signature for type 'string' is missing in type 'GlobalComponents'.
../../../node_modules/vuetify/lib/labs/VVideo/VVideoVolume.d.ts(576,26): error TS2344: Type 'GlobalComponents' does not satisfy the constraint 'Record<string, Component<any, any, any, ComputedOptions, MethodOptions, {}, any>>'.
  Index signature for type 'string' is missing in type 'GlobalComponents'.
../../../node_modules/vuetify/lib/labs/VVideo/VVideoVolume.d.ts(617,22): error TS2344: Type 'GlobalComponents' does not satisfy the constraint 'Record<string, Component<any, any, any, ComputedOptions, MethodOptions, {}, any>>'.
  Index signature for type 'string' is missing in type 'GlobalComponents'.
../../../node_modules/vuetify/lib/labs/VVideo/VVideoVolume.d.ts(707,26): error TS2344: Type 'GlobalComponents' does not satisfy the constraint 'Record<string, Component<any, any, any, ComputedOptions, MethodOptions, {}, any>>'.
  Index signature for type 'string' is missing in type 'GlobalComponents'.
../../../node_modules/vuetify/lib/labs/VVideo/VVideoVolume.d.ts(748,22): error TS2344: Type 'GlobalComponents' does not satisfy the constraint 'Record<string, Component<any, any, any, ComputedOptions, MethodOptions, {}, any>>'.
  Index signature for type 'string' is missing in type 'GlobalComponents'.
../../../node_modules/vuetify/lib/labs/VVideo/VVideoVolume.d.ts(822,26): error TS2344: Type 'GlobalComponents' does not satisfy the constraint 'Record<string, Component<any, any, any, ComputedOptions, MethodOptions, {}, any>>'.
  Index signature for type 'string' is missing in type 'GlobalComponents'.
../../../node_modules/vuetify/lib/labs/VVideo/VVideoVolume.d.ts(863,22): error TS2344: Type 'GlobalComponents' does not satisfy the constraint 'Record<string, Component<any, any, any, ComputedOptions, MethodOptions, {}, any>>'.
  Index signature for type 'string' is missing in type 'GlobalComponents'.
../../../node_modules/vuetify/lib/labs/VVideo/VVideoVolume.d.ts(953,26): error TS2344: Type 'GlobalComponents' does not satisfy the constraint 'Record<string, Component<any, any, any, ComputedOptions, MethodOptions, {}, any>>'.
  Index signature for type 'string' is missing in type 'GlobalComponents'.
../../../node_modules/vuetify/lib/labs/VVideo/VVideoVolume.d.ts(994,22): error TS2344: Type 'GlobalComponents' does not satisfy the constraint 'Record<string, Component<any, any, any, ComputedOptions, MethodOptions, {}, any>>'.
  Index signature for type 'string' is missing in type 'GlobalComponents'.
../../../node_modules/vuetify/lib/labs/VVideo/VVideoVolume.d.ts(1067,26): error TS2344: Type 'GlobalComponents' does not satisfy the constraint 'Record<string, Component<any, any, any, ComputedOptions, MethodOptions, {}, any>>'.
  Index signature for type 'string' is missing in type 'GlobalComponents'.
../../../node_modules/vuetify/lib/labs/VVideo/VVideoVolume.d.ts(1108,22): error TS2344: Type 'GlobalComponents' does not satisfy the constraint 'Record<string, Component<any, any, any, ComputedOptions, MethodOptions, {}, any>>'.
  Index signature for type 'string' is missing in type 'GlobalComponents'.
../../../node_modules/vuetify/lib/labs/VVideo/VVideoVolume.d.ts(1198,26): error TS2344: Type 'GlobalComponents' does not satisfy the constraint 'Record<string, Component<any, any, any, ComputedOptions, MethodOptions, {}, any>>'.
  Index signature for type 'string' is missing in type 'GlobalComponents'.
../../../node_modules/vuetify/lib/labs/VVideo/VVideoVolume.d.ts(1239,22): error TS2344: Type 'GlobalComponents' does not satisfy the constraint 'Record<string, Component<any, any, any, ComputedOptions, MethodOptions, {}, any>>'.
  Index signature for type 'string' is missing in type 'GlobalComponents'.
../../../node_modules/vuetify/lib/labs/VVideo/VVideoVolume.d.ts(2411,10): error TS2344: Type 'GlobalComponents' does not satisfy the constraint 'Record<string, Component<any, any, any, ComputedOptions, MethodOptions, {}, any>>'.
  Index signature for type 'string' is missing in type 'GlobalComponents'.
../../../node_modules/vuetify/lib/labs/VVideo/VVideoVolume.d.ts(3254,6): error TS2344: Type 'GlobalComponents' does not satisfy the constraint 'Record<string, Component<any, any, any, ComputedOptions, MethodOptions, {}, any>>'.
  Index signature for type 'string' is missing in type 'GlobalComponents'.
../../../node_modules/vuetify/lib/util/createSimpleFunctional.d.ts(27,10): error TS2344: Type 'GlobalComponents' does not satisfy the constraint 'Record<string, Component<any, any, any, ComputedOptions, MethodOptions, {}, any>>'.
  Index signature for type 'string' is missing in type 'GlobalComponents'.
../../../node_modules/vuetify/lib/util/createSimpleFunctional.d.ts(84,6): error TS2344: Type 'GlobalComponents' does not satisfy the constraint 'Record<string, Component<any, any, any, ComputedOptions, MethodOptions, {}, any>>'.
  Index signature for type 'string' is missing in type 'GlobalComponents'.
../../../node_modules/vuetify/lib/util/index.d.ts(16,1): error TS2308: Module './defineComponent.js' has already exported a member named 'Slot'. Consider explicitly re-exporting to resolve the ambiguity.
Library command failed: exit 2, signal none
