npm warn deprecated inflight@1.0.6: This module is not supported, and leaks memory. Do not use it. Check out lru-cache if you want a good and tested way to coalesce async requests by a key value, which is much more comprehensive and powerful.
npm warn deprecated rimraf@2.7.1: Rimraf versions prior to v4 are no longer supported
npm warn deprecated lodash.isequal@4.5.0: This package is deprecated. Use require('node:util').isDeepStrictEqual instead.
npm warn deprecated glob@7.2.3: Old versions of glob are not supported, and contain widely publicized security vulnerabilities, which have been fixed in the current version. Please update. Support for old versions may be purchased (at exorbitant rates) by contacting i@izs.me
npm warn deprecated glob@7.2.3: Old versions of glob are not supported, and contain widely publicized security vulnerabilities, which have been fixed in the current version. Please update. Support for old versions may be purchased (at exorbitant rates) by contacting i@izs.me
npm warn deprecated glob@7.2.3: Old versions of glob are not supported, and contain widely publicized security vulnerabilities, which have been fixed in the current version. Please update. Support for old versions may be purchased (at exorbitant rates) by contacting i@izs.me
npm warn deprecated fstream@1.0.12: This package is no longer supported.
npm warn deprecated vue-i18n@11.1.12: This version is NOT deprecated. Previous deprecation was a mistake.
npm warn deprecated vue-i18n@11.1.12: This version is NOT deprecated. Previous deprecation was a mistake.
npm warn deprecated vue-i18n@11.1.12: This version is NOT deprecated. Previous deprecation was a mistake.
npm warn deprecated vue-i18n@11.1.12: This version is NOT deprecated. Previous deprecation was a mistake.

added 709 packages in 5s

> sc-framework@0.2.0 verify
> npm run format:check && npm run lint && npm run api:check && npm run ui:contracts:check && npm run ui:boundaries:check && npm run visual:manifest:check && npm run typecheck && npm run test:unit && npm run build


> sc-framework@0.2.0 format:check
> prettier --check .

Checking formatting...
All matched files use Prettier code style!

> sc-framework@0.2.0 lint
> eslint frontend scripts --max-warnings 0


> sc-framework@0.2.0 api:check
> node scripts/openapi-types.mjs --check

neutral compatibility: OpenAPI 명세와 생성 타입 일치
reference: OpenAPI 명세와 생성 타입 일치
starter: OpenAPI 명세와 생성 타입 일치

> sc-framework@0.2.0 ui:contracts:check
> node scripts/ui-contracts.mjs --check

공개 UI 22개: imported props/events/slots/default 계약 일치

> sc-framework@0.2.0 ui:boundaries:check
> node scripts/check-ui-boundaries.mjs

공개 UI/소비 앱 경계: import 1150개 확인

> sc-framework@0.2.0 visual:manifest:check
> node scripts/verify-visual-baselines.mjs --profile darwin-chromium

{"result":"verified","profile":"darwin-chromium","images":16,"platform":"darwin","browserVersion":"153.0.8010.12"}

> sc-framework@0.2.0 typecheck
> npm run typecheck --workspace @sc/date && npm run typecheck --workspace @sc/i18n && npm run typecheck --workspace @sc/excel && npm run typecheck --workspace @sc/ui && npm run typecheck --workspace @sc/runtime && npm run typecheck --workspace @sc/reference-app && npm run typecheck --workspace @sc/starter-app && npm run typecheck --workspace @sc/catalog && npm run typecheck:e2e


> @sc/date@0.2.0 typecheck
> tsc --noEmit -p tsconfig.json


> @sc/i18n@0.2.0 typecheck
> vue-tsc --noEmit -p tsconfig.json


> @sc/excel@0.2.0 typecheck
> vue-tsc --noEmit -p tsconfig.json


> @sc/ui@0.2.0 typecheck
> npm run tokens:check && vue-tsc --noEmit -p tsconfig.json


> @sc/ui@0.2.0 tokens:check
> node scripts/generate-tokens.mjs --check

Design token CSS matches tokens.ts.

> @sc/runtime@0.2.0 typecheck
> vue-tsc --noEmit -p tsconfig.json


> @sc/reference-app@0.1.0 typecheck
> vue-tsc --noEmit -p tsconfig.json


> @sc/starter-app@0.1.0 typecheck
> vue-tsc --noEmit -p tsconfig.json


> @sc/catalog@0.1.0 typecheck
> vue-tsc --noEmit -p tsconfig.json


> sc-framework@0.2.0 typecheck:e2e
> tsc --noEmit -p frontend/tsconfig.e2e.json


> sc-framework@0.2.0 test:unit
> vitest run --config vitest.config.ts


 RUN  v4.1.11 /Users/dk/Work/ScFramework


 Test Files  34 passed (34)
      Tests  139 passed (139)
   Start at  05:55:48
   Duration  2.75s (transform 19.85s, setup 0ms, import 27.74s, tests 1.14s, environment 4.85s)


> sc-framework@0.2.0 build
> npm run build --workspace @sc/date && npm run build --workspace @sc/i18n && npm run build --workspace @sc/excel && npm run build --workspace @sc/ui && npm run build --workspace @sc/runtime && npm run build --workspace @sc/reference-app && npm run build --workspace @sc/starter-app


> @sc/date@0.2.0 build
> node ../../../scripts/build-library.mjs .

vite v8.3.1 building client environment for production...
transforming...
✓ 2 modules transformed.
rendering chunks...
computing gzip size...
dist/index.js  5.16 kB │ gzip: 2.01 kB

✓ built in 9ms
@sc/date@0.2.0: compiled ESM/declarations/assets ready

> @sc/i18n@0.2.0 build
> node ../../../scripts/build-library.mjs .

vite v8.3.1 building client environment for production...
transforming...
✓ 3 modules transformed.
rendering chunks...
computing gzip size...
dist/index.js  3.30 kB │ gzip: 1.49 kB

✓ built in 8ms
@sc/i18n@0.2.0: compiled ESM/declarations/assets ready

> @sc/excel@0.2.0 build
> node ../../../scripts/build-library.mjs .

vite v8.3.1 building client environment for production...
transforming...
✓ 2 modules transformed.
rendering chunks...
computing gzip size...
dist/index.js  5.77 kB │ gzip: 2.25 kB

✓ built in 8ms
@sc/excel@0.2.0: compiled ESM/declarations/assets ready

> @sc/ui@0.2.0 build
> node ../../../scripts/build-library.mjs .

Design token CSS matches tokens.ts.
vite v8.3.1 building client environment for production...
transforming...
✓ 100 modules transformed.
rendering chunks...
computing gzip size...
dist/sc-ui.css                                     33.23 kB │ gzip: 5.01 kB
dist/__styles.js                                    0.00 kB │ gzip: 0.02 kB
dist/chunks/_plugin-vue_export-helper-Pzq_nHDg.js   0.98 kB │ gzip: 0.58 kB
dist/chunks/tokens-Gi1pjZK9.js                      1.67 kB │ gzip: 0.90 kB
dist/chunks/ScActionButton-DKPA-6Pm.js              2.70 kB │ gzip: 1.16 kB
dist/charts.js                                      9.28 kB │ gzip: 3.07 kB
dist/editor.js                                     16.87 kB │ gzip: 5.08 kB
dist/board.js                                      17.71 kB │ gzip: 4.84 kB
dist/image.js                                      18.16 kB │ gzip: 5.30 kB
dist/table.js                                      49.02 kB │ gzip: 9.56 kB
dist/index.js                                      50.72 kB │ gzip: 9.34 kB

✓ built in 170ms
@sc/ui@0.2.0: compiled ESM/declarations/assets ready

> @sc/runtime@0.2.0 build
> node ../../../scripts/build-library.mjs .

vite v8.3.1 building client environment for production...
transforming...
✓ 4 modules transformed.
rendering chunks...
computing gzip size...
dist/index.js  8.99 kB │ gzip: 3.21 kB

✓ built in 10ms
@sc/runtime@0.2.0: compiled ESM/declarations/assets ready

> @sc/reference-app@0.1.0 build
> vue-tsc --noEmit -p tsconfig.json && vite build

vite v8.3.1 building client environment for production...
transforming...
✓ 1904 modules transformed.
rendering chunks...
computing gzip size...
dist/index.html                                   0.49 kB │ gzip:   0.33 kB
dist/assets/useImageFile-1hkDtVIH.css             0.06 kB │ gzip:   0.08 kB
dist/assets/DocumentsPage-CGzgDvdS.css            0.11 kB │ gzip:   0.11 kB
dist/assets/AdminNavigation-CGsS6gxN.css          0.13 kB │ gzip:   0.13 kB
dist/assets/NoticesPage-DsFzkVWS.css              0.21 kB │ gzip:   0.14 kB
dist/assets/PatternsPage-D9wSiuNv.css             0.59 kB │ gzip:   0.29 kB
dist/assets/AdminAuditPage-BqQoUJOH.css           0.62 kB │ gzip:   0.31 kB
dist/assets/RequirementsPage-DHRt7bWb.css         0.83 kB │ gzip:   0.30 kB
dist/assets/RequirementWorkspace-CFi7C6u6.css     1.28 kB │ gzip:   0.48 kB
dist/assets/KanbanPage-6zvtfWED.css               1.45 kB │ gzip:   0.48 kB
dist/assets/RequirementReportPage-BKY-UAMX.css    1.90 kB │ gzip:   0.57 kB
dist/assets/index-vy0Q5NjS.css                  327.28 kB │ gzip:  47.07 kB
dist/assets/validation-hl21o1zK.js                0.11 kB │ gzip:   0.11 kB
dist/assets/useDraftGuard-7UMmCDyo.js             0.61 kB │ gzip:   0.38 kB
dist/assets/rolldown-runtime-Dd_uD5pT.js          1.10 kB │ gzip:   0.62 kB
dist/assets/query-BVyzdxoR.js                     1.27 kB │ gzip:   0.57 kB
dist/assets/AccountPage-DJJXZbXu.js               3.33 kB │ gzip:   1.52 kB
dist/assets/AdminNavigation-Bfq3xPKS.js           3.34 kB │ gzip:   1.77 kB
dist/assets/AdminUsersPage-7Qfy0OGM.js            3.88 kB │ gzip:   1.65 kB
dist/assets/RequirementsPage-BGAnb5DH.js          4.81 kB │ gzip:   1.96 kB
dist/assets/AdminMenusPage-BeDxLjJk.js            4.90 kB │ gzip:   2.11 kB
dist/assets/AdminAuditPage-w74PFiC8.js            5.70 kB │ gzip:   2.23 kB
dist/assets/MediaWorkspacePage-CYimNgPI.js       10.72 kB │ gzip:   3.79 kB
dist/assets/PatternsPage-BfLJ-wSL.js             11.77 kB │ gzip:   4.41 kB
dist/assets/NoticesPage-CWWDxKXV.js              11.78 kB │ gzip:   4.48 kB
dist/assets/DocumentsPage-CgdBE0Sf.js            12.22 kB │ gzip:   4.75 kB
dist/assets/dist-Cd4idF9M.js                     16.09 kB │ gzip:   6.17 kB
dist/assets/RequirementReportPage-B0YSatCC.js    16.43 kB │ gzip:   5.42 kB
dist/assets/RequirementWorkspace-wc-vXaZe.js     29.45 kB │ gzip:   8.30 kB
dist/assets/KanbanPage-Bf_rnMoU.js              148.69 kB │ gzip:  47.84 kB
dist/assets/useImageFile-Bzsaj97V.js            212.52 kB │ gzip:  66.04 kB
dist/assets/editor-CEzro6d-.js                  387.43 kB │ gzip: 122.66 kB
dist/assets/charts-Ca7Z4Yzz.js                  560.15 kB │ gzip: 191.56 kB
dist/assets/index-_JYpTA3G.js                   818.48 kB │ gzip: 269.37 kB
dist/assets/dist-t3iM995f.js                    933.04 kB │ gzip: 258.11 kB

✓ built in 788ms
[plugin builtin:vite-reporter] 
(!) Some chunks are larger than 500 kB after minification. Consider:
- Using dynamic import() to code-split the application
- Use build.rolldownOptions.output.codeSplitting to improve chunking: https://rolldown.rs/reference/OutputOptions.codeSplitting
- Adjust chunk size limit for this warning via build.chunkSizeWarningLimit.

> @sc/starter-app@0.1.0 build
> vue-tsc --noEmit -p tsconfig.json && vite build

vite v8.3.1 building client environment for production...
transforming...
✓ 1795 modules transformed.
rendering chunks...
computing gzip size...
dist/index.html                            0.40 kB │ gzip:   0.27 kB
dist/assets/PatternsPage-DxdglvMl.css      0.92 kB │ gzip:   0.40 kB
dist/assets/index-D3sHz9m_.css           326.84 kB │ gzip:  46.99 kB
dist/assets/index-CNrbR3g1.js            607.99 kB │ gzip: 206.87 kB
dist/assets/PatternsPage-OZw9YG_3.js   2,435.86 kB │ gzip: 743.42 kB

✓ built in 461ms
[plugin builtin:vite-reporter] 
(!) Some chunks are larger than 500 kB after minification. Consider:
- Using dynamic import() to code-split the application
- Use build.rolldownOptions.output.codeSplitting to improve chunking: https://rolldown.rs/reference/OutputOptions.codeSplitting
- Adjust chunk size limit for this warning via build.chunkSizeWarningLimit.
[INFO] Scanning for projects...
[INFO] ------------------------------------------------------------------------
[INFO] Reactor Build Order:
[INFO] 
[INFO] ScFramework backend                                                [pom]
[INFO] ScFramework core contracts                                         [jar]
[INFO] ScFramework auto configuration                                     [jar]
[INFO] ScFramework Spring Boot Starter                                    [jar]
[INFO] ScFramework neutral reference app                                  [jar]
[INFO] ScFramework minimal consumer app                                   [jar]
[INFO] 
[INFO] ----------------< dev.scframework:sc-framework-parent >-----------------
[INFO] Building ScFramework backend 0.2.0-SNAPSHOT                        [1/6]
[INFO]   from pom.xml
[INFO] --------------------------------[ pom ]---------------------------------
[INFO] 
[INFO] --- clean:3.4.1:clean (default-clean) @ sc-framework-parent ---
[INFO] 
[INFO] -------------------< dev.scframework:framework-core >-------------------
[INFO] Building ScFramework core contracts 0.2.0-SNAPSHOT                 [2/6]
[INFO]   from framework-core/pom.xml
[INFO] --------------------------------[ jar ]---------------------------------
[INFO] 
[INFO] --- clean:3.4.1:clean (default-clean) @ framework-core ---
[INFO] Deleting /Users/dk/Work/ScFramework/backend/framework-core/target
[INFO] 
[INFO] --- resources:3.3.1:resources (default-resources) @ framework-core ---
[INFO] skip non existing resourceDirectory /Users/dk/Work/ScFramework/backend/framework-core/src/main/resources
[INFO] skip non existing resourceDirectory /Users/dk/Work/ScFramework/backend/framework-core/src/main/resources
[INFO] 
[INFO] --- compiler:3.14.1:compile (default-compile) @ framework-core ---
[INFO] Recompiling the module because of changed source code.
[INFO] Compiling 9 source files with javac [debug parameters release 21] to target/classes
[INFO] 
[INFO] --- resources:3.3.1:testResources (default-testResources) @ framework-core ---
[INFO] skip non existing resourceDirectory /Users/dk/Work/ScFramework/backend/framework-core/src/test/resources
[INFO] 
[INFO] --- compiler:3.14.1:testCompile (default-testCompile) @ framework-core ---
[INFO] Recompiling the module because of changed dependency.
[INFO] Compiling 2 source files with javac [debug parameters release 21] to target/test-classes
[INFO] 
[INFO] --- surefire:3.5.6:test (default-test) @ framework-core ---
[INFO] Using auto detected provider org.apache.maven.surefire.junitplatform.JUnitPlatformProvider
[INFO] 
[INFO] -------------------------------------------------------
[INFO]  T E S T S
[INFO] -------------------------------------------------------
[INFO] Running dev.scframework.core.ApiErrorTest
[INFO] Tests run: 1, Failures: 0, Errors: 0, Skipped: 0, Time elapsed: 0.016 s -- in dev.scframework.core.ApiErrorTest
[INFO] Running dev.scframework.core.audit.SecurityAuditEventTest
[INFO] Tests run: 2, Failures: 0, Errors: 0, Skipped: 0, Time elapsed: 0.005 s -- in dev.scframework.core.audit.SecurityAuditEventTest
[INFO] 
[INFO] Results:
[INFO] 
[INFO] Tests run: 3, Failures: 0, Errors: 0, Skipped: 0
[INFO] 
[INFO] 
[INFO] --- jar:3.4.2:jar (default-jar) @ framework-core ---
[INFO] Building jar: /Users/dk/Work/ScFramework/backend/framework-core/target/framework-core-0.2.0-SNAPSHOT.jar
[INFO] 
[INFO] --------------< dev.scframework:framework-autoconfigure >---------------
[INFO] Building ScFramework auto configuration 0.2.0-SNAPSHOT             [3/6]
[INFO]   from framework-autoconfigure/pom.xml
[INFO] --------------------------------[ jar ]---------------------------------
[INFO] 
[INFO] --- clean:3.4.1:clean (default-clean) @ framework-autoconfigure ---
[INFO] Deleting /Users/dk/Work/ScFramework/backend/framework-autoconfigure/target
[INFO] 
[INFO] --- resources:3.3.1:resources (default-resources) @ framework-autoconfigure ---
[INFO] Copying 0 resource from src/main/resources to target/classes
[INFO] Copying 1 resource from src/main/resources to target/classes
[INFO] 
[INFO] --- compiler:3.14.1:compile (default-compile) @ framework-autoconfigure ---
[INFO] Recompiling the module because of changed dependency.
[INFO] Compiling 22 source files with javac [debug parameters release 21] to target/classes
[INFO] /Users/dk/Work/ScFramework/backend/framework-autoconfigure/src/main/java/dev/scframework/autoconfigure/ScOpenApiAutoConfiguration.java: /Users/dk/Work/ScFramework/backend/framework-autoconfigure/src/main/java/dev/scframework/autoconfigure/ScOpenApiAutoConfiguration.java uses unchecked or unsafe operations.
[INFO] /Users/dk/Work/ScFramework/backend/framework-autoconfigure/src/main/java/dev/scframework/autoconfigure/ScOpenApiAutoConfiguration.java: Recompile with -Xlint:unchecked for details.
[INFO] 
[INFO] --- resources:3.3.1:testResources (default-testResources) @ framework-autoconfigure ---
[INFO] skip non existing resourceDirectory /Users/dk/Work/ScFramework/backend/framework-autoconfigure/src/test/resources
[INFO] 
[INFO] --- compiler:3.14.1:testCompile (default-testCompile) @ framework-autoconfigure ---
[INFO] Recompiling the module because of changed dependency.
[INFO] Compiling 9 source files with javac [debug parameters release 21] to target/test-classes
[INFO] 
[INFO] --- surefire:3.5.6:test (default-test) @ framework-autoconfigure ---
[INFO] Using auto detected provider org.apache.maven.surefire.junitplatform.JUnitPlatformProvider
[INFO] 
[INFO] -------------------------------------------------------
[INFO]  T E S T S
[INFO] -------------------------------------------------------
[INFO] Running dev.scframework.autoconfigure.RequestIdFilterTest
[INFO] Tests run: 2, Failures: 0, Errors: 0, Skipped: 0, Time elapsed: 0.066 s -- in dev.scframework.autoconfigure.RequestIdFilterTest
[INFO] Running dev.scframework.autoconfigure.SecurityAuditTransactionTest
05:56:12.048 [main] WARN dev.scframework.autoconfigure.audit.AuditWriteDiagnostics -- Security audit write failed; reasonCode=AUDIT_SINK_FAILURE
[INFO] Tests run: 3, Failures: 0, Errors: 0, Skipped: 0, Time elapsed: 0.123 s -- in dev.scframework.autoconfigure.SecurityAuditTransactionTest
[INFO] Running dev.scframework.autoconfigure.FeignConsumerConfigurationTest
[INFO] Tests run: 2, Failures: 0, Errors: 0, Skipped: 0, Time elapsed: 0.082 s -- in dev.scframework.autoconfigure.FeignConsumerConfigurationTest
[INFO] Running dev.scframework.autoconfigure.SecurityOverrideTest
Mockito is currently self-attaching to enable the inline-mock-maker. This will no longer work in future releases of the JDK. Please add Mockito as an agent to your build as described in Mockito's documentation: https://javadoc.io/doc/org.mockito/mockito-core/latest/org.mockito/org/mockito/Mockito.html#0.3
OpenJDK 64-Bit Server VM warning: Sharing is only supported for boot loader classes because bootstrap classpath has been appended
WARNING: A Java agent has been loaded dynamically (/Users/dk/.m2/repository/net/bytebuddy/byte-buddy-agent/1.17.8/byte-buddy-agent-1.17.8.jar)
WARNING: If a serviceability tool is in use, please run with -XX:+EnableDynamicAgentLoading to hide this warning
WARNING: If a serviceability tool is not in use, please run with -Djdk.instrument.traceUsage for more information
WARNING: Dynamic loading of agents will be disallowed by default in a future release
05:56:12.785 [main] WARN org.springframework.boot.web.servlet.context.AnnotationConfigServletWebApplicationContext -- Exception encountered during context initialization - cancelling refresh attempt: org.springframework.beans.factory.BeanCreationException: Error creating bean with name 'scRequiredUserDetailsService' defined in dev.scframework.autoconfigure.ScSecurityAutoConfiguration: Failed to instantiate [org.springframework.security.core.userdetails.UserDetailsService]: Factory method 'scRequiredUserDetailsService' threw exception with message: Supply a UserDetailsService; generated/default passwords are disabled
[INFO] Tests run: 2, Failures: 0, Errors: 0, Skipped: 0, Time elapsed: 0.615 s -- in dev.scframework.autoconfigure.SecurityOverrideTest
[INFO] Running dev.scframework.autoconfigure.AuditAutoConfigurationTest
05:56:12.871 [main] WARN org.springframework.context.annotation.AnnotationConfigApplicationContext -- Exception encountered during context initialization - cancelling refresh attempt: org.springframework.beans.factory.UnsatisfiedDependencyException: Error creating bean with name 'scSecurityAuditPublisher' defined in dev.scframework.autoconfigure.ScAuditAutoConfiguration: Unsatisfied dependency expressed through method 'scSecurityAuditPublisher' parameter 0: No qualifying bean of type 'dev.scframework.core.audit.SecurityAuditSink' available: expected at least 1 bean which qualifies as autowire candidate. Dependency annotations: {}
[INFO] Tests run: 4, Failures: 0, Errors: 0, Skipped: 0, Time elapsed: 0.131 s -- in dev.scframework.autoconfigure.AuditAutoConfigurationTest
[INFO] Running dev.scframework.autoconfigure.HealthReadinessTest
[INFO] Tests run: 1, Failures: 0, Errors: 0, Skipped: 0, Time elapsed: 0.027 s -- in dev.scframework.autoconfigure.HealthReadinessTest
[INFO] Running dev.scframework.autoconfigure.QuerydslAutoConfigurationTest
[INFO] Tests run: 4, Failures: 0, Errors: 0, Skipped: 0, Time elapsed: 0.068 s -- in dev.scframework.autoconfigure.QuerydslAutoConfigurationTest
[INFO] Running dev.scframework.autoconfigure.SecretFileUsersTest
[INFO] Tests run: 2, Failures: 0, Errors: 0, Skipped: 0, Time elapsed: 0.138 s -- in dev.scframework.autoconfigure.SecretFileUsersTest
[INFO] Running dev.scframework.autoconfigure.FileStorageTest
05:56:13.169 [main] WARN dev.scframework.autoconfigure.storage.FileStorageTransactions -- File storage cleanup failed; operational counter incremented
[INFO] Tests run: 7, Failures: 0, Errors: 0, Skipped: 0, Time elapsed: 0.029 s -- in dev.scframework.autoconfigure.FileStorageTest
[INFO] 
[INFO] Results:
[INFO] 
[INFO] Tests run: 27, Failures: 0, Errors: 0, Skipped: 0
[INFO] 
[INFO] 
[INFO] --- jar:3.4.2:jar (default-jar) @ framework-autoconfigure ---
[INFO] Building jar: /Users/dk/Work/ScFramework/backend/framework-autoconfigure/target/framework-autoconfigure-0.2.0-SNAPSHOT.jar
[INFO] 
[INFO] -----------< dev.scframework:framework-spring-boot-starter >------------
[INFO] Building ScFramework Spring Boot Starter 0.2.0-SNAPSHOT            [4/6]
[INFO]   from framework-spring-boot-starter/pom.xml
[INFO] --------------------------------[ jar ]---------------------------------
[INFO] 
[INFO] --- clean:3.4.1:clean (default-clean) @ framework-spring-boot-starter ---
[INFO] Deleting /Users/dk/Work/ScFramework/backend/framework-spring-boot-starter/target
[INFO] 
[INFO] --- resources:3.3.1:resources (default-resources) @ framework-spring-boot-starter ---
[INFO] skip non existing resourceDirectory /Users/dk/Work/ScFramework/backend/framework-spring-boot-starter/src/main/resources
[INFO] skip non existing resourceDirectory /Users/dk/Work/ScFramework/backend/framework-spring-boot-starter/src/main/resources
[INFO] 
[INFO] --- compiler:3.14.1:compile (default-compile) @ framework-spring-boot-starter ---
[INFO] No sources to compile
[INFO] 
[INFO] --- resources:3.3.1:testResources (default-testResources) @ framework-spring-boot-starter ---
[INFO] skip non existing resourceDirectory /Users/dk/Work/ScFramework/backend/framework-spring-boot-starter/src/test/resources
[INFO] 
[INFO] --- compiler:3.14.1:testCompile (default-testCompile) @ framework-spring-boot-starter ---
[INFO] No sources to compile
[INFO] 
[INFO] --- surefire:3.5.6:test (default-test) @ framework-spring-boot-starter ---
[INFO] No tests to run.
[INFO] 
[INFO] --- jar:3.4.2:jar (default-jar) @ framework-spring-boot-starter ---
[WARNING] JAR will be empty - no content was marked for inclusion!
[INFO] Building jar: /Users/dk/Work/ScFramework/backend/framework-spring-boot-starter/target/framework-spring-boot-starter-0.2.0-SNAPSHOT.jar
[INFO] 
[INFO] ------------------< dev.scframework:sc-reference-app >------------------
[INFO] Building ScFramework neutral reference app 0.2.0-SNAPSHOT          [5/6]
[INFO]   from reference-app/pom.xml
[INFO] --------------------------------[ jar ]---------------------------------
[INFO] 
[INFO] --- clean:3.4.1:clean (default-clean) @ sc-reference-app ---
[INFO] Deleting /Users/dk/Work/ScFramework/backend/reference-app/target
[INFO] 
[INFO] --- resources:3.3.1:resources (default-resources) @ sc-reference-app ---
[INFO] Copying 8 resources from src/main/resources to target/classes
[INFO] Copying 35 resources from ../../frontend/apps/reference-app/dist to target/classes/static
[INFO] 
[INFO] --- compiler:3.14.1:compile (default-compile) @ sc-reference-app ---
[INFO] Recompiling the module because of changed dependency.
[INFO] Compiling 82 source files with javac [debug parameters release 21] to target/classes
[INFO] /Users/dk/Work/ScFramework/backend/reference-app/src/main/java/dev/scframework/reference/documents/DocumentGrammar.java: /Users/dk/Work/ScFramework/backend/reference-app/src/main/java/dev/scframework/reference/documents/DocumentGrammar.java uses or overrides a deprecated API.
[INFO] /Users/dk/Work/ScFramework/backend/reference-app/src/main/java/dev/scframework/reference/documents/DocumentGrammar.java: Recompile with -Xlint:deprecation for details.
[INFO] 
[INFO] --- resources:3.3.1:testResources (default-testResources) @ sc-reference-app ---
[INFO] Copying 1 resource from src/test/resources to target/test-classes
[INFO] 
[INFO] --- compiler:3.14.1:testCompile (default-testCompile) @ sc-reference-app ---
[INFO] Recompiling the module because of changed dependency.
[INFO] Compiling 18 source files with javac [debug parameters release 21] to target/test-classes
[INFO] 
[INFO] --- surefire:3.5.6:test (default-test) @ sc-reference-app ---
[INFO] Using auto detected provider org.apache.maven.surefire.junitplatform.JUnitPlatformProvider
[INFO] 
[INFO] -------------------------------------------------------
[INFO]  T E S T S
[INFO] -------------------------------------------------------
[INFO] Running dev.scframework.reference.H2PersistenceTest
05:56:15.604 [main] INFO org.flywaydb.core.FlywayExecutor -- Database: jdbc:h2:file:/var/folders/8k/rv4bxj0115g929lrxwybv_r80000gn/T/junit-11761670365557293682/isolated-reference (H2 2.3)
05:56:15.622 [main] INFO org.flywaydb.core.internal.schemahistory.JdbcTableSchemaHistory -- Schema history table "PUBLIC"."flyway_schema_history" does not exist yet
05:56:15.623 [main] INFO org.flywaydb.core.internal.command.DbValidate -- Successfully validated 5 migrations (execution time 00:00.009s)
05:56:15.626 [main] INFO org.flywaydb.core.internal.schemahistory.JdbcTableSchemaHistory -- Creating Schema History table "PUBLIC"."flyway_schema_history" ...
05:56:15.643 [main] INFO org.flywaydb.core.internal.command.DbMigrate -- Current version of schema "PUBLIC": << Empty Schema >>
05:56:15.647 [main] INFO org.flywaydb.core.internal.command.DbMigrate -- Migrating schema "PUBLIC" to version "1 - example baseline"
05:56:15.656 [main] INFO org.flywaydb.core.internal.command.DbMigrate -- Migrating schema "PUBLIC" to version "2 - requirements baseline"
05:56:15.668 [main] INFO org.flywaydb.core.internal.command.DbMigrate -- Migrating schema "PUBLIC" to version "3 - security audit"
05:56:15.675 [main] INFO org.flywaydb.core.internal.command.DbMigrate -- Successfully applied 3 migrations to schema "PUBLIC", now at version v3 (execution time 00:00.013s)
05:56:15.734 [main] INFO org.flywaydb.core.FlywayExecutor -- Database: jdbc:h2:file:/var/folders/8k/rv4bxj0115g929lrxwybv_r80000gn/T/junit-11761670365557293682/isolated-reference (H2 2.3)
05:56:15.738 [main] INFO org.flywaydb.core.internal.command.DbValidate -- Successfully validated 5 migrations (execution time 00:00.002s)
05:56:15.739 [main] INFO org.flywaydb.core.internal.command.DbMigrate -- Current version of schema "PUBLIC": 3
05:56:15.742 [main] INFO org.flywaydb.core.internal.command.DbMigrate -- Migrating schema "PUBLIC" to version "4 - media and files"
05:56:15.754 [main] INFO org.flywaydb.core.internal.command.DbMigrate -- Migrating schema "PUBLIC" to version "5 - kanban and documents"
05:56:15.760 [main] INFO org.flywaydb.core.internal.command.DbMigrate -- Successfully applied 2 migrations to schema "PUBLIC", now at version v5 (execution time 00:00.012s)
05:56:15.793 [main] INFO org.flywaydb.core.internal.command.DbValidate -- Successfully validated 5 migrations (execution time 00:00.002s)
05:56:15.794 [main] INFO org.flywaydb.core.internal.command.DbMigrate -- Current version of schema "PUBLIC": 5
05:56:15.794 [main] INFO org.flywaydb.core.internal.command.DbMigrate -- Schema "PUBLIC" is up to date. No migration necessary.
[INFO] Tests run: 1, Failures: 0, Errors: 0, Skipped: 0, Time elapsed: 0.470 s -- in dev.scframework.reference.H2PersistenceTest
[INFO] Running dev.scframework.reference.identity.PasswordIntegrationTest
05:56:15.884 [main] INFO org.springframework.test.context.support.AnnotationConfigContextLoaderUtils -- Could not detect default configuration classes for test class [dev.scframework.reference.identity.PasswordIntegrationTest]: PasswordIntegrationTest does not declare any static, non-private, non-final, nested classes annotated with @Configuration.
05:56:15.941 [main] INFO org.springframework.boot.test.context.SpringBootTestContextBootstrapper -- Found @SpringBootConfiguration dev.scframework.reference.ReferenceApplication for test class dev.scframework.reference.identity.PasswordIntegrationTest

  .   ____          _            __ _ _
 /\\ / ___'_ __ _ _(_)_ __  __ _ \ \ \ \
( ( )\___ | '_ | '_| | '_ \/ _` | \ \ \ \
 \\/  ___)| |_)| | | | | || (_| |  ) ) ) )
  '  |____| .__|_| |_|_| |_\__, | / / / /
 =========|_|==============|___/=/_/_/_/

 :: Spring Boot ::               (v3.5.16)

2026-10-07T05:56:16.204+09:00  INFO [requestId:] 34212 --- [sc-reference-app] [           main] d.s.r.identity.PasswordIntegrationTest   : Starting PasswordIntegrationTest using Java 21.0.11 with PID 34212 (started by dk in /Users/dk/Work/ScFramework/backend/reference-app)
2026-10-07T05:56:16.206+09:00  INFO [requestId:] 34212 --- [sc-reference-app] [           main] d.s.r.identity.PasswordIntegrationTest   : No active profile set, falling back to 1 default profile: "default"
2026-10-07T05:56:16.782+09:00  INFO [requestId:] 34212 --- [sc-reference-app] [           main] .s.d.r.c.RepositoryConfigurationDelegate : Bootstrapping Spring Data JPA repositories in DEFAULT mode.
2026-10-07T05:56:16.855+09:00  INFO [requestId:] 34212 --- [sc-reference-app] [           main] .s.d.r.c.RepositoryConfigurationDelegate : Finished Spring Data repository scanning in 69 ms. Found 18 JPA repository interfaces.
2026-10-07T05:56:16.914+09:00  INFO [requestId:] 34212 --- [sc-reference-app] [           main] o.s.cloud.context.scope.GenericScope     : BeanFactory id=a27d4999-c722-3a9d-b631-8b566cb0b5ef
2026-10-07T05:56:17.016+09:00  INFO [requestId:] 34212 --- [sc-reference-app] [           main] com.zaxxer.hikari.HikariDataSource       : HikariPool-1 - Starting...
2026-10-07T05:56:17.020+09:00  INFO [requestId:] 34212 --- [sc-reference-app] [           main] com.zaxxer.hikari.pool.HikariPool        : HikariPool-1 - Added connection conn8: url=jdbc:h2:mem:password-sc-password-010-1924801892413077194 user=SA
2026-10-07T05:56:17.021+09:00  INFO [requestId:] 34212 --- [sc-reference-app] [           main] com.zaxxer.hikari.HikariDataSource       : HikariPool-1 - Start completed.
2026-10-07T05:56:17.025+09:00  INFO [requestId:] 34212 --- [sc-reference-app] [           main] org.flywaydb.core.FlywayExecutor         : Database: jdbc:h2:mem:password-sc-password-010-1924801892413077194 (H2 2.3)
2026-10-07T05:56:17.026+09:00  INFO [requestId:] 34212 --- [sc-reference-app] [           main] o.f.c.i.s.JdbcTableSchemaHistory         : Schema history table "PUBLIC"."flyway_schema_history" does not exist yet
2026-10-07T05:56:17.027+09:00  INFO [requestId:] 34212 --- [sc-reference-app] [           main] o.f.core.internal.command.DbValidate     : Successfully validated 5 migrations (execution time 00:00.001s)
2026-10-07T05:56:17.027+09:00  INFO [requestId:] 34212 --- [sc-reference-app] [           main] o.f.c.i.s.JdbcTableSchemaHistory         : Creating Schema History table "PUBLIC"."flyway_schema_history" ...
2026-10-07T05:56:17.030+09:00  INFO [requestId:] 34212 --- [sc-reference-app] [           main] o.f.core.internal.command.DbMigrate      : Current version of schema "PUBLIC": << Empty Schema >>
2026-10-07T05:56:17.030+09:00  INFO [requestId:] 34212 --- [sc-reference-app] [           main] o.f.core.internal.command.DbMigrate      : Migrating schema "PUBLIC" to version "1 - example baseline"
2026-10-07T05:56:17.033+09:00  INFO [requestId:] 34212 --- [sc-reference-app] [           main] o.f.core.internal.command.DbMigrate      : Migrating schema "PUBLIC" to version "2 - requirements baseline"
2026-10-07T05:56:17.038+09:00  INFO [requestId:] 34212 --- [sc-reference-app] [           main] o.f.core.internal.command.DbMigrate      : Migrating schema "PUBLIC" to version "3 - security audit"
2026-10-07T05:56:17.042+09:00  INFO [requestId:] 34212 --- [sc-reference-app] [           main] o.f.core.internal.command.DbMigrate      : Migrating schema "PUBLIC" to version "4 - media and files"
2026-10-07T05:56:17.048+09:00  INFO [requestId:] 34212 --- [sc-reference-app] [           main] o.f.core.internal.command.DbMigrate      : Migrating schema "PUBLIC" to version "5 - kanban and documents"
2026-10-07T05:56:17.051+09:00  INFO [requestId:] 34212 --- [sc-reference-app] [           main] o.f.core.internal.command.DbMigrate      : Successfully applied 5 migrations to schema "PUBLIC", now at version v5 (execution time 00:00.009s)
2026-10-07T05:56:17.083+09:00  INFO [requestId:] 34212 --- [sc-reference-app] [           main] o.hibernate.jpa.internal.util.LogHelper  : HHH000204: Processing PersistenceUnitInfo [name: default]
2026-10-07T05:56:17.101+09:00  INFO [requestId:] 34212 --- [sc-reference-app] [           main] org.hibernate.Version                    : HHH000412: Hibernate ORM core version 6.6.53.Final
2026-10-07T05:56:17.111+09:00  INFO [requestId:] 34212 --- [sc-reference-app] [           main] o.h.c.internal.RegionFactoryInitiator    : HHH000026: Second-level cache disabled
2026-10-07T05:56:17.191+09:00  INFO [requestId:] 34212 --- [sc-reference-app] [           main] o.s.o.j.p.SpringPersistenceUnitInfo      : No LoadTimeWeaver setup: ignoring JPA class transformer
2026-10-07T05:56:17.217+09:00  INFO [requestId:] 34212 --- [sc-reference-app] [           main] org.hibernate.orm.connections.pooling    : HHH10001005: Database info:
	Database JDBC URL [Connecting through datasource 'HikariDataSource (HikariPool-1)']
	Database driver: undefined/unknown
	Database version: 2.3.232
	Autocommit mode: undefined/unknown
	Isolation level: undefined/unknown
	Minimum pool size: undefined/unknown
	Maximum pool size: undefined/unknown
2026-10-07T05:56:17.561+09:00  INFO [requestId:] 34212 --- [sc-reference-app] [           main] o.h.e.t.j.p.i.JtaPlatformInitiator       : HHH000489: No JTA platform available (set 'hibernate.transaction.jta.platform' to enable JTA platform integration)
2026-10-07T05:56:17.571+09:00  INFO [requestId:] 34212 --- [sc-reference-app] [           main] j.LocalContainerEntityManagerFactoryBean : Initialized JPA EntityManagerFactory for persistence unit 'default'
2026-10-07T05:56:17.648+09:00  INFO [requestId:] 34212 --- [sc-reference-app] [           main] o.s.d.j.r.query.QueryEnhancerFactory     : Hibernate is in classpath; If applicable, HQL parser will be used.
2026-10-07T05:56:18.157+09:00  INFO [requestId:] 34212 --- [sc-reference-app] [           main] o.s.b.a.w.s.WelcomePageHandlerMapping    : Adding welcome page: class path resource [static/index.html]
2026-10-07T05:56:18.255+09:00  INFO [requestId:] 34212 --- [sc-reference-app] [           main] r$InitializeUserDetailsManagerConfigurer : Global AuthenticationManager configured with UserDetailsService bean with name referenceUsers
2026-10-07T05:56:18.319+09:00  INFO [requestId:] 34212 --- [sc-reference-app] [           main] o.s.b.a.e.web.EndpointLinksResolver      : Exposing 1 endpoint beneath base path '/actuator'
2026-10-07T05:56:18.401+09:00  INFO [requestId:] 34212 --- [sc-reference-app] [           main] o.s.b.t.m.w.SpringBootMockServletContext : Initializing Spring TestDispatcherServlet ''
2026-10-07T05:56:18.402+09:00  INFO [requestId:] 34212 --- [sc-reference-app] [           main] o.s.t.web.servlet.TestDispatcherServlet  : Initializing Servlet ''
2026-10-07T05:56:18.402+09:00  INFO [requestId:] 34212 --- [sc-reference-app] [           main] o.s.t.web.servlet.TestDispatcherServlet  : Completed initialization in 0 ms
2026-10-07T05:56:18.436+09:00  INFO [requestId:] 34212 --- [sc-reference-app] [           main] d.s.r.identity.PasswordIntegrationTest   : Started PasswordIntegrationTest in 2.377 seconds (process running for 3.302)
Mockito is currently self-attaching to enable the inline-mock-maker. This will no longer work in future releases of the JDK. Please add Mockito as an agent to your build as described in Mockito's documentation: https://javadoc.io/doc/org.mockito/mockito-core/latest/org.mockito/org/mockito/Mockito.html#0.3
WARNING: A Java agent has been loaded dynamically (/Users/dk/.m2/repository/net/bytebuddy/byte-buddy-agent/1.17.8/byte-buddy-agent-1.17.8.jar)
WARNING: If a serviceability tool is in use, please run with -XX:+EnableDynamicAgentLoading to hide this warning
WARNING: If a serviceability tool is not in use, please run with -Djdk.instrument.traceUsage for more information
WARNING: Dynamic loading of agents will be disallowed by default in a future release
OpenJDK 64-Bit Server VM warning: Sharing is only supported for boot loader classes because bootstrap classpath has been appended
2026-10-07T05:56:19.942+09:00  INFO [requestId:] 34212 --- [sc-reference-app] [           main] j.LocalContainerEntityManagerFactoryBean : Closing JPA EntityManagerFactory for persistence unit 'default'
2026-10-07T05:56:19.943+09:00  INFO [requestId:] 34212 --- [sc-reference-app] [           main] com.zaxxer.hikari.HikariDataSource       : HikariPool-1 - Shutdown initiated...
2026-10-07T05:56:19.944+09:00  INFO [requestId:] 34212 --- [sc-reference-app] [           main] com.zaxxer.hikari.HikariDataSource       : HikariPool-1 - Shutdown completed.
[INFO] Tests run: 3, Failures: 0, Errors: 0, Skipped: 0, Time elapsed: 4.087 s -- in dev.scframework.reference.identity.PasswordIntegrationTest
[INFO] Running dev.scframework.reference.requirements.RequirementIntegrationTest
2026-10-07T05:56:19.954+09:00  INFO [requestId:] 34212 --- [sc-reference-app] [           main] .b.t.c.SpringBootTestContextBootstrapper : Found @SpringBootConfiguration dev.scframework.reference.ReferenceApplication for test class dev.scframework.reference.requirements.RequirementIntegrationTest

  .   ____          _            __ _ _
 /\\ / ___'_ __ _ _(_)_ __  __ _ \ \ \ \
( ( )\___ | '_ | '_| | '_ \/ _` | \ \ \ \
 \\/  ___)| |_)| | | | | || (_| |  ) ) ) )
  '  |____| .__|_| |_|_| |_\__, | / / / /
 =========|_|==============|___/=/_/_/_/

 :: Spring Boot ::               (v3.5.16)

2026-10-07T05:56:19.985+09:00  INFO [requestId:] 34212 --- [sc-reference-app] [           main] d.s.r.r.RequirementIntegrationTest       : Starting RequirementIntegrationTest using Java 21.0.11 with PID 34212 (started by dk in /Users/dk/Work/ScFramework/backend/reference-app)
2026-10-07T05:56:19.986+09:00  INFO [requestId:] 34212 --- [sc-reference-app] [           main] d.s.r.r.RequirementIntegrationTest       : No active profile set, falling back to 1 default profile: "default"
2026-10-07T05:56:20.077+09:00  INFO [requestId:] 34212 --- [sc-reference-app] [           main] .s.d.r.c.RepositoryConfigurationDelegate : Bootstrapping Spring Data JPA repositories in DEFAULT mode.
2026-10-07T05:56:20.086+09:00  INFO [requestId:] 34212 --- [sc-reference-app] [           main] .s.d.r.c.RepositoryConfigurationDelegate : Finished Spring Data repository scanning in 8 ms. Found 18 JPA repository interfaces.
2026-10-07T05:56:20.104+09:00  INFO [requestId:] 34212 --- [sc-reference-app] [           main] o.s.cloud.context.scope.GenericScope     : BeanFactory id=04988801-4425-362a-a6c2-efd8c19ac01f
2026-10-07T05:56:20.124+09:00  INFO [requestId:] 34212 --- [sc-reference-app] [           main] com.zaxxer.hikari.HikariDataSource       : HikariPool-2 - Starting...
2026-10-07T05:56:20.125+09:00  INFO [requestId:] 34212 --- [sc-reference-app] [           main] com.zaxxer.hikari.pool.HikariPool        : HikariPool-2 - Added connection conn13: url=jdbc:h2:mem:requirements-sc-requirements-007-461174687611148505 user=SA
2026-10-07T05:56:20.125+09:00  INFO [requestId:] 34212 --- [sc-reference-app] [           main] com.zaxxer.hikari.HikariDataSource       : HikariPool-2 - Start completed.
2026-10-07T05:56:20.125+09:00  INFO [requestId:] 34212 --- [sc-reference-app] [           main] org.flywaydb.core.FlywayExecutor         : Database: jdbc:h2:mem:requirements-sc-requirements-007-461174687611148505 (H2 2.3)
2026-10-07T05:56:20.127+09:00  INFO [requestId:] 34212 --- [sc-reference-app] [           main] o.f.c.i.s.JdbcTableSchemaHistory         : Schema history table "PUBLIC"."flyway_schema_history" does not exist yet
2026-10-07T05:56:20.128+09:00  INFO [requestId:] 34212 --- [sc-reference-app] [           main] o.f.core.internal.command.DbValidate     : Successfully validated 5 migrations (execution time 00:00.001s)
2026-10-07T05:56:20.128+09:00  INFO [requestId:] 34212 --- [sc-reference-app] [           main] o.f.c.i.s.JdbcTableSchemaHistory         : Creating Schema History table "PUBLIC"."flyway_schema_history" ...
2026-10-07T05:56:20.130+09:00  INFO [requestId:] 34212 --- [sc-reference-app] [           main] o.f.core.internal.command.DbMigrate      : Current version of schema "PUBLIC": << Empty Schema >>
2026-10-07T05:56:20.131+09:00  INFO [requestId:] 34212 --- [sc-reference-app] [           main] o.f.core.internal.command.DbMigrate      : Migrating schema "PUBLIC" to version "1 - example baseline"
2026-10-07T05:56:20.133+09:00  INFO [requestId:] 34212 --- [sc-reference-app] [           main] o.f.core.internal.command.DbMigrate      : Migrating schema "PUBLIC" to version "2 - requirements baseline"
2026-10-07T05:56:20.136+09:00  INFO [requestId:] 34212 --- [sc-reference-app] [           main] o.f.core.internal.command.DbMigrate      : Migrating schema "PUBLIC" to version "3 - security audit"
2026-10-07T05:56:20.139+09:00  INFO [requestId:] 34212 --- [sc-reference-app] [           main] o.f.core.internal.command.DbMigrate      : Migrating schema "PUBLIC" to version "4 - media and files"
2026-10-07T05:56:20.144+09:00  INFO [requestId:] 34212 --- [sc-reference-app] [           main] o.f.core.internal.command.DbMigrate      : Migrating schema "PUBLIC" to version "5 - kanban and documents"
2026-10-07T05:56:20.146+09:00  INFO [requestId:] 34212 --- [sc-reference-app] [           main] o.f.core.internal.command.DbMigrate      : Successfully applied 5 migrations to schema "PUBLIC", now at version v5 (execution time 00:00.008s)
2026-10-07T05:56:20.153+09:00  INFO [requestId:] 34212 --- [sc-reference-app] [           main] o.hibernate.jpa.internal.util.LogHelper  : HHH000204: Processing PersistenceUnitInfo [name: default]
2026-10-07T05:56:20.154+09:00  INFO [requestId:] 34212 --- [sc-reference-app] [           main] o.h.c.internal.RegionFactoryInitiator    : HHH000026: Second-level cache disabled
2026-10-07T05:56:20.156+09:00  INFO [requestId:] 34212 --- [sc-reference-app] [           main] o.s.o.j.p.SpringPersistenceUnitInfo      : No LoadTimeWeaver setup: ignoring JPA class transformer
2026-10-07T05:56:20.157+09:00  INFO [requestId:] 34212 --- [sc-reference-app] [           main] org.hibernate.orm.connections.pooling    : HHH10001005: Database info:
	Database JDBC URL [Connecting through datasource 'HikariDataSource (HikariPool-2)']
	Database driver: undefined/unknown
	Database version: 2.3.232
	Autocommit mode: undefined/unknown
	Isolation level: undefined/unknown
	Minimum pool size: undefined/unknown
	Maximum pool size: undefined/unknown
2026-10-07T05:56:20.200+09:00  INFO [requestId:] 34212 --- [sc-reference-app] [           main] o.h.e.t.j.p.i.JtaPlatformInitiator       : HHH000489: No JTA platform available (set 'hibernate.transaction.jta.platform' to enable JTA platform integration)
2026-10-07T05:56:20.202+09:00  INFO [requestId:] 34212 --- [sc-reference-app] [           main] j.LocalContainerEntityManagerFactoryBean : Initialized JPA EntityManagerFactory for persistence unit 'default'
2026-10-07T05:56:20.285+09:00  INFO [requestId:] 34212 --- [sc-reference-app] [           main] o.s.b.a.w.s.WelcomePageHandlerMapping    : Adding welcome page: class path resource [static/index.html]
2026-10-07T05:56:20.307+09:00  INFO [requestId:] 34212 --- [sc-reference-app] [           main] r$InitializeUserDetailsManagerConfigurer : Global AuthenticationManager configured with UserDetailsService bean with name referenceUsers
2026-10-07T05:56:20.318+09:00  INFO [requestId:] 34212 --- [sc-reference-app] [           main] o.s.b.a.e.web.EndpointLinksResolver      : Exposing 1 endpoint beneath base path '/actuator'
2026-10-07T05:56:20.341+09:00  INFO [requestId:] 34212 --- [sc-reference-app] [           main] o.s.b.t.m.w.SpringBootMockServletContext : Initializing Spring TestDispatcherServlet ''
2026-10-07T05:56:20.341+09:00  INFO [requestId:] 34212 --- [sc-reference-app] [           main] o.s.t.web.servlet.TestDispatcherServlet  : Initializing Servlet ''
2026-10-07T05:56:20.341+09:00  INFO [requestId:] 34212 --- [sc-reference-app] [           main] o.s.t.web.servlet.TestDispatcherServlet  : Completed initialization in 0 ms
2026-10-07T05:56:20.353+09:00  INFO [requestId:] 34212 --- [sc-reference-app] [           main] d.s.r.r.RequirementIntegrationTest       : Started RequirementIntegrationTest in 0.382 seconds (process running for 5.219)
2026-10-07T05:56:21.003+09:00  WARN [requestId:84965f08-d55b-4707-81dc-f3287c5142ce] 34212 --- [sc-reference-app] [           main] o.h.engine.jdbc.spi.SqlExceptionHelper   : SQL Error: 23513, SQLState: 23513
2026-10-07T05:56:21.003+09:00 ERROR [requestId:84965f08-d55b-4707-81dc-f3287c5142ce] 34212 --- [sc-reference-app] [           main] o.h.engine.jdbc.spi.SqlExceptionHelper   : Check constraint violation: "SYNTHETIC_REVIEW_FAILURE: "; SQL statement:
insert into requirement_history (action,actor_id,after_json,before_json,created_at,requirement_id,id) values (?,?,?,?,?,?,default) [23513-232]
2026-10-07T05:56:21.485+09:00  WARN [requestId:2f28e49c-f321-4c3f-a9e4-cc7b821bc9d8] 34212 --- [sc-reference-app] [           main] o.h.engine.jdbc.spi.SqlExceptionHelper   : SQL Error: 23513, SQLState: 23513
2026-10-07T05:56:21.485+09:00 ERROR [requestId:2f28e49c-f321-4c3f-a9e4-cc7b821bc9d8] 34212 --- [sc-reference-app] [           main] o.h.engine.jdbc.spi.SqlExceptionHelper   : Check constraint violation: "SYNTHETIC_HISTORY_FAILURE: "; SQL statement:
insert into requirement_history (action,actor_id,after_json,before_json,created_at,requirement_id,id) values (?,?,?,?,?,?,default) [23513-232]
2026-10-07T05:56:23.850+09:00  WARN [requestId:35b7ba52-f0d6-4e98-9d56-e673c2054180] 34212 --- [sc-reference-app] [           main] o.h.engine.jdbc.spi.SqlExceptionHelper   : SQL Error: 23505, SQLState: 23505
2026-10-07T05:56:23.851+09:00 ERROR [requestId:35b7ba52-f0d6-4e98-9d56-e673c2054180] 34212 --- [sc-reference-app] [           main] o.h.engine.jdbc.spi.SqlExceptionHelper   : Unique index or primary key violation: "PUBLIC.CONSTRAINT_INDEX_E ON PUBLIC.REFERENCE_USER(USERNAME NULLS FIRST) VALUES ( /* 20 */ 'alice' )"; SQL statement:
insert into reference_user (created_at,display_name,password_hash,role,username,id) values (?,?,?,?,?,default) [23505-232]
[INFO] Tests run: 22, Failures: 0, Errors: 0, Skipped: 0, Time elapsed: 10.56 s -- in dev.scframework.reference.requirements.RequirementIntegrationTest
[INFO] Running dev.scframework.reference.requirements.RequirementPersistenceTest
2026-10-07T05:56:30.512+09:00  INFO [requestId:] 34212 --- [sc-reference-app] [           main] org.flywaydb.core.FlywayExecutor         : Database: jdbc:h2:file:/var/folders/8k/rv4bxj0115g929lrxwybv_r80000gn/T/junit-7344500141870079708/upgrade (H2 2.3)
2026-10-07T05:56:30.514+09:00  INFO [requestId:] 34212 --- [sc-reference-app] [           main] o.f.c.i.s.JdbcTableSchemaHistory         : Schema history table "PUBLIC"."flyway_schema_history" does not exist yet
2026-10-07T05:56:30.514+09:00  INFO [requestId:] 34212 --- [sc-reference-app] [           main] o.f.core.internal.command.DbValidate     : Successfully validated 5 migrations (execution time 00:00.000s)
2026-10-07T05:56:30.514+09:00  INFO [requestId:] 34212 --- [sc-reference-app] [           main] o.f.c.i.s.JdbcTableSchemaHistory         : Creating Schema History table "PUBLIC"."flyway_schema_history" ...
2026-10-07T05:56:30.515+09:00  INFO [requestId:] 34212 --- [sc-reference-app] [           main] o.f.core.internal.command.DbMigrate      : Current version of schema "PUBLIC": << Empty Schema >>
2026-10-07T05:56:30.516+09:00  INFO [requestId:] 34212 --- [sc-reference-app] [           main] o.f.core.internal.command.DbMigrate      : Migrating schema "PUBLIC" to version "1 - example baseline"
2026-10-07T05:56:30.516+09:00  INFO [requestId:] 34212 --- [sc-reference-app] [           main] o.f.core.internal.command.DbMigrate      : Successfully applied 1 migration to schema "PUBLIC", now at version v1 (execution time 00:00.000s)
2026-10-07T05:56:30.539+09:00  INFO [requestId:] 34212 --- [sc-reference-app] [           main] org.flywaydb.core.FlywayExecutor         : Database: jdbc:h2:file:/var/folders/8k/rv4bxj0115g929lrxwybv_r80000gn/T/junit-7344500141870079708/upgrade (H2 2.3)
2026-10-07T05:56:30.548+09:00  INFO [requestId:] 34212 --- [sc-reference-app] [           main] o.f.core.internal.command.DbValidate     : Successfully validated 5 migrations (execution time 00:00.000s)
2026-10-07T05:56:30.549+09:00  INFO [requestId:] 34212 --- [sc-reference-app] [           main] o.f.core.internal.command.DbMigrate      : Current version of schema "PUBLIC": 1
2026-10-07T05:56:30.550+09:00  INFO [requestId:] 34212 --- [sc-reference-app] [           main] o.f.core.internal.command.DbMigrate      : Migrating schema "PUBLIC" to version "2 - requirements baseline"
2026-10-07T05:56:30.552+09:00  INFO [requestId:] 34212 --- [sc-reference-app] [           main] o.f.core.internal.command.DbMigrate      : Migrating schema "PUBLIC" to version "3 - security audit"
2026-10-07T05:56:30.553+09:00  INFO [requestId:] 34212 --- [sc-reference-app] [           main] o.f.core.internal.command.DbMigrate      : Successfully applied 2 migrations to schema "PUBLIC", now at version v3 (execution time 00:00.001s)
2026-10-07T05:56:30.564+09:00  INFO [requestId:] 34212 --- [sc-reference-app] [           main] org.flywaydb.core.FlywayExecutor         : Database: jdbc:h2:file:/var/folders/8k/rv4bxj0115g929lrxwybv_r80000gn/T/junit-7344500141870079708/upgrade (H2 2.3)
2026-10-07T05:56:30.565+09:00  INFO [requestId:] 34212 --- [sc-reference-app] [           main] o.f.core.internal.command.DbValidate     : Successfully validated 5 migrations (execution time 00:00.000s)
2026-10-07T05:56:30.565+09:00  INFO [requestId:] 34212 --- [sc-reference-app] [           main] o.f.core.internal.command.DbMigrate      : Current version of schema "PUBLIC": 3
2026-10-07T05:56:30.566+09:00  INFO [requestId:] 34212 --- [sc-reference-app] [           main] o.f.core.internal.command.DbMigrate      : Migrating schema "PUBLIC" to version "4 - media and files"
2026-10-07T05:56:30.569+09:00  INFO [requestId:] 34212 --- [sc-reference-app] [           main] o.f.core.internal.command.DbMigrate      : Migrating schema "PUBLIC" to version "5 - kanban and documents"
2026-10-07T05:56:30.570+09:00  INFO [requestId:] 34212 --- [sc-reference-app] [           main] o.f.core.internal.command.DbMigrate      : Successfully applied 2 migrations to schema "PUBLIC", now at version v5 (execution time 00:00.002s)
2026-10-07T05:56:30.616+09:00  INFO [requestId:] 34212 --- [sc-reference-app] [           main] org.flywaydb.core.FlywayExecutor         : Database: jdbc:h2:file:/var/folders/8k/rv4bxj0115g929lrxwybv_r80000gn/T/junit-7344500141870079708/upgrade (H2 2.3)
2026-10-07T05:56:30.617+09:00  INFO [requestId:] 34212 --- [sc-reference-app] [           main] o.f.core.internal.command.DbValidate     : Successfully validated 5 migrations (execution time 00:00.000s)
2026-10-07T05:56:30.618+09:00  INFO [requestId:] 34212 --- [sc-reference-app] [           main] o.f.core.internal.command.DbMigrate      : Current version of schema "PUBLIC": 5
2026-10-07T05:56:30.618+09:00  INFO [requestId:] 34212 --- [sc-reference-app] [           main] o.f.core.internal.command.DbMigrate      : Schema "PUBLIC" is up to date. No migration necessary.
2026-10-07T05:56:30.643+09:00  INFO [requestId:] 34212 --- [sc-reference-app] [           main] org.flywaydb.core.FlywayExecutor         : Database: jdbc:h2:file:/var/folders/8k/rv4bxj0115g929lrxwybv_r80000gn/T/junit-12643411759109454906/constraints (H2 2.3)
2026-10-07T05:56:30.644+09:00  INFO [requestId:] 34212 --- [sc-reference-app] [           main] o.f.c.i.s.JdbcTableSchemaHistory         : Schema history table "PUBLIC"."flyway_schema_history" does not exist yet
2026-10-07T05:56:30.645+09:00  INFO [requestId:] 34212 --- [sc-reference-app] [           main] o.f.core.internal.command.DbValidate     : Successfully validated 5 migrations (execution time 00:00.000s)
2026-10-07T05:56:30.645+09:00  INFO [requestId:] 34212 --- [sc-reference-app] [           main] o.f.c.i.s.JdbcTableSchemaHistory         : Creating Schema History table "PUBLIC"."flyway_schema_history" ...
2026-10-07T05:56:30.646+09:00  INFO [requestId:] 34212 --- [sc-reference-app] [           main] o.f.core.internal.command.DbMigrate      : Current version of schema "PUBLIC": << Empty Schema >>
2026-10-07T05:56:30.646+09:00  INFO [requestId:] 34212 --- [sc-reference-app] [           main] o.f.core.internal.command.DbMigrate      : Migrating schema "PUBLIC" to version "1 - example baseline"
2026-10-07T05:56:30.647+09:00  INFO [requestId:] 34212 --- [sc-reference-app] [           main] o.f.core.internal.command.DbMigrate      : Migrating schema "PUBLIC" to version "2 - requirements baseline"
2026-10-07T05:56:30.649+09:00  INFO [requestId:] 34212 --- [sc-reference-app] [           main] o.f.core.internal.command.DbMigrate      : Migrating schema "PUBLIC" to version "3 - security audit"
2026-10-07T05:56:30.651+09:00  INFO [requestId:] 34212 --- [sc-reference-app] [           main] o.f.core.internal.command.DbMigrate      : Migrating schema "PUBLIC" to version "4 - media and files"
2026-10-07T05:56:30.653+09:00  INFO [requestId:] 34212 --- [sc-reference-app] [           main] o.f.core.internal.command.DbMigrate      : Migrating schema "PUBLIC" to version "5 - kanban and documents"
2026-10-07T05:56:30.654+09:00  INFO [requestId:] 34212 --- [sc-reference-app] [           main] o.f.core.internal.command.DbMigrate      : Successfully applied 5 migrations to schema "PUBLIC", now at version v5 (execution time 00:00.001s)
[INFO] Tests run: 2, Failures: 0, Errors: 0, Skipped: 0, Time elapsed: 0.163 s -- in dev.scframework.reference.requirements.RequirementPersistenceTest
[INFO] Running dev.scframework.reference.requirements.RequirementMixedPersistenceTest
2026-10-07T05:56:30.672+09:00  INFO [requestId:] 34212 --- [sc-reference-app] [           main] .b.t.c.SpringBootTestContextBootstrapper : Found @SpringBootConfiguration dev.scframework.reference.ReferenceApplication for test class dev.scframework.reference.requirements.RequirementMixedPersistenceTest

  .   ____          _            __ _ _
 /\\ / ___'_ __ _ _(_)_ __  __ _ \ \ \ \
( ( )\___ | '_ | '_| | '_ \/ _` | \ \ \ \
 \\/  ___)| |_)| | | | | || (_| |  ) ) ) )
  '  |____| .__|_| |_|_| |_\__, | / / / /
 =========|_|==============|___/=/_/_/_/

 :: Spring Boot ::               (v3.5.16)

2026-10-07T05:56:30.686+09:00  INFO [requestId:] 34212 --- [sc-reference-app] [           main] d.s.r.r.RequirementMixedPersistenceTest  : Starting RequirementMixedPersistenceTest using Java 21.0.11 with PID 34212 (started by dk in /Users/dk/Work/ScFramework/backend/reference-app)
2026-10-07T05:56:30.687+09:00  INFO [requestId:] 34212 --- [sc-reference-app] [           main] d.s.r.r.RequirementMixedPersistenceTest  : No active profile set, falling back to 1 default profile: "default"
2026-10-07T05:56:30.759+09:00  INFO [requestId:] 34212 --- [sc-reference-app] [           main] .s.d.r.c.RepositoryConfigurationDelegate : Bootstrapping Spring Data JPA repositories in DEFAULT mode.
2026-10-07T05:56:30.772+09:00  INFO [requestId:] 34212 --- [sc-reference-app] [           main] .s.d.r.c.RepositoryConfigurationDelegate : Finished Spring Data repository scanning in 12 ms. Found 18 JPA repository interfaces.
2026-10-07T05:56:30.784+09:00  INFO [requestId:] 34212 --- [sc-reference-app] [           main] o.s.cloud.context.scope.GenericScope     : BeanFactory id=48c92ec9-5a9e-3ff1-8771-82338cbd49db
2026-10-07T05:56:30.800+09:00  INFO [requestId:] 34212 --- [sc-reference-app] [           main] com.zaxxer.hikari.HikariDataSource       : HikariPool-3 - Starting...
2026-10-07T05:56:30.801+09:00  INFO [requestId:] 34212 --- [sc-reference-app] [           main] com.zaxxer.hikari.pool.HikariPool        : HikariPool-3 - Added connection conn32: url=jdbc:h2:mem:mixed-sc-mixed-008-2675506928998162410 user=SA
2026-10-07T05:56:30.801+09:00  INFO [requestId:] 34212 --- [sc-reference-app] [           main] com.zaxxer.hikari.HikariDataSource       : HikariPool-3 - Start completed.
2026-10-07T05:56:30.802+09:00  INFO [requestId:] 34212 --- [sc-reference-app] [           main] org.flywaydb.core.FlywayExecutor         : Database: jdbc:h2:mem:mixed-sc-mixed-008-2675506928998162410 (H2 2.3)
2026-10-07T05:56:30.803+09:00  INFO [requestId:] 34212 --- [sc-reference-app] [           main] o.f.c.i.s.JdbcTableSchemaHistory         : Schema history table "PUBLIC"."flyway_schema_history" does not exist yet
2026-10-07T05:56:30.803+09:00  INFO [requestId:] 34212 --- [sc-reference-app] [           main] o.f.core.internal.command.DbValidate     : Successfully validated 5 migrations (execution time 00:00.000s)
2026-10-07T05:56:30.803+09:00  INFO [requestId:] 34212 --- [sc-reference-app] [           main] o.f.c.i.s.JdbcTableSchemaHistory         : Creating Schema History table "PUBLIC"."flyway_schema_history" ...
2026-10-07T05:56:30.804+09:00  INFO [requestId:] 34212 --- [sc-reference-app] [           main] o.f.core.internal.command.DbMigrate      : Current version of schema "PUBLIC": << Empty Schema >>
2026-10-07T05:56:30.805+09:00  INFO [requestId:] 34212 --- [sc-reference-app] [           main] o.f.core.internal.command.DbMigrate      : Migrating schema "PUBLIC" to version "1 - example baseline"
2026-10-07T05:56:30.806+09:00  INFO [requestId:] 34212 --- [sc-reference-app] [           main] o.f.core.internal.command.DbMigrate      : Migrating schema "PUBLIC" to version "2 - requirements baseline"
2026-10-07T05:56:30.807+09:00  INFO [requestId:] 34212 --- [sc-reference-app] [           main] o.f.core.internal.command.DbMigrate      : Migrating schema "PUBLIC" to version "3 - security audit"
2026-10-07T05:56:30.809+09:00  INFO [requestId:] 34212 --- [sc-reference-app] [           main] o.f.core.internal.command.DbMigrate      : Migrating schema "PUBLIC" to version "4 - media and files"
2026-10-07T05:56:30.812+09:00  INFO [requestId:] 34212 --- [sc-reference-app] [           main] o.f.core.internal.command.DbMigrate      : Migrating schema "PUBLIC" to version "5 - kanban and documents"
2026-10-07T05:56:30.813+09:00  INFO [requestId:] 34212 --- [sc-reference-app] [           main] o.f.core.internal.command.DbMigrate      : Successfully applied 5 migrations to schema "PUBLIC", now at version v5 (execution time 00:00.002s)
2026-10-07T05:56:30.819+09:00  INFO [requestId:] 34212 --- [sc-reference-app] [           main] o.hibernate.jpa.internal.util.LogHelper  : HHH000204: Processing PersistenceUnitInfo [name: default]
2026-10-07T05:56:30.819+09:00  INFO [requestId:] 34212 --- [sc-reference-app] [           main] o.h.c.internal.RegionFactoryInitiator    : HHH000026: Second-level cache disabled
2026-10-07T05:56:30.821+09:00  INFO [requestId:] 34212 --- [sc-reference-app] [           main] o.s.o.j.p.SpringPersistenceUnitInfo      : No LoadTimeWeaver setup: ignoring JPA class transformer
2026-10-07T05:56:30.822+09:00  INFO [requestId:] 34212 --- [sc-reference-app] [           main] org.hibernate.orm.connections.pooling    : HHH10001005: Database info:
	Database JDBC URL [Connecting through datasource 'HikariDataSource (HikariPool-3)']
	Database driver: undefined/unknown
	Database version: 2.3.232
	Autocommit mode: undefined/unknown
	Isolation level: undefined/unknown
	Minimum pool size: undefined/unknown
	Maximum pool size: undefined/unknown
2026-10-07T05:56:30.854+09:00  INFO [requestId:] 34212 --- [sc-reference-app] [           main] o.h.e.t.j.p.i.JtaPlatformInitiator       : HHH000489: No JTA platform available (set 'hibernate.transaction.jta.platform' to enable JTA platform integration)
2026-10-07T05:56:30.855+09:00  INFO [requestId:] 34212 --- [sc-reference-app] [           main] j.LocalContainerEntityManagerFactoryBean : Initialized JPA EntityManagerFactory for persistence unit 'default'
2026-10-07T05:56:30.930+09:00  INFO [requestId:] 34212 --- [sc-reference-app] [           main] o.s.b.a.w.s.WelcomePageHandlerMapping    : Adding welcome page: class path resource [static/index.html]
2026-10-07T05:56:30.960+09:00  INFO [requestId:] 34212 --- [sc-reference-app] [           main] r$InitializeUserDetailsManagerConfigurer : Global AuthenticationManager configured with UserDetailsService bean with name referenceUsers
2026-10-07T05:56:30.971+09:00  INFO [requestId:] 34212 --- [sc-reference-app] [           main] o.s.b.a.e.web.EndpointLinksResolver      : Exposing 1 endpoint beneath base path '/actuator'
2026-10-07T05:56:31.000+09:00  INFO [requestId:] 34212 --- [sc-reference-app] [           main] d.s.r.r.RequirementMixedPersistenceTest  : Started RequirementMixedPersistenceTest in 0.326 seconds (process running for 15.865)
2026-10-07T05:56:31.109+09:00  INFO [requestId:] 34212 --- [sc-reference-app] [           main] j.LocalContainerEntityManagerFactoryBean : Closing JPA EntityManagerFactory for persistence unit 'default'
2026-10-07T05:56:31.109+09:00  INFO [requestId:] 34212 --- [sc-reference-app] [           main] com.zaxxer.hikari.HikariDataSource       : HikariPool-3 - Shutdown initiated...
2026-10-07T05:56:31.149+09:00  INFO [requestId:] 34212 --- [sc-reference-app] [           main] com.zaxxer.hikari.HikariDataSource       : HikariPool-3 - Shutdown completed.
[INFO] Tests run: 4, Failures: 0, Errors: 0, Skipped: 0, Time elapsed: 0.479 s -- in dev.scframework.reference.requirements.RequirementMixedPersistenceTest
[INFO] Running dev.scframework.reference.requirements.RequirementReadMapperTest
[INFO] Tests run: 5, Failures: 0, Errors: 0, Skipped: 0, Time elapsed: 0.008 s -- in dev.scframework.reference.requirements.RequirementReadMapperTest
[INFO] Running dev.scframework.reference.notices.NoticeIntegrationTest
2026-10-07T05:56:31.159+09:00  INFO [requestId:] 34212 --- [sc-reference-app] [           main] t.c.s.AnnotationConfigContextLoaderUtils : Could not detect default configuration classes for test class [dev.scframework.reference.notices.NoticeIntegrationTest]: NoticeIntegrationTest does not declare any static, non-private, non-final, nested classes annotated with @Configuration.
2026-10-07T05:56:31.163+09:00  INFO [requestId:] 34212 --- [sc-reference-app] [           main] .b.t.c.SpringBootTestContextBootstrapper : Found @SpringBootConfiguration dev.scframework.reference.ReferenceApplication for test class dev.scframework.reference.notices.NoticeIntegrationTest

  .   ____          _            __ _ _
 /\\ / ___'_ __ _ _(_)_ __  __ _ \ \ \ \
( ( )\___ | '_ | '_| | '_ \/ _` | \ \ \ \
 \\/  ___)| |_)| | | | | || (_| |  ) ) ) )
  '  |____| .__|_| |_|_| |_\__, | / / / /
 =========|_|==============|___/=/_/_/_/

 :: Spring Boot ::               (v3.5.16)

2026-10-07T05:56:31.174+09:00  INFO [requestId:] 34212 --- [sc-reference-app] [           main] d.s.r.notices.NoticeIntegrationTest      : Starting NoticeIntegrationTest using Java 21.0.11 with PID 34212 (started by dk in /Users/dk/Work/ScFramework/backend/reference-app)
2026-10-07T05:56:31.175+09:00  INFO [requestId:] 34212 --- [sc-reference-app] [           main] d.s.r.notices.NoticeIntegrationTest      : No active profile set, falling back to 1 default profile: "default"
2026-10-07T05:56:31.246+09:00  INFO [requestId:] 34212 --- [sc-reference-app] [           main] .s.d.r.c.RepositoryConfigurationDelegate : Bootstrapping Spring Data JPA repositories in DEFAULT mode.
2026-10-07T05:56:31.254+09:00  INFO [requestId:] 34212 --- [sc-reference-app] [           main] .s.d.r.c.RepositoryConfigurationDelegate : Finished Spring Data repository scanning in 7 ms. Found 18 JPA repository interfaces.
2026-10-07T05:56:31.266+09:00  INFO [requestId:] 34212 --- [sc-reference-app] [           main] o.s.cloud.context.scope.GenericScope     : BeanFactory id=a2497986-2a8a-32c9-9350-31c50e9c102a
2026-10-07T05:56:31.279+09:00  INFO [requestId:] 34212 --- [sc-reference-app] [           main] com.zaxxer.hikari.HikariDataSource       : HikariPool-4 - Starting...
2026-10-07T05:56:31.280+09:00  INFO [requestId:] 34212 --- [sc-reference-app] [           main] com.zaxxer.hikari.pool.HikariPool        : HikariPool-4 - Added connection conn37: url=jdbc:h2:mem:kanban-sc-kanban-010-7167094535960934966 user=SA
2026-10-07T05:56:31.280+09:00  INFO [requestId:] 34212 --- [sc-reference-app] [           main] com.zaxxer.hikari.HikariDataSource       : HikariPool-4 - Start completed.
2026-10-07T05:56:31.281+09:00  INFO [requestId:] 34212 --- [sc-reference-app] [           main] org.flywaydb.core.FlywayExecutor         : Database: jdbc:h2:mem:kanban-sc-kanban-010-7167094535960934966 (H2 2.3)
2026-10-07T05:56:31.282+09:00  INFO [requestId:] 34212 --- [sc-reference-app] [           main] o.f.c.i.s.JdbcTableSchemaHistory         : Schema history table "PUBLIC"."flyway_schema_history" does not exist yet
2026-10-07T05:56:31.282+09:00  INFO [requestId:] 34212 --- [sc-reference-app] [           main] o.f.core.internal.command.DbValidate     : Successfully validated 5 migrations (execution time 00:00.000s)
2026-10-07T05:56:31.282+09:00  INFO [requestId:] 34212 --- [sc-reference-app] [           main] o.f.c.i.s.JdbcTableSchemaHistory         : Creating Schema History table "PUBLIC"."flyway_schema_history" ...
2026-10-07T05:56:31.283+09:00  INFO [requestId:] 34212 --- [sc-reference-app] [           main] o.f.core.internal.command.DbMigrate      : Current version of schema "PUBLIC": << Empty Schema >>
2026-10-07T05:56:31.284+09:00  INFO [requestId:] 34212 --- [sc-reference-app] [           main] o.f.core.internal.command.DbMigrate      : Migrating schema "PUBLIC" to version "1 - example baseline"
2026-10-07T05:56:31.285+09:00  INFO [requestId:] 34212 --- [sc-reference-app] [           main] o.f.core.internal.command.DbMigrate      : Migrating schema "PUBLIC" to version "2 - requirements baseline"
2026-10-07T05:56:31.286+09:00  INFO [requestId:] 34212 --- [sc-reference-app] [           main] o.f.core.internal.command.DbMigrate      : Migrating schema "PUBLIC" to version "3 - security audit"
2026-10-07T05:56:31.287+09:00  INFO [requestId:] 34212 --- [sc-reference-app] [           main] o.f.core.internal.command.DbMigrate      : Migrating schema "PUBLIC" to version "4 - media and files"
2026-10-07T05:56:31.290+09:00  INFO [requestId:] 34212 --- [sc-reference-app] [           main] o.f.core.internal.command.DbMigrate      : Migrating schema "PUBLIC" to version "5 - kanban and documents"
2026-10-07T05:56:31.291+09:00  INFO [requestId:] 34212 --- [sc-reference-app] [           main] o.f.core.internal.command.DbMigrate      : Successfully applied 5 migrations to schema "PUBLIC", now at version v5 (execution time 00:00.001s)
2026-10-07T05:56:31.295+09:00  INFO [requestId:] 34212 --- [sc-reference-app] [           main] o.hibernate.jpa.internal.util.LogHelper  : HHH000204: Processing PersistenceUnitInfo [name: default]
2026-10-07T05:56:31.296+09:00  INFO [requestId:] 34212 --- [sc-reference-app] [           main] o.h.c.internal.RegionFactoryInitiator    : HHH000026: Second-level cache disabled
2026-10-07T05:56:31.298+09:00  INFO [requestId:] 34212 --- [sc-reference-app] [           main] o.s.o.j.p.SpringPersistenceUnitInfo      : No LoadTimeWeaver setup: ignoring JPA class transformer
2026-10-07T05:56:31.299+09:00  INFO [requestId:] 34212 --- [sc-reference-app] [           main] org.hibernate.orm.connections.pooling    : HHH10001005: Database info:
	Database JDBC URL [Connecting through datasource 'HikariDataSource (HikariPool-4)']
	Database driver: undefined/unknown
	Database version: 2.3.232
	Autocommit mode: undefined/unknown
	Isolation level: undefined/unknown
	Minimum pool size: undefined/unknown
	Maximum pool size: undefined/unknown
2026-10-07T05:56:31.329+09:00  INFO [requestId:] 34212 --- [sc-reference-app] [           main] o.h.e.t.j.p.i.JtaPlatformInitiator       : HHH000489: No JTA platform available (set 'hibernate.transaction.jta.platform' to enable JTA platform integration)
2026-10-07T05:56:31.330+09:00  INFO [requestId:] 34212 --- [sc-reference-app] [           main] j.LocalContainerEntityManagerFactoryBean : Initialized JPA EntityManagerFactory for persistence unit 'default'
2026-10-07T05:56:31.400+09:00  INFO [requestId:] 34212 --- [sc-reference-app] [           main] o.s.b.a.w.s.WelcomePageHandlerMapping    : Adding welcome page: class path resource [static/index.html]
2026-10-07T05:56:31.415+09:00  INFO [requestId:] 34212 --- [sc-reference-app] [           main] r$InitializeUserDetailsManagerConfigurer : Global AuthenticationManager configured with UserDetailsService bean with name referenceUsers
2026-10-07T05:56:31.424+09:00  INFO [requestId:] 34212 --- [sc-reference-app] [           main] o.s.b.a.e.web.EndpointLinksResolver      : Exposing 1 endpoint beneath base path '/actuator'
2026-10-07T05:56:31.437+09:00  INFO [requestId:] 34212 --- [sc-reference-app] [           main] o.s.b.t.m.w.SpringBootMockServletContext : Initializing Spring TestDispatcherServlet ''
2026-10-07T05:56:31.438+09:00  INFO [requestId:] 34212 --- [sc-reference-app] [           main] o.s.t.web.servlet.TestDispatcherServlet  : Initializing Servlet ''
2026-10-07T05:56:31.438+09:00  INFO [requestId:] 34212 --- [sc-reference-app] [           main] o.s.t.web.servlet.TestDispatcherServlet  : Completed initialization in 0 ms
2026-10-07T05:56:31.448+09:00  INFO [requestId:] 34212 --- [sc-reference-app] [           main] d.s.r.notices.NoticeIntegrationTest      : Started NoticeIntegrationTest in 0.284 seconds (process running for 16.314)
[INFO] Tests run: 5, Failures: 0, Errors: 0, Skipped: 0, Time elapsed: 1.926 s -- in dev.scframework.reference.notices.NoticeIntegrationTest
[INFO] Running dev.scframework.reference.audit.AuditSinkFailureHttpTest
2026-10-07T05:56:33.087+09:00  INFO [requestId:] 34212 --- [sc-reference-app] [           main] t.c.s.AnnotationConfigContextLoaderUtils : Could not detect default configuration classes for test class [dev.scframework.reference.audit.AuditSinkFailureHttpTest]: AuditSinkFailureHttpTest does not declare any static, non-private, non-final, nested classes annotated with @Configuration.
2026-10-07T05:56:33.091+09:00  INFO [requestId:] 34212 --- [sc-reference-app] [           main] .b.t.c.SpringBootTestContextBootstrapper : Found @SpringBootConfiguration dev.scframework.reference.ReferenceApplication for test class dev.scframework.reference.audit.AuditSinkFailureHttpTest

  .   ____          _            __ _ _
 /\\ / ___'_ __ _ _(_)_ __  __ _ \ \ \ \
( ( )\___ | '_ | '_| | '_ \/ _` | \ \ \ \
 \\/  ___)| |_)| | | | | || (_| |  ) ) ) )
  '  |____| .__|_| |_|_| |_\__, | / / / /
 =========|_|==============|___/=/_/_/_/

 :: Spring Boot ::               (v3.5.16)

2026-10-07T05:56:33.102+09:00  INFO [requestId:] 34212 --- [sc-reference-app] [           main] d.s.r.audit.AuditSinkFailureHttpTest     : Starting AuditSinkFailureHttpTest using Java 21.0.11 with PID 34212 (started by dk in /Users/dk/Work/ScFramework/backend/reference-app)
2026-10-07T05:56:33.102+09:00  INFO [requestId:] 34212 --- [sc-reference-app] [           main] d.s.r.audit.AuditSinkFailureHttpTest     : No active profile set, falling back to 1 default profile: "default"
2026-10-07T05:56:33.182+09:00  INFO [requestId:] 34212 --- [sc-reference-app] [           main] .s.d.r.c.RepositoryConfigurationDelegate : Bootstrapping Spring Data JPA repositories in DEFAULT mode.
2026-10-07T05:56:33.189+09:00  INFO [requestId:] 34212 --- [sc-reference-app] [           main] .s.d.r.c.RepositoryConfigurationDelegate : Finished Spring Data repository scanning in 6 ms. Found 18 JPA repository interfaces.
2026-10-07T05:56:33.200+09:00  INFO [requestId:] 34212 --- [sc-reference-app] [           main] o.s.cloud.context.scope.GenericScope     : BeanFactory id=a27d4999-c722-3a9d-b631-8b566cb0b5ef
2026-10-07T05:56:33.373+09:00  INFO [requestId:] 34212 --- [sc-reference-app] [           main] com.zaxxer.hikari.HikariDataSource       : HikariPool-5 - Starting...
2026-10-07T05:56:33.375+09:00  INFO [requestId:] 34212 --- [sc-reference-app] [           main] com.zaxxer.hikari.pool.HikariPool        : HikariPool-5 - Added connection conn42: url=jdbc:h2:mem:audit-http-sc-audit-http-1290178329416540788 user=SA
2026-10-07T05:56:33.376+09:00  INFO [requestId:] 34212 --- [sc-reference-app] [           main] com.zaxxer.hikari.HikariDataSource       : HikariPool-5 - Start completed.
2026-10-07T05:56:33.378+09:00  INFO [requestId:] 34212 --- [sc-reference-app] [           main] org.flywaydb.core.FlywayExecutor         : Database: jdbc:h2:mem:audit-http-sc-audit-http-1290178329416540788 (H2 2.3)
2026-10-07T05:56:33.383+09:00  INFO [requestId:] 34212 --- [sc-reference-app] [           main] o.f.c.i.s.JdbcTableSchemaHistory         : Schema history table "PUBLIC"."flyway_schema_history" does not exist yet
2026-10-07T05:56:33.383+09:00  INFO [requestId:] 34212 --- [sc-reference-app] [           main] o.f.core.internal.command.DbValidate     : Successfully validated 5 migrations (execution time 00:00.003s)
2026-10-07T05:56:33.384+09:00  INFO [requestId:] 34212 --- [sc-reference-app] [           main] o.f.c.i.s.JdbcTableSchemaHistory         : Creating Schema History table "PUBLIC"."flyway_schema_history" ...
2026-10-07T05:56:33.389+09:00  INFO [requestId:] 34212 --- [sc-reference-app] [           main] o.f.core.internal.command.DbMigrate      : Current version of schema "PUBLIC": << Empty Schema >>
2026-10-07T05:56:33.391+09:00  INFO [requestId:] 34212 --- [sc-reference-app] [           main] o.f.core.internal.command.DbMigrate      : Migrating schema "PUBLIC" to version "1 - example baseline"
2026-10-07T05:56:33.397+09:00  INFO [requestId:] 34212 --- [sc-reference-app] [           main] o.f.core.internal.command.DbMigrate      : Migrating schema "PUBLIC" to version "2 - requirements baseline"
2026-10-07T05:56:33.408+09:00  INFO [requestId:] 34212 --- [sc-reference-app] [           main] o.f.core.internal.command.DbMigrate      : Migrating schema "PUBLIC" to version "3 - security audit"
2026-10-07T05:56:33.415+09:00  INFO [requestId:] 34212 --- [sc-reference-app] [           main] o.f.core.internal.command.DbMigrate      : Migrating schema "PUBLIC" to version "4 - media and files"
2026-10-07T05:56:33.425+09:00  INFO [requestId:] 34212 --- [sc-reference-app] [           main] o.f.core.internal.command.DbMigrate      : Migrating schema "PUBLIC" to version "5 - kanban and documents"
2026-10-07T05:56:33.430+09:00  INFO [requestId:] 34212 --- [sc-reference-app] [           main] o.f.core.internal.command.DbMigrate      : Successfully applied 5 migrations to schema "PUBLIC", now at version v5 (execution time 00:00.023s)
2026-10-07T05:56:33.450+09:00  INFO [requestId:] 34212 --- [sc-reference-app] [           main] o.hibernate.jpa.internal.util.LogHelper  : HHH000204: Processing PersistenceUnitInfo [name: default]
2026-10-07T05:56:33.451+09:00  INFO [requestId:] 34212 --- [sc-reference-app] [           main] o.h.c.internal.RegionFactoryInitiator    : HHH000026: Second-level cache disabled
2026-10-07T05:56:33.457+09:00  INFO [requestId:] 34212 --- [sc-reference-app] [           main] o.s.o.j.p.SpringPersistenceUnitInfo      : No LoadTimeWeaver setup: ignoring JPA class transformer
2026-10-07T05:56:33.458+09:00  INFO [requestId:] 34212 --- [sc-reference-app] [           main] org.hibernate.orm.connections.pooling    : HHH10001005: Database info:
	Database JDBC URL [Connecting through datasource 'HikariDataSource (HikariPool-5)']
	Database driver: undefined/unknown
	Database version: 2.3.232
	Autocommit mode: undefined/unknown
	Isolation level: undefined/unknown
	Minimum pool size: undefined/unknown
	Maximum pool size: undefined/unknown
2026-10-07T05:56:33.534+09:00  INFO [requestId:] 34212 --- [sc-reference-app] [           main] o.h.e.t.j.p.i.JtaPlatformInitiator       : HHH000489: No JTA platform available (set 'hibernate.transaction.jta.platform' to enable JTA platform integration)
2026-10-07T05:56:33.536+09:00  INFO [requestId:] 34212 --- [sc-reference-app] [           main] j.LocalContainerEntityManagerFactoryBean : Initialized JPA EntityManagerFactory for persistence unit 'default'
2026-10-07T05:56:33.700+09:00  INFO [requestId:] 34212 --- [sc-reference-app] [           main] o.s.b.a.w.s.WelcomePageHandlerMapping    : Adding welcome page: class path resource [static/index.html]
2026-10-07T05:56:33.733+09:00  INFO [requestId:] 34212 --- [sc-reference-app] [           main] r$InitializeUserDetailsManagerConfigurer : Global AuthenticationManager configured with UserDetailsService bean with name referenceUsers
2026-10-07T05:56:33.749+09:00  INFO [requestId:] 34212 --- [sc-reference-app] [           main] o.s.b.a.e.web.EndpointLinksResolver      : Exposing 1 endpoint beneath base path '/actuator'
2026-10-07T05:56:33.773+09:00  INFO [requestId:] 34212 --- [sc-reference-app] [           main] o.s.b.t.m.w.SpringBootMockServletContext : Initializing Spring TestDispatcherServlet ''
2026-10-07T05:56:33.773+09:00  INFO [requestId:] 34212 --- [sc-reference-app] [           main] o.s.t.web.servlet.TestDispatcherServlet  : Initializing Servlet ''
2026-10-07T05:56:33.773+09:00  INFO [requestId:] 34212 --- [sc-reference-app] [           main] o.s.t.web.servlet.TestDispatcherServlet  : Completed initialization in 0 ms
2026-10-07T05:56:33.797+09:00  INFO [requestId:] 34212 --- [sc-reference-app] [           main] d.s.r.audit.AuditSinkFailureHttpTest     : Started AuditSinkFailureHttpTest in 0.705 seconds (process running for 18.663)
2026-10-07T05:56:33.955+09:00  WARN [requestId:2551e00a-f457-46ef-89af-95f82e451423] 34212 --- [sc-reference-app] [           main] d.s.a.audit.AuditWriteDiagnostics        : Security audit write failed; reasonCode=AUDIT_SINK_FAILURE
[INFO] Tests run: 1, Failures: 0, Errors: 0, Skipped: 0, Time elapsed: 0.876 s -- in dev.scframework.reference.audit.AuditSinkFailureHttpTest
[INFO] Running dev.scframework.reference.audit.AuditControllerTest
2026-10-07T05:56:33.966+09:00  INFO [requestId:] 34212 --- [sc-reference-app] [           main] t.c.s.AnnotationConfigContextLoaderUtils : Could not detect default configuration classes for test class [dev.scframework.reference.audit.AuditControllerTest]: AuditControllerTest does not declare any static, non-private, non-final, nested classes annotated with @Configuration.
2026-10-07T05:56:33.968+09:00  INFO [requestId:] 34212 --- [sc-reference-app] [           main] .b.t.c.SpringBootTestContextBootstrapper : Found @SpringBootConfiguration dev.scframework.reference.ReferenceApplication for test class dev.scframework.reference.audit.AuditControllerTest

  .   ____          _            __ _ _
 /\\ / ___'_ __ _ _(_)_ __  __ _ \ \ \ \
( ( )\___ | '_ | '_| | '_ \/ _` | \ \ \ \
 \\/  ___)| |_)| | | | | || (_| |  ) ) ) )
  '  |____| .__|_| |_|_| |_\__, | / / / /
 =========|_|==============|___/=/_/_/_/

 :: Spring Boot ::               (v3.5.16)

2026-10-07T05:56:33.998+09:00  INFO [requestId:] 34212 --- [sc-reference-app] [           main] d.s.reference.audit.AuditControllerTest  : Starting AuditControllerTest using Java 21.0.11 with PID 34212 (started by dk in /Users/dk/Work/ScFramework/backend/reference-app)
2026-10-07T05:56:33.998+09:00  INFO [requestId:] 34212 --- [sc-reference-app] [           main] d.s.reference.audit.AuditControllerTest  : The following 1 profile is active: "dev"
2026-10-07T05:56:34.178+09:00  INFO [requestId:] 34212 --- [sc-reference-app] [           main] .s.d.r.c.RepositoryConfigurationDelegate : Bootstrapping Spring Data JPA repositories in DEFAULT mode.
2026-10-07T05:56:34.190+09:00  INFO [requestId:] 34212 --- [sc-reference-app] [           main] .s.d.r.c.RepositoryConfigurationDelegate : Finished Spring Data repository scanning in 10 ms. Found 18 JPA repository interfaces.
2026-10-07T05:56:34.207+09:00  INFO [requestId:] 34212 --- [sc-reference-app] [           main] o.s.cloud.context.scope.GenericScope     : BeanFactory id=c6fd887f-749a-3d78-8212-5d246b15852c
2026-10-07T05:56:34.232+09:00  INFO [requestId:] 34212 --- [sc-reference-app] [           main] com.zaxxer.hikari.HikariDataSource       : HikariPool-6 - Starting...
2026-10-07T05:56:34.233+09:00  INFO [requestId:] 34212 --- [sc-reference-app] [           main] com.zaxxer.hikari.pool.HikariPool        : HikariPool-6 - Added connection conn47: url=jdbc:h2:mem:reference-audit-sc-reference-audit-14571873753068752973 user=SA
2026-10-07T05:56:34.233+09:00  INFO [requestId:] 34212 --- [sc-reference-app] [           main] com.zaxxer.hikari.HikariDataSource       : HikariPool-6 - Start completed.
2026-10-07T05:56:34.234+09:00  INFO [requestId:] 34212 --- [sc-reference-app] [           main] org.flywaydb.core.FlywayExecutor         : Database: jdbc:h2:mem:reference-audit-sc-reference-audit-14571873753068752973 (H2 2.3)
2026-10-07T05:56:34.237+09:00  INFO [requestId:] 34212 --- [sc-reference-app] [           main] o.f.c.i.s.JdbcTableSchemaHistory         : Schema history table "PUBLIC"."flyway_schema_history" does not exist yet
2026-10-07T05:56:34.237+09:00  INFO [requestId:] 34212 --- [sc-reference-app] [           main] o.f.core.internal.command.DbValidate     : Successfully validated 5 migrations (execution time 00:00.001s)
2026-10-07T05:56:34.238+09:00  INFO [requestId:] 34212 --- [sc-reference-app] [           main] o.f.c.i.s.JdbcTableSchemaHistory         : Creating Schema History table "PUBLIC"."flyway_schema_history" ...
2026-10-07T05:56:34.240+09:00  INFO [requestId:] 34212 --- [sc-reference-app] [           main] o.f.core.internal.command.DbMigrate      : Current version of schema "PUBLIC": << Empty Schema >>
2026-10-07T05:56:34.241+09:00  INFO [requestId:] 34212 --- [sc-reference-app] [           main] o.f.core.internal.command.DbMigrate      : Migrating schema "PUBLIC" to version "1 - example baseline"
2026-10-07T05:56:34.243+09:00  INFO [requestId:] 34212 --- [sc-reference-app] [           main] o.f.core.internal.command.DbMigrate      : Migrating schema "PUBLIC" to version "2 - requirements baseline"
2026-10-07T05:56:34.247+09:00  INFO [requestId:] 34212 --- [sc-reference-app] [           main] o.f.core.internal.command.DbMigrate      : Migrating schema "PUBLIC" to version "3 - security audit"
2026-10-07T05:56:34.249+09:00  INFO [requestId:] 34212 --- [sc-reference-app] [           main] o.f.core.internal.command.DbMigrate      : Migrating schema "PUBLIC" to version "4 - media and files"
2026-10-07T05:56:34.255+09:00  INFO [requestId:] 34212 --- [sc-reference-app] [           main] o.f.core.internal.command.DbMigrate      : Migrating schema "PUBLIC" to version "5 - kanban and documents"
2026-10-07T05:56:34.257+09:00  INFO [requestId:] 34212 --- [sc-reference-app] [           main] o.f.core.internal.command.DbMigrate      : Successfully applied 5 migrations to schema "PUBLIC", now at version v5 (execution time 00:00.007s)
2026-10-07T05:56:34.264+09:00  INFO [requestId:] 34212 --- [sc-reference-app] [           main] o.hibernate.jpa.internal.util.LogHelper  : HHH000204: Processing PersistenceUnitInfo [name: default]
2026-10-07T05:56:34.264+09:00  INFO [requestId:] 34212 --- [sc-reference-app] [           main] o.h.c.internal.RegionFactoryInitiator    : HHH000026: Second-level cache disabled
2026-10-07T05:56:34.269+09:00  INFO [requestId:] 34212 --- [sc-reference-app] [           main] o.s.o.j.p.SpringPersistenceUnitInfo      : No LoadTimeWeaver setup: ignoring JPA class transformer
2026-10-07T05:56:34.269+09:00  INFO [requestId:] 34212 --- [sc-reference-app] [           main] org.hibernate.orm.connections.pooling    : HHH10001005: Database info:
	Database JDBC URL [Connecting through datasource 'HikariDataSource (HikariPool-6)']
	Database driver: undefined/unknown
	Database version: 2.3.232
	Autocommit mode: undefined/unknown
	Isolation level: undefined/unknown
	Minimum pool size: undefined/unknown
	Maximum pool size: undefined/unknown
2026-10-07T05:56:34.306+09:00  INFO [requestId:] 34212 --- [sc-reference-app] [           main] o.h.e.t.j.p.i.JtaPlatformInitiator       : HHH000489: No JTA platform available (set 'hibernate.transaction.jta.platform' to enable JTA platform integration)
2026-10-07T05:56:34.307+09:00  INFO [requestId:] 34212 --- [sc-reference-app] [           main] j.LocalContainerEntityManagerFactoryBean : Initialized JPA EntityManagerFactory for persistence unit 'default'
2026-10-07T05:56:34.416+09:00  INFO [requestId:] 34212 --- [sc-reference-app] [           main] o.s.b.a.w.s.WelcomePageHandlerMapping    : Adding welcome page: class path resource [static/index.html]
2026-10-07T05:56:34.485+09:00  INFO [requestId:] 34212 --- [sc-reference-app] [           main] r$InitializeUserDetailsManagerConfigurer : Global AuthenticationManager configured with UserDetailsService bean with name referenceUsers
2026-10-07T05:56:34.498+09:00  INFO [requestId:] 34212 --- [sc-reference-app] [           main] o.s.b.a.e.web.EndpointLinksResolver      : Exposing 1 endpoint beneath base path '/actuator'
2026-10-07T05:56:34.546+09:00  INFO [requestId:] 34212 --- [sc-reference-app] [           main] o.s.b.t.m.w.SpringBootMockServletContext : Initializing Spring TestDispatcherServlet ''
2026-10-07T05:56:34.546+09:00  INFO [requestId:] 34212 --- [sc-reference-app] [           main] o.s.t.web.servlet.TestDispatcherServlet  : Initializing Servlet ''
2026-10-07T05:56:34.547+09:00  INFO [requestId:] 34212 --- [sc-reference-app] [           main] o.s.t.web.servlet.TestDispatcherServlet  : Completed initialization in 1 ms
2026-10-07T05:56:34.559+09:00  INFO [requestId:] 34212 --- [sc-reference-app] [           main] d.s.reference.audit.AuditControllerTest  : Started AuditControllerTest in 0.589 seconds (process running for 19.425)
2026-10-07T05:56:34.951+09:00  INFO [requestId:641ae0bb-e50f-4b8f-8a1c-7afa2a0b3d0c] 34212 --- [sc-reference-app] [           main] o.springdoc.api.AbstractOpenApiResource  : Init duration for springdoc-openapi is: 260 ms
[INFO] Tests run: 4, Failures: 0, Errors: 0, Skipped: 0, Time elapsed: 1.061 s -- in dev.scframework.reference.audit.AuditControllerTest
[INFO] Running dev.scframework.reference.kanban.KanbanIntegrationTest
2026-10-07T05:56:35.028+09:00  INFO [requestId:] 34212 --- [sc-reference-app] [           main] t.c.s.AnnotationConfigContextLoaderUtils : Could not detect default configuration classes for test class [dev.scframework.reference.kanban.KanbanIntegrationTest]: KanbanIntegrationTest does not declare any static, non-private, non-final, nested classes annotated with @Configuration.
2026-10-07T05:56:35.033+09:00  INFO [requestId:] 34212 --- [sc-reference-app] [           main] .b.t.c.SpringBootTestContextBootstrapper : Found @SpringBootConfiguration dev.scframework.reference.ReferenceApplication for test class dev.scframework.reference.kanban.KanbanIntegrationTest
2026-10-07T05:56:38.369+09:00  WARN [requestId:46e86ef3-57e4-4a97-b598-35d7d857a11a] 34212 --- [sc-reference-app] [           main] o.h.engine.jdbc.spi.SqlExceptionHelper   : SQL Error: 23513, SQLState: 23513
2026-10-07T05:56:38.369+09:00 ERROR [requestId:46e86ef3-57e4-4a97-b598-35d7d857a11a] 34212 --- [sc-reference-app] [           main] o.h.engine.jdbc.spi.SqlExceptionHelper   : Check constraint violation: "SYNTHETIC_REJECT: "; SQL statement:
insert into kanban_task (assignee_id,author_id,board_id,command_sequence,completed_at,created_at,description,due_date,position,priority,revision,status,tags_json,title,updated_at,id) values (?,?,?,?,?,?,?,?,?,?,?,?,?,?,?,default) [23513-232]
[INFO] Tests run: 13, Failures: 0, Errors: 0, Skipped: 0, Time elapsed: 4.263 s -- in dev.scframework.reference.kanban.KanbanIntegrationTest
[INFO] Running dev.scframework.reference.ReferenceIntegrationTest
2026-10-07T05:56:39.291+09:00  INFO [requestId:] 34212 --- [sc-reference-app] [           main] t.c.s.AnnotationConfigContextLoaderUtils : Could not detect default configuration classes for test class [dev.scframework.reference.ReferenceIntegrationTest]: ReferenceIntegrationTest does not declare any static, non-private, non-final, nested classes annotated with @Configuration.
2026-10-07T05:56:39.294+09:00  INFO [requestId:] 34212 --- [sc-reference-app] [           main] .b.t.c.SpringBootTestContextBootstrapper : Found @SpringBootConfiguration dev.scframework.reference.ReferenceApplication for test class dev.scframework.reference.ReferenceIntegrationTest

  .   ____          _            __ _ _
 /\\ / ___'_ __ _ _(_)_ __  __ _ \ \ \ \
( ( )\___ | '_ | '_| | '_ \/ _` | \ \ \ \
 \\/  ___)| |_)| | | | | || (_| |  ) ) ) )
  '  |____| .__|_| |_|_| |_\__, | / / / /
 =========|_|==============|___/=/_/_/_/

 :: Spring Boot ::               (v3.5.16)

2026-10-07T05:56:39.325+09:00  INFO [requestId:] 34212 --- [sc-reference-app] [           main] d.s.reference.ReferenceIntegrationTest   : Starting ReferenceIntegrationTest using Java 21.0.11 with PID 34212 (started by dk in /Users/dk/Work/ScFramework/backend/reference-app)
2026-10-07T05:56:39.325+09:00  INFO [requestId:] 34212 --- [sc-reference-app] [           main] d.s.reference.ReferenceIntegrationTest   : The following 1 profile is active: "dev"
2026-10-07T05:56:39.409+09:00  INFO [requestId:] 34212 --- [sc-reference-app] [           main] .s.d.r.c.RepositoryConfigurationDelegate : Bootstrapping Spring Data JPA repositories in DEFAULT mode.
2026-10-07T05:56:39.418+09:00  INFO [requestId:] 34212 --- [sc-reference-app] [           main] .s.d.r.c.RepositoryConfigurationDelegate : Finished Spring Data repository scanning in 8 ms. Found 18 JPA repository interfaces.
2026-10-07T05:56:39.432+09:00  INFO [requestId:] 34212 --- [sc-reference-app] [           main] o.s.cloud.context.scope.GenericScope     : BeanFactory id=bdeaa70f-179e-3d71-ba13-7251caea7504
2026-10-07T05:56:39.490+09:00  INFO [requestId:] 34212 --- [sc-reference-app] [           main] o.s.b.w.embedded.tomcat.TomcatWebServer  : Tomcat initialized with port 0 (http)
2026-10-07T05:56:39.496+09:00  INFO [requestId:] 34212 --- [sc-reference-app] [           main] o.apache.catalina.core.StandardService   : Starting service [Tomcat]
2026-10-07T05:56:39.496+09:00  INFO [requestId:] 34212 --- [sc-reference-app] [           main] o.apache.catalina.core.StandardEngine    : Starting Servlet engine: [Apache Tomcat/10.1.55]
2026-10-07T05:56:39.519+09:00  INFO [requestId:] 34212 --- [sc-reference-app] [           main] o.a.c.c.C.[Tomcat].[localhost].[/]       : Initializing Spring embedded WebApplicationContext
2026-10-07T05:56:39.519+09:00  INFO [requestId:] 34212 --- [sc-reference-app] [           main] w.s.c.ServletWebServerApplicationContext : Root WebApplicationContext: initialization completed in 194 ms
2026-10-07T05:56:39.548+09:00  INFO [requestId:] 34212 --- [sc-reference-app] [           main] com.zaxxer.hikari.HikariDataSource       : HikariPool-7 - Starting...
2026-10-07T05:56:39.548+09:00  INFO [requestId:] 34212 --- [sc-reference-app] [           main] com.zaxxer.hikari.pool.HikariPool        : HikariPool-7 - Added connection conn52: url=jdbc:h2:mem:reference-e9d7308f-742e-4316-92ff-57fd21a30404 user=SA
2026-10-07T05:56:39.548+09:00  INFO [requestId:] 34212 --- [sc-reference-app] [           main] com.zaxxer.hikari.HikariDataSource       : HikariPool-7 - Start completed.
2026-10-07T05:56:39.549+09:00  INFO [requestId:] 34212 --- [sc-reference-app] [           main] org.flywaydb.core.FlywayExecutor         : Database: jdbc:h2:mem:reference-e9d7308f-742e-4316-92ff-57fd21a30404 (H2 2.3)
2026-10-07T05:56:39.550+09:00  INFO [requestId:] 34212 --- [sc-reference-app] [           main] o.f.c.i.s.JdbcTableSchemaHistory         : Schema history table "PUBLIC"."flyway_schema_history" does not exist yet
2026-10-07T05:56:39.551+09:00  INFO [requestId:] 34212 --- [sc-reference-app] [           main] o.f.core.internal.command.DbValidate     : Successfully validated 5 migrations (execution time 00:00.000s)
2026-10-07T05:56:39.551+09:00  INFO [requestId:] 34212 --- [sc-reference-app] [           main] o.f.c.i.s.JdbcTableSchemaHistory         : Creating Schema History table "PUBLIC"."flyway_schema_history" ...
2026-10-07T05:56:39.552+09:00  INFO [requestId:] 34212 --- [sc-reference-app] [           main] o.f.core.internal.command.DbMigrate      : Current version of schema "PUBLIC": << Empty Schema >>
2026-10-07T05:56:39.553+09:00  INFO [requestId:] 34212 --- [sc-reference-app] [           main] o.f.core.internal.command.DbMigrate      : Migrating schema "PUBLIC" to version "1 - example baseline"
2026-10-07T05:56:39.554+09:00  INFO [requestId:] 34212 --- [sc-reference-app] [           main] o.f.core.internal.command.DbMigrate      : Migrating schema "PUBLIC" to version "2 - requirements baseline"
2026-10-07T05:56:39.557+09:00  INFO [requestId:] 34212 --- [sc-reference-app] [           main] o.f.core.internal.command.DbMigrate      : Migrating schema "PUBLIC" to version "3 - security audit"
2026-10-07T05:56:39.558+09:00  INFO [requestId:] 34212 --- [sc-reference-app] [           main] o.f.core.internal.command.DbMigrate      : Migrating schema "PUBLIC" to version "4 - media and files"
2026-10-07T05:56:39.561+09:00  INFO [requestId:] 34212 --- [sc-reference-app] [           main] o.f.core.internal.command.DbMigrate      : Migrating schema "PUBLIC" to version "5 - kanban and documents"
2026-10-07T05:56:39.563+09:00  INFO [requestId:] 34212 --- [sc-reference-app] [           main] o.f.core.internal.command.DbMigrate      : Successfully applied 5 migrations to schema "PUBLIC", now at version v5 (execution time 00:00.003s)
2026-10-07T05:56:39.568+09:00  INFO [requestId:] 34212 --- [sc-reference-app] [           main] o.hibernate.jpa.internal.util.LogHelper  : HHH000204: Processing PersistenceUnitInfo [name: default]
2026-10-07T05:56:39.569+09:00  INFO [requestId:] 34212 --- [sc-reference-app] [           main] o.h.c.internal.RegionFactoryInitiator    : HHH000026: Second-level cache disabled
2026-10-07T05:56:39.571+09:00  INFO [requestId:] 34212 --- [sc-reference-app] [           main] o.s.o.j.p.SpringPersistenceUnitInfo      : No LoadTimeWeaver setup: ignoring JPA class transformer
2026-10-07T05:56:39.571+09:00  INFO [requestId:] 34212 --- [sc-reference-app] [           main] org.hibernate.orm.connections.pooling    : HHH10001005: Database info:
	Database JDBC URL [Connecting through datasource 'HikariDataSource (HikariPool-7)']
	Database driver: undefined/unknown
	Database version: 2.3.232
	Autocommit mode: undefined/unknown
	Isolation level: undefined/unknown
	Minimum pool size: undefined/unknown
	Maximum pool size: undefined/unknown
2026-10-07T05:56:39.600+09:00  INFO [requestId:] 34212 --- [sc-reference-app] [           main] o.h.e.t.j.p.i.JtaPlatformInitiator       : HHH000489: No JTA platform available (set 'hibernate.transaction.jta.platform' to enable JTA platform integration)
2026-10-07T05:56:39.601+09:00  INFO [requestId:] 34212 --- [sc-reference-app] [           main] j.LocalContainerEntityManagerFactoryBean : Initialized JPA EntityManagerFactory for persistence unit 'default'
2026-10-07T05:56:39.665+09:00  INFO [requestId:] 34212 --- [sc-reference-app] [           main] o.s.b.a.w.s.WelcomePageHandlerMapping    : Adding welcome page: class path resource [static/index.html]
2026-10-07T05:56:39.683+09:00  INFO [requestId:] 34212 --- [sc-reference-app] [           main] r$InitializeUserDetailsManagerConfigurer : Global AuthenticationManager configured with UserDetailsService bean with name referenceUsers
2026-10-07T05:56:39.692+09:00  INFO [requestId:] 34212 --- [sc-reference-app] [           main] o.s.b.a.e.web.EndpointLinksResolver      : Exposing 1 endpoint beneath base path '/actuator'
2026-10-07T05:56:39.708+09:00  INFO [requestId:] 34212 --- [sc-reference-app] [           main] o.a.c.c.C.[Tomcat].[localhost].[/]       : Initializing Spring TestDispatcherServlet ''
2026-10-07T05:56:39.708+09:00  INFO [requestId:] 34212 --- [sc-reference-app] [           main] o.s.t.web.servlet.TestDispatcherServlet  : Initializing Servlet ''
2026-10-07T05:56:39.708+09:00  INFO [requestId:] 34212 --- [sc-reference-app] [           main] o.s.t.web.servlet.TestDispatcherServlet  : Completed initialization in 0 ms
2026-10-07T05:56:39.778+09:00  INFO [requestId:] 34212 --- [sc-reference-app] [           main] o.s.b.w.embedded.tomcat.TomcatWebServer  : Tomcat started on port 57668 (http) with context path '/'
2026-10-07T05:56:39.791+09:00  INFO [requestId:] 34212 --- [sc-reference-app] [           main] d.s.reference.ReferenceIntegrationTest   : Started ReferenceIntegrationTest in 0.483 seconds (process running for 24.656)
2026-10-07T05:56:40.011+09:00  INFO [requestId:3852ce53-f750-4958-8739-a844ef77ce1f] 34212 --- [sc-reference-app] [           main] o.springdoc.api.AbstractOpenApiResource  : Init duration for springdoc-openapi is: 150 ms
[INFO] Tests run: 10, Failures: 0, Errors: 0, Skipped: 0, Time elapsed: 2.670 s -- in dev.scframework.reference.ReferenceIntegrationTest
[INFO] Running dev.scframework.reference.documents.DocumentIntegrationTest
2026-10-07T05:56:41.962+09:00  INFO [requestId:] 34212 --- [sc-reference-app] [           main] t.c.s.AnnotationConfigContextLoaderUtils : Could not detect default configuration classes for test class [dev.scframework.reference.documents.DocumentIntegrationTest]: DocumentIntegrationTest does not declare any static, non-private, non-final, nested classes annotated with @Configuration.
2026-10-07T05:56:41.966+09:00  INFO [requestId:] 34212 --- [sc-reference-app] [           main] .b.t.c.SpringBootTestContextBootstrapper : Found @SpringBootConfiguration dev.scframework.reference.ReferenceApplication for test class dev.scframework.reference.documents.DocumentIntegrationTest
[INFO] Tests run: 5, Failures: 0, Errors: 0, Skipped: 0, Time elapsed: 1.570 s -- in dev.scframework.reference.documents.DocumentIntegrationTest
[INFO] Running dev.scframework.reference.documents.DocumentGrammarTest
[INFO] Tests run: 6, Failures: 0, Errors: 0, Skipped: 0, Time elapsed: 0.062 s -- in dev.scframework.reference.documents.DocumentGrammarTest
[INFO] Running dev.scframework.reference.reports.RequirementReportIntegrationTest
2026-10-07T05:56:43.601+09:00  INFO [requestId:] 34212 --- [sc-reference-app] [           main] .b.t.c.SpringBootTestContextBootstrapper : Found @SpringBootConfiguration dev.scframework.reference.ReferenceApplication for test class dev.scframework.reference.reports.RequirementReportIntegrationTest

  .   ____          _            __ _ _
 /\\ / ___'_ __ _ _(_)_ __  __ _ \ \ \ \
( ( )\___ | '_ | '_| | '_ \/ _` | \ \ \ \
 \\/  ___)| |_)| | | | | || (_| |  ) ) ) )
  '  |____| .__|_| |_|_| |_\__, | / / / /
 =========|_|==============|___/=/_/_/_/

 :: Spring Boot ::               (v3.5.16)

2026-10-07T05:56:43.617+09:00  INFO [requestId:] 34212 --- [sc-reference-app] [           main] d.s.r.r.RequirementReportIntegrationTest : Starting RequirementReportIntegrationTest using Java 21.0.11 with PID 34212 (started by dk in /Users/dk/Work/ScFramework/backend/reference-app)
2026-10-07T05:56:43.617+09:00  INFO [requestId:] 34212 --- [sc-reference-app] [           main] d.s.r.r.RequirementReportIntegrationTest : The following 1 profile is active: "dev"
2026-10-07T05:56:43.730+09:00  INFO [requestId:] 34212 --- [sc-reference-app] [           main] .s.d.r.c.RepositoryConfigurationDelegate : Bootstrapping Spring Data JPA repositories in DEFAULT mode.
2026-10-07T05:56:43.739+09:00  INFO [requestId:] 34212 --- [sc-reference-app] [           main] .s.d.r.c.RepositoryConfigurationDelegate : Finished Spring Data repository scanning in 7 ms. Found 18 JPA repository interfaces.
2026-10-07T05:56:43.752+09:00  INFO [requestId:] 34212 --- [sc-reference-app] [           main] o.s.cloud.context.scope.GenericScope     : BeanFactory id=0d1345e3-c6ca-37e6-8d70-cd9ba2a892b4
2026-10-07T05:56:43.769+09:00  INFO [requestId:] 34212 --- [sc-reference-app] [           main] com.zaxxer.hikari.HikariDataSource       : HikariPool-8 - Starting...
2026-10-07T05:56:43.770+09:00  INFO [requestId:] 34212 --- [sc-reference-app] [           main] com.zaxxer.hikari.pool.HikariPool        : HikariPool-8 - Added connection conn57: url=jdbc:h2:mem:reports-sc-report-009-15465995678139876664 user=SA
2026-10-07T05:56:43.770+09:00  INFO [requestId:] 34212 --- [sc-reference-app] [           main] com.zaxxer.hikari.HikariDataSource       : HikariPool-8 - Start completed.
2026-10-07T05:56:43.771+09:00  INFO [requestId:] 34212 --- [sc-reference-app] [           main] org.flywaydb.core.FlywayExecutor         : Database: jdbc:h2:mem:reports-sc-report-009-15465995678139876664 (H2 2.3)
2026-10-07T05:56:43.772+09:00  INFO [requestId:] 34212 --- [sc-reference-app] [           main] o.f.c.i.s.JdbcTableSchemaHistory         : Schema history table "PUBLIC"."flyway_schema_history" does not exist yet
2026-10-07T05:56:43.772+09:00  INFO [requestId:] 34212 --- [sc-reference-app] [           main] o.f.core.internal.command.DbValidate     : Successfully validated 5 migrations (execution time 00:00.000s)
2026-10-07T05:56:43.772+09:00  INFO [requestId:] 34212 --- [sc-reference-app] [           main] o.f.c.i.s.JdbcTableSchemaHistory         : Creating Schema History table "PUBLIC"."flyway_schema_history" ...
2026-10-07T05:56:43.774+09:00  INFO [requestId:] 34212 --- [sc-reference-app] [           main] o.f.core.internal.command.DbMigrate      : Current version of schema "PUBLIC": << Empty Schema >>
2026-10-07T05:56:43.774+09:00  INFO [requestId:] 34212 --- [sc-reference-app] [           main] o.f.core.internal.command.DbMigrate      : Migrating schema "PUBLIC" to version "1 - example baseline"
2026-10-07T05:56:43.775+09:00  INFO [requestId:] 34212 --- [sc-reference-app] [           main] o.f.core.internal.command.DbMigrate      : Migrating schema "PUBLIC" to version "2 - requirements baseline"
2026-10-07T05:56:43.777+09:00  INFO [requestId:] 34212 --- [sc-reference-app] [           main] o.f.core.internal.command.DbMigrate      : Migrating schema "PUBLIC" to version "3 - security audit"
2026-10-07T05:56:43.779+09:00  INFO [requestId:] 34212 --- [sc-reference-app] [           main] o.f.core.internal.command.DbMigrate      : Migrating schema "PUBLIC" to version "4 - media and files"
2026-10-07T05:56:43.782+09:00  INFO [requestId:] 34212 --- [sc-reference-app] [           main] o.f.core.internal.command.DbMigrate      : Migrating schema "PUBLIC" to version "5 - kanban and documents"
2026-10-07T05:56:43.783+09:00  INFO [requestId:] 34212 --- [sc-reference-app] [           main] o.f.core.internal.command.DbMigrate      : Successfully applied 5 migrations to schema "PUBLIC", now at version v5 (execution time 00:00.003s)
2026-10-07T05:56:43.789+09:00  INFO [requestId:] 34212 --- [sc-reference-app] [           main] o.hibernate.jpa.internal.util.LogHelper  : HHH000204: Processing PersistenceUnitInfo [name: default]
2026-10-07T05:56:43.790+09:00  INFO [requestId:] 34212 --- [sc-reference-app] [           main] o.h.c.internal.RegionFactoryInitiator    : HHH000026: Second-level cache disabled
2026-10-07T05:56:43.792+09:00  INFO [requestId:] 34212 --- [sc-reference-app] [           main] o.s.o.j.p.SpringPersistenceUnitInfo      : No LoadTimeWeaver setup: ignoring JPA class transformer
2026-10-07T05:56:43.793+09:00  INFO [requestId:] 34212 --- [sc-reference-app] [           main] org.hibernate.orm.connections.pooling    : HHH10001005: Database info:
	Database JDBC URL [Connecting through datasource 'HikariDataSource (HikariPool-8)']
	Database driver: undefined/unknown
	Database version: 2.3.232
	Autocommit mode: undefined/unknown
	Isolation level: undefined/unknown
	Minimum pool size: undefined/unknown
	Maximum pool size: undefined/unknown
2026-10-07T05:56:43.820+09:00  INFO [requestId:] 34212 --- [sc-reference-app] [           main] o.h.e.t.j.p.i.JtaPlatformInitiator       : HHH000489: No JTA platform available (set 'hibernate.transaction.jta.platform' to enable JTA platform integration)
2026-10-07T05:56:43.821+09:00  INFO [requestId:] 34212 --- [sc-reference-app] [           main] j.LocalContainerEntityManagerFactoryBean : Initialized JPA EntityManagerFactory for persistence unit 'default'
2026-10-07T05:56:43.903+09:00  INFO [requestId:] 34212 --- [sc-reference-app] [           main] o.s.b.a.w.s.WelcomePageHandlerMapping    : Adding welcome page: class path resource [static/index.html]
2026-10-07T05:56:43.925+09:00  INFO [requestId:] 34212 --- [sc-reference-app] [           main] r$InitializeUserDetailsManagerConfigurer : Global AuthenticationManager configured with UserDetailsService bean with name referenceUsers
2026-10-07T05:56:43.938+09:00  INFO [requestId:] 34212 --- [sc-reference-app] [           main] o.s.b.a.e.web.EndpointLinksResolver      : Exposing 1 endpoint beneath base path '/actuator'
2026-10-07T05:56:43.960+09:00  INFO [requestId:] 34212 --- [sc-reference-app] [           main] o.s.b.t.m.w.SpringBootMockServletContext : Initializing Spring TestDispatcherServlet ''
2026-10-07T05:56:43.960+09:00  INFO [requestId:] 34212 --- [sc-reference-app] [           main] o.s.t.web.servlet.TestDispatcherServlet  : Initializing Servlet ''
2026-10-07T05:56:43.960+09:00  INFO [requestId:] 34212 --- [sc-reference-app] [           main] o.s.t.web.servlet.TestDispatcherServlet  : Completed initialization in 0 ms
2026-10-07T05:56:43.973+09:00  INFO [requestId:] 34212 --- [sc-reference-app] [           main] d.s.r.r.RequirementReportIntegrationTest : Started RequirementReportIntegrationTest in 0.37 seconds (process running for 28.838)
2026-10-07T05:56:46.642+09:00  INFO [requestId:c7fb1b86-d3c0-4609-8369-068dcf700166] 34212 --- [sc-reference-app] [           main] o.springdoc.api.AbstractOpenApiResource  : Init duration for springdoc-openapi is: 172 ms
2026-10-07T05:56:47.371+09:00  INFO [requestId:] 34212 --- [sc-reference-app] [           main] j.LocalContainerEntityManagerFactoryBean : Closing JPA EntityManagerFactory for persistence unit 'default'
2026-10-07T05:56:47.372+09:00  INFO [requestId:] 34212 --- [sc-reference-app] [           main] com.zaxxer.hikari.HikariDataSource       : HikariPool-8 - Shutdown initiated...
2026-10-07T05:56:47.372+09:00  INFO [requestId:] 34212 --- [sc-reference-app] [           main] com.zaxxer.hikari.HikariDataSource       : HikariPool-8 - Shutdown completed.
[INFO] Tests run: 10, Failures: 0, Errors: 0, Skipped: 0, Time elapsed: 3.777 s -- in dev.scframework.reference.reports.RequirementReportIntegrationTest
[INFO] Running dev.scframework.reference.media.ImageOrientationTest
[INFO] Tests run: 2, Failures: 0, Errors: 0, Skipped: 0, Time elapsed: 0.002 s -- in dev.scframework.reference.media.ImageOrientationTest
[INFO] Running dev.scframework.reference.media.MediaIntegrationTest
2026-10-07T05:56:47.381+09:00  INFO [requestId:] 34212 --- [sc-reference-app] [           main] .b.t.c.SpringBootTestContextBootstrapper : Found @SpringBootConfiguration dev.scframework.reference.ReferenceApplication for test class dev.scframework.reference.media.MediaIntegrationTest

  .   ____          _            __ _ _
 /\\ / ___'_ __ _ _(_)_ __  __ _ \ \ \ \
( ( )\___ | '_ | '_| | '_ \/ _` | \ \ \ \
 \\/  ___)| |_)| | | | | || (_| |  ) ) ) )
  '  |____| .__|_| |_|_| |_\__, | / / / /
 =========|_|==============|___/=/_/_/_/

 :: Spring Boot ::               (v3.5.16)

2026-10-07T05:56:47.394+09:00  INFO [requestId:] 34212 --- [sc-reference-app] [           main] d.s.r.media.MediaIntegrationTest         : Starting MediaIntegrationTest using Java 21.0.11 with PID 34212 (started by dk in /Users/dk/Work/ScFramework/backend/reference-app)
2026-10-07T05:56:47.394+09:00  INFO [requestId:] 34212 --- [sc-reference-app] [           main] d.s.r.media.MediaIntegrationTest         : The following 1 profile is active: "dev"
2026-10-07T05:56:47.476+09:00  INFO [requestId:] 34212 --- [sc-reference-app] [           main] .s.d.r.c.RepositoryConfigurationDelegate : Bootstrapping Spring Data JPA repositories in DEFAULT mode.
2026-10-07T05:56:47.493+09:00  INFO [requestId:] 34212 --- [sc-reference-app] [           main] .s.d.r.c.RepositoryConfigurationDelegate : Finished Spring Data repository scanning in 17 ms. Found 18 JPA repository interfaces.
2026-10-07T05:56:47.510+09:00  INFO [requestId:] 34212 --- [sc-reference-app] [           main] o.s.cloud.context.scope.GenericScope     : BeanFactory id=59726a63-c241-3d8d-b160-e31e7f26fbed
2026-10-07T05:56:47.525+09:00  INFO [requestId:] 34212 --- [sc-reference-app] [           main] com.zaxxer.hikari.HikariDataSource       : HikariPool-9 - Starting...
2026-10-07T05:56:47.526+09:00  INFO [requestId:] 34212 --- [sc-reference-app] [           main] com.zaxxer.hikari.pool.HikariPool        : HikariPool-9 - Added connection conn62: url=jdbc:h2:mem:media-sc-media-tests-10978204291407788267 user=SA
2026-10-07T05:56:47.526+09:00  INFO [requestId:] 34212 --- [sc-reference-app] [           main] com.zaxxer.hikari.HikariDataSource       : HikariPool-9 - Start completed.
2026-10-07T05:56:47.527+09:00  INFO [requestId:] 34212 --- [sc-reference-app] [           main] org.flywaydb.core.FlywayExecutor         : Database: jdbc:h2:mem:media-sc-media-tests-10978204291407788267 (H2 2.3)
2026-10-07T05:56:47.528+09:00  INFO [requestId:] 34212 --- [sc-reference-app] [           main] o.f.c.i.s.JdbcTableSchemaHistory         : Schema history table "PUBLIC"."flyway_schema_history" does not exist yet
2026-10-07T05:56:47.528+09:00  INFO [requestId:] 34212 --- [sc-reference-app] [           main] o.f.core.internal.command.DbValidate     : Successfully validated 5 migrations (execution time 00:00.000s)
2026-10-07T05:56:47.529+09:00  INFO [requestId:] 34212 --- [sc-reference-app] [           main] o.f.c.i.s.JdbcTableSchemaHistory         : Creating Schema History table "PUBLIC"."flyway_schema_history" ...
2026-10-07T05:56:47.530+09:00  INFO [requestId:] 34212 --- [sc-reference-app] [           main] o.f.core.internal.command.DbMigrate      : Current version of schema "PUBLIC": << Empty Schema >>
2026-10-07T05:56:47.530+09:00  INFO [requestId:] 34212 --- [sc-reference-app] [           main] o.f.core.internal.command.DbMigrate      : Migrating schema "PUBLIC" to version "1 - example baseline"
2026-10-07T05:56:47.532+09:00  INFO [requestId:] 34212 --- [sc-reference-app] [           main] o.f.core.internal.command.DbMigrate      : Migrating schema "PUBLIC" to version "2 - requirements baseline"
2026-10-07T05:56:47.534+09:00  INFO [requestId:] 34212 --- [sc-reference-app] [           main] o.f.core.internal.command.DbMigrate      : Migrating schema "PUBLIC" to version "3 - security audit"
2026-10-07T05:56:47.535+09:00  INFO [requestId:] 34212 --- [sc-reference-app] [           main] o.f.core.internal.command.DbMigrate      : Migrating schema "PUBLIC" to version "4 - media and files"
2026-10-07T05:56:47.537+09:00  INFO [requestId:] 34212 --- [sc-reference-app] [           main] o.f.core.internal.command.DbMigrate      : Migrating schema "PUBLIC" to version "5 - kanban and documents"
2026-10-07T05:56:47.538+09:00  INFO [requestId:] 34212 --- [sc-reference-app] [           main] o.f.core.internal.command.DbMigrate      : Successfully applied 5 migrations to schema "PUBLIC", now at version v5 (execution time 00:00.002s)
2026-10-07T05:56:47.544+09:00  INFO [requestId:] 34212 --- [sc-reference-app] [           main] o.hibernate.jpa.internal.util.LogHelper  : HHH000204: Processing PersistenceUnitInfo [name: default]
2026-10-07T05:56:47.544+09:00  INFO [requestId:] 34212 --- [sc-reference-app] [           main] o.h.c.internal.RegionFactoryInitiator    : HHH000026: Second-level cache disabled
2026-10-07T05:56:47.547+09:00  INFO [requestId:] 34212 --- [sc-reference-app] [           main] o.s.o.j.p.SpringPersistenceUnitInfo      : No LoadTimeWeaver setup: ignoring JPA class transformer
2026-10-07T05:56:47.548+09:00  INFO [requestId:] 34212 --- [sc-reference-app] [           main] org.hibernate.orm.connections.pooling    : HHH10001005: Database info:
	Database JDBC URL [Connecting through datasource 'HikariDataSource (HikariPool-9)']
	Database driver: undefined/unknown
	Database version: 2.3.232
	Autocommit mode: undefined/unknown
	Isolation level: undefined/unknown
	Minimum pool size: undefined/unknown
	Maximum pool size: undefined/unknown
2026-10-07T05:56:47.576+09:00  INFO [requestId:] 34212 --- [sc-reference-app] [           main] o.h.e.t.j.p.i.JtaPlatformInitiator       : HHH000489: No JTA platform available (set 'hibernate.transaction.jta.platform' to enable JTA platform integration)
2026-10-07T05:56:47.577+09:00  INFO [requestId:] 34212 --- [sc-reference-app] [           main] j.LocalContainerEntityManagerFactoryBean : Initialized JPA EntityManagerFactory for persistence unit 'default'
2026-10-07T05:56:47.640+09:00  INFO [requestId:] 34212 --- [sc-reference-app] [           main] o.s.b.a.w.s.WelcomePageHandlerMapping    : Adding welcome page: class path resource [static/index.html]
2026-10-07T05:56:47.657+09:00  INFO [requestId:] 34212 --- [sc-reference-app] [           main] r$InitializeUserDetailsManagerConfigurer : Global AuthenticationManager configured with UserDetailsService bean with name referenceUsers
2026-10-07T05:56:47.666+09:00  INFO [requestId:] 34212 --- [sc-reference-app] [           main] o.s.b.a.e.web.EndpointLinksResolver      : Exposing 1 endpoint beneath base path '/actuator'
2026-10-07T05:56:47.683+09:00  INFO [requestId:] 34212 --- [sc-reference-app] [           main] o.s.b.t.m.w.SpringBootMockServletContext : Initializing Spring TestDispatcherServlet ''
2026-10-07T05:56:47.683+09:00  INFO [requestId:] 34212 --- [sc-reference-app] [           main] o.s.t.web.servlet.TestDispatcherServlet  : Initializing Servlet ''
2026-10-07T05:56:47.683+09:00  INFO [requestId:] 34212 --- [sc-reference-app] [           main] o.s.t.web.servlet.TestDispatcherServlet  : Completed initialization in 0 ms
2026-10-07T05:56:47.694+09:00  INFO [requestId:] 34212 --- [sc-reference-app] [           main] d.s.r.media.MediaIntegrationTest         : Started MediaIntegrationTest in 0.311 seconds (process running for 32.56)
2026-10-07T05:56:50.957+09:00  WARN [requestId:c3cc3022-d22d-44a8-9817-774c6f473efb] 34212 --- [sc-reference-app] [           main] d.s.a.storage.FileStorageTransactions    : File storage cleanup failed; operational counter incremented
2026-10-07T05:56:52.362+09:00  INFO [requestId:7d95b966-886e-4739-9ccd-6cc560ee60a4] 34212 --- [sc-reference-app] [           main] o.springdoc.api.AbstractOpenApiResource  : Init duration for springdoc-openapi is: 126 ms
[INFO] Tests run: 10, Failures: 0, Errors: 0, Skipped: 0, Time elapsed: 4.992 s -- in dev.scframework.reference.media.MediaIntegrationTest
[INFO] Running dev.scframework.reference.media.MediaMigrationTest
2026-10-07T05:56:52.372+09:00  INFO [requestId:] 34212 --- [sc-reference-app] [           main] org.flywaydb.core.FlywayExecutor         : Database: jdbc:h2:file:/var/folders/8k/rv4bxj0115g929lrxwybv_r80000gn/T/junit-11484691781295425754/upgrade (H2 2.3)
2026-10-07T05:56:52.374+09:00  INFO [requestId:] 34212 --- [sc-reference-app] [           main] o.f.c.i.s.JdbcTableSchemaHistory         : Schema history table "PUBLIC"."flyway_schema_history" does not exist yet
2026-10-07T05:56:52.374+09:00  INFO [requestId:] 34212 --- [sc-reference-app] [           main] o.f.core.internal.command.DbValidate     : Successfully validated 5 migrations (execution time 00:00.000s)
2026-10-07T05:56:52.374+09:00  INFO [requestId:] 34212 --- [sc-reference-app] [           main] o.f.c.i.s.JdbcTableSchemaHistory         : Creating Schema History table "PUBLIC"."flyway_schema_history" ...
2026-10-07T05:56:52.375+09:00  INFO [requestId:] 34212 --- [sc-reference-app] [           main] o.f.core.internal.command.DbMigrate      : Current version of schema "PUBLIC": << Empty Schema >>
2026-10-07T05:56:52.375+09:00  INFO [requestId:] 34212 --- [sc-reference-app] [           main] o.f.core.internal.command.DbMigrate      : Migrating schema "PUBLIC" to version "1 - example baseline"
2026-10-07T05:56:52.377+09:00  INFO [requestId:] 34212 --- [sc-reference-app] [           main] o.f.core.internal.command.DbMigrate      : Migrating schema "PUBLIC" to version "2 - requirements baseline"
2026-10-07T05:56:52.379+09:00  INFO [requestId:] 34212 --- [sc-reference-app] [           main] o.f.core.internal.command.DbMigrate      : Migrating schema "PUBLIC" to version "3 - security audit"
2026-10-07T05:56:52.380+09:00  INFO [requestId:] 34212 --- [sc-reference-app] [           main] o.f.core.internal.command.DbMigrate      : Successfully applied 3 migrations to schema "PUBLIC", now at version v3 (execution time 00:00.001s)
2026-10-07T05:56:52.405+09:00  INFO [requestId:] 34212 --- [sc-reference-app] [           main] org.flywaydb.core.FlywayExecutor         : Database: jdbc:h2:file:/var/folders/8k/rv4bxj0115g929lrxwybv_r80000gn/T/junit-11484691781295425754/upgrade (H2 2.3)
2026-10-07T05:56:52.406+09:00  INFO [requestId:] 34212 --- [sc-reference-app] [           main] o.f.core.internal.command.DbValidate     : Successfully validated 5 migrations (execution time 00:00.000s)
2026-10-07T05:56:52.407+09:00  INFO [requestId:] 34212 --- [sc-reference-app] [           main] o.f.core.internal.command.DbMigrate      : Current version of schema "PUBLIC": 3
2026-10-07T05:56:52.407+09:00  INFO [requestId:] 34212 --- [sc-reference-app] [           main] o.f.core.internal.command.DbMigrate      : Migrating schema "PUBLIC" to version "4 - media and files"
2026-10-07T05:56:52.409+09:00  INFO [requestId:] 34212 --- [sc-reference-app] [           main] o.f.core.internal.command.DbMigrate      : Successfully applied 1 migration to schema "PUBLIC", now at version v4 (execution time 00:00.001s)
2026-10-07T05:56:52.438+09:00  INFO [requestId:] 34212 --- [sc-reference-app] [           main] org.flywaydb.core.FlywayExecutor         : Database: jdbc:h2:file:/var/folders/8k/rv4bxj0115g929lrxwybv_r80000gn/T/junit-11484691781295425754/upgrade (H2 2.3)
2026-10-07T05:56:52.439+09:00  INFO [requestId:] 34212 --- [sc-reference-app] [           main] o.f.core.internal.command.DbValidate     : Successfully validated 5 migrations (execution time 00:00.000s)
2026-10-07T05:56:52.439+09:00  INFO [requestId:] 34212 --- [sc-reference-app] [           main] o.f.core.internal.command.DbMigrate      : Current version of schema "PUBLIC": 4
2026-10-07T05:56:52.439+09:00  INFO [requestId:] 34212 --- [sc-reference-app] [           main] o.f.core.internal.command.DbMigrate      : Schema "PUBLIC" is up to date. No migration necessary.
2026-10-07T05:56:52.453+09:00  INFO [requestId:] 34212 --- [sc-reference-app] [           main] org.flywaydb.core.FlywayExecutor         : Database: jdbc:h2:file:/var/folders/8k/rv4bxj0115g929lrxwybv_r80000gn/T/junit-11484691781295425754/upgrade (H2 2.3)
2026-10-07T05:56:52.455+09:00  INFO [requestId:] 34212 --- [sc-reference-app] [           main] o.f.core.internal.command.DbValidate     : Successfully validated 5 migrations (execution time 00:00.000s)
2026-10-07T05:56:52.467+09:00  INFO [requestId:] 34212 --- [sc-reference-app] [           main] org.flywaydb.core.FlywayExecutor         : Database: jdbc:h2:file:/var/folders/8k/rv4bxj0115g929lrxwybv_r80000gn/T/junit-13802649039158875444/fresh (H2 2.3)
2026-10-07T05:56:52.468+09:00  INFO [requestId:] 34212 --- [sc-reference-app] [           main] o.f.c.i.s.JdbcTableSchemaHistory         : Schema history table "PUBLIC"."flyway_schema_history" does not exist yet
2026-10-07T05:56:52.468+09:00  INFO [requestId:] 34212 --- [sc-reference-app] [           main] o.f.core.internal.command.DbValidate     : Successfully validated 5 migrations (execution time 00:00.000s)
2026-10-07T05:56:52.469+09:00  INFO [requestId:] 34212 --- [sc-reference-app] [           main] o.f.c.i.s.JdbcTableSchemaHistory         : Creating Schema History table "PUBLIC"."flyway_schema_history" ...
2026-10-07T05:56:52.469+09:00  INFO [requestId:] 34212 --- [sc-reference-app] [           main] o.f.core.internal.command.DbMigrate      : Current version of schema "PUBLIC": << Empty Schema >>
2026-10-07T05:56:52.469+09:00  INFO [requestId:] 34212 --- [sc-reference-app] [           main] o.f.core.internal.command.DbMigrate      : Migrating schema "PUBLIC" to version "1 - example baseline"
2026-10-07T05:56:52.470+09:00  INFO [requestId:] 34212 --- [sc-reference-app] [           main] o.f.core.internal.command.DbMigrate      : Migrating schema "PUBLIC" to version "2 - requirements baseline"
2026-10-07T05:56:52.471+09:00  INFO [requestId:] 34212 --- [sc-reference-app] [           main] o.f.core.internal.command.DbMigrate      : Migrating schema "PUBLIC" to version "3 - security audit"
2026-10-07T05:56:52.472+09:00  INFO [requestId:] 34212 --- [sc-reference-app] [           main] o.f.core.internal.command.DbMigrate      : Migrating schema "PUBLIC" to version "4 - media and files"
2026-10-07T05:56:52.473+09:00  INFO [requestId:] 34212 --- [sc-reference-app] [           main] o.f.core.internal.command.DbMigrate      : Successfully applied 4 migrations to schema "PUBLIC", now at version v4 (execution time 00:00.001s)
2026-10-07T05:56:52.490+09:00  INFO [requestId:] 34212 --- [sc-reference-app] [           main] org.flywaydb.core.FlywayExecutor         : Database: jdbc:h2:file:/var/folders/8k/rv4bxj0115g929lrxwybv_r80000gn/T/junit-13802649039158875444/fresh (H2 2.3)
2026-10-07T05:56:52.491+09:00  INFO [requestId:] 34212 --- [sc-reference-app] [           main] o.f.core.internal.command.DbValidate     : Successfully validated 5 migrations (execution time 00:00.000s)
[INFO] Tests run: 2, Failures: 0, Errors: 0, Skipped: 0, Time elapsed: 0.133 s -- in dev.scframework.reference.media.MediaMigrationTest
[INFO] 
[INFO] Results:
[INFO] 
[INFO] Tests run: 105, Failures: 0, Errors: 0, Skipped: 0
[INFO] 
[INFO] 
[INFO] --- jar:3.4.2:jar (default-jar) @ sc-reference-app ---
[INFO] Building jar: /Users/dk/Work/ScFramework/backend/reference-app/target/sc-reference-app.jar
[INFO] 
[INFO] --- spring-boot:3.5.16:repackage (repackage) @ sc-reference-app ---
[INFO] Replacing main artifact /Users/dk/Work/ScFramework/backend/reference-app/target/sc-reference-app.jar with repackaged archive, adding nested dependencies in BOOT-INF/.
[INFO] The original artifact has been renamed to /Users/dk/Work/ScFramework/backend/reference-app/target/sc-reference-app.jar.original
[INFO] 
[INFO] -------------------< dev.scframework:sc-starter-app >-------------------
[INFO] Building ScFramework minimal consumer app 0.2.0-SNAPSHOT           [6/6]
[INFO]   from starter-app/pom.xml
[INFO] --------------------------------[ jar ]---------------------------------
[INFO] 
[INFO] --- clean:3.4.1:clean (default-clean) @ sc-starter-app ---
[INFO] Deleting /Users/dk/Work/ScFramework/backend/starter-app/target
[INFO] 
[INFO] --- resources:3.3.1:resources (default-resources) @ sc-starter-app ---
[INFO] Copying 5 resources from src/main/resources to target/classes
[INFO] Copying 5 resources from ../../frontend/apps/starter-app/dist to target/classes/static
[INFO] 
[INFO] --- compiler:3.14.1:compile (default-compile) @ sc-starter-app ---
[INFO] Recompiling the module because of changed dependency.
[INFO] Compiling 4 source files with javac [debug parameters release 21] to target/classes
[INFO] 
[INFO] --- resources:3.3.1:testResources (default-testResources) @ sc-starter-app ---
[INFO] skip non existing resourceDirectory /Users/dk/Work/ScFramework/backend/starter-app/src/test/resources
[INFO] 
[INFO] --- compiler:3.14.1:testCompile (default-testCompile) @ sc-starter-app ---
[INFO] Recompiling the module because of changed dependency.
[INFO] Compiling 3 source files with javac [debug parameters release 21] to target/test-classes
[INFO] 
[INFO] --- surefire:3.5.6:test (default-test) @ sc-starter-app ---
[INFO] Using auto detected provider org.apache.maven.surefire.junitplatform.JUnitPlatformProvider
[INFO] 
[INFO] -------------------------------------------------------
[INFO]  T E S T S
[INFO] -------------------------------------------------------
[INFO] Running dev.scframework.starter.StarterAuditConsumerTest
05:56:55.821 [main] INFO org.springframework.boot.test.context.SpringBootTestContextBootstrapper -- Found @SpringBootConfiguration dev.scframework.starter.StarterApplication for test class dev.scframework.starter.StarterAuditConsumerTest

  .   ____          _            __ _ _
 /\\ / ___'_ __ _ _(_)_ __  __ _ \ \ \ \
( ( )\___ | '_ | '_| | '_ \/ _` | \ \ \ \
 \\/  ___)| |_)| | | | | || (_| |  ) ) ) )
  '  |____| .__|_| |_|_| |_\__, | / / / /
 =========|_|==============|___/=/_/_/_/

 :: Spring Boot ::               (v3.5.16)

2026-10-07T05:56:56.057+09:00  INFO [requestId:] 34688 --- [sc-starter-app] [           main] d.s.starter.StarterAuditConsumerTest     : Starting StarterAuditConsumerTest using Java 21.0.11 with PID 34688 (started by dk in /Users/dk/Work/ScFramework/backend/starter-app)
2026-10-07T05:56:56.059+09:00  INFO [requestId:] 34688 --- [sc-starter-app] [           main] d.s.starter.StarterAuditConsumerTest     : The following 1 profile is active: "audit"
2026-10-07T05:56:56.390+09:00  INFO [requestId:] 34688 --- [sc-starter-app] [           main] .s.d.r.c.RepositoryConfigurationDelegate : Bootstrapping Spring Data JPA repositories in DEFAULT mode.
2026-10-07T05:56:56.395+09:00  INFO [requestId:] 34688 --- [sc-starter-app] [           main] .s.d.r.c.RepositoryConfigurationDelegate : Finished Spring Data repository scanning in 2 ms. Found 0 JPA repository interfaces.
2026-10-07T05:56:56.447+09:00  WARN [requestId:] 34688 --- [sc-starter-app] [           main] o.m.s.mapper.ClassPathMapperScanner      : No MyBatis mapper was found in '[dev.scframework.starter]' package. Please check your configuration.
2026-10-07T05:56:56.451+09:00  INFO [requestId:] 34688 --- [sc-starter-app] [           main] o.s.cloud.context.scope.GenericScope     : BeanFactory id=68c0a35a-a151-3273-9932-ddeb9efa7c70
2026-10-07T05:56:56.612+09:00  INFO [requestId:] 34688 --- [sc-starter-app] [           main] com.zaxxer.hikari.HikariDataSource       : HikariPool-1 - Starting...
2026-10-07T05:56:56.669+09:00  INFO [requestId:] 34688 --- [sc-starter-app] [           main] com.zaxxer.hikari.pool.HikariPool        : HikariPool-1 - Added connection conn0: url=jdbc:h2:mem:starter-audit-sc-starter-audit-17645821308002930156 user=SA
2026-10-07T05:56:56.670+09:00  INFO [requestId:] 34688 --- [sc-starter-app] [           main] com.zaxxer.hikari.HikariDataSource       : HikariPool-1 - Start completed.
2026-10-07T05:56:56.685+09:00  INFO [requestId:] 34688 --- [sc-starter-app] [           main] org.flywaydb.core.FlywayExecutor         : Database: jdbc:h2:mem:starter-audit-sc-starter-audit-17645821308002930156 (H2 2.3)
2026-10-07T05:56:56.695+09:00  INFO [requestId:] 34688 --- [sc-starter-app] [           main] o.f.c.i.s.JdbcTableSchemaHistory         : Schema history table "PUBLIC"."flyway_schema_history" does not exist yet
2026-10-07T05:56:56.696+09:00  INFO [requestId:] 34688 --- [sc-starter-app] [           main] o.f.core.internal.command.DbValidate     : Successfully validated 1 migration (execution time 00:00.004s)
2026-10-07T05:56:56.698+09:00  INFO [requestId:] 34688 --- [sc-starter-app] [           main] o.f.c.i.s.JdbcTableSchemaHistory         : Creating Schema History table "PUBLIC"."flyway_schema_history" ...
2026-10-07T05:56:56.709+09:00  INFO [requestId:] 34688 --- [sc-starter-app] [           main] o.f.core.internal.command.DbMigrate      : Current version of schema "PUBLIC": << Empty Schema >>
2026-10-07T05:56:56.713+09:00  INFO [requestId:] 34688 --- [sc-starter-app] [           main] o.f.core.internal.command.DbMigrate      : Migrating schema "PUBLIC" to version "1 - security audit"
2026-10-07T05:56:56.721+09:00  INFO [requestId:] 34688 --- [sc-starter-app] [           main] o.f.core.internal.command.DbMigrate      : Successfully applied 1 migration to schema "PUBLIC", now at version v1 (execution time 00:00.004s)
2026-10-07T05:56:56.749+09:00  INFO [requestId:] 34688 --- [sc-starter-app] [           main] o.hibernate.jpa.internal.util.LogHelper  : HHH000204: Processing PersistenceUnitInfo [name: default]
2026-10-07T05:56:56.764+09:00  INFO [requestId:] 34688 --- [sc-starter-app] [           main] org.hibernate.Version                    : HHH000412: Hibernate ORM core version 6.6.53.Final
2026-10-07T05:56:56.779+09:00  INFO [requestId:] 34688 --- [sc-starter-app] [           main] o.h.c.internal.RegionFactoryInitiator    : HHH000026: Second-level cache disabled
2026-10-07T05:56:56.857+09:00  INFO [requestId:] 34688 --- [sc-starter-app] [           main] o.s.o.j.p.SpringPersistenceUnitInfo      : No LoadTimeWeaver setup: ignoring JPA class transformer
2026-10-07T05:56:56.877+09:00  INFO [requestId:] 34688 --- [sc-starter-app] [           main] org.hibernate.orm.connections.pooling    : HHH10001005: Database info:
	Database JDBC URL [Connecting through datasource 'HikariDataSource (HikariPool-1)']
	Database driver: undefined/unknown
	Database version: 2.3.232
	Autocommit mode: undefined/unknown
	Isolation level: undefined/unknown
	Minimum pool size: undefined/unknown
	Maximum pool size: undefined/unknown
2026-10-07T05:56:56.978+09:00  INFO [requestId:] 34688 --- [sc-starter-app] [           main] o.h.e.t.j.p.i.JtaPlatformInitiator       : HHH000489: No JTA platform available (set 'hibernate.transaction.jta.platform' to enable JTA platform integration)
2026-10-07T05:56:56.979+09:00  INFO [requestId:] 34688 --- [sc-starter-app] [           main] j.LocalContainerEntityManagerFactoryBean : Initialized JPA EntityManagerFactory for persistence unit 'default'
2026-10-07T05:56:57.101+09:00  INFO [requestId:] 34688 --- [sc-starter-app] [           main] o.s.b.a.w.s.WelcomePageHandlerMapping    : Adding welcome page: class path resource [static/index.html]
2026-10-07T05:56:57.231+09:00  INFO [requestId:] 34688 --- [sc-starter-app] [           main] r$InitializeUserDetailsManagerConfigurer : Global AuthenticationManager configured with UserDetailsService bean with name starterUsers
2026-10-07T05:56:57.286+09:00  INFO [requestId:] 34688 --- [sc-starter-app] [           main] o.s.b.a.e.web.EndpointLinksResolver      : Exposing 1 endpoint beneath base path '/actuator'
2026-10-07T05:56:57.414+09:00  INFO [requestId:] 34688 --- [sc-starter-app] [           main] o.s.b.t.m.w.SpringBootMockServletContext : Initializing Spring TestDispatcherServlet ''
2026-10-07T05:56:57.414+09:00  INFO [requestId:] 34688 --- [sc-starter-app] [           main] o.s.t.web.servlet.TestDispatcherServlet  : Initializing Servlet ''
2026-10-07T05:56:57.415+09:00  INFO [requestId:] 34688 --- [sc-starter-app] [           main] o.s.t.web.servlet.TestDispatcherServlet  : Completed initialization in 1 ms
2026-10-07T05:56:57.460+09:00  INFO [requestId:] 34688 --- [sc-starter-app] [           main] d.s.starter.StarterAuditConsumerTest     : Started StarterAuditConsumerTest in 1.541 seconds (process running for 1.932)
Mockito is currently self-attaching to enable the inline-mock-maker. This will no longer work in future releases of the JDK. Please add Mockito as an agent to your build as described in Mockito's documentation: https://javadoc.io/doc/org.mockito/mockito-core/latest/org.mockito/org/mockito/Mockito.html#0.3
OpenJDK 64-Bit Server VM warning: Sharing is only supported for boot loader classes because bootstrap classpath has been appended
WARNING: A Java agent has been loaded dynamically (/Users/dk/.m2/repository/net/bytebuddy/byte-buddy-agent/1.17.8/byte-buddy-agent-1.17.8.jar)
WARNING: If a serviceability tool is in use, please run with -XX:+EnableDynamicAgentLoading to hide this warning
WARNING: If a serviceability tool is not in use, please run with -Djdk.instrument.traceUsage for more information
WARNING: Dynamic loading of agents will be disallowed by default in a future release
[INFO] Tests run: 2, Failures: 0, Errors: 0, Skipped: 0, Time elapsed: 2.413 s -- in dev.scframework.starter.StarterAuditConsumerTest
[INFO] Running dev.scframework.starter.StarterConsumerTest
2026-10-07T05:56:58.144+09:00  INFO [requestId:] 34688 --- [sc-starter-app] [           main] t.c.s.AnnotationConfigContextLoaderUtils : Could not detect default configuration classes for test class [dev.scframework.starter.StarterConsumerTest]: StarterConsumerTest does not declare any static, non-private, non-final, nested classes annotated with @Configuration.
2026-10-07T05:56:58.145+09:00  INFO [requestId:] 34688 --- [sc-starter-app] [           main] .b.t.c.SpringBootTestContextBootstrapper : Found @SpringBootConfiguration dev.scframework.starter.StarterApplication for test class dev.scframework.starter.StarterConsumerTest

  .   ____          _            __ _ _
 /\\ / ___'_ __ _ _(_)_ __  __ _ \ \ \ \
( ( )\___ | '_ | '_| | '_ \/ _` | \ \ \ \
 \\/  ___)| |_)| | | | | || (_| |  ) ) ) )
  '  |____| .__|_| |_|_| |_\__, | / / / /
 =========|_|==============|___/=/_/_/_/

 :: Spring Boot ::               (v3.5.16)

2026-10-07T05:56:58.161+09:00  INFO [requestId:] 34688 --- [sc-starter-app] [           main] d.s.starter.StarterConsumerTest          : Starting StarterConsumerTest using Java 21.0.11 with PID 34688 (started by dk in /Users/dk/Work/ScFramework/backend/starter-app)
2026-10-07T05:56:58.162+09:00  INFO [requestId:] 34688 --- [sc-starter-app] [           main] d.s.starter.StarterConsumerTest          : No active profile set, falling back to 1 default profile: "default"
2026-10-07T05:56:58.256+09:00  INFO [requestId:] 34688 --- [sc-starter-app] [           main] .s.d.r.c.RepositoryConfigurationDelegate : Bootstrapping Spring Data JPA repositories in DEFAULT mode.
2026-10-07T05:56:58.258+09:00  INFO [requestId:] 34688 --- [sc-starter-app] [           main] .s.d.r.c.RepositoryConfigurationDelegate : Finished Spring Data repository scanning in 1 ms. Found 0 JPA repository interfaces.
2026-10-07T05:56:58.271+09:00  WARN [requestId:] 34688 --- [sc-starter-app] [           main] o.m.s.mapper.ClassPathMapperScanner      : No MyBatis mapper was found in '[dev.scframework.starter]' package. Please check your configuration.
2026-10-07T05:56:58.275+09:00  INFO [requestId:] 34688 --- [sc-starter-app] [           main] o.s.cloud.context.scope.GenericScope     : BeanFactory id=0781cbe6-b46e-34bb-8b59-5825b2352423
2026-10-07T05:56:58.290+09:00  INFO [requestId:] 34688 --- [sc-starter-app] [           main] o.hibernate.jpa.internal.util.LogHelper  : HHH000204: Processing PersistenceUnitInfo [name: default]
2026-10-07T05:56:58.291+09:00  INFO [requestId:] 34688 --- [sc-starter-app] [           main] o.h.c.internal.RegionFactoryInitiator    : HHH000026: Second-level cache disabled
2026-10-07T05:56:58.294+09:00  INFO [requestId:] 34688 --- [sc-starter-app] [           main] o.s.o.j.p.SpringPersistenceUnitInfo      : No LoadTimeWeaver setup: ignoring JPA class transformer
2026-10-07T05:56:58.294+09:00  INFO [requestId:] 34688 --- [sc-starter-app] [           main] com.zaxxer.hikari.HikariDataSource       : HikariPool-2 - Starting...
2026-10-07T05:56:58.296+09:00  INFO [requestId:] 34688 --- [sc-starter-app] [           main] com.zaxxer.hikari.pool.HikariPool        : HikariPool-2 - Added connection conn10: url=jdbc:h2:mem:starter-ec0b440e-81c8-48f8-a7bd-66cf3958d14d user=SA
2026-10-07T05:56:58.296+09:00  INFO [requestId:] 34688 --- [sc-starter-app] [           main] com.zaxxer.hikari.HikariDataSource       : HikariPool-2 - Start completed.
2026-10-07T05:56:58.296+09:00  INFO [requestId:] 34688 --- [sc-starter-app] [           main] org.hibernate.orm.connections.pooling    : HHH10001005: Database info:
	Database JDBC URL [Connecting through datasource 'HikariDataSource (HikariPool-2)']
	Database driver: undefined/unknown
	Database version: 2.3.232
	Autocommit mode: undefined/unknown
	Isolation level: undefined/unknown
	Minimum pool size: undefined/unknown
	Maximum pool size: undefined/unknown
2026-10-07T05:56:58.302+09:00  INFO [requestId:] 34688 --- [sc-starter-app] [           main] o.h.e.t.j.p.i.JtaPlatformInitiator       : HHH000489: No JTA platform available (set 'hibernate.transaction.jta.platform' to enable JTA platform integration)
2026-10-07T05:56:58.302+09:00  INFO [requestId:] 34688 --- [sc-starter-app] [           main] j.LocalContainerEntityManagerFactoryBean : Initialized JPA EntityManagerFactory for persistence unit 'default'
2026-10-07T05:56:58.370+09:00  INFO [requestId:] 34688 --- [sc-starter-app] [           main] o.s.b.a.w.s.WelcomePageHandlerMapping    : Adding welcome page: class path resource [static/index.html]
2026-10-07T05:56:58.391+09:00  INFO [requestId:] 34688 --- [sc-starter-app] [           main] r$InitializeUserDetailsManagerConfigurer : Global AuthenticationManager configured with UserDetailsService bean with name starterUsers
2026-10-07T05:56:58.406+09:00  INFO [requestId:] 34688 --- [sc-starter-app] [           main] o.s.b.a.e.web.EndpointLinksResolver      : Exposing 1 endpoint beneath base path '/actuator'
2026-10-07T05:56:58.426+09:00  INFO [requestId:] 34688 --- [sc-starter-app] [           main] o.s.b.t.m.w.SpringBootMockServletContext : Initializing Spring TestDispatcherServlet ''
2026-10-07T05:56:58.426+09:00  INFO [requestId:] 34688 --- [sc-starter-app] [           main] o.s.t.web.servlet.TestDispatcherServlet  : Initializing Servlet ''
2026-10-07T05:56:58.426+09:00  INFO [requestId:] 34688 --- [sc-starter-app] [           main] o.s.t.web.servlet.TestDispatcherServlet  : Completed initialization in 0 ms
2026-10-07T05:56:58.440+09:00  INFO [requestId:] 34688 --- [sc-starter-app] [           main] d.s.starter.StarterConsumerTest          : Started StarterConsumerTest in 0.293 seconds (process running for 2.912)
[INFO] Tests run: 4, Failures: 0, Errors: 0, Skipped: 0, Time elapsed: 0.558 s -- in dev.scframework.starter.StarterConsumerTest
[INFO] Running dev.scframework.starter.StarterFileStorageConsumerTest
2026-10-07T05:56:58.703+09:00  INFO [requestId:] 34688 --- [sc-starter-app] [           main] .b.t.c.SpringBootTestContextBootstrapper : Found @SpringBootConfiguration dev.scframework.starter.StarterApplication for test class dev.scframework.starter.StarterFileStorageConsumerTest

  .   ____          _            __ _ _
 /\\ / ___'_ __ _ _(_)_ __  __ _ \ \ \ \
( ( )\___ | '_ | '_| | '_ \/ _` | \ \ \ \
 \\/  ___)| |_)| | | | | || (_| |  ) ) ) )
  '  |____| .__|_| |_|_| |_\__, | / / / /
 =========|_|==============|___/=/_/_/_/

 :: Spring Boot ::               (v3.5.16)

2026-10-07T05:56:58.718+09:00  INFO [requestId:] 34688 --- [sc-starter-app] [           main] d.s.s.StarterFileStorageConsumerTest     : Starting StarterFileStorageConsumerTest using Java 21.0.11 with PID 34688 (started by dk in /Users/dk/Work/ScFramework/backend/starter-app)
2026-10-07T05:56:58.718+09:00  INFO [requestId:] 34688 --- [sc-starter-app] [           main] d.s.s.StarterFileStorageConsumerTest     : The following 1 profile is active: "file-storage"
2026-10-07T05:56:58.781+09:00  INFO [requestId:] 34688 --- [sc-starter-app] [           main] .s.d.r.c.RepositoryConfigurationDelegate : Bootstrapping Spring Data JPA repositories in DEFAULT mode.
2026-10-07T05:56:58.783+09:00  INFO [requestId:] 34688 --- [sc-starter-app] [           main] .s.d.r.c.RepositoryConfigurationDelegate : Finished Spring Data repository scanning in 0 ms. Found 0 JPA repository interfaces.
2026-10-07T05:56:58.796+09:00  WARN [requestId:] 34688 --- [sc-starter-app] [           main] o.m.s.mapper.ClassPathMapperScanner      : No MyBatis mapper was found in '[dev.scframework.starter]' package. Please check your configuration.
2026-10-07T05:56:58.797+09:00  INFO [requestId:] 34688 --- [sc-starter-app] [           main] o.s.cloud.context.scope.GenericScope     : BeanFactory id=8df82c54-0abf-3afc-8cd1-d44823fe1560
2026-10-07T05:56:58.810+09:00  INFO [requestId:] 34688 --- [sc-starter-app] [           main] o.hibernate.jpa.internal.util.LogHelper  : HHH000204: Processing PersistenceUnitInfo [name: default]
2026-10-07T05:56:58.811+09:00  INFO [requestId:] 34688 --- [sc-starter-app] [           main] o.h.c.internal.RegionFactoryInitiator    : HHH000026: Second-level cache disabled
2026-10-07T05:56:58.813+09:00  INFO [requestId:] 34688 --- [sc-starter-app] [           main] o.s.o.j.p.SpringPersistenceUnitInfo      : No LoadTimeWeaver setup: ignoring JPA class transformer
2026-10-07T05:56:58.814+09:00  INFO [requestId:] 34688 --- [sc-starter-app] [           main] com.zaxxer.hikari.HikariDataSource       : HikariPool-3 - Starting...
2026-10-07T05:56:58.815+09:00  INFO [requestId:] 34688 --- [sc-starter-app] [           main] com.zaxxer.hikari.pool.HikariPool        : HikariPool-3 - Added connection conn20: url=jdbc:h2:mem:starter-files-sc-starter-files-2892185651418474378 user=SA
2026-10-07T05:56:58.815+09:00  INFO [requestId:] 34688 --- [sc-starter-app] [           main] com.zaxxer.hikari.HikariDataSource       : HikariPool-3 - Start completed.
2026-10-07T05:56:58.815+09:00  INFO [requestId:] 34688 --- [sc-starter-app] [           main] org.hibernate.orm.connections.pooling    : HHH10001005: Database info:
	Database JDBC URL [Connecting through datasource 'HikariDataSource (HikariPool-3)']
	Database driver: undefined/unknown
	Database version: 2.3.232
	Autocommit mode: undefined/unknown
	Isolation level: undefined/unknown
	Minimum pool size: undefined/unknown
	Maximum pool size: undefined/unknown
2026-10-07T05:56:58.821+09:00  INFO [requestId:] 34688 --- [sc-starter-app] [           main] o.h.e.t.j.p.i.JtaPlatformInitiator       : HHH000489: No JTA platform available (set 'hibernate.transaction.jta.platform' to enable JTA platform integration)
2026-10-07T05:56:58.821+09:00  INFO [requestId:] 34688 --- [sc-starter-app] [           main] j.LocalContainerEntityManagerFactoryBean : Initialized JPA EntityManagerFactory for persistence unit 'default'
2026-10-07T05:56:58.949+09:00  INFO [requestId:] 34688 --- [sc-starter-app] [           main] o.s.b.a.w.s.WelcomePageHandlerMapping    : Adding welcome page: class path resource [static/index.html]
2026-10-07T05:56:58.967+09:00  INFO [requestId:] 34688 --- [sc-starter-app] [           main] eAuthenticationProviderManagerConfigurer : Global AuthenticationManager configured with AuthenticationProvider bean with name syntheticAuthenticationProvider
2026-10-07T05:56:58.967+09:00  WARN [requestId:] 34688 --- [sc-starter-app] [           main] r$InitializeUserDetailsManagerConfigurer : Global AuthenticationManager configured with an AuthenticationProvider bean. UserDetailsService beans will not be used by Spring Security for automatically configuring username/password login. Consider removing the AuthenticationProvider bean. Alternatively, consider using the UserDetailsService in a manually instantiated DaoAuthenticationProvider. If the current configuration is intentional, to turn off this warning, increase the logging level of 'org.springframework.security.config.annotation.authentication.configuration.InitializeUserDetailsBeanManagerConfigurer' to ERROR
2026-10-07T05:56:58.977+09:00  INFO [requestId:] 34688 --- [sc-starter-app] [           main] o.s.b.a.e.web.EndpointLinksResolver      : Exposing 1 endpoint beneath base path '/actuator'
2026-10-07T05:56:58.994+09:00  INFO [requestId:] 34688 --- [sc-starter-app] [           main] o.s.b.t.m.w.SpringBootMockServletContext : Initializing Spring TestDispatcherServlet ''
2026-10-07T05:56:58.994+09:00  INFO [requestId:] 34688 --- [sc-starter-app] [           main] o.s.t.web.servlet.TestDispatcherServlet  : Initializing Servlet ''
2026-10-07T05:56:58.995+09:00  INFO [requestId:] 34688 --- [sc-starter-app] [           main] o.s.t.web.servlet.TestDispatcherServlet  : Completed initialization in 1 ms
2026-10-07T05:56:59.006+09:00  INFO [requestId:] 34688 --- [sc-starter-app] [           main] d.s.s.StarterFileStorageConsumerTest     : Started StarterFileStorageConsumerTest in 0.301 seconds (process running for 3.478)
[INFO] Tests run: 2, Failures: 0, Errors: 0, Skipped: 0, Time elapsed: 0.587 s -- in dev.scframework.starter.StarterFileStorageConsumerTest
[INFO] 
[INFO] Results:
[INFO] 
[INFO] Tests run: 8, Failures: 0, Errors: 0, Skipped: 0
[INFO] 
[INFO] 
[INFO] --- jar:3.4.2:jar (default-jar) @ sc-starter-app ---
[INFO] Building jar: /Users/dk/Work/ScFramework/backend/starter-app/target/sc-starter-app.jar
[INFO] 
[INFO] --- spring-boot:3.5.16:repackage (repackage) @ sc-starter-app ---
[INFO] Replacing main artifact /Users/dk/Work/ScFramework/backend/starter-app/target/sc-starter-app.jar with repackaged archive, adding nested dependencies in BOOT-INF/.
[INFO] The original artifact has been renamed to /Users/dk/Work/ScFramework/backend/starter-app/target/sc-starter-app.jar.original
[INFO] ------------------------------------------------------------------------
[INFO] Reactor Summary for ScFramework backend 0.2.0-SNAPSHOT:
[INFO] 
[INFO] ScFramework backend ................................ SUCCESS [  0.044 s]
[INFO] ScFramework core contracts ......................... SUCCESS [  1.092 s]
[INFO] ScFramework auto configuration ..................... SUCCESS [  2.440 s]
[INFO] ScFramework Spring Boot Starter .................... SUCCESS [  0.080 s]
[INFO] ScFramework neutral reference app .................. SUCCESS [ 41.789 s]
[INFO] ScFramework minimal consumer app ................... SUCCESS [  4.531 s]
[INFO] ------------------------------------------------------------------------
[INFO] BUILD SUCCESS
[INFO] ------------------------------------------------------------------------
[INFO] Total time:  50.153 s
[INFO] Finished at: 2026-10-07T05:56:59+09:00
[INFO] ------------------------------------------------------------------------
통합 빌드 완료: reference-app과 starter-app의 실행 JAR를 생성했습니다.
