[INFO] Scanning for projects...
[INFO] ------------------------------------------------------------------------
[INFO] Reactor Build Order:
[INFO] 
[INFO] ScFramework backend                                                [pom]
[INFO] ScFramework core contracts                                         [jar]
[INFO] ScFramework auto configuration                                     [jar]
[INFO] ScFramework Spring Boot Starter                                    [jar]
[INFO] ScFramework neutral reference app                                  [jar]
[INFO] ScFramework minimal consumer app                                   [jar]
[INFO] 
[INFO] ----------------< dev.scframework:sc-framework-parent >-----------------
[INFO] Building ScFramework backend 0.3.0-SNAPSHOT                        [1/6]
[INFO]   from pom.xml
[INFO] --------------------------------[ pom ]---------------------------------
[INFO] 
[INFO] --- clean:3.4.1:clean (default-clean) @ sc-framework-parent ---
[INFO] 
[INFO] -------------------< dev.scframework:framework-core >-------------------
[INFO] Building ScFramework core contracts 0.3.0-SNAPSHOT                 [2/6]
[INFO]   from framework-core/pom.xml
[INFO] --------------------------------[ jar ]---------------------------------
[INFO] 
[INFO] --- clean:3.4.1:clean (default-clean) @ framework-core ---
[INFO] Deleting /Users/dk/Work/ScFramework/backend/framework-core/target
[INFO] 
[INFO] --- resources:3.3.1:resources (default-resources) @ framework-core ---
[INFO] skip non existing resourceDirectory /Users/dk/Work/ScFramework/backend/framework-core/src/main/resources
[INFO] skip non existing resourceDirectory /Users/dk/Work/ScFramework/backend/framework-core/src/main/resources
[INFO] 
[INFO] --- compiler:3.14.1:compile (default-compile) @ framework-core ---
[INFO] Recompiling the module because of changed source code.
[INFO] Compiling 18 source files with javac [debug parameters release 21] to target/classes
[INFO] 
[INFO] --- resources:3.3.1:testResources (default-testResources) @ framework-core ---
[INFO] skip non existing resourceDirectory /Users/dk/Work/ScFramework/backend/framework-core/src/test/resources
[INFO] 
[INFO] --- compiler:3.14.1:testCompile (default-testCompile) @ framework-core ---
[INFO] Recompiling the module because of changed dependency.
[INFO] Compiling 2 source files with javac [debug parameters release 21] to target/test-classes
[INFO] 
[INFO] --- surefire:3.5.6:test (default-test) @ framework-core ---
[INFO] Using auto detected provider org.apache.maven.surefire.junitplatform.JUnitPlatformProvider
[INFO] 
[INFO] -------------------------------------------------------
[INFO]  T E S T S
[INFO] -------------------------------------------------------
[INFO] Running dev.scframework.core.ApiErrorTest
[INFO] Tests run: 1, Failures: 0, Errors: 0, Skipped: 0, Time elapsed: 0.023 s -- in dev.scframework.core.ApiErrorTest
[INFO] Running dev.scframework.core.audit.SecurityAuditEventTest
[INFO] Tests run: 2, Failures: 0, Errors: 0, Skipped: 0, Time elapsed: 0.007 s -- in dev.scframework.core.audit.SecurityAuditEventTest
[INFO] 
[INFO] Results:
[INFO] 
[INFO] Tests run: 3, Failures: 0, Errors: 0, Skipped: 0
[INFO] 
[INFO] 
[INFO] --- jar:3.4.2:jar (default-jar) @ framework-core ---
[INFO] Building jar: /Users/dk/Work/ScFramework/backend/framework-core/target/framework-core-0.3.0-SNAPSHOT.jar
[INFO] 
[INFO] --------------< dev.scframework:framework-autoconfigure >---------------
[INFO] Building ScFramework auto configuration 0.3.0-SNAPSHOT             [3/6]
[INFO]   from framework-autoconfigure/pom.xml
[INFO] --------------------------------[ jar ]---------------------------------
[INFO] 
[INFO] --- clean:3.4.1:clean (default-clean) @ framework-autoconfigure ---
[INFO] Deleting /Users/dk/Work/ScFramework/backend/framework-autoconfigure/target
[INFO] 
[INFO] --- resources:3.3.1:resources (default-resources) @ framework-autoconfigure ---
[INFO] Copying 0 resource from src/main/resources to target/classes
[INFO] Copying 2 resources from src/main/resources to target/classes
[INFO] 
[INFO] --- compiler:3.14.1:compile (default-compile) @ framework-autoconfigure ---
[INFO] Recompiling the module because of changed dependency.
[INFO] Compiling 64 source files with javac [debug parameters release 21] to target/classes
[INFO] /Users/dk/Work/ScFramework/backend/framework-autoconfigure/src/main/java/dev/scframework/autoconfigure/ScOpenApiAutoConfiguration.java: /Users/dk/Work/ScFramework/backend/framework-autoconfigure/src/main/java/dev/scframework/autoconfigure/ScOpenApiAutoConfiguration.java uses unchecked or unsafe operations.
[INFO] /Users/dk/Work/ScFramework/backend/framework-autoconfigure/src/main/java/dev/scframework/autoconfigure/ScOpenApiAutoConfiguration.java: Recompile with -Xlint:unchecked for details.
[INFO] 
[INFO] --- resources:3.3.1:testResources (default-testResources) @ framework-autoconfigure ---
[INFO] skip non existing resourceDirectory /Users/dk/Work/ScFramework/backend/framework-autoconfigure/src/test/resources
[INFO] 
[INFO] --- compiler:3.14.1:testCompile (default-testCompile) @ framework-autoconfigure ---
[INFO] Recompiling the module because of changed dependency.
[INFO] Compiling 20 source files with javac [debug parameters release 21] to target/test-classes
[INFO] 
[INFO] --- surefire:3.5.6:test (default-test) @ framework-autoconfigure ---
[INFO] Using auto detected provider org.apache.maven.surefire.junitplatform.JUnitPlatformProvider
[INFO] 
[INFO] -------------------------------------------------------
[INFO]  T E S T S
[INFO] -------------------------------------------------------
[INFO] Running dev.scframework.autoconfigure.RequestIdFilterTest
[INFO] Tests run: 2, Failures: 0, Errors: 0, Skipped: 0, Time elapsed: 0.067 s -- in dev.scframework.autoconfigure.RequestIdFilterTest
[INFO] Running dev.scframework.autoconfigure.SecurityAuditTransactionTest
07:19:40.303 [main] WARN dev.scframework.autoconfigure.audit.AuditWriteDiagnostics -- Security audit write failed; reasonCode=AUDIT_SINK_FAILURE
[INFO] Tests run: 3, Failures: 0, Errors: 0, Skipped: 0, Time elapsed: 0.126 s -- in dev.scframework.autoconfigure.SecurityAuditTransactionTest
[INFO] Running dev.scframework.autoconfigure.SafeSpanExporterTest
[INFO] Tests run: 2, Failures: 0, Errors: 0, Skipped: 0, Time elapsed: 0.017 s -- in dev.scframework.autoconfigure.SafeSpanExporterTest
[INFO] Running dev.scframework.autoconfigure.MessageCrashBoundaryTest
07:19:40.772 [main] INFO org.springframework.amqp.rabbit.connection.CachingConnectionFactory -- Attempting to connect to: 127.0.0.1:5679
07:19:40.795 [main] INFO org.springframework.amqp.rabbit.connection.CachingConnectionFactory -- Created new connection: SpringAMQP#31da3d60:0/SimpleConnection@75769ab0 [delegate=amqp://sc-framework@127.0.0.1:5679/, localPort=65258]
07:19:45.674 [main] INFO org.springframework.amqp.rabbit.listener.SimpleMessageListenerContainer -- Waiting for workers to finish.
07:19:46.280 [main] INFO org.springframework.amqp.rabbit.listener.SimpleMessageListenerContainer -- Successfully waited for workers to finish.
07:19:46.614 [main] INFO org.springframework.amqp.rabbit.connection.CachingConnectionFactory -- Attempting to connect to: 127.0.0.1:5679
07:19:46.619 [main] INFO org.springframework.amqp.rabbit.connection.CachingConnectionFactory -- Created new connection: SpringAMQP#60325987:0/SimpleConnection@5e1d03d7 [delegate=amqp://sc-framework@127.0.0.1:5679/, localPort=65262]
07:19:49.248 [main] INFO org.springframework.amqp.rabbit.listener.SimpleMessageListenerContainer -- Waiting for workers to finish.
07:19:49.702 [main] INFO org.springframework.amqp.rabbit.listener.SimpleMessageListenerContainer -- Successfully waited for workers to finish.
[INFO] Tests run: 2, Failures: 0, Errors: 0, Skipped: 0, Time elapsed: 9.363 s -- in dev.scframework.autoconfigure.MessageCrashBoundaryTest
[INFO] Running dev.scframework.autoconfigure.FeignConsumerConfigurationTest
[INFO] Tests run: 2, Failures: 0, Errors: 0, Skipped: 0, Time elapsed: 0.095 s -- in dev.scframework.autoconfigure.FeignConsumerConfigurationTest
[INFO] Running dev.scframework.autoconfigure.SecurityOverrideTest
Mockito is currently self-attaching to enable the inline-mock-maker. This will no longer work in future releases of the JDK. Please add Mockito as an agent to your build as described in Mockito's documentation: https://javadoc.io/doc/org.mockito/mockito-core/latest/org.mockito/org/mockito/Mockito.html#0.3
WARNING: A Java agent has been loaded dynamically (/Users/dk/.m2/repository/net/bytebuddy/byte-buddy-agent/1.17.8/byte-buddy-agent-1.17.8.jar)
WARNING: If a serviceability tool is in use, please run with -XX:+EnableDynamicAgentLoading to hide this warning
WARNING: If a serviceability tool is not in use, please run with -Djdk.instrument.traceUsage for more information
WARNING: Dynamic loading of agents will be disallowed by default in a future release
OpenJDK 64-Bit Server VM warning: Sharing is only supported for boot loader classes because bootstrap classpath has been appended
07:19:50.374 [main] WARN org.springframework.boot.web.servlet.context.AnnotationConfigServletWebApplicationContext -- Exception encountered during context initialization - cancelling refresh attempt: org.springframework.beans.factory.BeanCreationException: Error creating bean with name 'scRequiredUserDetailsService' defined in dev.scframework.autoconfigure.ScSecurityAutoConfiguration: Failed to instantiate [org.springframework.security.core.userdetails.UserDetailsService]: Factory method 'scRequiredUserDetailsService' threw exception with message: Supply a UserDetailsService; generated/default passwords are disabled
[INFO] Tests run: 2, Failures: 0, Errors: 0, Skipped: 0, Time elapsed: 0.545 s -- in dev.scframework.autoconfigure.SecurityOverrideTest
[INFO] Running dev.scframework.autoconfigure.SafeOperationalEventSinkTest
[INFO] Tests run: 3, Failures: 0, Errors: 0, Skipped: 0, Time elapsed: 0.052 s -- in dev.scframework.autoconfigure.SafeOperationalEventSinkTest
[INFO] Running dev.scframework.autoconfigure.operations.RuntimeMaintenanceLockTest
[INFO] Tests run: 1, Failures: 0, Errors: 0, Skipped: 0, Time elapsed: 0.057 s -- in dev.scframework.autoconfigure.operations.RuntimeMaintenanceLockTest
[INFO] Running dev.scframework.autoconfigure.storage.StorageRecoveryTest
[INFO] Tests run: 3, Failures: 0, Errors: 0, Skipped: 0, Time elapsed: 0.053 s -- in dev.scframework.autoconfigure.storage.StorageRecoveryTest
[INFO] Running dev.scframework.autoconfigure.audit.DurableAuditPublisherTest
07:19:50.557 [main] WARN dev.scframework.autoconfigure.audit.AuditWriteDiagnostics -- Security audit write failed; reasonCode=AUDIT_SINK_FAILURE
[INFO] Tests run: 2, Failures: 0, Errors: 0, Skipped: 0, Time elapsed: 0.013 s -- in dev.scframework.autoconfigure.audit.DurableAuditPublisherTest
[INFO] Running dev.scframework.autoconfigure.AuditAutoConfigurationTest
07:19:50.647 [main] WARN org.springframework.context.annotation.AnnotationConfigApplicationContext -- Exception encountered during context initialization - cancelling refresh attempt: org.springframework.beans.factory.UnsatisfiedDependencyException: Error creating bean with name 'scSecurityAuditPublisher' defined in dev.scframework.autoconfigure.ScAuditAutoConfiguration: Unsatisfied dependency expressed through method 'scSecurityAuditPublisher' parameter 0: No qualifying bean of type 'dev.scframework.core.audit.SecurityAuditSink' available: expected at least 1 bean which qualifies as autowire candidate. Dependency annotations: {}
[INFO] Tests run: 4, Failures: 0, Errors: 0, Skipped: 0, Time elapsed: 0.137 s -- in dev.scframework.autoconfigure.AuditAutoConfigurationTest
[INFO] Running dev.scframework.autoconfigure.HealthReadinessTest
[INFO] Tests run: 1, Failures: 0, Errors: 0, Skipped: 0, Time elapsed: 0.024 s -- in dev.scframework.autoconfigure.HealthReadinessTest
[INFO] Running dev.scframework.autoconfigure.ScOptionalInfrastructureFilterTest
[INFO] Tests run: 2, Failures: 0, Errors: 0, Skipped: 0, Time elapsed: 0.003 s -- in dev.scframework.autoconfigure.ScOptionalInfrastructureFilterTest
[INFO] Running dev.scframework.autoconfigure.QuerydslAutoConfigurationTest
[INFO] Tests run: 4, Failures: 0, Errors: 0, Skipped: 0, Time elapsed: 0.079 s -- in dev.scframework.autoconfigure.QuerydslAutoConfigurationTest
[INFO] Running dev.scframework.autoconfigure.SecretFileUsersTest
[INFO] Tests run: 2, Failures: 0, Errors: 0, Skipped: 0, Time elapsed: 0.125 s -- in dev.scframework.autoconfigure.SecretFileUsersTest
[INFO] Running dev.scframework.autoconfigure.messaging.DurableMessagingTest
07:19:51.026 [main] WARN dev.scframework.autoconfigure.messaging.MessageDiagnostics -- Operational message failure; reasonCode=MESSAGE_OPERATION_FAILURE
07:19:51.028 [main] WARN dev.scframework.autoconfigure.messaging.MessageDiagnostics -- Operational message failure; reasonCode=MESSAGE_OPERATION_FAILURE
07:19:51.029 [main] WARN dev.scframework.autoconfigure.messaging.MessageDiagnostics -- Operational message failure; reasonCode=MESSAGE_OPERATION_FAILURE
07:19:51.030 [main] WARN dev.scframework.autoconfigure.messaging.MessageDiagnostics -- Operational message failure; reasonCode=MESSAGE_OPERATION_FAILURE
07:19:51.032 [main] WARN dev.scframework.autoconfigure.messaging.MessageDiagnostics -- Operational message failure; reasonCode=MESSAGE_OPERATION_FAILURE
07:19:51.043 [main] WARN dev.scframework.autoconfigure.messaging.MessageDiagnostics -- Operational message failure; reasonCode=MESSAGE_OPERATION_FAILURE
[INFO] Tests run: 6, Failures: 0, Errors: 0, Skipped: 0, Time elapsed: 0.118 s -- in dev.scframework.autoconfigure.messaging.DurableMessagingTest
[INFO] Running dev.scframework.autoconfigure.messaging.RabbitDurableIntegrationTest
07:19:51.089 [main] INFO org.springframework.amqp.rabbit.connection.CachingConnectionFactory -- Attempting to connect to: 127.0.0.1:5679
07:19:51.092 [main] INFO org.springframework.amqp.rabbit.connection.CachingConnectionFactory -- Created new connection: connectionFactory#21bf308:0/SimpleConnection@6ca367aa [delegate=amqp://sc-framework@127.0.0.1:5679/, localPort=65266]
07:19:51.218 [scWorkMessageContainer-1] WARN dev.scframework.autoconfigure.messaging.MessageDiagnostics -- Operational message failure; reasonCode=MESSAGE_OPERATION_FAILURE
07:19:51.322 [scWorkMessageContainer-1] WARN dev.scframework.autoconfigure.messaging.MessageDiagnostics -- Operational message failure; reasonCode=MESSAGE_OPERATION_FAILURE
07:19:51.529 [scWorkMessageContainer-1] WARN dev.scframework.autoconfigure.messaging.MessageDiagnostics -- Operational message failure; reasonCode=MESSAGE_OPERATION_FAILURE
07:19:51.843 [scWorkMessageContainer-1] WARN dev.scframework.autoconfigure.messaging.MessageDiagnostics -- Operational message failure; reasonCode=MESSAGE_OPERATION_FAILURE
07:19:52.251 [scWorkMessageContainer-1] WARN dev.scframework.autoconfigure.messaging.MessageDiagnostics -- Operational message failure; reasonCode=MESSAGE_OPERATION_FAILURE
07:19:52.722 [main] INFO org.springframework.amqp.rabbit.listener.SimpleMessageListenerContainer -- Waiting for workers to finish.
07:19:53.669 [main] INFO org.springframework.amqp.rabbit.listener.SimpleMessageListenerContainer -- Successfully waited for workers to finish.
07:19:53.672 [main] INFO org.springframework.amqp.rabbit.listener.SimpleMessageListenerContainer -- Waiting for workers to finish.
07:19:54.543 [main] INFO org.springframework.amqp.rabbit.listener.SimpleMessageListenerContainer -- Successfully waited for workers to finish.
[INFO] Tests run: 1, Failures: 0, Errors: 0, Skipped: 0, Time elapsed: 3.522 s -- in dev.scframework.autoconfigure.messaging.RabbitDurableIntegrationTest
[INFO] Running dev.scframework.autoconfigure.RegisteredTaskRegistryTest
[INFO] Tests run: 2, Failures: 0, Errors: 0, Skipped: 0, Time elapsed: 0.007 s -- in dev.scframework.autoconfigure.RegisteredTaskRegistryTest
[INFO] Running dev.scframework.autoconfigure.FileStorageTest
07:19:54.598 [main] WARN dev.scframework.autoconfigure.storage.FileStorageTransactions -- File storage cleanup failed; operational counter incremented
[INFO] Tests run: 7, Failures: 0, Errors: 0, Skipped: 0, Time elapsed: 0.034 s -- in dev.scframework.autoconfigure.FileStorageTest
[INFO] Running dev.scframework.autoconfigure.BrowserErrorBoundaryTest
[INFO] Tests run: 4, Failures: 0, Errors: 0, Skipped: 0, Time elapsed: 0.052 s -- in dev.scframework.autoconfigure.BrowserErrorBoundaryTest
[INFO] 
[INFO] Results:
[INFO] 
[INFO] Tests run: 55, Failures: 0, Errors: 0, Skipped: 0
[INFO] 
[INFO] 
[INFO] --- jar:3.4.2:jar (default-jar) @ framework-autoconfigure ---
[INFO] Building jar: /Users/dk/Work/ScFramework/backend/framework-autoconfigure/target/framework-autoconfigure-0.3.0-SNAPSHOT.jar
[INFO] 
[INFO] -----------< dev.scframework:framework-spring-boot-starter >------------
[INFO] Building ScFramework Spring Boot Starter 0.3.0-SNAPSHOT            [4/6]
[INFO]   from framework-spring-boot-starter/pom.xml
[INFO] --------------------------------[ jar ]---------------------------------
[INFO] 
[INFO] --- clean:3.4.1:clean (default-clean) @ framework-spring-boot-starter ---
[INFO] Deleting /Users/dk/Work/ScFramework/backend/framework-spring-boot-starter/target
[INFO] 
[INFO] --- resources:3.3.1:resources (default-resources) @ framework-spring-boot-starter ---
[INFO] skip non existing resourceDirectory /Users/dk/Work/ScFramework/backend/framework-spring-boot-starter/src/main/resources
[INFO] skip non existing resourceDirectory /Users/dk/Work/ScFramework/backend/framework-spring-boot-starter/src/main/resources
[INFO] 
[INFO] --- compiler:3.14.1:compile (default-compile) @ framework-spring-boot-starter ---
[INFO] No sources to compile
[INFO] 
[INFO] --- resources:3.3.1:testResources (default-testResources) @ framework-spring-boot-starter ---
[INFO] skip non existing resourceDirectory /Users/dk/Work/ScFramework/backend/framework-spring-boot-starter/src/test/resources
[INFO] 
[INFO] --- compiler:3.14.1:testCompile (default-testCompile) @ framework-spring-boot-starter ---
[INFO] No sources to compile
[INFO] 
[INFO] --- surefire:3.5.6:test (default-test) @ framework-spring-boot-starter ---
[INFO] No tests to run.
[INFO] 
[INFO] --- jar:3.4.2:jar (default-jar) @ framework-spring-boot-starter ---
[WARNING] JAR will be empty - no content was marked for inclusion!
[INFO] Building jar: /Users/dk/Work/ScFramework/backend/framework-spring-boot-starter/target/framework-spring-boot-starter-0.3.0-SNAPSHOT.jar
[INFO] 
[INFO] ------------------< dev.scframework:sc-reference-app >------------------
[INFO] Building ScFramework neutral reference app 0.3.0-SNAPSHOT          [5/6]
[INFO]   from reference-app/pom.xml
[INFO] --------------------------------[ jar ]---------------------------------
[INFO] 
[INFO] --- clean:3.4.1:clean (default-clean) @ sc-reference-app ---
[INFO] Deleting /Users/dk/Work/ScFramework/backend/reference-app/target
[INFO] 
[INFO] --- resources:3.3.1:resources (default-resources) @ sc-reference-app ---
[INFO] Copying 11 resources from src/main/resources to target/classes
[INFO] Copying 43 resources from ../../frontend/apps/reference-app/dist to target/classes/static
[INFO] 
[INFO] --- compiler:3.14.1:compile (default-compile) @ sc-reference-app ---
[INFO] Recompiling the module because of changed dependency.
[INFO] Compiling 88 source files with javac [debug parameters release 21] to target/classes
[INFO] /Users/dk/Work/ScFramework/backend/reference-app/src/main/java/dev/scframework/reference/documents/DocumentGrammar.java: /Users/dk/Work/ScFramework/backend/reference-app/src/main/java/dev/scframework/reference/documents/DocumentGrammar.java uses or overrides a deprecated API.
[INFO] /Users/dk/Work/ScFramework/backend/reference-app/src/main/java/dev/scframework/reference/documents/DocumentGrammar.java: Recompile with -Xlint:deprecation for details.
[INFO] 
[INFO] --- resources:3.3.1:testResources (default-testResources) @ sc-reference-app ---
[INFO] Copying 1 resource from src/test/resources to target/test-classes
[INFO] 
[INFO] --- compiler:3.14.1:testCompile (default-testCompile) @ sc-reference-app ---
[INFO] Recompiling the module because of changed dependency.
[INFO] Compiling 21 source files with javac [debug parameters release 21] to target/test-classes
[INFO] 
[INFO] --- surefire:3.5.6:test (default-test) @ sc-reference-app ---
[INFO] Using auto detected provider org.apache.maven.surefire.junitplatform.JUnitPlatformProvider
[INFO] 
[INFO] -------------------------------------------------------
[INFO]  T E S T S
[INFO] -------------------------------------------------------
[INFO] Running dev.scframework.reference.H2PersistenceTest
07:19:57.235 [main] INFO org.flywaydb.core.FlywayExecutor -- Database: jdbc:h2:file:/var/folders/8k/rv4bxj0115g929lrxwybv_r80000gn/T/junit-8296458543209731785/isolated-reference (H2 2.3)
07:19:57.251 [main] INFO org.flywaydb.core.internal.schemahistory.JdbcTableSchemaHistory -- Schema history table "PUBLIC"."flyway_schema_history" does not exist yet
07:19:57.252 [main] INFO org.flywaydb.core.internal.command.DbValidate -- Successfully validated 5 migrations (execution time 00:00.006s)
07:19:57.256 [main] INFO org.flywaydb.core.internal.schemahistory.JdbcTableSchemaHistory -- Creating Schema History table "PUBLIC"."flyway_schema_history" ...
07:19:57.271 [main] INFO org.flywaydb.core.internal.command.DbMigrate -- Current version of schema "PUBLIC": << Empty Schema >>
07:19:57.274 [main] INFO org.flywaydb.core.internal.command.DbMigrate -- Migrating schema "PUBLIC" to version "1 - example baseline"
07:19:57.282 [main] INFO org.flywaydb.core.internal.command.DbMigrate -- Migrating schema "PUBLIC" to version "2 - requirements baseline"
07:19:57.294 [main] INFO org.flywaydb.core.internal.command.DbMigrate -- Migrating schema "PUBLIC" to version "3 - security audit"
07:19:57.300 [main] INFO org.flywaydb.core.internal.command.DbMigrate -- Successfully applied 3 migrations to schema "PUBLIC", now at version v3 (execution time 00:00.012s)
07:19:57.364 [main] INFO org.flywaydb.core.FlywayExecutor -- Database: jdbc:h2:file:/var/folders/8k/rv4bxj0115g929lrxwybv_r80000gn/T/junit-8296458543209731785/isolated-reference (H2 2.3)
07:19:57.367 [main] INFO org.flywaydb.core.internal.command.DbValidate -- Successfully validated 5 migrations (execution time 00:00.002s)
07:19:57.368 [main] INFO org.flywaydb.core.internal.command.DbMigrate -- Current version of schema "PUBLIC": 3
07:19:57.371 [main] INFO org.flywaydb.core.internal.command.DbMigrate -- Migrating schema "PUBLIC" to version "4 - media and files"
07:19:57.383 [main] INFO org.flywaydb.core.internal.command.DbMigrate -- Migrating schema "PUBLIC" to version "5 - kanban and documents"
07:19:57.388 [main] INFO org.flywaydb.core.internal.command.DbMigrate -- Successfully applied 2 migrations to schema "PUBLIC", now at version v5 (execution time 00:00.013s)
07:19:57.427 [main] INFO org.flywaydb.core.internal.command.DbValidate -- Successfully validated 5 migrations (execution time 00:00.002s)
07:19:57.428 [main] INFO org.flywaydb.core.internal.command.DbMigrate -- Current version of schema "PUBLIC": 5
07:19:57.428 [main] INFO org.flywaydb.core.internal.command.DbMigrate -- Schema "PUBLIC" is up to date. No migration necessary.
[INFO] Tests run: 1, Failures: 0, Errors: 0, Skipped: 0, Time elapsed: 0.463 s -- in dev.scframework.reference.H2PersistenceTest
[INFO] Running dev.scframework.reference.identity.PasswordIntegrationTest
07:19:57.500 [main] INFO org.springframework.test.context.support.AnnotationConfigContextLoaderUtils -- Could not detect default configuration classes for test class [dev.scframework.reference.identity.PasswordIntegrationTest]: PasswordIntegrationTest does not declare any static, non-private, non-final, nested classes annotated with @Configuration.
07:19:57.552 [main] INFO org.springframework.boot.test.context.SpringBootTestContextBootstrapper -- Found @SpringBootConfiguration dev.scframework.reference.ReferenceApplication for test class dev.scframework.reference.identity.PasswordIntegrationTest

  .   ____          _            __ _ _
 /\\ / ___'_ __ _ _(_)_ __  __ _ \ \ \ \
( ( )\___ | '_ | '_| | '_ \/ _` | \ \ \ \
 \\/  ___)| |_)| | | | | || (_| |  ) ) ) )
  '  |____| .__|_| |_|_| |_\__, | / / / /
 =========|_|==============|___/=/_/_/_/

 :: Spring Boot ::               (v3.5.16)

2026-10-07T07:19:57.787+09:00  INFO [requestId:] 54762 --- [sc-reference-app] [           main] [                                                 ] d.s.r.identity.PasswordIntegrationTest   : Starting PasswordIntegrationTest using Java 21.0.11 with PID 54762 (started by dk in /Users/dk/Work/ScFramework/backend/reference-app)
2026-10-07T07:19:57.788+09:00  INFO [requestId:] 54762 --- [sc-reference-app] [           main] [                                                 ] d.s.r.identity.PasswordIntegrationTest   : No active profile set, falling back to 1 default profile: "default"
2026-10-07T07:19:58.194+09:00  INFO [requestId:] 54762 --- [sc-reference-app] [           main] [                                                 ] .s.d.r.c.RepositoryConfigurationDelegate : Bootstrapping Spring Data JPA repositories in DEFAULT mode.
2026-10-07T07:19:58.258+09:00  INFO [requestId:] 54762 --- [sc-reference-app] [           main] [                                                 ] .s.d.r.c.RepositoryConfigurationDelegate : Finished Spring Data repository scanning in 60 ms. Found 18 JPA repository interfaces.
2026-10-07T07:19:58.321+09:00  INFO [requestId:] 54762 --- [sc-reference-app] [           main] [                                                 ] o.s.cloud.context.scope.GenericScope     : BeanFactory id=3e743ba2-ddd6-34c9-a3a8-83543fd54d09
2026-10-07T07:19:58.426+09:00  INFO [requestId:] 54762 --- [sc-reference-app] [           main] [                                                 ] com.zaxxer.hikari.HikariDataSource       : HikariPool-1 - Starting...
2026-10-07T07:19:58.430+09:00  INFO [requestId:] 54762 --- [sc-reference-app] [           main] [                                                 ] com.zaxxer.hikari.pool.HikariPool        : HikariPool-1 - Added connection conn8: url=jdbc:h2:mem:password-sc-password-010-13150224205253110938 user=SA
2026-10-07T07:19:58.430+09:00  INFO [requestId:] 54762 --- [sc-reference-app] [           main] [                                                 ] com.zaxxer.hikari.HikariDataSource       : HikariPool-1 - Start completed.
2026-10-07T07:19:58.434+09:00  INFO [requestId:] 54762 --- [sc-reference-app] [           main] [                                                 ] org.flywaydb.core.FlywayExecutor         : Database: jdbc:h2:mem:password-sc-password-010-13150224205253110938 (H2 2.3)
2026-10-07T07:19:58.437+09:00  INFO [requestId:] 54762 --- [sc-reference-app] [           main] [                                                 ] o.f.c.i.s.JdbcTableSchemaHistory         : Schema history table "PUBLIC"."flyway_schema_history" does not exist yet
2026-10-07T07:19:58.437+09:00  INFO [requestId:] 54762 --- [sc-reference-app] [           main] [                                                 ] o.f.core.internal.command.DbValidate     : Successfully validated 5 migrations (execution time 00:00.001s)
2026-10-07T07:19:58.438+09:00  INFO [requestId:] 54762 --- [sc-reference-app] [           main] [                                                 ] o.f.c.i.s.JdbcTableSchemaHistory         : Creating Schema History table "PUBLIC"."flyway_schema_history" ...
2026-10-07T07:19:58.440+09:00  INFO [requestId:] 54762 --- [sc-reference-app] [           main] [                                                 ] o.f.core.internal.command.DbMigrate      : Current version of schema "PUBLIC": << Empty Schema >>
2026-10-07T07:19:58.441+09:00  INFO [requestId:] 54762 --- [sc-reference-app] [           main] [                                                 ] o.f.core.internal.command.DbMigrate      : Migrating schema "PUBLIC" to version "1 - example baseline"
2026-10-07T07:19:58.444+09:00  INFO [requestId:] 54762 --- [sc-reference-app] [           main] [                                                 ] o.f.core.internal.command.DbMigrate      : Migrating schema "PUBLIC" to version "2 - requirements baseline"
2026-10-07T07:19:58.448+09:00  INFO [requestId:] 54762 --- [sc-reference-app] [           main] [                                                 ] o.f.core.internal.command.DbMigrate      : Migrating schema "PUBLIC" to version "3 - security audit"
2026-10-07T07:19:58.452+09:00  INFO [requestId:] 54762 --- [sc-reference-app] [           main] [                                                 ] o.f.core.internal.command.DbMigrate      : Migrating schema "PUBLIC" to version "4 - media and files"
2026-10-07T07:19:58.458+09:00  INFO [requestId:] 54762 --- [sc-reference-app] [           main] [                                                 ] o.f.core.internal.command.DbMigrate      : Migrating schema "PUBLIC" to version "5 - kanban and documents"
2026-10-07T07:19:58.461+09:00  INFO [requestId:] 54762 --- [sc-reference-app] [           main] [                                                 ] o.f.core.internal.command.DbMigrate      : Successfully applied 5 migrations to schema "PUBLIC", now at version v5 (execution time 00:00.009s)
2026-10-07T07:19:58.494+09:00  INFO [requestId:] 54762 --- [sc-reference-app] [           main] [                                                 ] o.hibernate.jpa.internal.util.LogHelper  : HHH000204: Processing PersistenceUnitInfo [name: default]
2026-10-07T07:19:58.511+09:00  INFO [requestId:] 54762 --- [sc-reference-app] [           main] [                                                 ] org.hibernate.Version                    : HHH000412: Hibernate ORM core version 6.6.53.Final
2026-10-07T07:19:58.521+09:00  INFO [requestId:] 54762 --- [sc-reference-app] [           main] [                                                 ] o.h.c.internal.RegionFactoryInitiator    : HHH000026: Second-level cache disabled
2026-10-07T07:19:58.612+09:00  INFO [requestId:] 54762 --- [sc-reference-app] [           main] [                                                 ] o.s.o.j.p.SpringPersistenceUnitInfo      : No LoadTimeWeaver setup: ignoring JPA class transformer
2026-10-07T07:19:58.634+09:00  INFO [requestId:] 54762 --- [sc-reference-app] [           main] [                                                 ] org.hibernate.orm.connections.pooling    : HHH10001005: Database info:
	Database JDBC URL [Connecting through datasource 'HikariDataSource (HikariPool-1)']
	Database driver: undefined/unknown
	Database version: 2.3.232
	Autocommit mode: undefined/unknown
	Isolation level: undefined/unknown
	Minimum pool size: undefined/unknown
	Maximum pool size: undefined/unknown
2026-10-07T07:19:58.997+09:00  INFO [requestId:] 54762 --- [sc-reference-app] [           main] [                                                 ] o.h.e.t.j.p.i.JtaPlatformInitiator       : HHH000489: No JTA platform available (set 'hibernate.transaction.jta.platform' to enable JTA platform integration)
2026-10-07T07:19:59.011+09:00  INFO [requestId:] 54762 --- [sc-reference-app] [           main] [                                                 ] j.LocalContainerEntityManagerFactoryBean : Initialized JPA EntityManagerFactory for persistence unit 'default'
2026-10-07T07:19:59.097+09:00  INFO [requestId:] 54762 --- [sc-reference-app] [           main] [                                                 ] o.s.d.j.r.query.QueryEnhancerFactory     : Hibernate is in classpath; If applicable, HQL parser will be used.
2026-10-07T07:19:59.702+09:00  INFO [requestId:] 54762 --- [sc-reference-app] [           main] [                                                 ] o.s.b.a.w.s.WelcomePageHandlerMapping    : Adding welcome page: class path resource [static/index.html]
2026-10-07T07:19:59.802+09:00  INFO [requestId:] 54762 --- [sc-reference-app] [           main] [                                                 ] r$InitializeUserDetailsManagerConfigurer : Global AuthenticationManager configured with UserDetailsService bean with name referenceUsers
2026-10-07T07:19:59.859+09:00  INFO [requestId:] 54762 --- [sc-reference-app] [           main] [                                                 ] o.s.b.a.e.web.EndpointLinksResolver      : Exposing 1 endpoint beneath base path '/actuator'
2026-10-07T07:19:59.953+09:00  INFO [requestId:] 54762 --- [sc-reference-app] [           main] [                                                 ] o.s.b.t.m.w.SpringBootMockServletContext : Initializing Spring TestDispatcherServlet ''
2026-10-07T07:19:59.953+09:00  INFO [requestId:] 54762 --- [sc-reference-app] [           main] [                                                 ] o.s.t.web.servlet.TestDispatcherServlet  : Initializing Servlet ''
2026-10-07T07:19:59.954+09:00  INFO [requestId:] 54762 --- [sc-reference-app] [           main] [                                                 ] o.s.t.web.servlet.TestDispatcherServlet  : Completed initialization in 0 ms
2026-10-07T07:19:59.992+09:00  INFO [requestId:] 54762 --- [sc-reference-app] [           main] [                                                 ] d.s.r.identity.PasswordIntegrationTest   : Started PasswordIntegrationTest in 2.343 seconds (process running for 3.248)
Mockito is currently self-attaching to enable the inline-mock-maker. This will no longer work in future releases of the JDK. Please add Mockito as an agent to your build as described in Mockito's documentation: https://javadoc.io/doc/org.mockito/mockito-core/latest/org.mockito/org/mockito/Mockito.html#0.3
WARNING: A Java agent has been loaded dynamically (/Users/dk/.m2/repository/net/bytebuddy/byte-buddy-agent/1.17.8/byte-buddy-agent-1.17.8.jar)
WARNING: If a serviceability tool is in use, please run with -XX:+EnableDynamicAgentLoading to hide this warning
WARNING: If a serviceability tool is not in use, please run with -Djdk.instrument.traceUsage for more information
WARNING: Dynamic loading of agents will be disallowed by default in a future release
OpenJDK 64-Bit Server VM warning: Sharing is only supported for boot loader classes because bootstrap classpath has been appended
2026-10-07T07:20:01.654+09:00  INFO [requestId:] 54762 --- [sc-reference-app] [           main] [                                                 ] j.LocalContainerEntityManagerFactoryBean : Closing JPA EntityManagerFactory for persistence unit 'default'
2026-10-07T07:20:01.655+09:00  INFO [requestId:] 54762 --- [sc-reference-app] [           main] [                                                 ] com.zaxxer.hikari.HikariDataSource       : HikariPool-1 - Shutdown initiated...
2026-10-07T07:20:01.656+09:00  INFO [requestId:] 54762 --- [sc-reference-app] [           main] [                                                 ] com.zaxxer.hikari.HikariDataSource       : HikariPool-1 - Shutdown completed.
[INFO] Tests run: 3, Failures: 0, Errors: 0, Skipped: 0, Time elapsed: 4.184 s -- in dev.scframework.reference.identity.PasswordIntegrationTest
[INFO] Running dev.scframework.reference.requirements.RequirementIntegrationTest
2026-10-07T07:20:01.666+09:00  INFO [requestId:] 54762 --- [sc-reference-app] [           main] [                                                 ] .b.t.c.SpringBootTestContextBootstrapper : Found @SpringBootConfiguration dev.scframework.reference.ReferenceApplication for test class dev.scframework.reference.requirements.RequirementIntegrationTest

  .   ____          _            __ _ _
 /\\ / ___'_ __ _ _(_)_ __  __ _ \ \ \ \
( ( )\___ | '_ | '_| | '_ \/ _` | \ \ \ \
 \\/  ___)| |_)| | | | | || (_| |  ) ) ) )
  '  |____| .__|_| |_|_| |_\__, | / / / /
 =========|_|==============|___/=/_/_/_/

 :: Spring Boot ::               (v3.5.16)

2026-10-07T07:20:01.684+09:00  INFO [requestId:] 54762 --- [sc-reference-app] [           main] [                                                 ] d.s.r.r.RequirementIntegrationTest       : Starting RequirementIntegrationTest using Java 21.0.11 with PID 54762 (started by dk in /Users/dk/Work/ScFramework/backend/reference-app)
2026-10-07T07:20:01.684+09:00  INFO [requestId:] 54762 --- [sc-reference-app] [           main] [                                                 ] d.s.r.r.RequirementIntegrationTest       : No active profile set, falling back to 1 default profile: "default"
2026-10-07T07:20:01.780+09:00  INFO [requestId:] 54762 --- [sc-reference-app] [           main] [                                                 ] .s.d.r.c.RepositoryConfigurationDelegate : Bootstrapping Spring Data JPA repositories in DEFAULT mode.
2026-10-07T07:20:01.790+09:00  INFO [requestId:] 54762 --- [sc-reference-app] [           main] [                                                 ] .s.d.r.c.RepositoryConfigurationDelegate : Finished Spring Data repository scanning in 8 ms. Found 18 JPA repository interfaces.
2026-10-07T07:20:01.807+09:00  INFO [requestId:] 54762 --- [sc-reference-app] [           main] [                                                 ] o.s.cloud.context.scope.GenericScope     : BeanFactory id=7ef6838e-eb64-3c2b-9ffd-f65f8b3ccf99
2026-10-07T07:20:01.825+09:00  INFO [requestId:] 54762 --- [sc-reference-app] [           main] [                                                 ] com.zaxxer.hikari.HikariDataSource       : HikariPool-2 - Starting...
2026-10-07T07:20:01.826+09:00  INFO [requestId:] 54762 --- [sc-reference-app] [           main] [                                                 ] com.zaxxer.hikari.pool.HikariPool        : HikariPool-2 - Added connection conn13: url=jdbc:h2:mem:requirements-sc-requirements-007-16045923616564723030 user=SA
2026-10-07T07:20:01.826+09:00  INFO [requestId:] 54762 --- [sc-reference-app] [           main] [                                                 ] com.zaxxer.hikari.HikariDataSource       : HikariPool-2 - Start completed.
2026-10-07T07:20:01.827+09:00  INFO [requestId:] 54762 --- [sc-reference-app] [           main] [                                                 ] org.flywaydb.core.FlywayExecutor         : Database: jdbc:h2:mem:requirements-sc-requirements-007-16045923616564723030 (H2 2.3)
2026-10-07T07:20:01.828+09:00  INFO [requestId:] 54762 --- [sc-reference-app] [           main] [                                                 ] o.f.c.i.s.JdbcTableSchemaHistory         : Schema history table "PUBLIC"."flyway_schema_history" does not exist yet
2026-10-07T07:20:01.828+09:00  INFO [requestId:] 54762 --- [sc-reference-app] [           main] [                                                 ] o.f.core.internal.command.DbValidate     : Successfully validated 5 migrations (execution time 00:00.000s)
2026-10-07T07:20:01.829+09:00  INFO [requestId:] 54762 --- [sc-reference-app] [           main] [                                                 ] o.f.c.i.s.JdbcTableSchemaHistory         : Creating Schema History table "PUBLIC"."flyway_schema_history" ...
2026-10-07T07:20:01.830+09:00  INFO [requestId:] 54762 --- [sc-reference-app] [           main] [                                                 ] o.f.core.internal.command.DbMigrate      : Current version of schema "PUBLIC": << Empty Schema >>
2026-10-07T07:20:01.831+09:00  INFO [requestId:] 54762 --- [sc-reference-app] [           main] [                                                 ] o.f.core.internal.command.DbMigrate      : Migrating schema "PUBLIC" to version "1 - example baseline"
2026-10-07T07:20:01.833+09:00  INFO [requestId:] 54762 --- [sc-reference-app] [           main] [                                                 ] o.f.core.internal.command.DbMigrate      : Migrating schema "PUBLIC" to version "2 - requirements baseline"
2026-10-07T07:20:01.835+09:00  INFO [requestId:] 54762 --- [sc-reference-app] [           main] [                                                 ] o.f.core.internal.command.DbMigrate      : Migrating schema "PUBLIC" to version "3 - security audit"
2026-10-07T07:20:01.838+09:00  INFO [requestId:] 54762 --- [sc-reference-app] [           main] [                                                 ] o.f.core.internal.command.DbMigrate      : Migrating schema "PUBLIC" to version "4 - media and files"
2026-10-07T07:20:01.842+09:00  INFO [requestId:] 54762 --- [sc-reference-app] [           main] [                                                 ] o.f.core.internal.command.DbMigrate      : Migrating schema "PUBLIC" to version "5 - kanban and documents"
2026-10-07T07:20:01.844+09:00  INFO [requestId:] 54762 --- [sc-reference-app] [           main] [                                                 ] o.f.core.internal.command.DbMigrate      : Successfully applied 5 migrations to schema "PUBLIC", now at version v5 (execution time 00:00.006s)
2026-10-07T07:20:01.850+09:00  INFO [requestId:] 54762 --- [sc-reference-app] [           main] [                                                 ] o.hibernate.jpa.internal.util.LogHelper  : HHH000204: Processing PersistenceUnitInfo [name: default]
2026-10-07T07:20:01.851+09:00  INFO [requestId:] 54762 --- [sc-reference-app] [           main] [                                                 ] o.h.c.internal.RegionFactoryInitiator    : HHH000026: Second-level cache disabled
2026-10-07T07:20:01.853+09:00  INFO [requestId:] 54762 --- [sc-reference-app] [           main] [                                                 ] o.s.o.j.p.SpringPersistenceUnitInfo      : No LoadTimeWeaver setup: ignoring JPA class transformer
2026-10-07T07:20:01.853+09:00  INFO [requestId:] 54762 --- [sc-reference-app] [           main] [                                                 ] org.hibernate.orm.connections.pooling    : HHH10001005: Database info:
	Database JDBC URL [Connecting through datasource 'HikariDataSource (HikariPool-2)']
	Database driver: undefined/unknown
	Database version: 2.3.232
	Autocommit mode: undefined/unknown
	Isolation level: undefined/unknown
	Minimum pool size: undefined/unknown
	Maximum pool size: undefined/unknown
2026-10-07T07:20:01.892+09:00  INFO [requestId:] 54762 --- [sc-reference-app] [           main] [                                                 ] o.h.e.t.j.p.i.JtaPlatformInitiator       : HHH000489: No JTA platform available (set 'hibernate.transaction.jta.platform' to enable JTA platform integration)
2026-10-07T07:20:01.893+09:00  INFO [requestId:] 54762 --- [sc-reference-app] [           main] [                                                 ] j.LocalContainerEntityManagerFactoryBean : Initialized JPA EntityManagerFactory for persistence unit 'default'
2026-10-07T07:20:01.986+09:00  INFO [requestId:] 54762 --- [sc-reference-app] [           main] [                                                 ] o.s.b.a.w.s.WelcomePageHandlerMapping    : Adding welcome page: class path resource [static/index.html]
2026-10-07T07:20:02.008+09:00  INFO [requestId:] 54762 --- [sc-reference-app] [           main] [                                                 ] r$InitializeUserDetailsManagerConfigurer : Global AuthenticationManager configured with UserDetailsService bean with name referenceUsers
2026-10-07T07:20:02.019+09:00  INFO [requestId:] 54762 --- [sc-reference-app] [           main] [                                                 ] o.s.b.a.e.web.EndpointLinksResolver      : Exposing 1 endpoint beneath base path '/actuator'
2026-10-07T07:20:02.034+09:00  INFO [requestId:] 54762 --- [sc-reference-app] [           main] [                                                 ] o.s.b.t.m.w.SpringBootMockServletContext : Initializing Spring TestDispatcherServlet ''
2026-10-07T07:20:02.035+09:00  INFO [requestId:] 54762 --- [sc-reference-app] [           main] [                                                 ] o.s.t.web.servlet.TestDispatcherServlet  : Initializing Servlet ''
2026-10-07T07:20:02.035+09:00  INFO [requestId:] 54762 --- [sc-reference-app] [           main] [                                                 ] o.s.t.web.servlet.TestDispatcherServlet  : Completed initialization in 0 ms
2026-10-07T07:20:02.047+09:00  INFO [requestId:] 54762 --- [sc-reference-app] [           main] [                                                 ] d.s.r.r.RequirementIntegrationTest       : Started RequirementIntegrationTest in 0.378 seconds (process running for 5.303)
2026-10-07T07:20:02.708+09:00  WARN [requestId:aa1ff07f-d2d1-457a-a809-4f9c9e4313b8] 54762 --- [sc-reference-app] [           main] [                                                 ] o.h.engine.jdbc.spi.SqlExceptionHelper   : SQL Error: 23513, SQLState: 23513
2026-10-07T07:20:02.708+09:00 ERROR [requestId:aa1ff07f-d2d1-457a-a809-4f9c9e4313b8] 54762 --- [sc-reference-app] [           main] [                                                 ] o.h.engine.jdbc.spi.SqlExceptionHelper   : Check constraint violation: "SYNTHETIC_REVIEW_FAILURE: "; SQL statement:
insert into requirement_history (action,actor_id,after_json,before_json,created_at,requirement_id,id) values (?,?,?,?,?,?,default) [23513-232]
2026-10-07T07:20:03.209+09:00  WARN [requestId:ff0bbce8-0f3b-4202-8472-dc0c6668cf32] 54762 --- [sc-reference-app] [           main] [                                                 ] o.h.engine.jdbc.spi.SqlExceptionHelper   : SQL Error: 23513, SQLState: 23513
2026-10-07T07:20:03.209+09:00 ERROR [requestId:ff0bbce8-0f3b-4202-8472-dc0c6668cf32] 54762 --- [sc-reference-app] [           main] [                                                 ] o.h.engine.jdbc.spi.SqlExceptionHelper   : Check constraint violation: "SYNTHETIC_HISTORY_FAILURE: "; SQL statement:
insert into requirement_history (action,actor_id,after_json,before_json,created_at,requirement_id,id) values (?,?,?,?,?,?,default) [23513-232]
2026-10-07T07:20:05.693+09:00  WARN [requestId:85d729b4-2c4f-4ef6-b725-28273207b575] 54762 --- [sc-reference-app] [           main] [                                                 ] o.h.engine.jdbc.spi.SqlExceptionHelper   : SQL Error: 23505, SQLState: 23505
2026-10-07T07:20:05.694+09:00 ERROR [requestId:85d729b4-2c4f-4ef6-b725-28273207b575] 54762 --- [sc-reference-app] [           main] [                                                 ] o.h.engine.jdbc.spi.SqlExceptionHelper   : Unique index or primary key violation: "PUBLIC.CONSTRAINT_INDEX_E ON PUBLIC.REFERENCE_USER(USERNAME NULLS FIRST) VALUES ( /* 20 */ 'alice' )"; SQL statement:
insert into reference_user (created_at,display_name,password_hash,role,username,id) values (?,?,?,?,?,default) [23505-232]
[INFO] Tests run: 22, Failures: 0, Errors: 0, Skipped: 0, Time elapsed: 10.88 s -- in dev.scframework.reference.requirements.RequirementIntegrationTest
[INFO] Running dev.scframework.reference.requirements.RequirementPersistenceTest
2026-10-07T07:20:12.541+09:00  INFO [requestId:] 54762 --- [sc-reference-app] [           main] [                                                 ] org.flywaydb.core.FlywayExecutor         : Database: jdbc:h2:file:/var/folders/8k/rv4bxj0115g929lrxwybv_r80000gn/T/junit-8876466321481931006/upgrade (H2 2.3)
2026-10-07T07:20:12.543+09:00  INFO [requestId:] 54762 --- [sc-reference-app] [           main] [                                                 ] o.f.c.i.s.JdbcTableSchemaHistory         : Schema history table "PUBLIC"."flyway_schema_history" does not exist yet
2026-10-07T07:20:12.543+09:00  INFO [requestId:] 54762 --- [sc-reference-app] [           main] [                                                 ] o.f.core.internal.command.DbValidate     : Successfully validated 5 migrations (execution time 00:00.001s)
2026-10-07T07:20:12.543+09:00  INFO [requestId:] 54762 --- [sc-reference-app] [           main] [                                                 ] o.f.c.i.s.JdbcTableSchemaHistory         : Creating Schema History table "PUBLIC"."flyway_schema_history" ...
2026-10-07T07:20:12.545+09:00  INFO [requestId:] 54762 --- [sc-reference-app] [           main] [                                                 ] o.f.core.internal.command.DbMigrate      : Current version of schema "PUBLIC": << Empty Schema >>
2026-10-07T07:20:12.545+09:00  INFO [requestId:] 54762 --- [sc-reference-app] [           main] [                                                 ] o.f.core.internal.command.DbMigrate      : Migrating schema "PUBLIC" to version "1 - example baseline"
2026-10-07T07:20:12.546+09:00  INFO [requestId:] 54762 --- [sc-reference-app] [           main] [                                                 ] o.f.core.internal.command.DbMigrate      : Successfully applied 1 migration to schema "PUBLIC", now at version v1 (execution time 00:00.000s)
2026-10-07T07:20:12.575+09:00  INFO [requestId:] 54762 --- [sc-reference-app] [           main] [                                                 ] org.flywaydb.core.FlywayExecutor         : Database: jdbc:h2:file:/var/folders/8k/rv4bxj0115g929lrxwybv_r80000gn/T/junit-8876466321481931006/upgrade (H2 2.3)
2026-10-07T07:20:12.576+09:00  INFO [requestId:] 54762 --- [sc-reference-app] [           main] [                                                 ] o.f.core.internal.command.DbValidate     : Successfully validated 5 migrations (execution time 00:00.000s)
2026-10-07T07:20:12.577+09:00  INFO [requestId:] 54762 --- [sc-reference-app] [           main] [                                                 ] o.f.core.internal.command.DbMigrate      : Current version of schema "PUBLIC": 1
2026-10-07T07:20:12.577+09:00  INFO [requestId:] 54762 --- [sc-reference-app] [           main] [                                                 ] o.f.core.internal.command.DbMigrate      : Migrating schema "PUBLIC" to version "2 - requirements baseline"
2026-10-07T07:20:12.580+09:00  INFO [requestId:] 54762 --- [sc-reference-app] [           main] [                                                 ] o.f.core.internal.command.DbMigrate      : Migrating schema "PUBLIC" to version "3 - security audit"
2026-10-07T07:20:12.580+09:00  INFO [requestId:] 54762 --- [sc-reference-app] [           main] [                                                 ] o.f.core.internal.command.DbMigrate      : Successfully applied 2 migrations to schema "PUBLIC", now at version v3 (execution time 00:00.001s)
2026-10-07T07:20:12.595+09:00  INFO [requestId:] 54762 --- [sc-reference-app] [           main] [                                                 ] org.flywaydb.core.FlywayExecutor         : Database: jdbc:h2:file:/var/folders/8k/rv4bxj0115g929lrxwybv_r80000gn/T/junit-8876466321481931006/upgrade (H2 2.3)
2026-10-07T07:20:12.598+09:00  INFO [requestId:] 54762 --- [sc-reference-app] [           main] [                                                 ] o.f.core.internal.command.DbValidate     : Successfully validated 5 migrations (execution time 00:00.000s)
2026-10-07T07:20:12.598+09:00  INFO [requestId:] 54762 --- [sc-reference-app] [           main] [                                                 ] o.f.core.internal.command.DbMigrate      : Current version of schema "PUBLIC": 3
2026-10-07T07:20:12.599+09:00  INFO [requestId:] 54762 --- [sc-reference-app] [           main] [                                                 ] o.f.core.internal.command.DbMigrate      : Migrating schema "PUBLIC" to version "4 - media and files"
2026-10-07T07:20:12.602+09:00  INFO [requestId:] 54762 --- [sc-reference-app] [           main] [                                                 ] o.f.core.internal.command.DbMigrate      : Migrating schema "PUBLIC" to version "5 - kanban and documents"
2026-10-07T07:20:12.604+09:00  INFO [requestId:] 54762 --- [sc-reference-app] [           main] [                                                 ] o.f.core.internal.command.DbMigrate      : Successfully applied 2 migrations to schema "PUBLIC", now at version v5 (execution time 00:00.003s)
2026-10-07T07:20:12.654+09:00  INFO [requestId:] 54762 --- [sc-reference-app] [           main] [                                                 ] org.flywaydb.core.FlywayExecutor         : Database: jdbc:h2:file:/var/folders/8k/rv4bxj0115g929lrxwybv_r80000gn/T/junit-8876466321481931006/upgrade (H2 2.3)
2026-10-07T07:20:12.656+09:00  INFO [requestId:] 54762 --- [sc-reference-app] [           main] [                                                 ] o.f.core.internal.command.DbValidate     : Successfully validated 5 migrations (execution time 00:00.001s)
2026-10-07T07:20:12.656+09:00  INFO [requestId:] 54762 --- [sc-reference-app] [           main] [                                                 ] o.f.core.internal.command.DbMigrate      : Current version of schema "PUBLIC": 5
2026-10-07T07:20:12.656+09:00  INFO [requestId:] 54762 --- [sc-reference-app] [           main] [                                                 ] o.f.core.internal.command.DbMigrate      : Schema "PUBLIC" is up to date. No migration necessary.
2026-10-07T07:20:12.685+09:00  INFO [requestId:] 54762 --- [sc-reference-app] [           main] [                                                 ] org.flywaydb.core.FlywayExecutor         : Database: jdbc:h2:file:/var/folders/8k/rv4bxj0115g929lrxwybv_r80000gn/T/junit-6179622497616398324/constraints (H2 2.3)
2026-10-07T07:20:12.686+09:00  INFO [requestId:] 54762 --- [sc-reference-app] [           main] [                                                 ] o.f.c.i.s.JdbcTableSchemaHistory         : Schema history table "PUBLIC"."flyway_schema_history" does not exist yet
2026-10-07T07:20:12.686+09:00  INFO [requestId:] 54762 --- [sc-reference-app] [           main] [                                                 ] o.f.core.internal.command.DbValidate     : Successfully validated 5 migrations (execution time 00:00.000s)
2026-10-07T07:20:12.687+09:00  INFO [requestId:] 54762 --- [sc-reference-app] [           main] [                                                 ] o.f.c.i.s.JdbcTableSchemaHistory         : Creating Schema History table "PUBLIC"."flyway_schema_history" ...
2026-10-07T07:20:12.688+09:00  INFO [requestId:] 54762 --- [sc-reference-app] [           main] [                                                 ] o.f.core.internal.command.DbMigrate      : Current version of schema "PUBLIC": << Empty Schema >>
2026-10-07T07:20:12.688+09:00  INFO [requestId:] 54762 --- [sc-reference-app] [           main] [                                                 ] o.f.core.internal.command.DbMigrate      : Migrating schema "PUBLIC" to version "1 - example baseline"
2026-10-07T07:20:12.689+09:00  INFO [requestId:] 54762 --- [sc-reference-app] [           main] [                                                 ] o.f.core.internal.command.DbMigrate      : Migrating schema "PUBLIC" to version "2 - requirements baseline"
2026-10-07T07:20:12.691+09:00  INFO [requestId:] 54762 --- [sc-reference-app] [           main] [                                                 ] o.f.core.internal.command.DbMigrate      : Migrating schema "PUBLIC" to version "3 - security audit"
2026-10-07T07:20:12.693+09:00  INFO [requestId:] 54762 --- [sc-reference-app] [           main] [                                                 ] o.f.core.internal.command.DbMigrate      : Migrating schema "PUBLIC" to version "4 - media and files"
2026-10-07T07:20:12.695+09:00  INFO [requestId:] 54762 --- [sc-reference-app] [           main] [                                                 ] o.f.core.internal.command.DbMigrate      : Migrating schema "PUBLIC" to version "5 - kanban and documents"
2026-10-07T07:20:12.696+09:00  INFO [requestId:] 54762 --- [sc-reference-app] [           main] [                                                 ] o.f.core.internal.command.DbMigrate      : Successfully applied 5 migrations to schema "PUBLIC", now at version v5 (execution time 00:00.002s)
[INFO] Tests run: 2, Failures: 0, Errors: 0, Skipped: 0, Time elapsed: 0.177 s -- in dev.scframework.reference.requirements.RequirementPersistenceTest
[INFO] Running dev.scframework.reference.requirements.RequirementMixedPersistenceTest
2026-10-07T07:20:12.715+09:00  INFO [requestId:] 54762 --- [sc-reference-app] [           main] [                                                 ] .b.t.c.SpringBootTestContextBootstrapper : Found @SpringBootConfiguration dev.scframework.reference.ReferenceApplication for test class dev.scframework.reference.requirements.RequirementMixedPersistenceTest

  .   ____          _            __ _ _
 /\\ / ___'_ __ _ _(_)_ __  __ _ \ \ \ \
( ( )\___ | '_ | '_| | '_ \/ _` | \ \ \ \
 \\/  ___)| |_)| | | | | || (_| |  ) ) ) )
  '  |____| .__|_| |_|_| |_\__, | / / / /
 =========|_|==============|___/=/_/_/_/

 :: Spring Boot ::               (v3.5.16)

2026-10-07T07:20:12.730+09:00  INFO [requestId:] 54762 --- [sc-reference-app] [           main] [                                                 ] d.s.r.r.RequirementMixedPersistenceTest  : Starting RequirementMixedPersistenceTest using Java 21.0.11 with PID 54762 (started by dk in /Users/dk/Work/ScFramework/backend/reference-app)
2026-10-07T07:20:12.730+09:00  INFO [requestId:] 54762 --- [sc-reference-app] [           main] [                                                 ] d.s.r.r.RequirementMixedPersistenceTest  : No active profile set, falling back to 1 default profile: "default"
2026-10-07T07:20:12.814+09:00  INFO [requestId:] 54762 --- [sc-reference-app] [           main] [                                                 ] .s.d.r.c.RepositoryConfigurationDelegate : Bootstrapping Spring Data JPA repositories in DEFAULT mode.
2026-10-07T07:20:12.822+09:00  INFO [requestId:] 54762 --- [sc-reference-app] [           main] [                                                 ] .s.d.r.c.RepositoryConfigurationDelegate : Finished Spring Data repository scanning in 7 ms. Found 18 JPA repository interfaces.
2026-10-07T07:20:12.834+09:00  INFO [requestId:] 54762 --- [sc-reference-app] [           main] [                                                 ] o.s.cloud.context.scope.GenericScope     : BeanFactory id=773b8f7f-a86c-38a6-be66-581c70b2aabd
2026-10-07T07:20:12.849+09:00  INFO [requestId:] 54762 --- [sc-reference-app] [           main] [                                                 ] com.zaxxer.hikari.HikariDataSource       : HikariPool-3 - Starting...
2026-10-07T07:20:12.850+09:00  INFO [requestId:] 54762 --- [sc-reference-app] [           main] [                                                 ] com.zaxxer.hikari.pool.HikariPool        : HikariPool-3 - Added connection conn32: url=jdbc:h2:mem:mixed-sc-mixed-008-3255289463204398341 user=SA
2026-10-07T07:20:12.850+09:00  INFO [requestId:] 54762 --- [sc-reference-app] [           main] [                                                 ] com.zaxxer.hikari.HikariDataSource       : HikariPool-3 - Start completed.
2026-10-07T07:20:12.851+09:00  INFO [requestId:] 54762 --- [sc-reference-app] [           main] [                                                 ] org.flywaydb.core.FlywayExecutor         : Database: jdbc:h2:mem:mixed-sc-mixed-008-3255289463204398341 (H2 2.3)
2026-10-07T07:20:12.852+09:00  INFO [requestId:] 54762 --- [sc-reference-app] [           main] [                                                 ] o.f.c.i.s.JdbcTableSchemaHistory         : Schema history table "PUBLIC"."flyway_schema_history" does not exist yet
2026-10-07T07:20:12.852+09:00  INFO [requestId:] 54762 --- [sc-reference-app] [           main] [                                                 ] o.f.core.internal.command.DbValidate     : Successfully validated 5 migrations (execution time 00:00.000s)
2026-10-07T07:20:12.852+09:00  INFO [requestId:] 54762 --- [sc-reference-app] [           main] [                                                 ] o.f.c.i.s.JdbcTableSchemaHistory         : Creating Schema History table "PUBLIC"."flyway_schema_history" ...
2026-10-07T07:20:12.853+09:00  INFO [requestId:] 54762 --- [sc-reference-app] [           main] [                                                 ] o.f.core.internal.command.DbMigrate      : Current version of schema "PUBLIC": << Empty Schema >>
2026-10-07T07:20:12.854+09:00  INFO [requestId:] 54762 --- [sc-reference-app] [           main] [                                                 ] o.f.core.internal.command.DbMigrate      : Migrating schema "PUBLIC" to version "1 - example baseline"
2026-10-07T07:20:12.855+09:00  INFO [requestId:] 54762 --- [sc-reference-app] [           main] [                                                 ] o.f.core.internal.command.DbMigrate      : Migrating schema "PUBLIC" to version "2 - requirements baseline"
2026-10-07T07:20:12.856+09:00  INFO [requestId:] 54762 --- [sc-reference-app] [           main] [                                                 ] o.f.core.internal.command.DbMigrate      : Migrating schema "PUBLIC" to version "3 - security audit"
2026-10-07T07:20:12.858+09:00  INFO [requestId:] 54762 --- [sc-reference-app] [           main] [                                                 ] o.f.core.internal.command.DbMigrate      : Migrating schema "PUBLIC" to version "4 - media and files"
2026-10-07T07:20:12.861+09:00  INFO [requestId:] 54762 --- [sc-reference-app] [           main] [                                                 ] o.f.core.internal.command.DbMigrate      : Migrating schema "PUBLIC" to version "5 - kanban and documents"
2026-10-07T07:20:12.862+09:00  INFO [requestId:] 54762 --- [sc-reference-app] [           main] [                                                 ] o.f.core.internal.command.DbMigrate      : Successfully applied 5 migrations to schema "PUBLIC", now at version v5 (execution time 00:00.001s)
2026-10-07T07:20:12.868+09:00  INFO [requestId:] 54762 --- [sc-reference-app] [           main] [                                                 ] o.hibernate.jpa.internal.util.LogHelper  : HHH000204: Processing PersistenceUnitInfo [name: default]
2026-10-07T07:20:12.868+09:00  INFO [requestId:] 54762 --- [sc-reference-app] [           main] [                                                 ] o.h.c.internal.RegionFactoryInitiator    : HHH000026: Second-level cache disabled
2026-10-07T07:20:12.871+09:00  INFO [requestId:] 54762 --- [sc-reference-app] [           main] [                                                 ] o.s.o.j.p.SpringPersistenceUnitInfo      : No LoadTimeWeaver setup: ignoring JPA class transformer
2026-10-07T07:20:12.871+09:00  INFO [requestId:] 54762 --- [sc-reference-app] [           main] [                                                 ] org.hibernate.orm.connections.pooling    : HHH10001005: Database info:
	Database JDBC URL [Connecting through datasource 'HikariDataSource (HikariPool-3)']
	Database driver: undefined/unknown
	Database version: 2.3.232
	Autocommit mode: undefined/unknown
	Isolation level: undefined/unknown
	Minimum pool size: undefined/unknown
	Maximum pool size: undefined/unknown
2026-10-07T07:20:12.902+09:00  INFO [requestId:] 54762 --- [sc-reference-app] [           main] [                                                 ] o.h.e.t.j.p.i.JtaPlatformInitiator       : HHH000489: No JTA platform available (set 'hibernate.transaction.jta.platform' to enable JTA platform integration)
2026-10-07T07:20:12.903+09:00  INFO [requestId:] 54762 --- [sc-reference-app] [           main] [                                                 ] j.LocalContainerEntityManagerFactoryBean : Initialized JPA EntityManagerFactory for persistence unit 'default'
2026-10-07T07:20:12.993+09:00  INFO [requestId:] 54762 --- [sc-reference-app] [           main] [                                                 ] o.s.b.a.w.s.WelcomePageHandlerMapping    : Adding welcome page: class path resource [static/index.html]
2026-10-07T07:20:13.012+09:00  INFO [requestId:] 54762 --- [sc-reference-app] [           main] [                                                 ] r$InitializeUserDetailsManagerConfigurer : Global AuthenticationManager configured with UserDetailsService bean with name referenceUsers
2026-10-07T07:20:13.023+09:00  INFO [requestId:] 54762 --- [sc-reference-app] [           main] [                                                 ] o.s.b.a.e.web.EndpointLinksResolver      : Exposing 1 endpoint beneath base path '/actuator'
2026-10-07T07:20:13.052+09:00  INFO [requestId:] 54762 --- [sc-reference-app] [           main] [                                                 ] d.s.r.r.RequirementMixedPersistenceTest  : Started RequirementMixedPersistenceTest in 0.336 seconds (process running for 16.309)
2026-10-07T07:20:13.164+09:00  INFO [requestId:] 54762 --- [sc-reference-app] [           main] [                                                 ] j.LocalContainerEntityManagerFactoryBean : Closing JPA EntityManagerFactory for persistence unit 'default'
2026-10-07T07:20:13.164+09:00  INFO [requestId:] 54762 --- [sc-reference-app] [           main] [                                                 ] com.zaxxer.hikari.HikariDataSource       : HikariPool-3 - Shutdown initiated...
2026-10-07T07:20:13.164+09:00  INFO [requestId:] 54762 --- [sc-reference-app] [           main] [                                                 ] com.zaxxer.hikari.HikariDataSource       : HikariPool-3 - Shutdown completed.
[INFO] Tests run: 4, Failures: 0, Errors: 0, Skipped: 0, Time elapsed: 0.450 s -- in dev.scframework.reference.requirements.RequirementMixedPersistenceTest
[INFO] Running dev.scframework.reference.requirements.RequirementReadMapperTest
[INFO] Tests run: 5, Failures: 0, Errors: 0, Skipped: 0, Time elapsed: 0.007 s -- in dev.scframework.reference.requirements.RequirementReadMapperTest
[INFO] Running dev.scframework.reference.operations.BrowserErrorsIntegrationTest
2026-10-07T07:20:13.173+09:00  INFO [requestId:] 54762 --- [sc-reference-app] [           main] [                                                 ] t.c.s.AnnotationConfigContextLoaderUtils : Could not detect default configuration classes for test class [dev.scframework.reference.operations.BrowserErrorsIntegrationTest]: BrowserErrorsIntegrationTest does not declare any static, non-private, non-final, nested classes annotated with @Configuration.
2026-10-07T07:20:13.177+09:00  INFO [requestId:] 54762 --- [sc-reference-app] [           main] [                                                 ] .b.t.c.SpringBootTestContextBootstrapper : Found @SpringBootConfiguration dev.scframework.reference.ReferenceApplication for test class dev.scframework.reference.operations.BrowserErrorsIntegrationTest

  .   ____          _            __ _ _
 /\\ / ___'_ __ _ _(_)_ __  __ _ \ \ \ \
( ( )\___ | '_ | '_| | '_ \/ _` | \ \ \ \
 \\/  ___)| |_)| | | | | || (_| |  ) ) ) )
  '  |____| .__|_| |_|_| |_\__, | / / / /
 =========|_|==============|___/=/_/_/_/

 :: Spring Boot ::               (v3.5.16)

2026-10-07T07:20:13.192+09:00  INFO [requestId:] 54762 --- [sc-reference-app] [           main] [                                                 ] d.s.r.o.BrowserErrorsIntegrationTest     : Starting BrowserErrorsIntegrationTest using Java 21.0.11 with PID 54762 (started by dk in /Users/dk/Work/ScFramework/backend/reference-app)
2026-10-07T07:20:13.192+09:00  INFO [requestId:] 54762 --- [sc-reference-app] [           main] [                                                 ] d.s.r.o.BrowserErrorsIntegrationTest     : The following 1 profile is active: "dev"
2026-10-07T07:20:13.318+09:00  INFO [requestId:] 54762 --- [sc-reference-app] [           main] [                                                 ] .s.d.r.c.RepositoryConfigurationDelegate : Bootstrapping Spring Data JPA repositories in DEFAULT mode.
2026-10-07T07:20:13.327+09:00  INFO [requestId:] 54762 --- [sc-reference-app] [           main] [                                                 ] .s.d.r.c.RepositoryConfigurationDelegate : Finished Spring Data repository scanning in 8 ms. Found 18 JPA repository interfaces.
2026-10-07T07:20:13.347+09:00  INFO [requestId:] 54762 --- [sc-reference-app] [           main] [                                                 ] o.s.cloud.context.scope.GenericScope     : BeanFactory id=a82ac9de-297b-3e45-a772-91927d461ffb
2026-10-07T07:20:13.365+09:00  INFO [requestId:] 54762 --- [sc-reference-app] [           main] [                                                 ] com.zaxxer.hikari.HikariDataSource       : HikariPool-4 - Starting...
2026-10-07T07:20:13.366+09:00  INFO [requestId:] 54762 --- [sc-reference-app] [           main] [                                                 ] com.zaxxer.hikari.pool.HikariPool        : HikariPool-4 - Added connection conn37: url=jdbc:h2:mem:ops-browser-sc-operational-test-4164366790019067724 user=SA
2026-10-07T07:20:13.366+09:00  INFO [requestId:] 54762 --- [sc-reference-app] [           main] [                                                 ] com.zaxxer.hikari.HikariDataSource       : HikariPool-4 - Start completed.
2026-10-07T07:20:13.366+09:00  INFO [requestId:] 54762 --- [sc-reference-app] [           main] [                                                 ] org.flywaydb.core.FlywayExecutor         : Database: jdbc:h2:mem:ops-browser-sc-operational-test-4164366790019067724 (H2 2.3)
2026-10-07T07:20:13.369+09:00  INFO [requestId:] 54762 --- [sc-reference-app] [           main] [                                                 ] o.f.c.i.s.JdbcTableSchemaHistory         : Schema history table "PUBLIC"."flyway_schema_history" does not exist yet
2026-10-07T07:20:13.369+09:00  INFO [requestId:] 54762 --- [sc-reference-app] [           main] [                                                 ] o.f.core.internal.command.DbValidate     : Successfully validated 7 migrations (execution time 00:00.002s)
2026-10-07T07:20:13.369+09:00  INFO [requestId:] 54762 --- [sc-reference-app] [           main] [                                                 ] o.f.c.i.s.JdbcTableSchemaHistory         : Creating Schema History table "PUBLIC"."flyway_schema_history" ...
2026-10-07T07:20:13.370+09:00  INFO [requestId:] 54762 --- [sc-reference-app] [           main] [                                                 ] o.f.core.internal.command.DbMigrate      : Current version of schema "PUBLIC": << Empty Schema >>
2026-10-07T07:20:13.371+09:00  INFO [requestId:] 54762 --- [sc-reference-app] [           main] [                                                 ] o.f.core.internal.command.DbMigrate      : Migrating schema "PUBLIC" to version "1 - example baseline"
2026-10-07T07:20:13.372+09:00  INFO [requestId:] 54762 --- [sc-reference-app] [           main] [                                                 ] o.f.core.internal.command.DbMigrate      : Migrating schema "PUBLIC" to version "2 - requirements baseline"
2026-10-07T07:20:13.374+09:00  INFO [requestId:] 54762 --- [sc-reference-app] [           main] [                                                 ] o.f.core.internal.command.DbMigrate      : Migrating schema "PUBLIC" to version "3 - security audit"
2026-10-07T07:20:13.376+09:00  INFO [requestId:] 54762 --- [sc-reference-app] [           main] [                                                 ] o.f.core.internal.command.DbMigrate      : Migrating schema "PUBLIC" to version "4 - media and files"
2026-10-07T07:20:13.378+09:00  INFO [requestId:] 54762 --- [sc-reference-app] [           main] [                                                 ] o.f.core.internal.command.DbMigrate      : Migrating schema "PUBLIC" to version "5 - kanban and documents"
2026-10-07T07:20:13.379+09:00  INFO [requestId:] 54762 --- [sc-reference-app] [           main] [                                                 ] o.f.core.internal.command.DbMigrate      : Migrating schema "PUBLIC" to version "6 - operations messages"
2026-10-07T07:20:13.383+09:00  INFO [requestId:] 54762 --- [sc-reference-app] [           main] [                                                 ] o.f.core.internal.command.DbMigrate      : Migrating schema "PUBLIC" to version "7 - operations scheduler browser"
2026-10-07T07:20:13.385+09:00  INFO [requestId:] 54762 --- [sc-reference-app] [           main] [                                                 ] o.f.core.internal.command.DbMigrate      : Successfully applied 7 migrations to schema "PUBLIC", now at version v7 (execution time 00:00.004s)
2026-10-07T07:20:13.391+09:00  INFO [requestId:] 54762 --- [sc-reference-app] [           main] [                                                 ] o.hibernate.jpa.internal.util.LogHelper  : HHH000204: Processing PersistenceUnitInfo [name: default]
2026-10-07T07:20:13.392+09:00  INFO [requestId:] 54762 --- [sc-reference-app] [           main] [                                                 ] o.h.c.internal.RegionFactoryInitiator    : HHH000026: Second-level cache disabled
2026-10-07T07:20:13.394+09:00  INFO [requestId:] 54762 --- [sc-reference-app] [           main] [                                                 ] o.s.o.j.p.SpringPersistenceUnitInfo      : No LoadTimeWeaver setup: ignoring JPA class transformer
2026-10-07T07:20:13.394+09:00  INFO [requestId:] 54762 --- [sc-reference-app] [           main] [                                                 ] org.hibernate.orm.connections.pooling    : HHH10001005: Database info:
	Database JDBC URL [Connecting through datasource 'HikariDataSource (HikariPool-4)']
	Database driver: undefined/unknown
	Database version: 2.3.232
	Autocommit mode: undefined/unknown
	Isolation level: undefined/unknown
	Minimum pool size: undefined/unknown
	Maximum pool size: undefined/unknown
2026-10-07T07:20:13.426+09:00  INFO [requestId:] 54762 --- [sc-reference-app] [           main] [                                                 ] o.h.e.t.j.p.i.JtaPlatformInitiator       : HHH000489: No JTA platform available (set 'hibernate.transaction.jta.platform' to enable JTA platform integration)
2026-10-07T07:20:13.427+09:00  INFO [requestId:] 54762 --- [sc-reference-app] [           main] [                                                 ] j.LocalContainerEntityManagerFactoryBean : Initialized JPA EntityManagerFactory for persistence unit 'default'
2026-10-07T07:20:13.551+09:00  INFO [requestId:] 54762 --- [sc-reference-app] [           main] [                                                 ] org.quartz.impl.StdSchedulerFactory      : Using default implementation for ThreadExecutor
2026-10-07T07:20:13.556+09:00  INFO [requestId:] 54762 --- [sc-reference-app] [           main] [                                                 ] org.quartz.core.SchedulerSignalerImpl    : Initialized Scheduler Signaller of type: class org.quartz.core.SchedulerSignalerImpl
2026-10-07T07:20:13.556+09:00  INFO [requestId:] 54762 --- [sc-reference-app] [           main] [                                                 ] org.quartz.core.QuartzScheduler          : Quartz Scheduler v2.5.2 created.
2026-10-07T07:20:13.557+09:00  INFO [requestId:] 54762 --- [sc-reference-app] [           main] [                                                 ] o.s.s.quartz.LocalDataSourceJobStore     : Using db table-based data access locking (synchronization).
2026-10-07T07:20:13.557+09:00  INFO [requestId:] 54762 --- [sc-reference-app] [           main] [                                                 ] o.s.s.quartz.LocalDataSourceJobStore     : JobStoreCMT initialized.
2026-10-07T07:20:13.557+09:00  INFO [requestId:] 54762 --- [sc-reference-app] [           main] [                                                 ] org.quartz.core.QuartzScheduler          : Scheduler meta-data: Quartz Scheduler (v2.5.2) 'sc-test-sc-operational-test-4164366790019067724' with instanceId 'NON_CLUSTERED'
  Scheduler class: 'org.quartz.core.QuartzScheduler' - running locally.
  NOT STARTED.
  Currently in standby mode.
  Number of jobs executed: 0
  Using thread pool 'org.quartz.simpl.SimpleThreadPool' - with 2 threads.
  Using job-store 'org.springframework.scheduling.quartz.LocalDataSourceJobStore' - which supports persistence. and is not clustered.

2026-10-07T07:20:13.557+09:00  INFO [requestId:] 54762 --- [sc-reference-app] [           main] [                                                 ] org.quartz.impl.StdSchedulerFactory      : Quartz scheduler 'sc-test-sc-operational-test-4164366790019067724' initialized from an externally provided properties instance.
2026-10-07T07:20:13.557+09:00  INFO [requestId:] 54762 --- [sc-reference-app] [           main] [                                                 ] org.quartz.impl.StdSchedulerFactory      : Quartz scheduler version: 2.5.2
2026-10-07T07:20:13.557+09:00  INFO [requestId:] 54762 --- [sc-reference-app] [           main] [                                                 ] org.quartz.core.QuartzScheduler          : JobFactory set to: dev.scframework.autoconfigure.ScSchedulerAutoConfiguration$$Lambda/0x00000070020acf28@5e2028c7
2026-10-07T07:20:13.579+09:00  INFO [requestId:] 54762 --- [sc-reference-app] [           main] [                                                 ] o.s.b.a.w.s.WelcomePageHandlerMapping    : Adding welcome page: class path resource [static/index.html]
2026-10-07T07:20:13.637+09:00  INFO [requestId:] 54762 --- [sc-reference-app] [           main] [                                                 ] r$InitializeUserDetailsManagerConfigurer : Global AuthenticationManager configured with UserDetailsService bean with name referenceUsers
2026-10-07T07:20:13.652+09:00  INFO [requestId:] 54762 --- [sc-reference-app] [           main] [                                                 ] o.s.b.a.e.web.EndpointLinksResolver      : Exposing 1 endpoint beneath base path '/actuator'
2026-10-07T07:20:13.688+09:00  INFO [requestId:] 54762 --- [sc-reference-app] [           main] [                                                 ] o.s.b.t.m.w.SpringBootMockServletContext : Initializing Spring TestDispatcherServlet ''
2026-10-07T07:20:13.688+09:00  INFO [requestId:] 54762 --- [sc-reference-app] [           main] [                                                 ] o.s.t.web.servlet.TestDispatcherServlet  : Initializing Servlet ''
2026-10-07T07:20:13.688+09:00  INFO [requestId:] 54762 --- [sc-reference-app] [           main] [                                                 ] o.s.t.web.servlet.TestDispatcherServlet  : Completed initialization in 0 ms
2026-10-07T07:20:13.702+09:00  INFO [requestId:] 54762 --- [sc-reference-app] [           main] [                                                 ] d.s.r.o.BrowserErrorsIntegrationTest     : Started BrowserErrorsIntegrationTest in 0.523 seconds (process running for 16.959)
[INFO] Tests run: 9, Failures: 0, Errors: 0, Skipped: 0, Time elapsed: 0.745 s -- in dev.scframework.reference.operations.BrowserErrorsIntegrationTest
[INFO] Running dev.scframework.reference.operations.OperationalSchedulerIntegrationTest
2026-10-07T07:20:13.919+09:00  INFO [requestId:] 54762 --- [sc-reference-app] [           main] [                                                 ] t.c.s.AnnotationConfigContextLoaderUtils : Could not detect default configuration classes for test class [dev.scframework.reference.operations.OperationalSchedulerIntegrationTest]: OperationalSchedulerIntegrationTest does not declare any static, non-private, non-final, nested classes annotated with @Configuration.
2026-10-07T07:20:13.920+09:00  INFO [requestId:] 54762 --- [sc-reference-app] [           main] [                                                 ] .b.t.c.SpringBootTestContextBootstrapper : Found @SpringBootConfiguration dev.scframework.reference.ReferenceApplication for test class dev.scframework.reference.operations.OperationalSchedulerIntegrationTest

  .   ____          _            __ _ _
 /\\ / ___'_ __ _ _(_)_ __  __ _ \ \ \ \
( ( )\___ | '_ | '_| | '_ \/ _` | \ \ \ \
 \\/  ___)| |_)| | | | | || (_| |  ) ) ) )
  '  |____| .__|_| |_|_| |_\__, | / / / /
 =========|_|==============|___/=/_/_/_/

 :: Spring Boot ::               (v3.5.16)

2026-10-07T07:20:13.930+09:00  INFO [requestId:] 54762 --- [sc-reference-app] [           main] [                                                 ] .r.o.OperationalSchedulerIntegrationTest : Starting OperationalSchedulerIntegrationTest using Java 21.0.11 with PID 54762 (started by dk in /Users/dk/Work/ScFramework/backend/reference-app)
2026-10-07T07:20:13.930+09:00  INFO [requestId:] 54762 --- [sc-reference-app] [           main] [                                                 ] .r.o.OperationalSchedulerIntegrationTest : The following 1 profile is active: "dev"
2026-10-07T07:20:14.017+09:00  INFO [requestId:] 54762 --- [sc-reference-app] [           main] [                                                 ] .s.d.r.c.RepositoryConfigurationDelegate : Bootstrapping Spring Data JPA repositories in DEFAULT mode.
2026-10-07T07:20:14.025+09:00  INFO [requestId:] 54762 --- [sc-reference-app] [           main] [                                                 ] .s.d.r.c.RepositoryConfigurationDelegate : Finished Spring Data repository scanning in 7 ms. Found 18 JPA repository interfaces.
2026-10-07T07:20:14.040+09:00  INFO [requestId:] 54762 --- [sc-reference-app] [           main] [                                                 ] o.s.cloud.context.scope.GenericScope     : BeanFactory id=a82ac9de-297b-3e45-a772-91927d461ffb
2026-10-07T07:20:14.054+09:00  INFO [requestId:] 54762 --- [sc-reference-app] [           main] [                                                 ] com.zaxxer.hikari.HikariDataSource       : HikariPool-5 - Starting...
2026-10-07T07:20:14.055+09:00  INFO [requestId:] 54762 --- [sc-reference-app] [           main] [                                                 ] com.zaxxer.hikari.pool.HikariPool        : HikariPool-5 - Added connection conn42: url=jdbc:h2:mem:ops-scheduler-sc-operational-test-11727391415321801730 user=SA
2026-10-07T07:20:14.055+09:00  INFO [requestId:] 54762 --- [sc-reference-app] [           main] [                                                 ] com.zaxxer.hikari.HikariDataSource       : HikariPool-5 - Start completed.
2026-10-07T07:20:14.056+09:00  INFO [requestId:] 54762 --- [sc-reference-app] [           main] [                                                 ] org.flywaydb.core.FlywayExecutor         : Database: jdbc:h2:mem:ops-scheduler-sc-operational-test-11727391415321801730 (H2 2.3)
2026-10-07T07:20:14.057+09:00  INFO [requestId:] 54762 --- [sc-reference-app] [           main] [                                                 ] o.f.c.i.s.JdbcTableSchemaHistory         : Schema history table "PUBLIC"."flyway_schema_history" does not exist yet
2026-10-07T07:20:14.057+09:00  INFO [requestId:] 54762 --- [sc-reference-app] [           main] [                                                 ] o.f.core.internal.command.DbValidate     : Successfully validated 7 migrations (execution time 00:00.000s)
2026-10-07T07:20:14.057+09:00  INFO [requestId:] 54762 --- [sc-reference-app] [           main] [                                                 ] o.f.c.i.s.JdbcTableSchemaHistory         : Creating Schema History table "PUBLIC"."flyway_schema_history" ...
2026-10-07T07:20:14.059+09:00  INFO [requestId:] 54762 --- [sc-reference-app] [           main] [                                                 ] o.f.core.internal.command.DbMigrate      : Current version of schema "PUBLIC": << Empty Schema >>
2026-10-07T07:20:14.059+09:00  INFO [requestId:] 54762 --- [sc-reference-app] [           main] [                                                 ] o.f.core.internal.command.DbMigrate      : Migrating schema "PUBLIC" to version "1 - example baseline"
2026-10-07T07:20:14.061+09:00  INFO [requestId:] 54762 --- [sc-reference-app] [           main] [                                                 ] o.f.core.internal.command.DbMigrate      : Migrating schema "PUBLIC" to version "2 - requirements baseline"
2026-10-07T07:20:14.062+09:00  INFO [requestId:] 54762 --- [sc-reference-app] [           main] [                                                 ] o.f.core.internal.command.DbMigrate      : Migrating schema "PUBLIC" to version "3 - security audit"
2026-10-07T07:20:14.064+09:00  INFO [requestId:] 54762 --- [sc-reference-app] [           main] [                                                 ] o.f.core.internal.command.DbMigrate      : Migrating schema "PUBLIC" to version "4 - media and files"
2026-10-07T07:20:14.066+09:00  INFO [requestId:] 54762 --- [sc-reference-app] [           main] [                                                 ] o.f.core.internal.command.DbMigrate      : Migrating schema "PUBLIC" to version "5 - kanban and documents"
2026-10-07T07:20:14.067+09:00  INFO [requestId:] 54762 --- [sc-reference-app] [           main] [                                                 ] o.f.core.internal.command.DbMigrate      : Migrating schema "PUBLIC" to version "6 - operations messages"
2026-10-07T07:20:14.069+09:00  INFO [requestId:] 54762 --- [sc-reference-app] [           main] [                                                 ] o.f.core.internal.command.DbMigrate      : Migrating schema "PUBLIC" to version "7 - operations scheduler browser"
2026-10-07T07:20:14.072+09:00  INFO [requestId:] 54762 --- [sc-reference-app] [           main] [                                                 ] o.f.core.internal.command.DbMigrate      : Successfully applied 7 migrations to schema "PUBLIC", now at version v7 (execution time 00:00.003s)
2026-10-07T07:20:14.077+09:00  INFO [requestId:] 54762 --- [sc-reference-app] [           main] [                                                 ] o.hibernate.jpa.internal.util.LogHelper  : HHH000204: Processing PersistenceUnitInfo [name: default]
2026-10-07T07:20:14.078+09:00  INFO [requestId:] 54762 --- [sc-reference-app] [           main] [                                                 ] o.h.c.internal.RegionFactoryInitiator    : HHH000026: Second-level cache disabled
2026-10-07T07:20:14.080+09:00  INFO [requestId:] 54762 --- [sc-reference-app] [           main] [                                                 ] o.s.o.j.p.SpringPersistenceUnitInfo      : No LoadTimeWeaver setup: ignoring JPA class transformer
2026-10-07T07:20:14.080+09:00  INFO [requestId:] 54762 --- [sc-reference-app] [           main] [                                                 ] org.hibernate.orm.connections.pooling    : HHH10001005: Database info:
	Database JDBC URL [Connecting through datasource 'HikariDataSource (HikariPool-5)']
	Database driver: undefined/unknown
	Database version: 2.3.232
	Autocommit mode: undefined/unknown
	Isolation level: undefined/unknown
	Minimum pool size: undefined/unknown
	Maximum pool size: undefined/unknown
2026-10-07T07:20:14.109+09:00  INFO [requestId:] 54762 --- [sc-reference-app] [           main] [                                                 ] o.h.e.t.j.p.i.JtaPlatformInitiator       : HHH000489: No JTA platform available (set 'hibernate.transaction.jta.platform' to enable JTA platform integration)
2026-10-07T07:20:14.110+09:00  INFO [requestId:] 54762 --- [sc-reference-app] [           main] [                                                 ] j.LocalContainerEntityManagerFactoryBean : Initialized JPA EntityManagerFactory for persistence unit 'default'
2026-10-07T07:20:14.180+09:00  INFO [requestId:] 54762 --- [sc-reference-app] [           main] [                                                 ] org.quartz.impl.StdSchedulerFactory      : Using default implementation for ThreadExecutor
2026-10-07T07:20:14.180+09:00  INFO [requestId:] 54762 --- [sc-reference-app] [           main] [                                                 ] org.quartz.core.SchedulerSignalerImpl    : Initialized Scheduler Signaller of type: class org.quartz.core.SchedulerSignalerImpl
2026-10-07T07:20:14.181+09:00  INFO [requestId:] 54762 --- [sc-reference-app] [           main] [                                                 ] org.quartz.core.QuartzScheduler          : Quartz Scheduler v2.5.2 created.
2026-10-07T07:20:14.181+09:00  INFO [requestId:] 54762 --- [sc-reference-app] [           main] [                                                 ] o.s.s.quartz.LocalDataSourceJobStore     : Using db table-based data access locking (synchronization).
2026-10-07T07:20:14.181+09:00  INFO [requestId:] 54762 --- [sc-reference-app] [           main] [                                                 ] o.s.s.quartz.LocalDataSourceJobStore     : JobStoreCMT initialized.
2026-10-07T07:20:14.181+09:00  INFO [requestId:] 54762 --- [sc-reference-app] [           main] [                                                 ] org.quartz.core.QuartzScheduler          : Scheduler meta-data: Quartz Scheduler (v2.5.2) 'sc-test-sc-operational-test-11727391415321801730' with instanceId 'NON_CLUSTERED'
  Scheduler class: 'org.quartz.core.QuartzScheduler' - running locally.
  NOT STARTED.
  Currently in standby mode.
  Number of jobs executed: 0
  Using thread pool 'org.quartz.simpl.SimpleThreadPool' - with 2 threads.
  Using job-store 'org.springframework.scheduling.quartz.LocalDataSourceJobStore' - which supports persistence. and is not clustered.

2026-10-07T07:20:14.181+09:00  INFO [requestId:] 54762 --- [sc-reference-app] [           main] [                                                 ] org.quartz.impl.StdSchedulerFactory      : Quartz scheduler 'sc-test-sc-operational-test-11727391415321801730' initialized from an externally provided properties instance.
2026-10-07T07:20:14.181+09:00  INFO [requestId:] 54762 --- [sc-reference-app] [           main] [                                                 ] org.quartz.impl.StdSchedulerFactory      : Quartz scheduler version: 2.5.2
2026-10-07T07:20:14.181+09:00  INFO [requestId:] 54762 --- [sc-reference-app] [           main] [                                                 ] org.quartz.core.QuartzScheduler          : JobFactory set to: dev.scframework.autoconfigure.ScSchedulerAutoConfiguration$$Lambda/0x00000070020acf28@780d8e4a
2026-10-07T07:20:14.205+09:00  INFO [requestId:] 54762 --- [sc-reference-app] [           main] [                                                 ] o.s.b.a.w.s.WelcomePageHandlerMapping    : Adding welcome page: class path resource [static/index.html]
2026-10-07T07:20:14.228+09:00  INFO [requestId:] 54762 --- [sc-reference-app] [           main] [                                                 ] r$InitializeUserDetailsManagerConfigurer : Global AuthenticationManager configured with UserDetailsService bean with name referenceUsers
2026-10-07T07:20:14.238+09:00  INFO [requestId:] 54762 --- [sc-reference-app] [           main] [                                                 ] o.s.b.a.e.web.EndpointLinksResolver      : Exposing 1 endpoint beneath base path '/actuator'
2026-10-07T07:20:14.258+09:00  INFO [requestId:] 54762 --- [sc-reference-app] [           main] [                                                 ] o.s.b.t.m.w.SpringBootMockServletContext : Initializing Spring TestDispatcherServlet ''
2026-10-07T07:20:14.259+09:00  INFO [requestId:] 54762 --- [sc-reference-app] [           main] [                                                 ] o.s.t.web.servlet.TestDispatcherServlet  : Initializing Servlet ''
2026-10-07T07:20:14.259+09:00  INFO [requestId:] 54762 --- [sc-reference-app] [           main] [                                                 ] o.s.t.web.servlet.TestDispatcherServlet  : Completed initialization in 0 ms
2026-10-07T07:20:14.271+09:00  INFO [requestId:] 54762 --- [sc-reference-app] [           main] [                                                 ] .r.o.OperationalSchedulerIntegrationTest : Started OperationalSchedulerIntegrationTest in 0.35 seconds (process running for 17.528)
2026-10-07T07:20:14.334+09:00  INFO [requestId:] 54762 --- [sc-reference-app] [           main] [                                                 ] org.quartz.core.QuartzScheduler          : Scheduler sc-test-sc-operational-test-11727391415321801730_$_NON_CLUSTERED paused.
2026-10-07T07:20:14.409+09:00  INFO [requestId:] 54762 --- [sc-reference-app] [           main] [                                                 ] o.s.s.quartz.LocalDataSourceJobStore     : Freed 0 triggers from 'acquired' / 'blocked' state.
2026-10-07T07:20:14.409+09:00  INFO [requestId:] 54762 --- [sc-reference-app] [           main] [                                                 ] o.s.s.quartz.LocalDataSourceJobStore     : Handling 1 trigger(s) that missed their scheduled fire-time.
2026-10-07T07:20:14.411+09:00  INFO [requestId:] 54762 --- [sc-reference-app] [           main] [                                                 ] o.s.s.quartz.LocalDataSourceJobStore     : Recovering 0 jobs that were in-progress at the time of the last shut-down.
2026-10-07T07:20:14.411+09:00  INFO [requestId:] 54762 --- [sc-reference-app] [           main] [                                                 ] o.s.s.quartz.LocalDataSourceJobStore     : Recovery complete.
2026-10-07T07:20:14.412+09:00  INFO [requestId:] 54762 --- [sc-reference-app] [           main] [                                                 ] o.s.s.quartz.LocalDataSourceJobStore     : Removed 1 'complete' triggers.
2026-10-07T07:20:14.412+09:00  INFO [requestId:] 54762 --- [sc-reference-app] [           main] [                                                 ] o.s.s.quartz.LocalDataSourceJobStore     : Removed 0 stale fired job entries.
2026-10-07T07:20:14.412+09:00  INFO [requestId:] 54762 --- [sc-reference-app] [           main] [                                                 ] org.quartz.core.QuartzScheduler          : Scheduler sc-test-sc-operational-test-11727391415321801730_$_NON_CLUSTERED started.
2026-10-07T07:20:14.412+09:00  INFO [requestId:] 54762 --- [sc-reference-app] [           main] [                                                 ] org.quartz.core.QuartzScheduler          : Scheduler sc-test-sc-operational-test-11727391415321801730_$_NON_CLUSTERED paused.
2026-10-07T07:20:14.413+09:00  INFO [requestId:] 54762 --- [sc-reference-app] [           main] [                                                 ] org.quartz.core.QuartzScheduler          : Scheduler sc-test-sc-operational-test-11727391415321801730_$_NON_CLUSTERED paused.
2026-10-07T07:20:14.415+09:00  INFO [requestId:] 54762 --- [sc-reference-app] [           main] [                                                 ] org.quartz.core.QuartzScheduler          : Scheduler sc-test-sc-operational-test-11727391415321801730_$_NON_CLUSTERED paused.
2026-10-07T07:20:14.431+09:00  INFO [requestId:] 54762 --- [sc-reference-app] [           main] [                                                 ] org.quartz.core.QuartzScheduler          : Scheduler sc-test-sc-operational-test-11727391415321801730_$_NON_CLUSTERED paused.
2026-10-07T07:20:14.433+09:00  INFO [requestId:] 54762 --- [sc-reference-app] [           main] [                                                 ] org.quartz.core.QuartzScheduler          : Scheduler sc-test-sc-operational-test-11727391415321801730_$_NON_CLUSTERED paused.
2026-10-07T07:20:14.441+09:00  INFO [requestId:] 54762 --- [sc-reference-app] [           main] [                                                 ] org.quartz.core.QuartzScheduler          : Scheduler sc-test-sc-operational-test-11727391415321801730_$_NON_CLUSTERED paused.
2026-10-07T07:20:14.443+09:00  INFO [requestId:] 54762 --- [sc-reference-app] [           main] [                                                 ] org.quartz.core.QuartzScheduler          : Scheduler sc-test-sc-operational-test-11727391415321801730_$_NON_CLUSTERED paused.
2026-10-07T07:20:14.448+09:00  INFO [requestId:] 54762 --- [sc-reference-app] [           main] [                                                 ] org.quartz.core.QuartzScheduler          : Scheduler sc-test-sc-operational-test-11727391415321801730_$_NON_CLUSTERED paused.
2026-10-07T07:20:14.450+09:00  INFO [requestId:] 54762 --- [sc-reference-app] [           main] [                                                 ] org.quartz.core.QuartzScheduler          : Scheduler sc-test-sc-operational-test-11727391415321801730_$_NON_CLUSTERED paused.
2026-10-07T07:20:14.452+09:00  INFO [requestId:] 54762 --- [sc-reference-app] [           main] [                                                 ] org.quartz.core.QuartzScheduler          : Scheduler sc-test-sc-operational-test-11727391415321801730_$_NON_CLUSTERED started.
2026-10-07T07:20:15.649+09:00  INFO [requestId:] 54762 --- [sc-reference-app] [_MisfireHandler] [                                                 ] o.s.s.quartz.LocalDataSourceJobStore     : Handling 1 trigger(s) that missed their scheduled fire-time.
2026-10-07T07:20:15.750+09:00  INFO [requestId:] 54762 --- [sc-reference-app] [           main] [                                                 ] org.quartz.core.QuartzScheduler          : Scheduler sc-test-sc-operational-test-11727391415321801730_$_NON_CLUSTERED paused.
2026-10-07T07:20:15.751+09:00  INFO [requestId:] 54762 --- [sc-reference-app] [           main] [                                                 ] org.quartz.core.QuartzScheduler          : Scheduler sc-test-sc-operational-test-11727391415321801730_$_NON_CLUSTERED paused.
2026-10-07T07:20:15.759+09:00  INFO [requestId:] 54762 --- [sc-reference-app] [           main] [                                                 ] org.quartz.core.QuartzScheduler          : Scheduler sc-test-sc-operational-test-11727391415321801730_$_NON_CLUSTERED paused.
2026-10-07T07:20:15.764+09:00  INFO [requestId:] 54762 --- [sc-reference-app] [           main] [                                                 ] org.quartz.core.QuartzScheduler          : Scheduler sc-test-sc-operational-test-11727391415321801730_$_NON_CLUSTERED paused.
2026-10-07T07:20:15.772+09:00  INFO [requestId:] 54762 --- [sc-reference-app] [           main] [                                                 ] org.quartz.core.QuartzScheduler          : Scheduler sc-test-sc-operational-test-11727391415321801730_$_NON_CLUSTERED paused.
2026-10-07T07:20:15.776+09:00  INFO [requestId:] 54762 --- [sc-reference-app] [           main] [                                                 ] org.quartz.core.QuartzScheduler          : Scheduler sc-test-sc-operational-test-11727391415321801730_$_NON_CLUSTERED paused.
2026-10-07T07:20:15.779+09:00  INFO [requestId:] 54762 --- [sc-reference-app] [           main] [                                                 ] org.quartz.core.QuartzScheduler          : Scheduler sc-test-sc-operational-test-11727391415321801730_$_NON_CLUSTERED paused.
2026-10-07T07:20:15.781+09:00  INFO [requestId:] 54762 --- [sc-reference-app] [           main] [                                                 ] org.quartz.core.QuartzScheduler          : Scheduler sc-test-sc-operational-test-11727391415321801730_$_NON_CLUSTERED started.
2026-10-07T07:20:15.896+09:00  INFO [requestId:] 54762 --- [sc-reference-app] [_MisfireHandler] [                                                 ] o.s.s.quartz.LocalDataSourceJobStore     : Handling 1 trigger(s) that missed their scheduled fire-time.
2026-10-07T07:20:15.959+09:00  INFO [requestId:] 54762 --- [sc-reference-app] [           main] [                                                 ] org.quartz.core.QuartzScheduler          : Scheduler sc-test-sc-operational-test-11727391415321801730_$_NON_CLUSTERED paused.
2026-10-07T07:20:15.960+09:00  INFO [requestId:] 54762 --- [sc-reference-app] [           main] [                                                 ] org.quartz.core.QuartzScheduler          : Scheduler sc-test-sc-operational-test-11727391415321801730_$_NON_CLUSTERED paused.
2026-10-07T07:20:15.962+09:00  INFO [requestId:] 54762 --- [sc-reference-app] [           main] [                                                 ] org.quartz.core.QuartzScheduler          : Scheduler sc-test-sc-operational-test-11727391415321801730_$_NON_CLUSTERED paused.
2026-10-07T07:20:15.974+09:00  INFO [requestId:] 54762 --- [sc-reference-app] [           main] [                                                 ] org.quartz.core.QuartzScheduler          : Scheduler sc-test-sc-operational-test-11727391415321801730_$_NON_CLUSTERED paused.
2026-10-07T07:20:15.976+09:00  INFO [requestId:] 54762 --- [sc-reference-app] [           main] [                                                 ] org.quartz.core.QuartzScheduler          : Scheduler sc-test-sc-operational-test-11727391415321801730_$_NON_CLUSTERED paused.
2026-10-07T07:20:15.980+09:00  INFO [requestId:] 54762 --- [sc-reference-app] [           main] [                                                 ] org.quartz.core.QuartzScheduler          : Scheduler sc-test-sc-operational-test-11727391415321801730_$_NON_CLUSTERED paused.
2026-10-07T07:20:15.982+09:00  INFO [requestId:] 54762 --- [sc-reference-app] [           main] [                                                 ] org.quartz.core.QuartzScheduler          : Scheduler sc-test-sc-operational-test-11727391415321801730_$_NON_CLUSTERED paused.
2026-10-07T07:20:16.006+09:00  INFO [requestId:] 54762 --- [sc-reference-app] [           main] [                                                 ] org.quartz.core.QuartzScheduler          : Scheduler sc-test-sc-operational-test-11727391415321801730_$_NON_CLUSTERED paused.
[INFO] Tests run: 11, Failures: 0, Errors: 0, Skipped: 0, Time elapsed: 2.089 s -- in dev.scframework.reference.operations.OperationalSchedulerIntegrationTest
[INFO] Running dev.scframework.reference.notices.NoticeIntegrationTest
2026-10-07T07:20:16.008+09:00  INFO [requestId:] 54762 --- [sc-reference-app] [           main] [                                                 ] t.c.s.AnnotationConfigContextLoaderUtils : Could not detect default configuration classes for test class [dev.scframework.reference.notices.NoticeIntegrationTest]: NoticeIntegrationTest does not declare any static, non-private, non-final, nested classes annotated with @Configuration.
2026-10-07T07:20:16.012+09:00  INFO [requestId:] 54762 --- [sc-reference-app] [           main] [                                                 ] .b.t.c.SpringBootTestContextBootstrapper : Found @SpringBootConfiguration dev.scframework.reference.ReferenceApplication for test class dev.scframework.reference.notices.NoticeIntegrationTest

  .   ____          _            __ _ _
 /\\ / ___'_ __ _ _(_)_ __  __ _ \ \ \ \
( ( )\___ | '_ | '_| | '_ \/ _` | \ \ \ \
 \\/  ___)| |_)| | | | | || (_| |  ) ) ) )
  '  |____| .__|_| |_|_| |_\__, | / / / /
 =========|_|==============|___/=/_/_/_/

 :: Spring Boot ::               (v3.5.16)

2026-10-07T07:20:16.025+09:00  INFO [requestId:] 54762 --- [sc-reference-app] [           main] [                                                 ] d.s.r.notices.NoticeIntegrationTest      : Starting NoticeIntegrationTest using Java 21.0.11 with PID 54762 (started by dk in /Users/dk/Work/ScFramework/backend/reference-app)
2026-10-07T07:20:16.025+09:00  INFO [requestId:] 54762 --- [sc-reference-app] [           main] [                                                 ] d.s.r.notices.NoticeIntegrationTest      : No active profile set, falling back to 1 default profile: "default"
2026-10-07T07:20:16.097+09:00  INFO [requestId:] 54762 --- [sc-reference-app] [           main] [                                                 ] .s.d.r.c.RepositoryConfigurationDelegate : Bootstrapping Spring Data JPA repositories in DEFAULT mode.
2026-10-07T07:20:16.104+09:00  INFO [requestId:] 54762 --- [sc-reference-app] [           main] [                                                 ] .s.d.r.c.RepositoryConfigurationDelegate : Finished Spring Data repository scanning in 6 ms. Found 18 JPA repository interfaces.
2026-10-07T07:20:16.117+09:00  INFO [requestId:] 54762 --- [sc-reference-app] [           main] [                                                 ] o.s.cloud.context.scope.GenericScope     : BeanFactory id=e9fb348b-1f30-3c72-a846-8349f9ab416e
2026-10-07T07:20:16.133+09:00  INFO [requestId:] 54762 --- [sc-reference-app] [           main] [                                                 ] com.zaxxer.hikari.HikariDataSource       : HikariPool-6 - Starting...
2026-10-07T07:20:16.133+09:00  INFO [requestId:] 54762 --- [sc-reference-app] [           main] [                                                 ] com.zaxxer.hikari.pool.HikariPool        : HikariPool-6 - Added connection conn47: url=jdbc:h2:mem:kanban-sc-kanban-010-7844412145448312024 user=SA
2026-10-07T07:20:16.133+09:00  INFO [requestId:] 54762 --- [sc-reference-app] [           main] [                                                 ] com.zaxxer.hikari.HikariDataSource       : HikariPool-6 - Start completed.
2026-10-07T07:20:16.134+09:00  INFO [requestId:] 54762 --- [sc-reference-app] [           main] [                                                 ] org.flywaydb.core.FlywayExecutor         : Database: jdbc:h2:mem:kanban-sc-kanban-010-7844412145448312024 (H2 2.3)
2026-10-07T07:20:16.135+09:00  INFO [requestId:] 54762 --- [sc-reference-app] [           main] [                                                 ] o.f.c.i.s.JdbcTableSchemaHistory         : Schema history table "PUBLIC"."flyway_schema_history" does not exist yet
2026-10-07T07:20:16.135+09:00  INFO [requestId:] 54762 --- [sc-reference-app] [           main] [                                                 ] o.f.core.internal.command.DbValidate     : Successfully validated 5 migrations (execution time 00:00.000s)
2026-10-07T07:20:16.135+09:00  INFO [requestId:] 54762 --- [sc-reference-app] [           main] [                                                 ] o.f.c.i.s.JdbcTableSchemaHistory         : Creating Schema History table "PUBLIC"."flyway_schema_history" ...
2026-10-07T07:20:16.136+09:00  INFO [requestId:] 54762 --- [sc-reference-app] [           main] [                                                 ] o.f.core.internal.command.DbMigrate      : Current version of schema "PUBLIC": << Empty Schema >>
2026-10-07T07:20:16.137+09:00  INFO [requestId:] 54762 --- [sc-reference-app] [           main] [                                                 ] o.f.core.internal.command.DbMigrate      : Migrating schema "PUBLIC" to version "1 - example baseline"
2026-10-07T07:20:16.138+09:00  INFO [requestId:] 54762 --- [sc-reference-app] [           main] [                                                 ] o.f.core.internal.command.DbMigrate      : Migrating schema "PUBLIC" to version "2 - requirements baseline"
2026-10-07T07:20:16.139+09:00  INFO [requestId:] 54762 --- [sc-reference-app] [           main] [                                                 ] o.f.core.internal.command.DbMigrate      : Migrating schema "PUBLIC" to version "3 - security audit"
2026-10-07T07:20:16.140+09:00  INFO [requestId:] 54762 --- [sc-reference-app] [           main] [                                                 ] o.f.core.internal.command.DbMigrate      : Migrating schema "PUBLIC" to version "4 - media and files"
2026-10-07T07:20:16.142+09:00  INFO [requestId:] 54762 --- [sc-reference-app] [           main] [                                                 ] o.f.core.internal.command.DbMigrate      : Migrating schema "PUBLIC" to version "5 - kanban and documents"
2026-10-07T07:20:16.144+09:00  INFO [requestId:] 54762 --- [sc-reference-app] [           main] [                                                 ] o.f.core.internal.command.DbMigrate      : Successfully applied 5 migrations to schema "PUBLIC", now at version v5 (execution time 00:00.002s)
2026-10-07T07:20:16.149+09:00  INFO [requestId:] 54762 --- [sc-reference-app] [           main] [                                                 ] o.hibernate.jpa.internal.util.LogHelper  : HHH000204: Processing PersistenceUnitInfo [name: default]
2026-10-07T07:20:16.149+09:00  INFO [requestId:] 54762 --- [sc-reference-app] [           main] [                                                 ] o.h.c.internal.RegionFactoryInitiator    : HHH000026: Second-level cache disabled
2026-10-07T07:20:16.152+09:00  INFO [requestId:] 54762 --- [sc-reference-app] [           main] [                                                 ] o.s.o.j.p.SpringPersistenceUnitInfo      : No LoadTimeWeaver setup: ignoring JPA class transformer
2026-10-07T07:20:16.152+09:00  INFO [requestId:] 54762 --- [sc-reference-app] [           main] [                                                 ] org.hibernate.orm.connections.pooling    : HHH10001005: Database info:
	Database JDBC URL [Connecting through datasource 'HikariDataSource (HikariPool-6)']
	Database driver: undefined/unknown
	Database version: 2.3.232
	Autocommit mode: undefined/unknown
	Isolation level: undefined/unknown
	Minimum pool size: undefined/unknown
	Maximum pool size: undefined/unknown
2026-10-07T07:20:16.176+09:00  INFO [requestId:] 54762 --- [sc-reference-app] [           main] [                                                 ] o.h.e.t.j.p.i.JtaPlatformInitiator       : HHH000489: No JTA platform available (set 'hibernate.transaction.jta.platform' to enable JTA platform integration)
2026-10-07T07:20:16.177+09:00  INFO [requestId:] 54762 --- [sc-reference-app] [           main] [                                                 ] j.LocalContainerEntityManagerFactoryBean : Initialized JPA EntityManagerFactory for persistence unit 'default'
2026-10-07T07:20:16.238+09:00  INFO [requestId:] 54762 --- [sc-reference-app] [           main] [                                                 ] o.s.b.a.w.s.WelcomePageHandlerMapping    : Adding welcome page: class path resource [static/index.html]
2026-10-07T07:20:16.257+09:00  INFO [requestId:] 54762 --- [sc-reference-app] [           main] [                                                 ] r$InitializeUserDetailsManagerConfigurer : Global AuthenticationManager configured with UserDetailsService bean with name referenceUsers
2026-10-07T07:20:16.269+09:00  INFO [requestId:] 54762 --- [sc-reference-app] [           main] [                                                 ] o.s.b.a.e.web.EndpointLinksResolver      : Exposing 1 endpoint beneath base path '/actuator'
2026-10-07T07:20:16.287+09:00  INFO [requestId:] 54762 --- [sc-reference-app] [           main] [                                                 ] o.s.b.t.m.w.SpringBootMockServletContext : Initializing Spring TestDispatcherServlet ''
2026-10-07T07:20:16.287+09:00  INFO [requestId:] 54762 --- [sc-reference-app] [           main] [                                                 ] o.s.t.web.servlet.TestDispatcherServlet  : Initializing Servlet ''
2026-10-07T07:20:16.288+09:00  INFO [requestId:] 54762 --- [sc-reference-app] [           main] [                                                 ] o.s.t.web.servlet.TestDispatcherServlet  : Completed initialization in 1 ms
2026-10-07T07:20:16.299+09:00  INFO [requestId:] 54762 --- [sc-reference-app] [           main] [                                                 ] d.s.r.notices.NoticeIntegrationTest      : Started NoticeIntegrationTest in 0.283 seconds (process running for 19.555)
[INFO] Tests run: 5, Failures: 0, Errors: 0, Skipped: 0, Time elapsed: 1.950 s -- in dev.scframework.reference.notices.NoticeIntegrationTest
[INFO] Running dev.scframework.reference.audit.AuditSinkFailureHttpTest
2026-10-07T07:20:17.960+09:00  INFO [requestId:] 54762 --- [sc-reference-app] [           main] [                                                 ] t.c.s.AnnotationConfigContextLoaderUtils : Could not detect default configuration classes for test class [dev.scframework.reference.audit.AuditSinkFailureHttpTest]: AuditSinkFailureHttpTest does not declare any static, non-private, non-final, nested classes annotated with @Configuration.
2026-10-07T07:20:17.964+09:00  INFO [requestId:] 54762 --- [sc-reference-app] [           main] [                                                 ] .b.t.c.SpringBootTestContextBootstrapper : Found @SpringBootConfiguration dev.scframework.reference.ReferenceApplication for test class dev.scframework.reference.audit.AuditSinkFailureHttpTest

  .   ____          _            __ _ _
 /\\ / ___'_ __ _ _(_)_ __  __ _ \ \ \ \
( ( )\___ | '_ | '_| | '_ \/ _` | \ \ \ \
 \\/  ___)| |_)| | | | | || (_| |  ) ) ) )
  '  |____| .__|_| |_|_| |_\__, | / / / /
 =========|_|==============|___/=/_/_/_/

 :: Spring Boot ::               (v3.5.16)

2026-10-07T07:20:17.976+09:00  INFO [requestId:] 54762 --- [sc-reference-app] [           main] [                                                 ] d.s.r.audit.AuditSinkFailureHttpTest     : Starting AuditSinkFailureHttpTest using Java 21.0.11 with PID 54762 (started by dk in /Users/dk/Work/ScFramework/backend/reference-app)
2026-10-07T07:20:17.976+09:00  INFO [requestId:] 54762 --- [sc-reference-app] [           main] [                                                 ] d.s.r.audit.AuditSinkFailureHttpTest     : No active profile set, falling back to 1 default profile: "default"
2026-10-07T07:20:18.046+09:00  INFO [requestId:] 54762 --- [sc-reference-app] [           main] [                                                 ] .s.d.r.c.RepositoryConfigurationDelegate : Bootstrapping Spring Data JPA repositories in DEFAULT mode.
2026-10-07T07:20:18.054+09:00  INFO [requestId:] 54762 --- [sc-reference-app] [           main] [                                                 ] .s.d.r.c.RepositoryConfigurationDelegate : Finished Spring Data repository scanning in 7 ms. Found 18 JPA repository interfaces.
2026-10-07T07:20:18.067+09:00  INFO [requestId:] 54762 --- [sc-reference-app] [           main] [                                                 ] o.s.cloud.context.scope.GenericScope     : BeanFactory id=3e743ba2-ddd6-34c9-a3a8-83543fd54d09
2026-10-07T07:20:18.239+09:00  INFO [requestId:] 54762 --- [sc-reference-app] [           main] [                                                 ] com.zaxxer.hikari.HikariDataSource       : HikariPool-7 - Starting...
2026-10-07T07:20:18.241+09:00  INFO [requestId:] 54762 --- [sc-reference-app] [           main] [                                                 ] com.zaxxer.hikari.pool.HikariPool        : HikariPool-7 - Added connection conn52: url=jdbc:h2:mem:audit-http-sc-audit-http-16454312532202599969 user=SA
2026-10-07T07:20:18.241+09:00  INFO [requestId:] 54762 --- [sc-reference-app] [           main] [                                                 ] com.zaxxer.hikari.HikariDataSource       : HikariPool-7 - Start completed.
2026-10-07T07:20:18.244+09:00  INFO [requestId:] 54762 --- [sc-reference-app] [           main] [                                                 ] org.flywaydb.core.FlywayExecutor         : Database: jdbc:h2:mem:audit-http-sc-audit-http-16454312532202599969 (H2 2.3)
2026-10-07T07:20:18.249+09:00  INFO [requestId:] 54762 --- [sc-reference-app] [           main] [                                                 ] o.f.c.i.s.JdbcTableSchemaHistory         : Schema history table "PUBLIC"."flyway_schema_history" does not exist yet
2026-10-07T07:20:18.249+09:00  INFO [requestId:] 54762 --- [sc-reference-app] [           main] [                                                 ] o.f.core.internal.command.DbValidate     : Successfully validated 5 migrations (execution time 00:00.002s)
2026-10-07T07:20:18.250+09:00  INFO [requestId:] 54762 --- [sc-reference-app] [           main] [                                                 ] o.f.c.i.s.JdbcTableSchemaHistory         : Creating Schema History table "PUBLIC"."flyway_schema_history" ...
2026-10-07T07:20:18.255+09:00  INFO [requestId:] 54762 --- [sc-reference-app] [           main] [                                                 ] o.f.core.internal.command.DbMigrate      : Current version of schema "PUBLIC": << Empty Schema >>
2026-10-07T07:20:18.257+09:00  INFO [requestId:] 54762 --- [sc-reference-app] [           main] [                                                 ] o.f.core.internal.command.DbMigrate      : Migrating schema "PUBLIC" to version "1 - example baseline"
2026-10-07T07:20:18.262+09:00  INFO [requestId:] 54762 --- [sc-reference-app] [           main] [                                                 ] o.f.core.internal.command.DbMigrate      : Migrating schema "PUBLIC" to version "2 - requirements baseline"
2026-10-07T07:20:18.271+09:00  INFO [requestId:] 54762 --- [sc-reference-app] [           main] [                                                 ] o.f.core.internal.command.DbMigrate      : Migrating schema "PUBLIC" to version "3 - security audit"
2026-10-07T07:20:18.277+09:00  INFO [requestId:] 54762 --- [sc-reference-app] [           main] [                                                 ] o.f.core.internal.command.DbMigrate      : Migrating schema "PUBLIC" to version "4 - media and files"
2026-10-07T07:20:18.287+09:00  INFO [requestId:] 54762 --- [sc-reference-app] [           main] [                                                 ] o.f.core.internal.command.DbMigrate      : Migrating schema "PUBLIC" to version "5 - kanban and documents"
2026-10-07T07:20:18.292+09:00  INFO [requestId:] 54762 --- [sc-reference-app] [           main] [                                                 ] o.f.core.internal.command.DbMigrate      : Successfully applied 5 migrations to schema "PUBLIC", now at version v5 (execution time 00:00.018s)
2026-10-07T07:20:18.313+09:00  INFO [requestId:] 54762 --- [sc-reference-app] [           main] [                                                 ] o.hibernate.jpa.internal.util.LogHelper  : HHH000204: Processing PersistenceUnitInfo [name: default]
2026-10-07T07:20:18.314+09:00  INFO [requestId:] 54762 --- [sc-reference-app] [           main] [                                                 ] o.h.c.internal.RegionFactoryInitiator    : HHH000026: Second-level cache disabled
2026-10-07T07:20:18.320+09:00  INFO [requestId:] 54762 --- [sc-reference-app] [           main] [                                                 ] o.s.o.j.p.SpringPersistenceUnitInfo      : No LoadTimeWeaver setup: ignoring JPA class transformer
2026-10-07T07:20:18.320+09:00  INFO [requestId:] 54762 --- [sc-reference-app] [           main] [                                                 ] org.hibernate.orm.connections.pooling    : HHH10001005: Database info:
	Database JDBC URL [Connecting through datasource 'HikariDataSource (HikariPool-7)']
	Database driver: undefined/unknown
	Database version: 2.3.232
	Autocommit mode: undefined/unknown
	Isolation level: undefined/unknown
	Minimum pool size: undefined/unknown
	Maximum pool size: undefined/unknown
2026-10-07T07:20:18.392+09:00  INFO [requestId:] 54762 --- [sc-reference-app] [           main] [                                                 ] o.h.e.t.j.p.i.JtaPlatformInitiator       : HHH000489: No JTA platform available (set 'hibernate.transaction.jta.platform' to enable JTA platform integration)
2026-10-07T07:20:18.394+09:00  INFO [requestId:] 54762 --- [sc-reference-app] [           main] [                                                 ] j.LocalContainerEntityManagerFactoryBean : Initialized JPA EntityManagerFactory for persistence unit 'default'
2026-10-07T07:20:18.598+09:00  INFO [requestId:] 54762 --- [sc-reference-app] [           main] [                                                 ] o.s.b.a.w.s.WelcomePageHandlerMapping    : Adding welcome page: class path resource [static/index.html]
2026-10-07T07:20:18.651+09:00  INFO [requestId:] 54762 --- [sc-reference-app] [           main] [                                                 ] r$InitializeUserDetailsManagerConfigurer : Global AuthenticationManager configured with UserDetailsService bean with name referenceUsers
2026-10-07T07:20:18.683+09:00  INFO [requestId:] 54762 --- [sc-reference-app] [           main] [                                                 ] o.s.b.a.e.web.EndpointLinksResolver      : Exposing 1 endpoint beneath base path '/actuator'
2026-10-07T07:20:18.722+09:00  INFO [requestId:] 54762 --- [sc-reference-app] [           main] [                                                 ] o.s.b.t.m.w.SpringBootMockServletContext : Initializing Spring TestDispatcherServlet ''
2026-10-07T07:20:18.722+09:00  INFO [requestId:] 54762 --- [sc-reference-app] [           main] [                                                 ] o.s.t.web.servlet.TestDispatcherServlet  : Initializing Servlet ''
2026-10-07T07:20:18.722+09:00  INFO [requestId:] 54762 --- [sc-reference-app] [           main] [                                                 ] o.s.t.web.servlet.TestDispatcherServlet  : Completed initialization in 0 ms
2026-10-07T07:20:18.745+09:00  INFO [requestId:] 54762 --- [sc-reference-app] [           main] [                                                 ] d.s.r.audit.AuditSinkFailureHttpTest     : Started AuditSinkFailureHttpTest in 0.78 seconds (process running for 22.002)
2026-10-07T07:20:18.898+09:00  WARN [requestId:d817ccbc-310d-4a28-b4fe-936f9b58d0e2] 54762 --- [sc-reference-app] [           main] [                                                 ] d.s.a.audit.AuditWriteDiagnostics        : Security audit write failed; reasonCode=AUDIT_SINK_FAILURE
[INFO] Tests run: 1, Failures: 0, Errors: 0, Skipped: 0, Time elapsed: 0.946 s -- in dev.scframework.reference.audit.AuditSinkFailureHttpTest
[INFO] Running dev.scframework.reference.audit.AuditControllerTest
2026-10-07T07:20:18.909+09:00  INFO [requestId:] 54762 --- [sc-reference-app] [           main] [                                                 ] t.c.s.AnnotationConfigContextLoaderUtils : Could not detect default configuration classes for test class [dev.scframework.reference.audit.AuditControllerTest]: AuditControllerTest does not declare any static, non-private, non-final, nested classes annotated with @Configuration.
2026-10-07T07:20:18.911+09:00  INFO [requestId:] 54762 --- [sc-reference-app] [           main] [                                                 ] .b.t.c.SpringBootTestContextBootstrapper : Found @SpringBootConfiguration dev.scframework.reference.ReferenceApplication for test class dev.scframework.reference.audit.AuditControllerTest

  .   ____          _            __ _ _
 /\\ / ___'_ __ _ _(_)_ __  __ _ \ \ \ \
( ( )\___ | '_ | '_| | '_ \/ _` | \ \ \ \
 \\/  ___)| |_)| | | | | || (_| |  ) ) ) )
  '  |____| .__|_| |_|_| |_\__, | / / / /
 =========|_|==============|___/=/_/_/_/

 :: Spring Boot ::               (v3.5.16)

2026-10-07T07:20:18.933+09:00  INFO [requestId:] 54762 --- [sc-reference-app] [           main] [                                                 ] d.s.reference.audit.AuditControllerTest  : Starting AuditControllerTest using Java 21.0.11 with PID 54762 (started by dk in /Users/dk/Work/ScFramework/backend/reference-app)
2026-10-07T07:20:18.933+09:00  INFO [requestId:] 54762 --- [sc-reference-app] [           main] [                                                 ] d.s.reference.audit.AuditControllerTest  : The following 1 profile is active: "dev"
2026-10-07T07:20:19.127+09:00  INFO [requestId:] 54762 --- [sc-reference-app] [           main] [                                                 ] .s.d.r.c.RepositoryConfigurationDelegate : Bootstrapping Spring Data JPA repositories in DEFAULT mode.
2026-10-07T07:20:19.139+09:00  INFO [requestId:] 54762 --- [sc-reference-app] [           main] [                                                 ] .s.d.r.c.RepositoryConfigurationDelegate : Finished Spring Data repository scanning in 10 ms. Found 18 JPA repository interfaces.
2026-10-07T07:20:19.159+09:00  INFO [requestId:] 54762 --- [sc-reference-app] [           main] [                                                 ] o.s.cloud.context.scope.GenericScope     : BeanFactory id=e34d93b3-39c6-3ddb-919d-f6f7f97b975b
2026-10-07T07:20:19.189+09:00  INFO [requestId:] 54762 --- [sc-reference-app] [           main] [                                                 ] com.zaxxer.hikari.HikariDataSource       : HikariPool-8 - Starting...
2026-10-07T07:20:19.190+09:00  INFO [requestId:] 54762 --- [sc-reference-app] [           main] [                                                 ] com.zaxxer.hikari.pool.HikariPool        : HikariPool-8 - Added connection conn57: url=jdbc:h2:mem:reference-audit-sc-reference-audit-1207077452548234201 user=SA
2026-10-07T07:20:19.191+09:00  INFO [requestId:] 54762 --- [sc-reference-app] [           main] [                                                 ] com.zaxxer.hikari.HikariDataSource       : HikariPool-8 - Start completed.
2026-10-07T07:20:19.191+09:00  INFO [requestId:] 54762 --- [sc-reference-app] [           main] [                                                 ] org.flywaydb.core.FlywayExecutor         : Database: jdbc:h2:mem:reference-audit-sc-reference-audit-1207077452548234201 (H2 2.3)
2026-10-07T07:20:19.193+09:00  INFO [requestId:] 54762 --- [sc-reference-app] [           main] [                                                 ] o.f.c.i.s.JdbcTableSchemaHistory         : Schema history table "PUBLIC"."flyway_schema_history" does not exist yet
2026-10-07T07:20:19.194+09:00  INFO [requestId:] 54762 --- [sc-reference-app] [           main] [                                                 ] o.f.core.internal.command.DbValidate     : Successfully validated 5 migrations (execution time 00:00.001s)
2026-10-07T07:20:19.194+09:00  INFO [requestId:] 54762 --- [sc-reference-app] [           main] [                                                 ] o.f.c.i.s.JdbcTableSchemaHistory         : Creating Schema History table "PUBLIC"."flyway_schema_history" ...
2026-10-07T07:20:19.196+09:00  INFO [requestId:] 54762 --- [sc-reference-app] [           main] [                                                 ] o.f.core.internal.command.DbMigrate      : Current version of schema "PUBLIC": << Empty Schema >>
2026-10-07T07:20:19.197+09:00  INFO [requestId:] 54762 --- [sc-reference-app] [           main] [                                                 ] o.f.core.internal.command.DbMigrate      : Migrating schema "PUBLIC" to version "1 - example baseline"
2026-10-07T07:20:19.200+09:00  INFO [requestId:] 54762 --- [sc-reference-app] [           main] [                                                 ] o.f.core.internal.command.DbMigrate      : Migrating schema "PUBLIC" to version "2 - requirements baseline"
2026-10-07T07:20:19.204+09:00  INFO [requestId:] 54762 --- [sc-reference-app] [           main] [                                                 ] o.f.core.internal.command.DbMigrate      : Migrating schema "PUBLIC" to version "3 - security audit"
2026-10-07T07:20:19.207+09:00  INFO [requestId:] 54762 --- [sc-reference-app] [           main] [                                                 ] o.f.core.internal.command.DbMigrate      : Migrating schema "PUBLIC" to version "4 - media and files"
2026-10-07T07:20:19.214+09:00  INFO [requestId:] 54762 --- [sc-reference-app] [           main] [                                                 ] o.f.core.internal.command.DbMigrate      : Migrating schema "PUBLIC" to version "5 - kanban and documents"
2026-10-07T07:20:19.216+09:00  INFO [requestId:] 54762 --- [sc-reference-app] [           main] [                                                 ] o.f.core.internal.command.DbMigrate      : Successfully applied 5 migrations to schema "PUBLIC", now at version v5 (execution time 00:00.009s)
2026-10-07T07:20:19.225+09:00  INFO [requestId:] 54762 --- [sc-reference-app] [           main] [                                                 ] o.hibernate.jpa.internal.util.LogHelper  : HHH000204: Processing PersistenceUnitInfo [name: default]
2026-10-07T07:20:19.226+09:00  INFO [requestId:] 54762 --- [sc-reference-app] [           main] [                                                 ] o.h.c.internal.RegionFactoryInitiator    : HHH000026: Second-level cache disabled
2026-10-07T07:20:19.229+09:00  INFO [requestId:] 54762 --- [sc-reference-app] [           main] [                                                 ] o.s.o.j.p.SpringPersistenceUnitInfo      : No LoadTimeWeaver setup: ignoring JPA class transformer
2026-10-07T07:20:19.229+09:00  INFO [requestId:] 54762 --- [sc-reference-app] [           main] [                                                 ] org.hibernate.orm.connections.pooling    : HHH10001005: Database info:
	Database JDBC URL [Connecting through datasource 'HikariDataSource (HikariPool-8)']
	Database driver: undefined/unknown
	Database version: 2.3.232
	Autocommit mode: undefined/unknown
	Isolation level: undefined/unknown
	Minimum pool size: undefined/unknown
	Maximum pool size: undefined/unknown
2026-10-07T07:20:19.271+09:00  INFO [requestId:] 54762 --- [sc-reference-app] [           main] [                                                 ] o.h.e.t.j.p.i.JtaPlatformInitiator       : HHH000489: No JTA platform available (set 'hibernate.transaction.jta.platform' to enable JTA platform integration)
2026-10-07T07:20:19.272+09:00  INFO [requestId:] 54762 --- [sc-reference-app] [           main] [                                                 ] j.LocalContainerEntityManagerFactoryBean : Initialized JPA EntityManagerFactory for persistence unit 'default'
2026-10-07T07:20:19.406+09:00  INFO [requestId:] 54762 --- [sc-reference-app] [           main] [                                                 ] o.s.b.a.w.s.WelcomePageHandlerMapping    : Adding welcome page: class path resource [static/index.html]
2026-10-07T07:20:19.447+09:00  INFO [requestId:] 54762 --- [sc-reference-app] [           main] [                                                 ] r$InitializeUserDetailsManagerConfigurer : Global AuthenticationManager configured with UserDetailsService bean with name referenceUsers
2026-10-07T07:20:19.471+09:00  INFO [requestId:] 54762 --- [sc-reference-app] [           main] [                                                 ] o.s.b.a.e.web.EndpointLinksResolver      : Exposing 1 endpoint beneath base path '/actuator'
2026-10-07T07:20:19.512+09:00  INFO [requestId:] 54762 --- [sc-reference-app] [           main] [                                                 ] o.s.b.t.m.w.SpringBootMockServletContext : Initializing Spring TestDispatcherServlet ''
2026-10-07T07:20:19.512+09:00  INFO [requestId:] 54762 --- [sc-reference-app] [           main] [                                                 ] o.s.t.web.servlet.TestDispatcherServlet  : Initializing Servlet ''
2026-10-07T07:20:19.513+09:00  INFO [requestId:] 54762 --- [sc-reference-app] [           main] [                                                 ] o.s.t.web.servlet.TestDispatcherServlet  : Completed initialization in 1 ms
2026-10-07T07:20:19.531+09:00  INFO [requestId:] 54762 --- [sc-reference-app] [           main] [                                                 ] d.s.reference.audit.AuditControllerTest  : Started AuditControllerTest in 0.618 seconds (process running for 22.788)
2026-10-07T07:20:19.977+09:00  INFO [requestId:ce02bcee-4461-4edd-846e-81b036c1e9b2] 54762 --- [sc-reference-app] [           main] [                                                 ] o.springdoc.api.AbstractOpenApiResource  : Init duration for springdoc-openapi is: 309 ms
[INFO] Tests run: 4, Failures: 0, Errors: 0, Skipped: 0, Time elapsed: 1.142 s -- in dev.scframework.reference.audit.AuditControllerTest
[INFO] Running dev.scframework.reference.kanban.KanbanIntegrationTest
2026-10-07T07:20:20.052+09:00  INFO [requestId:] 54762 --- [sc-reference-app] [           main] [                                                 ] t.c.s.AnnotationConfigContextLoaderUtils : Could not detect default configuration classes for test class [dev.scframework.reference.kanban.KanbanIntegrationTest]: KanbanIntegrationTest does not declare any static, non-private, non-final, nested classes annotated with @Configuration.
2026-10-07T07:20:20.057+09:00  INFO [requestId:] 54762 --- [sc-reference-app] [           main] [                                                 ] .b.t.c.SpringBootTestContextBootstrapper : Found @SpringBootConfiguration dev.scframework.reference.ReferenceApplication for test class dev.scframework.reference.kanban.KanbanIntegrationTest
2026-10-07T07:20:23.549+09:00  WARN [requestId:b3f9aa44-f5dc-41d2-a6ef-75af903f1226] 54762 --- [sc-reference-app] [           main] [                                                 ] o.h.engine.jdbc.spi.SqlExceptionHelper   : SQL Error: 23513, SQLState: 23513
2026-10-07T07:20:23.549+09:00 ERROR [requestId:b3f9aa44-f5dc-41d2-a6ef-75af903f1226] 54762 --- [sc-reference-app] [           main] [                                                 ] o.h.engine.jdbc.spi.SqlExceptionHelper   : Check constraint violation: "SYNTHETIC_REJECT: "; SQL statement:
insert into kanban_task (assignee_id,author_id,board_id,command_sequence,completed_at,created_at,description,due_date,position,priority,revision,status,tags_json,title,updated_at,id) values (?,?,?,?,?,?,?,?,?,?,?,?,?,?,?,default) [23513-232]
[INFO] Tests run: 13, Failures: 0, Errors: 0, Skipped: 0, Time elapsed: 4.434 s -- in dev.scframework.reference.kanban.KanbanIntegrationTest
[INFO] Running dev.scframework.reference.ReferenceIntegrationTest
2026-10-07T07:20:24.487+09:00  INFO [requestId:] 54762 --- [sc-reference-app] [           main] [                                                 ] t.c.s.AnnotationConfigContextLoaderUtils : Could not detect default configuration classes for test class [dev.scframework.reference.ReferenceIntegrationTest]: ReferenceIntegrationTest does not declare any static, non-private, non-final, nested classes annotated with @Configuration.
2026-10-07T07:20:24.491+09:00  INFO [requestId:] 54762 --- [sc-reference-app] [           main] [                                                 ] .b.t.c.SpringBootTestContextBootstrapper : Found @SpringBootConfiguration dev.scframework.reference.ReferenceApplication for test class dev.scframework.reference.ReferenceIntegrationTest

  .   ____          _            __ _ _
 /\\ / ___'_ __ _ _(_)_ __  __ _ \ \ \ \
( ( )\___ | '_ | '_| | '_ \/ _` | \ \ \ \
 \\/  ___)| |_)| | | | | || (_| |  ) ) ) )
  '  |____| .__|_| |_|_| |_\__, | / / / /
 =========|_|==============|___/=/_/_/_/

 :: Spring Boot ::               (v3.5.16)

2026-10-07T07:20:24.525+09:00  INFO [requestId:] 54762 --- [sc-reference-app] [           main] [                                                 ] d.s.reference.ReferenceIntegrationTest   : Starting ReferenceIntegrationTest using Java 21.0.11 with PID 54762 (started by dk in /Users/dk/Work/ScFramework/backend/reference-app)
2026-10-07T07:20:24.525+09:00  INFO [requestId:] 54762 --- [sc-reference-app] [           main] [                                                 ] d.s.reference.ReferenceIntegrationTest   : The following 1 profile is active: "dev"
2026-10-07T07:20:24.633+09:00  INFO [requestId:] 54762 --- [sc-reference-app] [           main] [                                                 ] .s.d.r.c.RepositoryConfigurationDelegate : Bootstrapping Spring Data JPA repositories in DEFAULT mode.
2026-10-07T07:20:24.640+09:00  INFO [requestId:] 54762 --- [sc-reference-app] [           main] [                                                 ] .s.d.r.c.RepositoryConfigurationDelegate : Finished Spring Data repository scanning in 6 ms. Found 18 JPA repository interfaces.
2026-10-07T07:20:24.654+09:00  INFO [requestId:] 54762 --- [sc-reference-app] [           main] [                                                 ] o.s.cloud.context.scope.GenericScope     : BeanFactory id=d21b9900-0f71-339d-93a2-4ae2cc2b38a4
2026-10-07T07:20:24.709+09:00  INFO [requestId:] 54762 --- [sc-reference-app] [           main] [                                                 ] o.s.b.w.embedded.tomcat.TomcatWebServer  : Tomcat initialized with port 0 (http)
2026-10-07T07:20:24.714+09:00  INFO [requestId:] 54762 --- [sc-reference-app] [           main] [                                                 ] o.apache.catalina.core.StandardService   : Starting service [Tomcat]
2026-10-07T07:20:24.714+09:00  INFO [requestId:] 54762 --- [sc-reference-app] [           main] [                                                 ] o.apache.catalina.core.StandardEngine    : Starting Servlet engine: [Apache Tomcat/10.1.55]
2026-10-07T07:20:24.737+09:00  INFO [requestId:] 54762 --- [sc-reference-app] [           main] [                                                 ] o.a.c.c.C.[Tomcat].[localhost].[/]       : Initializing Spring embedded WebApplicationContext
2026-10-07T07:20:24.737+09:00  INFO [requestId:] 54762 --- [sc-reference-app] [           main] [                                                 ] w.s.c.ServletWebServerApplicationContext : Root WebApplicationContext: initialization completed in 211 ms
2026-10-07T07:20:24.770+09:00  INFO [requestId:] 54762 --- [sc-reference-app] [           main] [                                                 ] com.zaxxer.hikari.HikariDataSource       : HikariPool-9 - Starting...
2026-10-07T07:20:24.771+09:00  INFO [requestId:] 54762 --- [sc-reference-app] [           main] [                                                 ] com.zaxxer.hikari.pool.HikariPool        : HikariPool-9 - Added connection conn62: url=jdbc:h2:mem:reference-9580905e-466c-468a-bf1c-984cf6696ecc user=SA
2026-10-07T07:20:24.771+09:00  INFO [requestId:] 54762 --- [sc-reference-app] [           main] [                                                 ] com.zaxxer.hikari.HikariDataSource       : HikariPool-9 - Start completed.
2026-10-07T07:20:24.772+09:00  INFO [requestId:] 54762 --- [sc-reference-app] [           main] [                                                 ] org.flywaydb.core.FlywayExecutor         : Database: jdbc:h2:mem:reference-9580905e-466c-468a-bf1c-984cf6696ecc (H2 2.3)
2026-10-07T07:20:24.773+09:00  INFO [requestId:] 54762 --- [sc-reference-app] [           main] [                                                 ] o.f.c.i.s.JdbcTableSchemaHistory         : Schema history table "PUBLIC"."flyway_schema_history" does not exist yet
2026-10-07T07:20:24.773+09:00  INFO [requestId:] 54762 --- [sc-reference-app] [           main] [                                                 ] o.f.core.internal.command.DbValidate     : Successfully validated 5 migrations (execution time 00:00.000s)
2026-10-07T07:20:24.774+09:00  INFO [requestId:] 54762 --- [sc-reference-app] [           main] [                                                 ] o.f.c.i.s.JdbcTableSchemaHistory         : Creating Schema History table "PUBLIC"."flyway_schema_history" ...
2026-10-07T07:20:24.776+09:00  INFO [requestId:] 54762 --- [sc-reference-app] [           main] [                                                 ] o.f.core.internal.command.DbMigrate      : Current version of schema "PUBLIC": << Empty Schema >>
2026-10-07T07:20:24.776+09:00  INFO [requestId:] 54762 --- [sc-reference-app] [           main] [                                                 ] o.f.core.internal.command.DbMigrate      : Migrating schema "PUBLIC" to version "1 - example baseline"
2026-10-07T07:20:24.778+09:00  INFO [requestId:] 54762 --- [sc-reference-app] [           main] [                                                 ] o.f.core.internal.command.DbMigrate      : Migrating schema "PUBLIC" to version "2 - requirements baseline"
2026-10-07T07:20:24.780+09:00  INFO [requestId:] 54762 --- [sc-reference-app] [           main] [                                                 ] o.f.core.internal.command.DbMigrate      : Migrating schema "PUBLIC" to version "3 - security audit"
2026-10-07T07:20:24.782+09:00  INFO [requestId:] 54762 --- [sc-reference-app] [           main] [                                                 ] o.f.core.internal.command.DbMigrate      : Migrating schema "PUBLIC" to version "4 - media and files"
2026-10-07T07:20:24.785+09:00  INFO [requestId:] 54762 --- [sc-reference-app] [           main] [                                                 ] o.f.core.internal.command.DbMigrate      : Migrating schema "PUBLIC" to version "5 - kanban and documents"
2026-10-07T07:20:24.787+09:00  INFO [requestId:] 54762 --- [sc-reference-app] [           main] [                                                 ] o.f.core.internal.command.DbMigrate      : Successfully applied 5 migrations to schema "PUBLIC", now at version v5 (execution time 00:00.004s)
2026-10-07T07:20:24.793+09:00  INFO [requestId:] 54762 --- [sc-reference-app] [           main] [                                                 ] o.hibernate.jpa.internal.util.LogHelper  : HHH000204: Processing PersistenceUnitInfo [name: default]
2026-10-07T07:20:24.793+09:00  INFO [requestId:] 54762 --- [sc-reference-app] [           main] [                                                 ] o.h.c.internal.RegionFactoryInitiator    : HHH000026: Second-level cache disabled
2026-10-07T07:20:24.796+09:00  INFO [requestId:] 54762 --- [sc-reference-app] [           main] [                                                 ] o.s.o.j.p.SpringPersistenceUnitInfo      : No LoadTimeWeaver setup: ignoring JPA class transformer
2026-10-07T07:20:24.797+09:00  INFO [requestId:] 54762 --- [sc-reference-app] [           main] [                                                 ] org.hibernate.orm.connections.pooling    : HHH10001005: Database info:
	Database JDBC URL [Connecting through datasource 'HikariDataSource (HikariPool-9)']
	Database driver: undefined/unknown
	Database version: 2.3.232
	Autocommit mode: undefined/unknown
	Isolation level: undefined/unknown
	Minimum pool size: undefined/unknown
	Maximum pool size: undefined/unknown
2026-10-07T07:20:24.825+09:00  INFO [requestId:] 54762 --- [sc-reference-app] [           main] [                                                 ] o.h.e.t.j.p.i.JtaPlatformInitiator       : HHH000489: No JTA platform available (set 'hibernate.transaction.jta.platform' to enable JTA platform integration)
2026-10-07T07:20:24.826+09:00  INFO [requestId:] 54762 --- [sc-reference-app] [           main] [                                                 ] j.LocalContainerEntityManagerFactoryBean : Initialized JPA EntityManagerFactory for persistence unit 'default'
2026-10-07T07:20:24.903+09:00  INFO [requestId:] 54762 --- [sc-reference-app] [           main] [                                                 ] o.s.b.a.w.s.WelcomePageHandlerMapping    : Adding welcome page: class path resource [static/index.html]
2026-10-07T07:20:24.929+09:00  INFO [requestId:] 54762 --- [sc-reference-app] [           main] [                                                 ] r$InitializeUserDetailsManagerConfigurer : Global AuthenticationManager configured with UserDetailsService bean with name referenceUsers
2026-10-07T07:20:24.939+09:00  INFO [requestId:] 54762 --- [sc-reference-app] [           main] [                                                 ] o.s.b.a.e.web.EndpointLinksResolver      : Exposing 1 endpoint beneath base path '/actuator'
2026-10-07T07:20:24.957+09:00  INFO [requestId:] 54762 --- [sc-reference-app] [           main] [                                                 ] o.a.c.c.C.[Tomcat].[localhost].[/]       : Initializing Spring TestDispatcherServlet ''
2026-10-07T07:20:24.957+09:00  INFO [requestId:] 54762 --- [sc-reference-app] [           main] [                                                 ] o.s.t.web.servlet.TestDispatcherServlet  : Initializing Servlet ''
2026-10-07T07:20:24.957+09:00  INFO [requestId:] 54762 --- [sc-reference-app] [           main] [                                                 ] o.s.t.web.servlet.TestDispatcherServlet  : Completed initialization in 0 ms
2026-10-07T07:20:25.029+09:00  INFO [requestId:] 54762 --- [sc-reference-app] [           main] [                                                 ] o.s.b.w.embedded.tomcat.TomcatWebServer  : Tomcat started on port 65356 (http) with context path '/'
2026-10-07T07:20:25.034+09:00  INFO [requestId:] 54762 --- [sc-reference-app] [           main] [                                                 ] d.s.reference.ReferenceIntegrationTest   : Started ReferenceIntegrationTest in 0.53 seconds (process running for 28.291)
2026-10-07T07:20:25.262+09:00  INFO [requestId:1729f5ed-b137-4c24-90c3-d42034e3c390] 54762 --- [sc-reference-app] [           main] [                                                 ] o.springdoc.api.AbstractOpenApiResource  : Init duration for springdoc-openapi is: 156 ms
[INFO] Tests run: 10, Failures: 0, Errors: 0, Skipped: 0, Time elapsed: 2.726 s -- in dev.scframework.reference.ReferenceIntegrationTest
[INFO] Running dev.scframework.reference.documents.DocumentIntegrationTest
2026-10-07T07:20:27.213+09:00  INFO [requestId:] 54762 --- [sc-reference-app] [           main] [                                                 ] t.c.s.AnnotationConfigContextLoaderUtils : Could not detect default configuration classes for test class [dev.scframework.reference.documents.DocumentIntegrationTest]: DocumentIntegrationTest does not declare any static, non-private, non-final, nested classes annotated with @Configuration.
2026-10-07T07:20:27.217+09:00  INFO [requestId:] 54762 --- [sc-reference-app] [           main] [                                                 ] .b.t.c.SpringBootTestContextBootstrapper : Found @SpringBootConfiguration dev.scframework.reference.ReferenceApplication for test class dev.scframework.reference.documents.DocumentIntegrationTest
[INFO] Tests run: 5, Failures: 0, Errors: 0, Skipped: 0, Time elapsed: 1.550 s -- in dev.scframework.reference.documents.DocumentIntegrationTest
[INFO] Running dev.scframework.reference.documents.DocumentGrammarTest
[INFO] Tests run: 6, Failures: 0, Errors: 0, Skipped: 0, Time elapsed: 0.062 s -- in dev.scframework.reference.documents.DocumentGrammarTest
[INFO] Running dev.scframework.reference.reports.RequirementReportIntegrationTest
2026-10-07T07:20:28.831+09:00  INFO [requestId:] 54762 --- [sc-reference-app] [           main] [                                                 ] .b.t.c.SpringBootTestContextBootstrapper : Found @SpringBootConfiguration dev.scframework.reference.ReferenceApplication for test class dev.scframework.reference.reports.RequirementReportIntegrationTest

  .   ____          _            __ _ _
 /\\ / ___'_ __ _ _(_)_ __  __ _ \ \ \ \
( ( )\___ | '_ | '_| | '_ \/ _` | \ \ \ \
 \\/  ___)| |_)| | | | | || (_| |  ) ) ) )
  '  |____| .__|_| |_|_| |_\__, | / / / /
 =========|_|==============|___/=/_/_/_/

 :: Spring Boot ::               (v3.5.16)

2026-10-07T07:20:28.844+09:00  INFO [requestId:] 54762 --- [sc-reference-app] [           main] [                                                 ] d.s.r.r.RequirementReportIntegrationTest : Starting RequirementReportIntegrationTest using Java 21.0.11 with PID 54762 (started by dk in /Users/dk/Work/ScFramework/backend/reference-app)
2026-10-07T07:20:28.844+09:00  INFO [requestId:] 54762 --- [sc-reference-app] [           main] [                                                 ] d.s.r.r.RequirementReportIntegrationTest : The following 1 profile is active: "dev"
2026-10-07T07:20:28.919+09:00  INFO [requestId:] 54762 --- [sc-reference-app] [           main] [                                                 ] .s.d.r.c.RepositoryConfigurationDelegate : Bootstrapping Spring Data JPA repositories in DEFAULT mode.
2026-10-07T07:20:28.927+09:00  INFO [requestId:] 54762 --- [sc-reference-app] [           main] [                                                 ] .s.d.r.c.RepositoryConfigurationDelegate : Finished Spring Data repository scanning in 7 ms. Found 18 JPA repository interfaces.
2026-10-07T07:20:28.937+09:00  INFO [requestId:] 54762 --- [sc-reference-app] [           main] [                                                 ] o.s.cloud.context.scope.GenericScope     : BeanFactory id=6071cfcb-0522-3786-8c79-9e1761b7afac
2026-10-07T07:20:28.951+09:00  INFO [requestId:] 54762 --- [sc-reference-app] [           main] [                                                 ] com.zaxxer.hikari.HikariDataSource       : HikariPool-10 - Starting...
2026-10-07T07:20:28.952+09:00  INFO [requestId:] 54762 --- [sc-reference-app] [           main] [                                                 ] com.zaxxer.hikari.pool.HikariPool        : HikariPool-10 - Added connection conn67: url=jdbc:h2:mem:reports-sc-report-009-10408181774818882881 user=SA
2026-10-07T07:20:28.952+09:00  INFO [requestId:] 54762 --- [sc-reference-app] [           main] [                                                 ] com.zaxxer.hikari.HikariDataSource       : HikariPool-10 - Start completed.
2026-10-07T07:20:28.952+09:00  INFO [requestId:] 54762 --- [sc-reference-app] [           main] [                                                 ] org.flywaydb.core.FlywayExecutor         : Database: jdbc:h2:mem:reports-sc-report-009-10408181774818882881 (H2 2.3)
2026-10-07T07:20:28.953+09:00  INFO [requestId:] 54762 --- [sc-reference-app] [           main] [                                                 ] o.f.c.i.s.JdbcTableSchemaHistory         : Schema history table "PUBLIC"."flyway_schema_history" does not exist yet
2026-10-07T07:20:28.953+09:00  INFO [requestId:] 54762 --- [sc-reference-app] [           main] [                                                 ] o.f.core.internal.command.DbValidate     : Successfully validated 5 migrations (execution time 00:00.000s)
2026-10-07T07:20:28.954+09:00  INFO [requestId:] 54762 --- [sc-reference-app] [           main] [                                                 ] o.f.c.i.s.JdbcTableSchemaHistory         : Creating Schema History table "PUBLIC"."flyway_schema_history" ...
2026-10-07T07:20:28.955+09:00  INFO [requestId:] 54762 --- [sc-reference-app] [           main] [                                                 ] o.f.core.internal.command.DbMigrate      : Current version of schema "PUBLIC": << Empty Schema >>
2026-10-07T07:20:28.955+09:00  INFO [requestId:] 54762 --- [sc-reference-app] [           main] [                                                 ] o.f.core.internal.command.DbMigrate      : Migrating schema "PUBLIC" to version "1 - example baseline"
2026-10-07T07:20:28.956+09:00  INFO [requestId:] 54762 --- [sc-reference-app] [           main] [                                                 ] o.f.core.internal.command.DbMigrate      : Migrating schema "PUBLIC" to version "2 - requirements baseline"
2026-10-07T07:20:28.958+09:00  INFO [requestId:] 54762 --- [sc-reference-app] [           main] [                                                 ] o.f.core.internal.command.DbMigrate      : Migrating schema "PUBLIC" to version "3 - security audit"
2026-10-07T07:20:28.961+09:00  INFO [requestId:] 54762 --- [sc-reference-app] [           main] [                                                 ] o.f.core.internal.command.DbMigrate      : Migrating schema "PUBLIC" to version "4 - media and files"
2026-10-07T07:20:28.965+09:00  INFO [requestId:] 54762 --- [sc-reference-app] [           main] [                                                 ] o.f.core.internal.command.DbMigrate      : Migrating schema "PUBLIC" to version "5 - kanban and documents"
2026-10-07T07:20:28.966+09:00  INFO [requestId:] 54762 --- [sc-reference-app] [           main] [                                                 ] o.f.core.internal.command.DbMigrate      : Successfully applied 5 migrations to schema "PUBLIC", now at version v5 (execution time 00:00.004s)
2026-10-07T07:20:28.972+09:00  INFO [requestId:] 54762 --- [sc-reference-app] [           main] [                                                 ] o.hibernate.jpa.internal.util.LogHelper  : HHH000204: Processing PersistenceUnitInfo [name: default]
2026-10-07T07:20:28.973+09:00  INFO [requestId:] 54762 --- [sc-reference-app] [           main] [                                                 ] o.h.c.internal.RegionFactoryInitiator    : HHH000026: Second-level cache disabled
2026-10-07T07:20:28.975+09:00  INFO [requestId:] 54762 --- [sc-reference-app] [           main] [                                                 ] o.s.o.j.p.SpringPersistenceUnitInfo      : No LoadTimeWeaver setup: ignoring JPA class transformer
2026-10-07T07:20:28.976+09:00  INFO [requestId:] 54762 --- [sc-reference-app] [           main] [                                                 ] org.hibernate.orm.connections.pooling    : HHH10001005: Database info:
	Database JDBC URL [Connecting through datasource 'HikariDataSource (HikariPool-10)']
	Database driver: undefined/unknown
	Database version: 2.3.232
	Autocommit mode: undefined/unknown
	Isolation level: undefined/unknown
	Minimum pool size: undefined/unknown
	Maximum pool size: undefined/unknown
2026-10-07T07:20:29.013+09:00  INFO [requestId:] 54762 --- [sc-reference-app] [           main] [                                                 ] o.h.e.t.j.p.i.JtaPlatformInitiator       : HHH000489: No JTA platform available (set 'hibernate.transaction.jta.platform' to enable JTA platform integration)
2026-10-07T07:20:29.013+09:00  INFO [requestId:] 54762 --- [sc-reference-app] [           main] [                                                 ] j.LocalContainerEntityManagerFactoryBean : Initialized JPA EntityManagerFactory for persistence unit 'default'
2026-10-07T07:20:29.079+09:00  INFO [requestId:] 54762 --- [sc-reference-app] [           main] [                                                 ] o.s.b.a.w.s.WelcomePageHandlerMapping    : Adding welcome page: class path resource [static/index.html]
2026-10-07T07:20:29.097+09:00  INFO [requestId:] 54762 --- [sc-reference-app] [           main] [                                                 ] r$InitializeUserDetailsManagerConfigurer : Global AuthenticationManager configured with UserDetailsService bean with name referenceUsers
2026-10-07T07:20:29.106+09:00  INFO [requestId:] 54762 --- [sc-reference-app] [           main] [                                                 ] o.s.b.a.e.web.EndpointLinksResolver      : Exposing 1 endpoint beneath base path '/actuator'
2026-10-07T07:20:29.123+09:00  INFO [requestId:] 54762 --- [sc-reference-app] [           main] [                                                 ] o.s.b.t.m.w.SpringBootMockServletContext : Initializing Spring TestDispatcherServlet ''
2026-10-07T07:20:29.123+09:00  INFO [requestId:] 54762 --- [sc-reference-app] [           main] [                                                 ] o.s.t.web.servlet.TestDispatcherServlet  : Initializing Servlet ''
2026-10-07T07:20:29.123+09:00  INFO [requestId:] 54762 --- [sc-reference-app] [           main] [                                                 ] o.s.t.web.servlet.TestDispatcherServlet  : Completed initialization in 0 ms
2026-10-07T07:20:29.135+09:00  INFO [requestId:] 54762 --- [sc-reference-app] [           main] [                                                 ] d.s.r.r.RequirementReportIntegrationTest : Started RequirementReportIntegrationTest in 0.303 seconds (process running for 32.392)
2026-10-07T07:20:31.555+09:00  INFO [requestId:39f206be-0620-4a2e-8973-660d06c0fc36] 54762 --- [sc-reference-app] [           main] [                                                 ] o.springdoc.api.AbstractOpenApiResource  : Init duration for springdoc-openapi is: 235 ms
2026-10-07T07:20:32.161+09:00  INFO [requestId:] 54762 --- [sc-reference-app] [           main] [                                                 ] j.LocalContainerEntityManagerFactoryBean : Closing JPA EntityManagerFactory for persistence unit 'default'
2026-10-07T07:20:32.162+09:00  INFO [requestId:] 54762 --- [sc-reference-app] [           main] [                                                 ] com.zaxxer.hikari.HikariDataSource       : HikariPool-10 - Shutdown initiated...
2026-10-07T07:20:32.162+09:00  INFO [requestId:] 54762 --- [sc-reference-app] [           main] [                                                 ] com.zaxxer.hikari.HikariDataSource       : HikariPool-10 - Shutdown completed.
[INFO] Tests run: 10, Failures: 0, Errors: 0, Skipped: 0, Time elapsed: 3.336 s -- in dev.scframework.reference.reports.RequirementReportIntegrationTest
[INFO] Running dev.scframework.reference.media.ImageOrientationTest
[INFO] Tests run: 2, Failures: 0, Errors: 0, Skipped: 0, Time elapsed: 0.002 s -- in dev.scframework.reference.media.ImageOrientationTest
[INFO] Running dev.scframework.reference.media.MediaIntegrationTest
2026-10-07T07:20:32.171+09:00  INFO [requestId:] 54762 --- [sc-reference-app] [           main] [                                                 ] .b.t.c.SpringBootTestContextBootstrapper : Found @SpringBootConfiguration dev.scframework.reference.ReferenceApplication for test class dev.scframework.reference.media.MediaIntegrationTest

  .   ____          _            __ _ _
 /\\ / ___'_ __ _ _(_)_ __  __ _ \ \ \ \
( ( )\___ | '_ | '_| | '_ \/ _` | \ \ \ \
 \\/  ___)| |_)| | | | | || (_| |  ) ) ) )
  '  |____| .__|_| |_|_| |_\__, | / / / /
 =========|_|==============|___/=/_/_/_/

 :: Spring Boot ::               (v3.5.16)

2026-10-07T07:20:32.184+09:00  INFO [requestId:] 54762 --- [sc-reference-app] [           main] [                                                 ] d.s.r.media.MediaIntegrationTest         : Starting MediaIntegrationTest using Java 21.0.11 with PID 54762 (started by dk in /Users/dk/Work/ScFramework/backend/reference-app)
2026-10-07T07:20:32.184+09:00  INFO [requestId:] 54762 --- [sc-reference-app] [           main] [                                                 ] d.s.r.media.MediaIntegrationTest         : The following 1 profile is active: "dev"
2026-10-07T07:20:32.261+09:00  INFO [requestId:] 54762 --- [sc-reference-app] [           main] [                                                 ] .s.d.r.c.RepositoryConfigurationDelegate : Bootstrapping Spring Data JPA repositories in DEFAULT mode.
2026-10-07T07:20:32.268+09:00  INFO [requestId:] 54762 --- [sc-reference-app] [           main] [                                                 ] .s.d.r.c.RepositoryConfigurationDelegate : Finished Spring Data repository scanning in 6 ms. Found 18 JPA repository interfaces.
2026-10-07T07:20:32.280+09:00  INFO [requestId:] 54762 --- [sc-reference-app] [           main] [                                                 ] o.s.cloud.context.scope.GenericScope     : BeanFactory id=623d6a41-4561-33eb-a825-9edb9855eaff
2026-10-07T07:20:32.293+09:00  INFO [requestId:] 54762 --- [sc-reference-app] [           main] [                                                 ] com.zaxxer.hikari.HikariDataSource       : HikariPool-11 - Starting...
2026-10-07T07:20:32.293+09:00  INFO [requestId:] 54762 --- [sc-reference-app] [           main] [                                                 ] com.zaxxer.hikari.pool.HikariPool        : HikariPool-11 - Added connection conn72: url=jdbc:h2:mem:media-sc-media-tests-17591746712771699429 user=SA
2026-10-07T07:20:32.293+09:00  INFO [requestId:] 54762 --- [sc-reference-app] [           main] [                                                 ] com.zaxxer.hikari.HikariDataSource       : HikariPool-11 - Start completed.
2026-10-07T07:20:32.294+09:00  INFO [requestId:] 54762 --- [sc-reference-app] [           main] [                                                 ] org.flywaydb.core.FlywayExecutor         : Database: jdbc:h2:mem:media-sc-media-tests-17591746712771699429 (H2 2.3)
2026-10-07T07:20:32.295+09:00  INFO [requestId:] 54762 --- [sc-reference-app] [           main] [                                                 ] o.f.c.i.s.JdbcTableSchemaHistory         : Schema history table "PUBLIC"."flyway_schema_history" does not exist yet
2026-10-07T07:20:32.295+09:00  INFO [requestId:] 54762 --- [sc-reference-app] [           main] [                                                 ] o.f.core.internal.command.DbValidate     : Successfully validated 5 migrations (execution time 00:00.000s)
2026-10-07T07:20:32.295+09:00  INFO [requestId:] 54762 --- [sc-reference-app] [           main] [                                                 ] o.f.c.i.s.JdbcTableSchemaHistory         : Creating Schema History table "PUBLIC"."flyway_schema_history" ...
2026-10-07T07:20:32.296+09:00  INFO [requestId:] 54762 --- [sc-reference-app] [           main] [                                                 ] o.f.core.internal.command.DbMigrate      : Current version of schema "PUBLIC": << Empty Schema >>
2026-10-07T07:20:32.297+09:00  INFO [requestId:] 54762 --- [sc-reference-app] [           main] [                                                 ] o.f.core.internal.command.DbMigrate      : Migrating schema "PUBLIC" to version "1 - example baseline"
2026-10-07T07:20:32.298+09:00  INFO [requestId:] 54762 --- [sc-reference-app] [           main] [                                                 ] o.f.core.internal.command.DbMigrate      : Migrating schema "PUBLIC" to version "2 - requirements baseline"
2026-10-07T07:20:32.299+09:00  INFO [requestId:] 54762 --- [sc-reference-app] [           main] [                                                 ] o.f.core.internal.command.DbMigrate      : Migrating schema "PUBLIC" to version "3 - security audit"
2026-10-07T07:20:32.301+09:00  INFO [requestId:] 54762 --- [sc-reference-app] [           main] [                                                 ] o.f.core.internal.command.DbMigrate      : Migrating schema "PUBLIC" to version "4 - media and files"
2026-10-07T07:20:32.303+09:00  INFO [requestId:] 54762 --- [sc-reference-app] [           main] [                                                 ] o.f.core.internal.command.DbMigrate      : Migrating schema "PUBLIC" to version "5 - kanban and documents"
2026-10-07T07:20:32.303+09:00  INFO [requestId:] 54762 --- [sc-reference-app] [           main] [                                                 ] o.f.core.internal.command.DbMigrate      : Successfully applied 5 migrations to schema "PUBLIC", now at version v5 (execution time 00:00.001s)
2026-10-07T07:20:32.308+09:00  INFO [requestId:] 54762 --- [sc-reference-app] [           main] [                                                 ] o.hibernate.jpa.internal.util.LogHelper  : HHH000204: Processing PersistenceUnitInfo [name: default]
2026-10-07T07:20:32.309+09:00  INFO [requestId:] 54762 --- [sc-reference-app] [           main] [                                                 ] o.h.c.internal.RegionFactoryInitiator    : HHH000026: Second-level cache disabled
2026-10-07T07:20:32.311+09:00  INFO [requestId:] 54762 --- [sc-reference-app] [           main] [                                                 ] o.s.o.j.p.SpringPersistenceUnitInfo      : No LoadTimeWeaver setup: ignoring JPA class transformer
2026-10-07T07:20:32.312+09:00  INFO [requestId:] 54762 --- [sc-reference-app] [           main] [                                                 ] org.hibernate.orm.connections.pooling    : HHH10001005: Database info:
	Database JDBC URL [Connecting through datasource 'HikariDataSource (HikariPool-11)']
	Database driver: undefined/unknown
	Database version: 2.3.232
	Autocommit mode: undefined/unknown
	Isolation level: undefined/unknown
	Minimum pool size: undefined/unknown
	Maximum pool size: undefined/unknown
2026-10-07T07:20:32.333+09:00  INFO [requestId:] 54762 --- [sc-reference-app] [           main] [                                                 ] o.h.e.t.j.p.i.JtaPlatformInitiator       : HHH000489: No JTA platform available (set 'hibernate.transaction.jta.platform' to enable JTA platform integration)
2026-10-07T07:20:32.334+09:00  INFO [requestId:] 54762 --- [sc-reference-app] [           main] [                                                 ] j.LocalContainerEntityManagerFactoryBean : Initialized JPA EntityManagerFactory for persistence unit 'default'
2026-10-07T07:20:32.398+09:00  INFO [requestId:] 54762 --- [sc-reference-app] [           main] [                                                 ] o.s.b.a.w.s.WelcomePageHandlerMapping    : Adding welcome page: class path resource [static/index.html]
2026-10-07T07:20:32.417+09:00  INFO [requestId:] 54762 --- [sc-reference-app] [           main] [                                                 ] r$InitializeUserDetailsManagerConfigurer : Global AuthenticationManager configured with UserDetailsService bean with name referenceUsers
2026-10-07T07:20:32.428+09:00  INFO [requestId:] 54762 --- [sc-reference-app] [           main] [                                                 ] o.s.b.a.e.web.EndpointLinksResolver      : Exposing 1 endpoint beneath base path '/actuator'
2026-10-07T07:20:32.445+09:00  INFO [requestId:] 54762 --- [sc-reference-app] [           main] [                                                 ] o.s.b.t.m.w.SpringBootMockServletContext : Initializing Spring TestDispatcherServlet ''
2026-10-07T07:20:32.445+09:00  INFO [requestId:] 54762 --- [sc-reference-app] [           main] [                                                 ] o.s.t.web.servlet.TestDispatcherServlet  : Initializing Servlet ''
2026-10-07T07:20:32.446+09:00  INFO [requestId:] 54762 --- [sc-reference-app] [           main] [                                                 ] o.s.t.web.servlet.TestDispatcherServlet  : Completed initialization in 1 ms
2026-10-07T07:20:32.457+09:00  INFO [requestId:] 54762 --- [sc-reference-app] [           main] [                                                 ] d.s.r.media.MediaIntegrationTest         : Started MediaIntegrationTest in 0.284 seconds (process running for 35.714)
2026-10-07T07:20:35.663+09:00  WARN [requestId:bcfe66fb-efb1-4fdf-9934-06764221467f] 54762 --- [sc-reference-app] [           main] [                                                 ] d.s.a.storage.FileStorageTransactions    : File storage cleanup failed; operational counter incremented
2026-10-07T07:20:37.151+09:00  INFO [requestId:7b7d984f-efef-48fd-bf55-3322f06557df] 54762 --- [sc-reference-app] [           main] [                                                 ] o.springdoc.api.AbstractOpenApiResource  : Init duration for springdoc-openapi is: 126 ms
[INFO] Tests run: 10, Failures: 0, Errors: 0, Skipped: 0, Time elapsed: 4.991 s -- in dev.scframework.reference.media.MediaIntegrationTest
[INFO] Running dev.scframework.reference.media.MediaMigrationTest
2026-10-07T07:20:37.162+09:00  INFO [requestId:] 54762 --- [sc-reference-app] [           main] [                                                 ] org.flywaydb.core.FlywayExecutor         : Database: jdbc:h2:file:/var/folders/8k/rv4bxj0115g929lrxwybv_r80000gn/T/junit-9725601890937179441/upgrade (H2 2.3)
2026-10-07T07:20:37.163+09:00  INFO [requestId:] 54762 --- [sc-reference-app] [           main] [                                                 ] o.f.c.i.s.JdbcTableSchemaHistory         : Schema history table "PUBLIC"."flyway_schema_history" does not exist yet
2026-10-07T07:20:37.163+09:00  INFO [requestId:] 54762 --- [sc-reference-app] [           main] [                                                 ] o.f.core.internal.command.DbValidate     : Successfully validated 5 migrations (execution time 00:00.000s)
2026-10-07T07:20:37.163+09:00  INFO [requestId:] 54762 --- [sc-reference-app] [           main] [                                                 ] o.f.c.i.s.JdbcTableSchemaHistory         : Creating Schema History table "PUBLIC"."flyway_schema_history" ...
2026-10-07T07:20:37.164+09:00  INFO [requestId:] 54762 --- [sc-reference-app] [           main] [                                                 ] o.f.core.internal.command.DbMigrate      : Current version of schema "PUBLIC": << Empty Schema >>
2026-10-07T07:20:37.164+09:00  INFO [requestId:] 54762 --- [sc-reference-app] [           main] [                                                 ] o.f.core.internal.command.DbMigrate      : Migrating schema "PUBLIC" to version "1 - example baseline"
2026-10-07T07:20:37.166+09:00  INFO [requestId:] 54762 --- [sc-reference-app] [           main] [                                                 ] o.f.core.internal.command.DbMigrate      : Migrating schema "PUBLIC" to version "2 - requirements baseline"
2026-10-07T07:20:37.168+09:00  INFO [requestId:] 54762 --- [sc-reference-app] [           main] [                                                 ] o.f.core.internal.command.DbMigrate      : Migrating schema "PUBLIC" to version "3 - security audit"
2026-10-07T07:20:37.168+09:00  INFO [requestId:] 54762 --- [sc-reference-app] [           main] [                                                 ] o.f.core.internal.command.DbMigrate      : Successfully applied 3 migrations to schema "PUBLIC", now at version v3 (execution time 00:00.001s)
2026-10-07T07:20:37.198+09:00  INFO [requestId:] 54762 --- [sc-reference-app] [           main] [                                                 ] org.flywaydb.core.FlywayExecutor         : Database: jdbc:h2:file:/var/folders/8k/rv4bxj0115g929lrxwybv_r80000gn/T/junit-9725601890937179441/upgrade (H2 2.3)
2026-10-07T07:20:37.200+09:00  INFO [requestId:] 54762 --- [sc-reference-app] [           main] [                                                 ] o.f.core.internal.command.DbValidate     : Successfully validated 5 migrations (execution time 00:00.000s)
2026-10-07T07:20:37.200+09:00  INFO [requestId:] 54762 --- [sc-reference-app] [           main] [                                                 ] o.f.core.internal.command.DbMigrate      : Current version of schema "PUBLIC": 3
2026-10-07T07:20:37.200+09:00  INFO [requestId:] 54762 --- [sc-reference-app] [           main] [                                                 ] o.f.core.internal.command.DbMigrate      : Migrating schema "PUBLIC" to version "4 - media and files"
2026-10-07T07:20:37.202+09:00  INFO [requestId:] 54762 --- [sc-reference-app] [           main] [                                                 ] o.f.core.internal.command.DbMigrate      : Successfully applied 1 migration to schema "PUBLIC", now at version v4 (execution time 00:00.000s)
2026-10-07T07:20:37.233+09:00  INFO [requestId:] 54762 --- [sc-reference-app] [           main] [                                                 ] org.flywaydb.core.FlywayExecutor         : Database: jdbc:h2:file:/var/folders/8k/rv4bxj0115g929lrxwybv_r80000gn/T/junit-9725601890937179441/upgrade (H2 2.3)
2026-10-07T07:20:37.234+09:00  INFO [requestId:] 54762 --- [sc-reference-app] [           main] [                                                 ] o.f.core.internal.command.DbValidate     : Successfully validated 5 migrations (execution time 00:00.000s)
2026-10-07T07:20:37.235+09:00  INFO [requestId:] 54762 --- [sc-reference-app] [           main] [                                                 ] o.f.core.internal.command.DbMigrate      : Current version of schema "PUBLIC": 4
2026-10-07T07:20:37.235+09:00  INFO [requestId:] 54762 --- [sc-reference-app] [           main] [                                                 ] o.f.core.internal.command.DbMigrate      : Schema "PUBLIC" is up to date. No migration necessary.
2026-10-07T07:20:37.249+09:00  INFO [requestId:] 54762 --- [sc-reference-app] [           main] [                                                 ] org.flywaydb.core.FlywayExecutor         : Database: jdbc:h2:file:/var/folders/8k/rv4bxj0115g929lrxwybv_r80000gn/T/junit-9725601890937179441/upgrade (H2 2.3)
2026-10-07T07:20:37.251+09:00  INFO [requestId:] 54762 --- [sc-reference-app] [           main] [                                                 ] o.f.core.internal.command.DbValidate     : Successfully validated 5 migrations (execution time 00:00.000s)
2026-10-07T07:20:37.264+09:00  INFO [requestId:] 54762 --- [sc-reference-app] [           main] [                                                 ] org.flywaydb.core.FlywayExecutor         : Database: jdbc:h2:file:/var/folders/8k/rv4bxj0115g929lrxwybv_r80000gn/T/junit-7592537430156335505/fresh (H2 2.3)
2026-10-07T07:20:37.265+09:00  INFO [requestId:] 54762 --- [sc-reference-app] [           main] [                                                 ] o.f.c.i.s.JdbcTableSchemaHistory         : Schema history table "PUBLIC"."flyway_schema_history" does not exist yet
2026-10-07T07:20:37.265+09:00  INFO [requestId:] 54762 --- [sc-reference-app] [           main] [                                                 ] o.f.core.internal.command.DbValidate     : Successfully validated 5 migrations (execution time 00:00.000s)
2026-10-07T07:20:37.265+09:00  INFO [requestId:] 54762 --- [sc-reference-app] [           main] [                                                 ] o.f.c.i.s.JdbcTableSchemaHistory         : Creating Schema History table "PUBLIC"."flyway_schema_history" ...
2026-10-07T07:20:37.266+09:00  INFO [requestId:] 54762 --- [sc-reference-app] [           main] [                                                 ] o.f.core.internal.command.DbMigrate      : Current version of schema "PUBLIC": << Empty Schema >>
2026-10-07T07:20:37.266+09:00  INFO [requestId:] 54762 --- [sc-reference-app] [           main] [                                                 ] o.f.core.internal.command.DbMigrate      : Migrating schema "PUBLIC" to version "1 - example baseline"
2026-10-07T07:20:37.267+09:00  INFO [requestId:] 54762 --- [sc-reference-app] [           main] [                                                 ] o.f.core.internal.command.DbMigrate      : Migrating schema "PUBLIC" to version "2 - requirements baseline"
2026-10-07T07:20:37.268+09:00  INFO [requestId:] 54762 --- [sc-reference-app] [           main] [                                                 ] o.f.core.internal.command.DbMigrate      : Migrating schema "PUBLIC" to version "3 - security audit"
2026-10-07T07:20:37.269+09:00  INFO [requestId:] 54762 --- [sc-reference-app] [           main] [                                                 ] o.f.core.internal.command.DbMigrate      : Migrating schema "PUBLIC" to version "4 - media and files"
2026-10-07T07:20:37.270+09:00  INFO [requestId:] 54762 --- [sc-reference-app] [           main] [                                                 ] o.f.core.internal.command.DbMigrate      : Successfully applied 4 migrations to schema "PUBLIC", now at version v4 (execution time 00:00.001s)
2026-10-07T07:20:37.289+09:00  INFO [requestId:] 54762 --- [sc-reference-app] [           main] [                                                 ] org.flywaydb.core.FlywayExecutor         : Database: jdbc:h2:file:/var/folders/8k/rv4bxj0115g929lrxwybv_r80000gn/T/junit-7592537430156335505/fresh (H2 2.3)
2026-10-07T07:20:37.290+09:00  INFO [requestId:] 54762 --- [sc-reference-app] [           main] [                                                 ] o.f.core.internal.command.DbValidate     : Successfully validated 5 migrations (execution time 00:00.000s)
[INFO] Tests run: 2, Failures: 0, Errors: 0, Skipped: 0, Time elapsed: 0.143 s -- in dev.scframework.reference.media.MediaMigrationTest
[INFO] 
[INFO] Results:
[INFO] 
[INFO] Tests run: 125, Failures: 0, Errors: 0, Skipped: 0
[INFO] 
[INFO] 
[INFO] --- jar:3.4.2:jar (default-jar) @ sc-reference-app ---
[INFO] Building jar: /Users/dk/Work/ScFramework/backend/reference-app/target/sc-reference-app.jar
[INFO] 
[INFO] --- spring-boot:3.5.16:repackage (repackage) @ sc-reference-app ---
[INFO] Replacing main artifact /Users/dk/Work/ScFramework/backend/reference-app/target/sc-reference-app.jar with repackaged archive, adding nested dependencies in BOOT-INF/.
[INFO] The original artifact has been renamed to /Users/dk/Work/ScFramework/backend/reference-app/target/sc-reference-app.jar.original
[INFO] 
[INFO] -------------------< dev.scframework:sc-starter-app >-------------------
[INFO] Building ScFramework minimal consumer app 0.3.0-SNAPSHOT           [6/6]
[INFO]   from starter-app/pom.xml
[INFO] --------------------------------[ jar ]---------------------------------
[INFO] 
[INFO] --- clean:3.4.1:clean (default-clean) @ sc-starter-app ---
[INFO] Deleting /Users/dk/Work/ScFramework/backend/starter-app/target
[INFO] 
[INFO] --- resources:3.3.1:resources (default-resources) @ sc-starter-app ---
[INFO] Copying 8 resources from src/main/resources to target/classes
[INFO] Copying 8 resources from ../../frontend/apps/starter-app/dist to target/classes/static
[INFO] 
[INFO] --- compiler:3.14.1:compile (default-compile) @ sc-starter-app ---
[INFO] Recompiling the module because of changed dependency.
[INFO] Compiling 11 source files with javac [debug parameters release 21] to target/classes
[INFO] 
[INFO] --- resources:3.3.1:testResources (default-testResources) @ sc-starter-app ---
[INFO] skip non existing resourceDirectory /Users/dk/Work/ScFramework/backend/starter-app/src/test/resources
[INFO] 
[INFO] --- compiler:3.14.1:testCompile (default-testCompile) @ sc-starter-app ---
[INFO] Recompiling the module because of changed dependency.
[INFO] Compiling 4 source files with javac [debug parameters release 21] to target/test-classes
[INFO] 
[INFO] --- surefire:3.5.6:test (default-test) @ sc-starter-app ---
[INFO] Using auto detected provider org.apache.maven.surefire.junitplatform.JUnitPlatformProvider
[INFO] 
[INFO] -------------------------------------------------------
[INFO]  T E S T S
[INFO] -------------------------------------------------------
[INFO] Running dev.scframework.starter.StarterOperationsIntegrationTest
07:20:40.702 [main] INFO org.springframework.test.context.support.AnnotationConfigContextLoaderUtils -- Could not detect default configuration classes for test class [dev.scframework.starter.StarterOperationsIntegrationTest]: StarterOperationsIntegrationTest does not declare any static, non-private, non-final, nested classes annotated with @Configuration.
07:20:40.744 [main] INFO org.springframework.boot.test.context.SpringBootTestContextBootstrapper -- Found @SpringBootConfiguration dev.scframework.starter.StarterApplication for test class dev.scframework.starter.StarterOperationsIntegrationTest

  .   ____          _            __ _ _
 /\\ / ___'_ __ _ _(_)_ __  __ _ \ \ \ \
( ( )\___ | '_ | '_| | '_ \/ _` | \ \ \ \
 \\/  ___)| |_)| | | | | || (_| |  ) ) ) )
  '  |____| .__|_| |_|_| |_\__, | / / / /
 =========|_|==============|___/=/_/_/_/

 :: Spring Boot ::               (v3.5.16)

2026-10-07T07:20:40.984+09:00  INFO [requestId:] 55080 --- [sc-starter-app] [           main] [                                                 ] d.s.s.StarterOperationsIntegrationTest   : Starting StarterOperationsIntegrationTest using Java 21.0.11 with PID 55080 (started by dk in /Users/dk/Work/ScFramework/backend/starter-app)
2026-10-07T07:20:40.985+09:00  INFO [requestId:] 55080 --- [sc-starter-app] [           main] [                                                 ] d.s.s.StarterOperationsIntegrationTest   : The following 1 profile is active: "dev"
2026-10-07T07:20:41.425+09:00  INFO [requestId:] 55080 --- [sc-starter-app] [           main] [                                                 ] .s.d.r.c.RepositoryConfigurationDelegate : Bootstrapping Spring Data JPA repositories in DEFAULT mode.
2026-10-07T07:20:41.432+09:00  INFO [requestId:] 55080 --- [sc-starter-app] [           main] [                                                 ] .s.d.r.c.RepositoryConfigurationDelegate : Finished Spring Data repository scanning in 2 ms. Found 0 JPA repository interfaces.
2026-10-07T07:20:41.477+09:00  WARN [requestId:] 55080 --- [sc-starter-app] [           main] [                                                 ] o.m.s.mapper.ClassPathMapperScanner      : No MyBatis mapper was found in '[dev.scframework.starter]' package. Please check your configuration.
2026-10-07T07:20:41.481+09:00  INFO [requestId:] 55080 --- [sc-starter-app] [           main] [                                                 ] o.s.cloud.context.scope.GenericScope     : BeanFactory id=0f091ad8-cfed-3d81-a903-b9cfedaa6490
2026-10-07T07:20:41.652+09:00  INFO [requestId:] 55080 --- [sc-starter-app] [           main] [                                                 ] com.zaxxer.hikari.HikariDataSource       : HikariPool-1 - Starting...
2026-10-07T07:20:41.713+09:00  INFO [requestId:] 55080 --- [sc-starter-app] [           main] [                                                 ] com.zaxxer.hikari.pool.HikariPool        : HikariPool-1 - Added connection conn0: url=jdbc:h2:mem:starter-ops-sc-starter-operations-7314301438879542871 user=SA
2026-10-07T07:20:41.714+09:00  INFO [requestId:] 55080 --- [sc-starter-app] [           main] [                                                 ] com.zaxxer.hikari.HikariDataSource       : HikariPool-1 - Start completed.
2026-10-07T07:20:41.731+09:00  INFO [requestId:] 55080 --- [sc-starter-app] [           main] [                                                 ] org.flywaydb.core.FlywayExecutor         : Database: jdbc:h2:mem:starter-ops-sc-starter-operations-7314301438879542871 (H2 2.3)
2026-10-07T07:20:41.741+09:00  INFO [requestId:] 55080 --- [sc-starter-app] [           main] [                                                 ] o.f.c.i.s.JdbcTableSchemaHistory         : Schema history table "PUBLIC"."flyway_schema_history" does not exist yet
2026-10-07T07:20:41.742+09:00  INFO [requestId:] 55080 --- [sc-starter-app] [           main] [                                                 ] o.f.core.internal.command.DbValidate     : Successfully validated 3 migrations (execution time 00:00.004s)
2026-10-07T07:20:41.744+09:00  INFO [requestId:] 55080 --- [sc-starter-app] [           main] [                                                 ] o.f.c.i.s.JdbcTableSchemaHistory         : Creating Schema History table "PUBLIC"."flyway_schema_history" ...
2026-10-07T07:20:41.756+09:00  INFO [requestId:] 55080 --- [sc-starter-app] [           main] [                                                 ] o.f.core.internal.command.DbMigrate      : Current version of schema "PUBLIC": << Empty Schema >>
2026-10-07T07:20:41.759+09:00  INFO [requestId:] 55080 --- [sc-starter-app] [           main] [                                                 ] o.f.core.internal.command.DbMigrate      : Migrating schema "PUBLIC" to version "1 - security audit"
2026-10-07T07:20:41.768+09:00  INFO [requestId:] 55080 --- [sc-starter-app] [           main] [                                                 ] o.f.core.internal.command.DbMigrate      : Migrating schema "PUBLIC" to version "2 - operations messages"
2026-10-07T07:20:41.777+09:00  INFO [requestId:] 55080 --- [sc-starter-app] [           main] [                                                 ] o.f.core.internal.command.DbMigrate      : Migrating schema "PUBLIC" to version "3 - operations scheduler browser"
2026-10-07T07:20:41.794+09:00  INFO [requestId:] 55080 --- [sc-starter-app] [           main] [                                                 ] o.f.core.internal.command.DbMigrate      : Successfully applied 3 migrations to schema "PUBLIC", now at version v3 (execution time 00:00.022s)
2026-10-07T07:20:41.824+09:00  INFO [requestId:] 55080 --- [sc-starter-app] [           main] [                                                 ] o.hibernate.jpa.internal.util.LogHelper  : HHH000204: Processing PersistenceUnitInfo [name: default]
2026-10-07T07:20:41.844+09:00  INFO [requestId:] 55080 --- [sc-starter-app] [           main] [                                                 ] org.hibernate.Version                    : HHH000412: Hibernate ORM core version 6.6.53.Final
2026-10-07T07:20:41.856+09:00  INFO [requestId:] 55080 --- [sc-starter-app] [           main] [                                                 ] o.h.c.internal.RegionFactoryInitiator    : HHH000026: Second-level cache disabled
2026-10-07T07:20:41.941+09:00  INFO [requestId:] 55080 --- [sc-starter-app] [           main] [                                                 ] o.s.o.j.p.SpringPersistenceUnitInfo      : No LoadTimeWeaver setup: ignoring JPA class transformer
2026-10-07T07:20:41.963+09:00  INFO [requestId:] 55080 --- [sc-starter-app] [           main] [                                                 ] org.hibernate.orm.connections.pooling    : HHH10001005: Database info:
	Database JDBC URL [Connecting through datasource 'HikariDataSource (HikariPool-1)']
	Database driver: undefined/unknown
	Database version: 2.3.232
	Autocommit mode: undefined/unknown
	Isolation level: undefined/unknown
	Minimum pool size: undefined/unknown
	Maximum pool size: undefined/unknown
2026-10-07T07:20:42.083+09:00  INFO [requestId:] 55080 --- [sc-starter-app] [           main] [                                                 ] o.h.e.t.j.p.i.JtaPlatformInitiator       : HHH000489: No JTA platform available (set 'hibernate.transaction.jta.platform' to enable JTA platform integration)
2026-10-07T07:20:42.085+09:00  INFO [requestId:] 55080 --- [sc-starter-app] [           main] [                                                 ] j.LocalContainerEntityManagerFactoryBean : Initialized JPA EntityManagerFactory for persistence unit 'default'
2026-10-07T07:20:42.269+09:00  INFO [requestId:] 55080 --- [sc-starter-app] [           main] [                                                 ] org.quartz.impl.StdSchedulerFactory      : Using default implementation for ThreadExecutor
2026-10-07T07:20:42.274+09:00  INFO [requestId:] 55080 --- [sc-starter-app] [           main] [                                                 ] org.quartz.core.SchedulerSignalerImpl    : Initialized Scheduler Signaller of type: class org.quartz.core.SchedulerSignalerImpl
2026-10-07T07:20:42.275+09:00  INFO [requestId:] 55080 --- [sc-starter-app] [           main] [                                                 ] org.quartz.core.QuartzScheduler          : Quartz Scheduler v2.5.2 created.
2026-10-07T07:20:42.275+09:00  INFO [requestId:] 55080 --- [sc-starter-app] [           main] [                                                 ] o.s.s.quartz.LocalDataSourceJobStore     : Using db table-based data access locking (synchronization).
2026-10-07T07:20:42.276+09:00  INFO [requestId:] 55080 --- [sc-starter-app] [           main] [                                                 ] o.s.s.quartz.LocalDataSourceJobStore     : JobStoreCMT initialized.
2026-10-07T07:20:42.276+09:00  INFO [requestId:] 55080 --- [sc-starter-app] [           main] [                                                 ] org.quartz.core.QuartzScheduler          : Scheduler meta-data: Quartz Scheduler (v2.5.2) 'sc-starter-test-sc-starter-operations-7314301438879542871' with instanceId 'NON_CLUSTERED'
  Scheduler class: 'org.quartz.core.QuartzScheduler' - running locally.
  NOT STARTED.
  Currently in standby mode.
  Number of jobs executed: 0
  Using thread pool 'org.quartz.simpl.SimpleThreadPool' - with 2 threads.
  Using job-store 'org.springframework.scheduling.quartz.LocalDataSourceJobStore' - which supports persistence. and is not clustered.

2026-10-07T07:20:42.276+09:00  INFO [requestId:] 55080 --- [sc-starter-app] [           main] [                                                 ] org.quartz.impl.StdSchedulerFactory      : Quartz scheduler 'sc-starter-test-sc-starter-operations-7314301438879542871' initialized from an externally provided properties instance.
2026-10-07T07:20:42.276+09:00  INFO [requestId:] 55080 --- [sc-starter-app] [           main] [                                                 ] org.quartz.impl.StdSchedulerFactory      : Quartz scheduler version: 2.5.2
2026-10-07T07:20:42.276+09:00  INFO [requestId:] 55080 --- [sc-starter-app] [           main] [                                                 ] org.quartz.core.QuartzScheduler          : JobFactory set to: dev.scframework.autoconfigure.ScSchedulerAutoConfiguration$$Lambda/0x0000000701916ad8@1bd5b1c8
2026-10-07T07:20:42.376+09:00  INFO [requestId:] 55080 --- [sc-starter-app] [           main] [                                                 ] o.s.b.a.w.s.WelcomePageHandlerMapping    : Adding welcome page: class path resource [static/index.html]
2026-10-07T07:20:42.558+09:00  INFO [requestId:] 55080 --- [sc-starter-app] [           main] [                                                 ] r$InitializeUserDetailsManagerConfigurer : Global AuthenticationManager configured with UserDetailsService bean with name starterUsers
2026-10-07T07:20:42.617+09:00  INFO [requestId:] 55080 --- [sc-starter-app] [           main] [                                                 ] o.s.b.a.e.web.EndpointLinksResolver      : Exposing 1 endpoint beneath base path '/actuator'
2026-10-07T07:20:42.764+09:00  INFO [requestId:] 55080 --- [sc-starter-app] [           main] [                                                 ] o.s.b.t.m.w.SpringBootMockServletContext : Initializing Spring TestDispatcherServlet ''
2026-10-07T07:20:42.764+09:00  INFO [requestId:] 55080 --- [sc-starter-app] [           main] [                                                 ] o.s.t.web.servlet.TestDispatcherServlet  : Initializing Servlet ''
2026-10-07T07:20:42.765+09:00  INFO [requestId:] 55080 --- [sc-starter-app] [           main] [                                                 ] o.s.t.web.servlet.TestDispatcherServlet  : Completed initialization in 0 ms
2026-10-07T07:20:42.812+09:00  INFO [requestId:] 55080 --- [sc-starter-app] [           main] [                                                 ] d.s.s.StarterOperationsIntegrationTest   : Started StarterOperationsIntegrationTest in 1.97 seconds (process running for 2.365)
Mockito is currently self-attaching to enable the inline-mock-maker. This will no longer work in future releases of the JDK. Please add Mockito as an agent to your build as described in Mockito's documentation: https://javadoc.io/doc/org.mockito/mockito-core/latest/org.mockito/org/mockito/Mockito.html#0.3
WARNING: A Java agent has been loaded dynamically (/Users/dk/.m2/repository/net/bytebuddy/byte-buddy-agent/1.17.8/byte-buddy-agent-1.17.8.jar)
WARNING: If a serviceability tool is in use, please run with -XX:+EnableDynamicAgentLoading to hide this warning
WARNING: If a serviceability tool is not in use, please run with -Djdk.instrument.traceUsage for more information
WARNING: Dynamic loading of agents will be disallowed by default in a future release
OpenJDK 64-Bit Server VM warning: Sharing is only supported for boot loader classes because bootstrap classpath has been appended
2026-10-07T07:20:43.179+09:00  INFO [requestId:] 55080 --- [sc-starter-app] [           main] [                                                 ] org.quartz.core.QuartzScheduler          : Scheduler sc-starter-test-sc-starter-operations-7314301438879542871_$_NON_CLUSTERED paused.
2026-10-07T07:20:43.223+09:00  INFO [requestId:] 55080 --- [sc-starter-app] [           main] [                                                 ] org.quartz.core.QuartzScheduler          : Scheduler sc-starter-test-sc-starter-operations-7314301438879542871_$_NON_CLUSTERED paused.
2026-10-07T07:20:43.267+09:00  INFO [requestId:] 55080 --- [sc-starter-app] [           main] [                                                 ] org.quartz.core.QuartzScheduler          : Scheduler sc-starter-test-sc-starter-operations-7314301438879542871_$_NON_CLUSTERED paused.
2026-10-07T07:20:43.389+09:00  INFO [requestId:235df227-b971-4afd-8d22-5d48b8446ec2] 55080 --- [sc-starter-app] [           main] [                                                 ] o.springdoc.api.AbstractOpenApiResource  : Init duration for springdoc-openapi is: 117 ms
2026-10-07T07:20:43.409+09:00  INFO [requestId:] 55080 --- [sc-starter-app] [           main] [                                                 ] org.quartz.core.QuartzScheduler          : Scheduler sc-starter-test-sc-starter-operations-7314301438879542871_$_NON_CLUSTERED paused.
2026-10-07T07:20:43.435+09:00  INFO [requestId:] 55080 --- [sc-starter-app] [           main] [                                                 ] org.quartz.core.QuartzScheduler          : Scheduler sc-starter-test-sc-starter-operations-7314301438879542871_$_NON_CLUSTERED paused.
[INFO] Tests run: 5, Failures: 0, Errors: 0, Skipped: 0, Time elapsed: 2.810 s -- in dev.scframework.starter.StarterOperationsIntegrationTest
[INFO] Running dev.scframework.starter.StarterAuditConsumerTest
2026-10-07T07:20:43.462+09:00  INFO [requestId:] 55080 --- [sc-starter-app] [           main] [                                                 ] .b.t.c.SpringBootTestContextBootstrapper : Found @SpringBootConfiguration dev.scframework.starter.StarterApplication for test class dev.scframework.starter.StarterAuditConsumerTest

  .   ____          _            __ _ _
 /\\ / ___'_ __ _ _(_)_ __  __ _ \ \ \ \
( ( )\___ | '_ | '_| | '_ \/ _` | \ \ \ \
 \\/  ___)| |_)| | | | | || (_| |  ) ) ) )
  '  |____| .__|_| |_|_| |_\__, | / / / /
 =========|_|==============|___/=/_/_/_/

 :: Spring Boot ::               (v3.5.16)

2026-10-07T07:20:43.479+09:00  INFO [requestId:] 55080 --- [sc-starter-app] [           main] [                                                 ] d.s.starter.StarterAuditConsumerTest     : Starting StarterAuditConsumerTest using Java 21.0.11 with PID 55080 (started by dk in /Users/dk/Work/ScFramework/backend/starter-app)
2026-10-07T07:20:43.480+09:00  INFO [requestId:] 55080 --- [sc-starter-app] [           main] [                                                 ] d.s.starter.StarterAuditConsumerTest     : The following 1 profile is active: "audit"
2026-10-07T07:20:43.572+09:00  INFO [requestId:] 55080 --- [sc-starter-app] [           main] [                                                 ] .s.d.r.c.RepositoryConfigurationDelegate : Bootstrapping Spring Data JPA repositories in DEFAULT mode.
2026-10-07T07:20:43.573+09:00  INFO [requestId:] 55080 --- [sc-starter-app] [           main] [                                                 ] .s.d.r.c.RepositoryConfigurationDelegate : Finished Spring Data repository scanning in 0 ms. Found 0 JPA repository interfaces.
2026-10-07T07:20:43.586+09:00  WARN [requestId:] 55080 --- [sc-starter-app] [           main] [                                                 ] o.m.s.mapper.ClassPathMapperScanner      : No MyBatis mapper was found in '[dev.scframework.starter]' package. Please check your configuration.
2026-10-07T07:20:43.587+09:00  INFO [requestId:] 55080 --- [sc-starter-app] [           main] [                                                 ] o.s.cloud.context.scope.GenericScope     : BeanFactory id=f0bf85a9-422a-3467-ae97-d86008d2fe92
2026-10-07T07:20:43.605+09:00  INFO [requestId:] 55080 --- [sc-starter-app] [           main] [                                                 ] com.zaxxer.hikari.HikariDataSource       : HikariPool-2 - Starting...
2026-10-07T07:20:43.606+09:00  INFO [requestId:] 55080 --- [sc-starter-app] [           main] [                                                 ] com.zaxxer.hikari.pool.HikariPool        : HikariPool-2 - Added connection conn10: url=jdbc:h2:mem:starter-audit-sc-starter-audit-13809098310148856869 user=SA
2026-10-07T07:20:43.606+09:00  INFO [requestId:] 55080 --- [sc-starter-app] [           main] [                                                 ] com.zaxxer.hikari.HikariDataSource       : HikariPool-2 - Start completed.
2026-10-07T07:20:43.607+09:00  INFO [requestId:] 55080 --- [sc-starter-app] [           main] [                                                 ] org.flywaydb.core.FlywayExecutor         : Database: jdbc:h2:mem:starter-audit-sc-starter-audit-13809098310148856869 (H2 2.3)
2026-10-07T07:20:43.608+09:00  INFO [requestId:] 55080 --- [sc-starter-app] [           main] [                                                 ] o.f.c.i.s.JdbcTableSchemaHistory         : Schema history table "PUBLIC"."flyway_schema_history" does not exist yet
2026-10-07T07:20:43.609+09:00  INFO [requestId:] 55080 --- [sc-starter-app] [           main] [                                                 ] o.f.core.internal.command.DbValidate     : Successfully validated 1 migration (execution time 00:00.000s)
2026-10-07T07:20:43.609+09:00  INFO [requestId:] 55080 --- [sc-starter-app] [           main] [                                                 ] o.f.c.i.s.JdbcTableSchemaHistory         : Creating Schema History table "PUBLIC"."flyway_schema_history" ...
2026-10-07T07:20:43.611+09:00  INFO [requestId:] 55080 --- [sc-starter-app] [           main] [                                                 ] o.f.core.internal.command.DbMigrate      : Current version of schema "PUBLIC": << Empty Schema >>
2026-10-07T07:20:43.612+09:00  INFO [requestId:] 55080 --- [sc-starter-app] [           main] [                                                 ] o.f.core.internal.command.DbMigrate      : Migrating schema "PUBLIC" to version "1 - security audit"
2026-10-07T07:20:43.614+09:00  INFO [requestId:] 55080 --- [sc-starter-app] [           main] [                                                 ] o.f.core.internal.command.DbMigrate      : Successfully applied 1 migration to schema "PUBLIC", now at version v1 (execution time 00:00.001s)
2026-10-07T07:20:43.618+09:00  INFO [requestId:] 55080 --- [sc-starter-app] [           main] [                                                 ] o.hibernate.jpa.internal.util.LogHelper  : HHH000204: Processing PersistenceUnitInfo [name: default]
2026-10-07T07:20:43.619+09:00  INFO [requestId:] 55080 --- [sc-starter-app] [           main] [                                                 ] o.h.c.internal.RegionFactoryInitiator    : HHH000026: Second-level cache disabled
2026-10-07T07:20:43.622+09:00  INFO [requestId:] 55080 --- [sc-starter-app] [           main] [                                                 ] o.s.o.j.p.SpringPersistenceUnitInfo      : No LoadTimeWeaver setup: ignoring JPA class transformer
2026-10-07T07:20:43.623+09:00  INFO [requestId:] 55080 --- [sc-starter-app] [           main] [                                                 ] org.hibernate.orm.connections.pooling    : HHH10001005: Database info:
	Database JDBC URL [Connecting through datasource 'HikariDataSource (HikariPool-2)']
	Database driver: undefined/unknown
	Database version: 2.3.232
	Autocommit mode: undefined/unknown
	Isolation level: undefined/unknown
	Minimum pool size: undefined/unknown
	Maximum pool size: undefined/unknown
2026-10-07T07:20:43.629+09:00  INFO [requestId:] 55080 --- [sc-starter-app] [           main] [                                                 ] o.h.e.t.j.p.i.JtaPlatformInitiator       : HHH000489: No JTA platform available (set 'hibernate.transaction.jta.platform' to enable JTA platform integration)
2026-10-07T07:20:43.629+09:00  INFO [requestId:] 55080 --- [sc-starter-app] [           main] [                                                 ] j.LocalContainerEntityManagerFactoryBean : Initialized JPA EntityManagerFactory for persistence unit 'default'
2026-10-07T07:20:43.699+09:00  INFO [requestId:] 55080 --- [sc-starter-app] [           main] [                                                 ] o.s.b.a.w.s.WelcomePageHandlerMapping    : Adding welcome page: class path resource [static/index.html]
2026-10-07T07:20:43.720+09:00  INFO [requestId:] 55080 --- [sc-starter-app] [           main] [                                                 ] r$InitializeUserDetailsManagerConfigurer : Global AuthenticationManager configured with UserDetailsService bean with name starterUsers
2026-10-07T07:20:43.732+09:00  INFO [requestId:] 55080 --- [sc-starter-app] [           main] [                                                 ] o.s.b.a.e.web.EndpointLinksResolver      : Exposing 1 endpoint beneath base path '/actuator'
2026-10-07T07:20:43.750+09:00  INFO [requestId:] 55080 --- [sc-starter-app] [           main] [                                                 ] o.s.b.t.m.w.SpringBootMockServletContext : Initializing Spring TestDispatcherServlet ''
2026-10-07T07:20:43.750+09:00  INFO [requestId:] 55080 --- [sc-starter-app] [           main] [                                                 ] o.s.t.web.servlet.TestDispatcherServlet  : Initializing Servlet ''
2026-10-07T07:20:43.750+09:00  INFO [requestId:] 55080 --- [sc-starter-app] [           main] [                                                 ] o.s.t.web.servlet.TestDispatcherServlet  : Completed initialization in 0 ms
2026-10-07T07:20:43.764+09:00  INFO [requestId:] 55080 --- [sc-starter-app] [           main] [                                                 ] d.s.starter.StarterAuditConsumerTest     : Started StarterAuditConsumerTest in 0.3 seconds (process running for 3.317)
[INFO] Tests run: 2, Failures: 0, Errors: 0, Skipped: 0, Time elapsed: 0.571 s -- in dev.scframework.starter.StarterAuditConsumerTest
[INFO] Running dev.scframework.starter.StarterConsumerTest
2026-10-07T07:20:44.032+09:00  INFO [requestId:] 55080 --- [sc-starter-app] [           main] [                                                 ] t.c.s.AnnotationConfigContextLoaderUtils : Could not detect default configuration classes for test class [dev.scframework.starter.StarterConsumerTest]: StarterConsumerTest does not declare any static, non-private, non-final, nested classes annotated with @Configuration.
2026-10-07T07:20:44.033+09:00  INFO [requestId:] 55080 --- [sc-starter-app] [           main] [                                                 ] .b.t.c.SpringBootTestContextBootstrapper : Found @SpringBootConfiguration dev.scframework.starter.StarterApplication for test class dev.scframework.starter.StarterConsumerTest

  .   ____          _            __ _ _
 /\\ / ___'_ __ _ _(_)_ __  __ _ \ \ \ \
( ( )\___ | '_ | '_| | '_ \/ _` | \ \ \ \
 \\/  ___)| |_)| | | | | || (_| |  ) ) ) )
  '  |____| .__|_| |_|_| |_\__, | / / / /
 =========|_|==============|___/=/_/_/_/

 :: Spring Boot ::               (v3.5.16)

2026-10-07T07:20:44.046+09:00  INFO [requestId:] 55080 --- [sc-starter-app] [           main] [                                                 ] d.s.starter.StarterConsumerTest          : Starting StarterConsumerTest using Java 21.0.11 with PID 55080 (started by dk in /Users/dk/Work/ScFramework/backend/starter-app)
2026-10-07T07:20:44.046+09:00  INFO [requestId:] 55080 --- [sc-starter-app] [           main] [                                                 ] d.s.starter.StarterConsumerTest          : No active profile set, falling back to 1 default profile: "default"
2026-10-07T07:20:44.112+09:00  INFO [requestId:] 55080 --- [sc-starter-app] [           main] [                                                 ] .s.d.r.c.RepositoryConfigurationDelegate : Bootstrapping Spring Data JPA repositories in DEFAULT mode.
2026-10-07T07:20:44.113+09:00  INFO [requestId:] 55080 --- [sc-starter-app] [           main] [                                                 ] .s.d.r.c.RepositoryConfigurationDelegate : Finished Spring Data repository scanning in 0 ms. Found 0 JPA repository interfaces.
2026-10-07T07:20:44.121+09:00  WARN [requestId:] 55080 --- [sc-starter-app] [           main] [                                                 ] o.m.s.mapper.ClassPathMapperScanner      : No MyBatis mapper was found in '[dev.scframework.starter]' package. Please check your configuration.
2026-10-07T07:20:44.122+09:00  INFO [requestId:] 55080 --- [sc-starter-app] [           main] [                                                 ] o.s.cloud.context.scope.GenericScope     : BeanFactory id=ffe28e95-57ae-3458-a5d8-5955cf8a280a
2026-10-07T07:20:44.134+09:00  INFO [requestId:] 55080 --- [sc-starter-app] [           main] [                                                 ] o.hibernate.jpa.internal.util.LogHelper  : HHH000204: Processing PersistenceUnitInfo [name: default]
2026-10-07T07:20:44.135+09:00  INFO [requestId:] 55080 --- [sc-starter-app] [           main] [                                                 ] o.h.c.internal.RegionFactoryInitiator    : HHH000026: Second-level cache disabled
2026-10-07T07:20:44.137+09:00  INFO [requestId:] 55080 --- [sc-starter-app] [           main] [                                                 ] o.s.o.j.p.SpringPersistenceUnitInfo      : No LoadTimeWeaver setup: ignoring JPA class transformer
2026-10-07T07:20:44.138+09:00  INFO [requestId:] 55080 --- [sc-starter-app] [           main] [                                                 ] com.zaxxer.hikari.HikariDataSource       : HikariPool-3 - Starting...
2026-10-07T07:20:44.138+09:00  INFO [requestId:] 55080 --- [sc-starter-app] [           main] [                                                 ] com.zaxxer.hikari.pool.HikariPool        : HikariPool-3 - Added connection conn17: url=jdbc:h2:mem:starter-7b5cf871-491c-47ef-9174-9fe3d0cb6d9b user=SA
2026-10-07T07:20:44.139+09:00  INFO [requestId:] 55080 --- [sc-starter-app] [           main] [                                                 ] com.zaxxer.hikari.HikariDataSource       : HikariPool-3 - Start completed.
2026-10-07T07:20:44.139+09:00  INFO [requestId:] 55080 --- [sc-starter-app] [           main] [                                                 ] org.hibernate.orm.connections.pooling    : HHH10001005: Database info:
	Database JDBC URL [Connecting through datasource 'HikariDataSource (HikariPool-3)']
	Database driver: undefined/unknown
	Database version: 2.3.232
	Autocommit mode: undefined/unknown
	Isolation level: undefined/unknown
	Minimum pool size: undefined/unknown
	Maximum pool size: undefined/unknown
2026-10-07T07:20:44.144+09:00  INFO [requestId:] 55080 --- [sc-starter-app] [           main] [                                                 ] o.h.e.t.j.p.i.JtaPlatformInitiator       : HHH000489: No JTA platform available (set 'hibernate.transaction.jta.platform' to enable JTA platform integration)
2026-10-07T07:20:44.144+09:00  INFO [requestId:] 55080 --- [sc-starter-app] [           main] [                                                 ] j.LocalContainerEntityManagerFactoryBean : Initialized JPA EntityManagerFactory for persistence unit 'default'
2026-10-07T07:20:44.214+09:00  INFO [requestId:] 55080 --- [sc-starter-app] [           main] [                                                 ] o.s.b.a.w.s.WelcomePageHandlerMapping    : Adding welcome page: class path resource [static/index.html]
2026-10-07T07:20:44.234+09:00  INFO [requestId:] 55080 --- [sc-starter-app] [           main] [                                                 ] r$InitializeUserDetailsManagerConfigurer : Global AuthenticationManager configured with UserDetailsService bean with name starterUsers
2026-10-07T07:20:44.243+09:00  INFO [requestId:] 55080 --- [sc-starter-app] [           main] [                                                 ] o.s.b.a.e.web.EndpointLinksResolver      : Exposing 1 endpoint beneath base path '/actuator'
2026-10-07T07:20:44.263+09:00  INFO [requestId:] 55080 --- [sc-starter-app] [           main] [                                                 ] o.s.b.t.m.w.SpringBootMockServletContext : Initializing Spring TestDispatcherServlet ''
2026-10-07T07:20:44.263+09:00  INFO [requestId:] 55080 --- [sc-starter-app] [           main] [                                                 ] o.s.t.web.servlet.TestDispatcherServlet  : Initializing Servlet ''
2026-10-07T07:20:44.264+09:00  INFO [requestId:] 55080 --- [sc-starter-app] [           main] [                                                 ] o.s.t.web.servlet.TestDispatcherServlet  : Completed initialization in 1 ms
2026-10-07T07:20:44.275+09:00  INFO [requestId:] 55080 --- [sc-starter-app] [           main] [                                                 ] d.s.starter.StarterConsumerTest          : Started StarterConsumerTest in 0.241 seconds (process running for 3.828)
[INFO] Tests run: 4, Failures: 0, Errors: 0, Skipped: 0, Time elapsed: 0.502 s -- in dev.scframework.starter.StarterConsumerTest
[INFO] Running dev.scframework.starter.StarterFileStorageConsumerTest
2026-10-07T07:20:44.535+09:00  INFO [requestId:] 55080 --- [sc-starter-app] [           main] [                                                 ] .b.t.c.SpringBootTestContextBootstrapper : Found @SpringBootConfiguration dev.scframework.starter.StarterApplication for test class dev.scframework.starter.StarterFileStorageConsumerTest

  .   ____          _            __ _ _
 /\\ / ___'_ __ _ _(_)_ __  __ _ \ \ \ \
( ( )\___ | '_ | '_| | '_ \/ _` | \ \ \ \
 \\/  ___)| |_)| | | | | || (_| |  ) ) ) )
  '  |____| .__|_| |_|_| |_\__, | / / / /
 =========|_|==============|___/=/_/_/_/

 :: Spring Boot ::               (v3.5.16)

2026-10-07T07:20:44.547+09:00  INFO [requestId:] 55080 --- [sc-starter-app] [           main] [                                                 ] d.s.s.StarterFileStorageConsumerTest     : Starting StarterFileStorageConsumerTest using Java 21.0.11 with PID 55080 (started by dk in /Users/dk/Work/ScFramework/backend/starter-app)
2026-10-07T07:20:44.548+09:00  INFO [requestId:] 55080 --- [sc-starter-app] [           main] [                                                 ] d.s.s.StarterFileStorageConsumerTest     : The following 1 profile is active: "file-storage"
2026-10-07T07:20:44.614+09:00  INFO [requestId:] 55080 --- [sc-starter-app] [           main] [                                                 ] .s.d.r.c.RepositoryConfigurationDelegate : Bootstrapping Spring Data JPA repositories in DEFAULT mode.
2026-10-07T07:20:44.615+09:00  INFO [requestId:] 55080 --- [sc-starter-app] [           main] [                                                 ] .s.d.r.c.RepositoryConfigurationDelegate : Finished Spring Data repository scanning in 0 ms. Found 0 JPA repository interfaces.
2026-10-07T07:20:44.623+09:00  WARN [requestId:] 55080 --- [sc-starter-app] [           main] [                                                 ] o.m.s.mapper.ClassPathMapperScanner      : No MyBatis mapper was found in '[dev.scframework.starter]' package. Please check your configuration.
2026-10-07T07:20:44.624+09:00  INFO [requestId:] 55080 --- [sc-starter-app] [           main] [                                                 ] o.s.cloud.context.scope.GenericScope     : BeanFactory id=a935fcf7-b503-3b3a-aaea-63f90b641a20
2026-10-07T07:20:44.638+09:00  INFO [requestId:] 55080 --- [sc-starter-app] [           main] [                                                 ] o.hibernate.jpa.internal.util.LogHelper  : HHH000204: Processing PersistenceUnitInfo [name: default]
2026-10-07T07:20:44.638+09:00  INFO [requestId:] 55080 --- [sc-starter-app] [           main] [                                                 ] o.h.c.internal.RegionFactoryInitiator    : HHH000026: Second-level cache disabled
2026-10-07T07:20:44.640+09:00  INFO [requestId:] 55080 --- [sc-starter-app] [           main] [                                                 ] o.s.o.j.p.SpringPersistenceUnitInfo      : No LoadTimeWeaver setup: ignoring JPA class transformer
2026-10-07T07:20:44.641+09:00  INFO [requestId:] 55080 --- [sc-starter-app] [           main] [                                                 ] com.zaxxer.hikari.HikariDataSource       : HikariPool-4 - Starting...
2026-10-07T07:20:44.642+09:00  INFO [requestId:] 55080 --- [sc-starter-app] [           main] [                                                 ] com.zaxxer.hikari.pool.HikariPool        : HikariPool-4 - Added connection conn29: url=jdbc:h2:mem:starter-files-sc-starter-files-17536763235791624847 user=SA
2026-10-07T07:20:44.642+09:00  INFO [requestId:] 55080 --- [sc-starter-app] [           main] [                                                 ] com.zaxxer.hikari.HikariDataSource       : HikariPool-4 - Start completed.
2026-10-07T07:20:44.642+09:00  INFO [requestId:] 55080 --- [sc-starter-app] [           main] [                                                 ] org.hibernate.orm.connections.pooling    : HHH10001005: Database info:
	Database JDBC URL [Connecting through datasource 'HikariDataSource (HikariPool-4)']
	Database driver: undefined/unknown
	Database version: 2.3.232
	Autocommit mode: undefined/unknown
	Isolation level: undefined/unknown
	Minimum pool size: undefined/unknown
	Maximum pool size: undefined/unknown
2026-10-07T07:20:44.647+09:00  INFO [requestId:] 55080 --- [sc-starter-app] [           main] [                                                 ] o.h.e.t.j.p.i.JtaPlatformInitiator       : HHH000489: No JTA platform available (set 'hibernate.transaction.jta.platform' to enable JTA platform integration)
2026-10-07T07:20:44.647+09:00  INFO [requestId:] 55080 --- [sc-starter-app] [           main] [                                                 ] j.LocalContainerEntityManagerFactoryBean : Initialized JPA EntityManagerFactory for persistence unit 'default'
2026-10-07T07:20:44.774+09:00  INFO [requestId:] 55080 --- [sc-starter-app] [           main] [                                                 ] o.s.b.a.w.s.WelcomePageHandlerMapping    : Adding welcome page: class path resource [static/index.html]
2026-10-07T07:20:44.793+09:00  INFO [requestId:] 55080 --- [sc-starter-app] [           main] [                                                 ] eAuthenticationProviderManagerConfigurer : Global AuthenticationManager configured with AuthenticationProvider bean with name syntheticAuthenticationProvider
2026-10-07T07:20:44.793+09:00  WARN [requestId:] 55080 --- [sc-starter-app] [           main] [                                                 ] r$InitializeUserDetailsManagerConfigurer : Global AuthenticationManager configured with an AuthenticationProvider bean. UserDetailsService beans will not be used by Spring Security for automatically configuring username/password login. Consider removing the AuthenticationProvider bean. Alternatively, consider using the UserDetailsService in a manually instantiated DaoAuthenticationProvider. If the current configuration is intentional, to turn off this warning, increase the logging level of 'org.springframework.security.config.annotation.authentication.configuration.InitializeUserDetailsBeanManagerConfigurer' to ERROR
2026-10-07T07:20:44.802+09:00  INFO [requestId:] 55080 --- [sc-starter-app] [           main] [                                                 ] o.s.b.a.e.web.EndpointLinksResolver      : Exposing 1 endpoint beneath base path '/actuator'
2026-10-07T07:20:44.818+09:00  INFO [requestId:] 55080 --- [sc-starter-app] [           main] [                                                 ] o.s.b.t.m.w.SpringBootMockServletContext : Initializing Spring TestDispatcherServlet ''
2026-10-07T07:20:44.818+09:00  INFO [requestId:] 55080 --- [sc-starter-app] [           main] [                                                 ] o.s.t.web.servlet.TestDispatcherServlet  : Initializing Servlet ''
2026-10-07T07:20:44.818+09:00  INFO [requestId:] 55080 --- [sc-starter-app] [           main] [                                                 ] o.s.t.web.servlet.TestDispatcherServlet  : Completed initialization in 0 ms
2026-10-07T07:20:44.830+09:00  INFO [requestId:] 55080 --- [sc-starter-app] [           main] [                                                 ] d.s.s.StarterFileStorageConsumerTest     : Started StarterFileStorageConsumerTest in 0.293 seconds (process running for 4.383)
[INFO] Tests run: 2, Failures: 0, Errors: 0, Skipped: 0, Time elapsed: 0.568 s -- in dev.scframework.starter.StarterFileStorageConsumerTest
[INFO] 
[INFO] Results:
[INFO] 
[INFO] Tests run: 13, Failures: 0, Errors: 0, Skipped: 0
[INFO] 
[INFO] 
[INFO] --- jar:3.4.2:jar (default-jar) @ sc-starter-app ---
[INFO] Building jar: /Users/dk/Work/ScFramework/backend/starter-app/target/sc-starter-app.jar
[INFO] 
[INFO] --- spring-boot:3.5.16:repackage (repackage) @ sc-starter-app ---
[INFO] Replacing main artifact /Users/dk/Work/ScFramework/backend/starter-app/target/sc-starter-app.jar with repackaged archive, adding nested dependencies in BOOT-INF/.
[INFO] The original artifact has been renamed to /Users/dk/Work/ScFramework/backend/starter-app/target/sc-starter-app.jar.original
[INFO] ------------------------------------------------------------------------
[INFO] Reactor Summary for ScFramework backend 0.3.0-SNAPSHOT:
[INFO] 
[INFO] ScFramework backend ................................ SUCCESS [  0.044 s]
[INFO] ScFramework core contracts ......................... SUCCESS [  1.202 s]
[INFO] ScFramework auto configuration ..................... SUCCESS [ 16.336 s]
[INFO] ScFramework Spring Boot Starter .................... SUCCESS [  0.076 s]
[INFO] ScFramework neutral reference app .................. SUCCESS [ 45.085 s]
[INFO] ScFramework minimal consumer app ................... SUCCESS [  5.454 s]
[INFO] ------------------------------------------------------------------------
[INFO] BUILD SUCCESS
[INFO] ------------------------------------------------------------------------
[INFO] Total time:  01:08 min
[INFO] Finished at: 2026-10-07T07:20:45+09:00
[INFO] ------------------------------------------------------------------------
