npm warn deprecated inflight@1.0.6: This module is not supported, and leaks memory. Do not use it. Check out lru-cache if you want a good and tested way to coalesce async requests by a key value, which is much more comprehensive and powerful.
npm warn deprecated rimraf@2.7.1: Rimraf versions prior to v4 are no longer supported
npm warn deprecated lodash.isequal@4.5.0: This package is deprecated. Use require('node:util').isDeepStrictEqual instead.
npm warn deprecated glob@7.2.3: Old versions of glob are not supported, and contain widely publicized security vulnerabilities, which have been fixed in the current version. Please update. Support for old versions may be purchased (at exorbitant rates) by contacting i@izs.me
npm warn deprecated glob@7.2.3: Old versions of glob are not supported, and contain widely publicized security vulnerabilities, which have been fixed in the current version. Please update. Support for old versions may be purchased (at exorbitant rates) by contacting i@izs.me
npm warn deprecated glob@7.2.3: Old versions of glob are not supported, and contain widely publicized security vulnerabilities, which have been fixed in the current version. Please update. Support for old versions may be purchased (at exorbitant rates) by contacting i@izs.me
npm warn deprecated fstream@1.0.12: This package is no longer supported.
npm warn deprecated vue-i18n@11.1.12: This version is NOT deprecated. Previous deprecation was a mistake.
npm warn deprecated vue-i18n@11.1.12: This version is NOT deprecated. Previous deprecation was a mistake.
npm warn deprecated vue-i18n@11.1.12: This version is NOT deprecated. Previous deprecation was a mistake.
npm warn deprecated vue-i18n@11.1.12: This version is NOT deprecated. Previous deprecation was a mistake.

added 709 packages in 5s

> sc-framework@0.3.0 verify
> npm run format:check && npm run lint && npm run api:check && npm run ui:contracts:check && npm run ui:boundaries:check && npm run visual:manifest:check && npm run typecheck && npm run test:unit && npm run build


> sc-framework@0.3.0 format:check
> prettier --check .

Checking formatting...
All matched files use Prettier code style!

> sc-framework@0.3.0 lint
> eslint frontend scripts --max-warnings 0


> sc-framework@0.3.0 api:check
> node scripts/openapi-types.mjs --check

neutral compatibility: OpenAPI 명세와 생성 타입 일치
reference: OpenAPI 명세와 생성 타입 일치
starter: OpenAPI 명세와 생성 타입 일치

> sc-framework@0.3.0 ui:contracts:check
> node scripts/ui-contracts.mjs --check

공개 UI 22개: imported props/events/slots/default 계약 일치

> sc-framework@0.3.0 ui:boundaries:check
> node scripts/check-ui-boundaries.mjs

공개 UI/소비 앱 경계: import 1331개 확인

> sc-framework@0.3.0 visual:manifest:check
> node scripts/verify-visual-baselines.mjs --profile darwin-chromium

{"result":"verified","profile":"darwin-chromium","images":16,"platform":"darwin","browserVersion":"153.0.8010.12"}

> sc-framework@0.3.0 typecheck
> npm run typecheck --workspace @sc/date && npm run typecheck --workspace @sc/i18n && npm run typecheck --workspace @sc/excel && npm run typecheck --workspace @sc/ui && npm run typecheck --workspace @sc/runtime && npm run typecheck --workspace @sc/reference-app && npm run typecheck --workspace @sc/starter-app && npm run typecheck --workspace @sc/catalog && npm run typecheck:e2e


> @sc/date@0.3.0 typecheck
> tsc --noEmit -p tsconfig.json


> @sc/i18n@0.3.0 typecheck
> vue-tsc --noEmit -p tsconfig.json


> @sc/excel@0.3.0 typecheck
> vue-tsc --noEmit -p tsconfig.json


> @sc/ui@0.3.0 typecheck
> npm run tokens:check && vue-tsc --noEmit -p tsconfig.json


> @sc/ui@0.3.0 tokens:check
> node scripts/generate-tokens.mjs --check

Design token CSS matches tokens.ts.

> @sc/runtime@0.3.0 typecheck
> vue-tsc --noEmit -p tsconfig.json


> @sc/reference-app@0.1.0 typecheck
> vue-tsc --noEmit -p tsconfig.json


> @sc/starter-app@0.1.0 typecheck
> vue-tsc --noEmit -p tsconfig.json


> @sc/catalog@0.1.0 typecheck
> vue-tsc --noEmit -p tsconfig.json


> sc-framework@0.3.0 typecheck:e2e
> tsc --noEmit -p frontend/tsconfig.e2e.json


> sc-framework@0.3.0 test:unit
> vitest run --config vitest.config.ts


 RUN  v4.1.11 /Users/dk/Work/ScFramework


 Test Files  36 passed (36)
      Tests  149 passed (149)
   Start at  07:45:53
   Duration  2.44s (transform 16.60s, setup 0ms, import 25.00s, tests 1.59s, environment 4.93s)


> sc-framework@0.3.0 build
> npm run build --workspace @sc/date && npm run build --workspace @sc/i18n && npm run build --workspace @sc/excel && npm run build --workspace @sc/ui && npm run build --workspace @sc/runtime && npm run build --workspace @sc/reference-app && npm run build --workspace @sc/starter-app


> @sc/date@0.3.0 build
> node ../../../scripts/build-library.mjs .

vite v8.3.1 building client environment for production...
transforming...
✓ 2 modules transformed.
rendering chunks...
computing gzip size...
dist/index.js  5.16 kB │ gzip: 2.01 kB

✓ built in 9ms
@sc/date@0.3.0: compiled ESM/declarations/assets ready

> @sc/i18n@0.3.0 build
> node ../../../scripts/build-library.mjs .

vite v8.3.1 building client environment for production...
transforming...
✓ 3 modules transformed.
rendering chunks...
computing gzip size...
dist/index.js  3.30 kB │ gzip: 1.49 kB

✓ built in 8ms
@sc/i18n@0.3.0: compiled ESM/declarations/assets ready

> @sc/excel@0.3.0 build
> node ../../../scripts/build-library.mjs .

vite v8.3.1 building client environment for production...
transforming...
✓ 2 modules transformed.
rendering chunks...
computing gzip size...
dist/index.js  5.77 kB │ gzip: 2.25 kB

✓ built in 8ms
@sc/excel@0.3.0: compiled ESM/declarations/assets ready

> @sc/ui@0.3.0 build
> node ../../../scripts/build-library.mjs .

Design token CSS matches tokens.ts.
vite v8.3.1 building client environment for production...
transforming...
✓ 100 modules transformed.
rendering chunks...
computing gzip size...
dist/sc-ui.css                                     33.23 kB │ gzip: 5.01 kB
dist/__styles.js                                    0.00 kB │ gzip: 0.02 kB
dist/chunks/_plugin-vue_export-helper-Pzq_nHDg.js   0.98 kB │ gzip: 0.58 kB
dist/chunks/tokens-Gi1pjZK9.js                      1.67 kB │ gzip: 0.90 kB
dist/chunks/ScActionButton-DKPA-6Pm.js              2.70 kB │ gzip: 1.16 kB
dist/charts.js                                      9.28 kB │ gzip: 3.07 kB
dist/editor.js                                     16.87 kB │ gzip: 5.08 kB
dist/board.js                                      17.71 kB │ gzip: 4.84 kB
dist/image.js                                      18.16 kB │ gzip: 5.30 kB
dist/table.js                                      49.02 kB │ gzip: 9.56 kB
dist/index.js                                      50.72 kB │ gzip: 9.34 kB

✓ built in 170ms
@sc/ui@0.3.0: compiled ESM/declarations/assets ready

> @sc/runtime@0.3.0 build
> node ../../../scripts/build-library.mjs .

vite v8.3.1 building client environment for production...
transforming...
✓ 5 modules transformed.
rendering chunks...
computing gzip size...
dist/index.js  13.17 kB │ gzip: 4.45 kB

✓ built in 9ms
@sc/runtime@0.3.0: compiled ESM/declarations/assets ready

> @sc/reference-app@0.1.0 build
> vue-tsc --noEmit -p tsconfig.json && vite build

vite v8.3.1 building client environment for production...
transforming...
✓ 1926 modules transformed.
rendering chunks...
computing gzip size...
dist/index.html                                   0.56 kB │ gzip:   0.33 kB
dist/assets/useImageFile-1hkDtVIH.css             0.06 kB │ gzip:   0.08 kB
dist/assets/DocumentsPage-CGzgDvdS.css            0.11 kB │ gzip:   0.11 kB
dist/assets/AdminNavigation-CGsS6gxN.css          0.13 kB │ gzip:   0.13 kB
dist/assets/BrowserErrorsPage-X5oY8iVF.css        0.15 kB │ gzip:   0.15 kB
dist/assets/MessagesPage-BCmKWFZt.css             0.15 kB │ gzip:   0.15 kB
dist/assets/NoticesPage-DsFzkVWS.css              0.21 kB │ gzip:   0.14 kB
dist/assets/OperationsTable-xRkMfjgk.css          0.37 kB │ gzip:   0.19 kB
dist/assets/PatternsPage-D9wSiuNv.css             0.59 kB │ gzip:   0.29 kB
dist/assets/AdminAuditPage-BqQoUJOH.css           0.62 kB │ gzip:   0.31 kB
dist/assets/RequirementsPage-DHRt7bWb.css         0.83 kB │ gzip:   0.30 kB
dist/assets/RequirementWorkspace-CFi7C6u6.css     1.28 kB │ gzip:   0.48 kB
dist/assets/KanbanPage-6zvtfWED.css               1.45 kB │ gzip:   0.48 kB
dist/assets/RequirementReportPage-BKY-UAMX.css    1.90 kB │ gzip:   0.57 kB
dist/assets/vue-i18n-Bw7auy6a.css                95.15 kB │ gzip:  13.21 kB
dist/assets/index-CTX-M5wf.css                  232.17 kB │ gzip:  34.77 kB
dist/assets/validation-hl21o1zK.js                0.11 kB │ gzip:   0.11 kB
dist/assets/useDraftGuard-DHBGaPnh.js             0.65 kB │ gzip:   0.40 kB
dist/assets/query-CPXpQ3J9.js                     1.31 kB │ gzip:   0.59 kB
dist/assets/AccountPage-clhWHbUk.js               3.37 kB │ gzip:   1.54 kB
dist/assets/AdminNavigation-CC9yXw0L.js           3.38 kB │ gzip:   1.79 kB
dist/assets/AdminUsersPage-DqscmddO.js            3.93 kB │ gzip:   1.67 kB
dist/assets/RequirementsPage-DViCmVAA.js          4.86 kB │ gzip:   1.98 kB
dist/assets/AdminMenusPage-13iZELzg.js            4.95 kB │ gzip:   2.13 kB
dist/assets/BrowserErrorsPage-3EXpBKNY.js         5.42 kB │ gzip:   2.08 kB
dist/assets/MessagesPage-S6Ib909w.js              5.47 kB │ gzip:   2.26 kB
dist/assets/AdminAuditPage-Csd44St0.js            5.75 kB │ gzip:   2.25 kB
dist/assets/OperationsTable-Y5XGdzMm.js           8.18 kB │ gzip:   3.56 kB
dist/assets/MediaWorkspacePage-sXDqo6yD.js       10.77 kB │ gzip:   3.81 kB
dist/assets/SchedulesPage-APDnMaX-.js            11.54 kB │ gzip:   3.96 kB
dist/assets/PatternsPage-CIz9G5J5.js             11.82 kB │ gzip:   4.45 kB
dist/assets/NoticesPage-BmGmeb6P.js              11.83 kB │ gzip:   4.51 kB
dist/assets/DocumentsPage-CIsKMk61.js            12.27 kB │ gzip:   4.77 kB
dist/assets/dist-nEO7PU3y.js                     16.09 kB │ gzip:   6.17 kB
dist/assets/RequirementReportPage-iM7_ylxx.js    16.48 kB │ gzip:   5.47 kB
dist/assets/RequirementWorkspace-Bw4KyTVG.js     29.51 kB │ gzip:   8.32 kB
dist/assets/KanbanPage-wvENVTDz.js              148.73 kB │ gzip:  47.88 kB
dist/assets/useImageFile-jU7-2GCM.js            212.60 kB │ gzip:  66.10 kB
dist/assets/index-OoMIYUIQ.js                   277.58 kB │ gzip:  85.76 kB
dist/assets/editor-CWzv_Igk.js                  387.46 kB │ gzip: 122.69 kB
dist/assets/charts-DZvfRw5H.js                  560.12 kB │ gzip: 191.56 kB
dist/assets/vue-i18n-BQzf3H0D.js                565.77 kB │ gzip: 195.50 kB
dist/assets/dist-Bbo5EMju.js                    933.03 kB │ gzip: 258.12 kB

✓ built in 763ms
[plugin builtin:vite-reporter] 
(!) Some chunks are larger than 500 kB after minification. Consider:
- Using dynamic import() to code-split the application
- Use build.rolldownOptions.output.codeSplitting to improve chunking: https://rolldown.rs/reference/OutputOptions.codeSplitting
- Adjust chunk size limit for this warning via build.chunkSizeWarningLimit.

> @sc/starter-app@0.1.0 build
> vue-tsc --noEmit -p tsconfig.json && vite build

vite v8.3.1 building client environment for production...
transforming...
✓ 1812 modules transformed.
rendering chunks...
computing gzip size...
dist/index.html                              0.40 kB │ gzip:   0.27 kB
dist/assets/OperationsPage-DK8xgzrY.css      0.41 kB │ gzip:   0.24 kB
dist/assets/PatternsPage-DxdglvMl.css        0.92 kB │ gzip:   0.40 kB
dist/assets/index-CLP9tEG4.css             326.84 kB │ gzip:  46.99 kB
dist/assets/OperationsPage-CFwB70Sk.js      24.43 kB │ gzip:   7.79 kB
dist/assets/dist-n2uKtyka.js               216.97 kB │ gzip:  64.80 kB
dist/assets/index-CgNuW9p7.js              614.28 kB │ gzip: 208.94 kB
dist/assets/PatternsPage-DC7RGWT0.js     2,217.71 kB │ gzip: 677.80 kB

✓ built in 496ms
[plugin builtin:vite-reporter] 
(!) Some chunks are larger than 500 kB after minification. Consider:
- Using dynamic import() to code-split the application
- Use build.rolldownOptions.output.codeSplitting to improve chunking: https://rolldown.rs/reference/OutputOptions.codeSplitting
- Adjust chunk size limit for this warning via build.chunkSizeWarningLimit.
[INFO] Scanning for projects...
[INFO] ------------------------------------------------------------------------
[INFO] Reactor Build Order:
[INFO] 
[INFO] ScFramework backend                                                [pom]
[INFO] ScFramework core contracts                                         [jar]
[INFO] ScFramework auto configuration                                     [jar]
[INFO] ScFramework Spring Boot Starter                                    [jar]
[INFO] ScFramework neutral reference app                                  [jar]
[INFO] ScFramework minimal consumer app                                   [jar]
[INFO] 
[INFO] ----------------< dev.scframework:sc-framework-parent >-----------------
[INFO] Building ScFramework backend 0.3.0-SNAPSHOT                        [1/6]
[INFO]   from pom.xml
[INFO] --------------------------------[ pom ]---------------------------------
[INFO] 
[INFO] --- clean:3.4.1:clean (default-clean) @ sc-framework-parent ---
[INFO] 
[INFO] -------------------< dev.scframework:framework-core >-------------------
[INFO] Building ScFramework core contracts 0.3.0-SNAPSHOT                 [2/6]
[INFO]   from framework-core/pom.xml
[INFO] --------------------------------[ jar ]---------------------------------
[INFO] 
[INFO] --- clean:3.4.1:clean (default-clean) @ framework-core ---
[INFO] Deleting /Users/dk/Work/ScFramework/backend/framework-core/target
[INFO] 
[INFO] --- resources:3.3.1:resources (default-resources) @ framework-core ---
[INFO] skip non existing resourceDirectory /Users/dk/Work/ScFramework/backend/framework-core/src/main/resources
[INFO] skip non existing resourceDirectory /Users/dk/Work/ScFramework/backend/framework-core/src/main/resources
[INFO] 
[INFO] --- compiler:3.14.1:compile (default-compile) @ framework-core ---
[INFO] Recompiling the module because of changed source code.
[INFO] Compiling 18 source files with javac [debug parameters release 21] to target/classes
[INFO] 
[INFO] --- resources:3.3.1:testResources (default-testResources) @ framework-core ---
[INFO] skip non existing resourceDirectory /Users/dk/Work/ScFramework/backend/framework-core/src/test/resources
[INFO] 
[INFO] --- compiler:3.14.1:testCompile (default-testCompile) @ framework-core ---
[INFO] Recompiling the module because of changed dependency.
[INFO] Compiling 2 source files with javac [debug parameters release 21] to target/test-classes
[INFO] 
[INFO] --- surefire:3.5.6:test (default-test) @ framework-core ---
[INFO] Using auto detected provider org.apache.maven.surefire.junitplatform.JUnitPlatformProvider
[INFO] 
[INFO] -------------------------------------------------------
[INFO]  T E S T S
[INFO] -------------------------------------------------------
[INFO] Running dev.scframework.core.ApiErrorTest
[INFO] Tests run: 1, Failures: 0, Errors: 0, Skipped: 0, Time elapsed: 0.017 s -- in dev.scframework.core.ApiErrorTest
[INFO] Running dev.scframework.core.audit.SecurityAuditEventTest
[INFO] Tests run: 2, Failures: 0, Errors: 0, Skipped: 0, Time elapsed: 0.005 s -- in dev.scframework.core.audit.SecurityAuditEventTest
[INFO] 
[INFO] Results:
[INFO] 
[INFO] Tests run: 3, Failures: 0, Errors: 0, Skipped: 0
[INFO] 
[INFO] 
[INFO] --- jar:3.4.2:jar (default-jar) @ framework-core ---
[INFO] Building jar: /Users/dk/Work/ScFramework/backend/framework-core/target/framework-core-0.3.0-SNAPSHOT.jar
[INFO] 
[INFO] --------------< dev.scframework:framework-autoconfigure >---------------
[INFO] Building ScFramework auto configuration 0.3.0-SNAPSHOT             [3/6]
[INFO]   from framework-autoconfigure/pom.xml
[INFO] --------------------------------[ jar ]---------------------------------
[INFO] 
[INFO] --- clean:3.4.1:clean (default-clean) @ framework-autoconfigure ---
[INFO] Deleting /Users/dk/Work/ScFramework/backend/framework-autoconfigure/target
[INFO] 
[INFO] --- resources:3.3.1:resources (default-resources) @ framework-autoconfigure ---
[INFO] Copying 0 resource from src/main/resources to target/classes
[INFO] Copying 2 resources from src/main/resources to target/classes
[INFO] 
[INFO] --- compiler:3.14.1:compile (default-compile) @ framework-autoconfigure ---
[INFO] Recompiling the module because of changed dependency.
[INFO] Compiling 64 source files with javac [debug parameters release 21] to target/classes
[INFO] /Users/dk/Work/ScFramework/backend/framework-autoconfigure/src/main/java/dev/scframework/autoconfigure/ScOpenApiAutoConfiguration.java: /Users/dk/Work/ScFramework/backend/framework-autoconfigure/src/main/java/dev/scframework/autoconfigure/ScOpenApiAutoConfiguration.java uses unchecked or unsafe operations.
[INFO] /Users/dk/Work/ScFramework/backend/framework-autoconfigure/src/main/java/dev/scframework/autoconfigure/ScOpenApiAutoConfiguration.java: Recompile with -Xlint:unchecked for details.
[INFO] 
[INFO] --- resources:3.3.1:testResources (default-testResources) @ framework-autoconfigure ---
[INFO] skip non existing resourceDirectory /Users/dk/Work/ScFramework/backend/framework-autoconfigure/src/test/resources
[INFO] 
[INFO] --- compiler:3.14.1:testCompile (default-testCompile) @ framework-autoconfigure ---
[INFO] Recompiling the module because of changed dependency.
[INFO] Compiling 20 source files with javac [debug parameters release 21] to target/test-classes
[INFO] 
[INFO] --- surefire:3.5.6:test (default-test) @ framework-autoconfigure ---
[INFO] Using auto detected provider org.apache.maven.surefire.junitplatform.JUnitPlatformProvider
[INFO] 
[INFO] -------------------------------------------------------
[INFO]  T E S T S
[INFO] -------------------------------------------------------
[INFO] Running dev.scframework.autoconfigure.RequestIdFilterTest
[INFO] Tests run: 2, Failures: 0, Errors: 0, Skipped: 0, Time elapsed: 0.071 s -- in dev.scframework.autoconfigure.RequestIdFilterTest
[INFO] Running dev.scframework.autoconfigure.SecurityAuditTransactionTest
07:46:18.038 [main] WARN dev.scframework.autoconfigure.audit.AuditWriteDiagnostics -- Security audit write failed; reasonCode=AUDIT_SINK_FAILURE
[INFO] Tests run: 3, Failures: 0, Errors: 0, Skipped: 0, Time elapsed: 0.121 s -- in dev.scframework.autoconfigure.SecurityAuditTransactionTest
[INFO] Running dev.scframework.autoconfigure.SafeSpanExporterTest
[INFO] Tests run: 2, Failures: 0, Errors: 0, Skipped: 0, Time elapsed: 0.017 s -- in dev.scframework.autoconfigure.SafeSpanExporterTest
[INFO] Running dev.scframework.autoconfigure.MessageCrashBoundaryTest
[WARNING] Tests run: 2, Failures: 0, Errors: 0, Skipped: 2, Time elapsed: 0.001 s -- in dev.scframework.autoconfigure.MessageCrashBoundaryTest
[INFO] Running dev.scframework.autoconfigure.FeignConsumerConfigurationTest
[INFO] Tests run: 2, Failures: 0, Errors: 0, Skipped: 0, Time elapsed: 0.085 s -- in dev.scframework.autoconfigure.FeignConsumerConfigurationTest
[INFO] Running dev.scframework.autoconfigure.SecurityOverrideTest
Mockito is currently self-attaching to enable the inline-mock-maker. This will no longer work in future releases of the JDK. Please add Mockito as an agent to your build as described in Mockito's documentation: https://javadoc.io/doc/org.mockito/mockito-core/latest/org.mockito/org/mockito/Mockito.html#0.3
OpenJDK 64-Bit Server VM warning: Sharing is only supported for boot loader classes because bootstrap classpath has been appended
WARNING: A Java agent has been loaded dynamically (/Users/dk/.m2/repository/net/bytebuddy/byte-buddy-agent/1.17.8/byte-buddy-agent-1.17.8.jar)
WARNING: If a serviceability tool is in use, please run with -XX:+EnableDynamicAgentLoading to hide this warning
WARNING: If a serviceability tool is not in use, please run with -Djdk.instrument.traceUsage for more information
WARNING: Dynamic loading of agents will be disallowed by default in a future release
07:46:18.764 [main] WARN org.springframework.boot.web.servlet.context.AnnotationConfigServletWebApplicationContext -- Exception encountered during context initialization - cancelling refresh attempt: org.springframework.beans.factory.BeanCreationException: Error creating bean with name 'scRequiredUserDetailsService' defined in dev.scframework.autoconfigure.ScSecurityAutoConfiguration: Failed to instantiate [org.springframework.security.core.userdetails.UserDetailsService]: Factory method 'scRequiredUserDetailsService' threw exception with message: Supply a UserDetailsService; generated/default passwords are disabled
[INFO] Tests run: 2, Failures: 0, Errors: 0, Skipped: 0, Time elapsed: 0.579 s -- in dev.scframework.autoconfigure.SecurityOverrideTest
[INFO] Running dev.scframework.autoconfigure.SafeOperationalEventSinkTest
[INFO] Tests run: 3, Failures: 0, Errors: 0, Skipped: 0, Time elapsed: 0.089 s -- in dev.scframework.autoconfigure.SafeOperationalEventSinkTest
[INFO] Running dev.scframework.autoconfigure.operations.RuntimeMaintenanceLockTest
[INFO] Tests run: 1, Failures: 0, Errors: 0, Skipped: 0, Time elapsed: 0.045 s -- in dev.scframework.autoconfigure.operations.RuntimeMaintenanceLockTest
[INFO] Running dev.scframework.autoconfigure.storage.StorageRecoveryTest
[INFO] Tests run: 3, Failures: 0, Errors: 0, Skipped: 0, Time elapsed: 0.062 s -- in dev.scframework.autoconfigure.storage.StorageRecoveryTest
[INFO] Running dev.scframework.autoconfigure.audit.DurableAuditPublisherTest
07:46:19.018 [main] WARN dev.scframework.autoconfigure.audit.AuditWriteDiagnostics -- Security audit write failed; reasonCode=AUDIT_SINK_FAILURE
[INFO] Tests run: 2, Failures: 0, Errors: 0, Skipped: 0, Time elapsed: 0.052 s -- in dev.scframework.autoconfigure.audit.DurableAuditPublisherTest
[INFO] Running dev.scframework.autoconfigure.AuditAutoConfigurationTest
07:46:19.143 [main] WARN org.springframework.context.annotation.AnnotationConfigApplicationContext -- Exception encountered during context initialization - cancelling refresh attempt: org.springframework.beans.factory.UnsatisfiedDependencyException: Error creating bean with name 'scSecurityAuditPublisher' defined in dev.scframework.autoconfigure.ScAuditAutoConfiguration: Unsatisfied dependency expressed through method 'scSecurityAuditPublisher' parameter 0: No qualifying bean of type 'dev.scframework.core.audit.SecurityAuditSink' available: expected at least 1 bean which qualifies as autowire candidate. Dependency annotations: {}
[INFO] Tests run: 4, Failures: 0, Errors: 0, Skipped: 0, Time elapsed: 0.203 s -- in dev.scframework.autoconfigure.AuditAutoConfigurationTest
[INFO] Running dev.scframework.autoconfigure.HealthReadinessTest
[INFO] Tests run: 1, Failures: 0, Errors: 0, Skipped: 0, Time elapsed: 0.042 s -- in dev.scframework.autoconfigure.HealthReadinessTest
[INFO] Running dev.scframework.autoconfigure.ScOptionalInfrastructureFilterTest
[INFO] Tests run: 2, Failures: 0, Errors: 0, Skipped: 0, Time elapsed: 0.004 s -- in dev.scframework.autoconfigure.ScOptionalInfrastructureFilterTest
[INFO] Running dev.scframework.autoconfigure.QuerydslAutoConfigurationTest
[INFO] Tests run: 4, Failures: 0, Errors: 0, Skipped: 0, Time elapsed: 0.084 s -- in dev.scframework.autoconfigure.QuerydslAutoConfigurationTest
[INFO] Running dev.scframework.autoconfigure.SecretFileUsersTest
[INFO] Tests run: 2, Failures: 0, Errors: 0, Skipped: 0, Time elapsed: 0.123 s -- in dev.scframework.autoconfigure.SecretFileUsersTest
[INFO] Running dev.scframework.autoconfigure.messaging.DurableMessagingTest
07:46:19.579 [main] WARN dev.scframework.autoconfigure.messaging.MessageDiagnostics -- Operational message failure; reasonCode=MESSAGE_OPERATION_FAILURE
07:46:19.581 [main] WARN dev.scframework.autoconfigure.messaging.MessageDiagnostics -- Operational message failure; reasonCode=MESSAGE_OPERATION_FAILURE
07:46:19.583 [main] WARN dev.scframework.autoconfigure.messaging.MessageDiagnostics -- Operational message failure; reasonCode=MESSAGE_OPERATION_FAILURE
07:46:19.584 [main] WARN dev.scframework.autoconfigure.messaging.MessageDiagnostics -- Operational message failure; reasonCode=MESSAGE_OPERATION_FAILURE
07:46:19.586 [main] WARN dev.scframework.autoconfigure.messaging.MessageDiagnostics -- Operational message failure; reasonCode=MESSAGE_OPERATION_FAILURE
07:46:19.597 [main] WARN dev.scframework.autoconfigure.messaging.MessageDiagnostics -- Operational message failure; reasonCode=MESSAGE_OPERATION_FAILURE
[INFO] Tests run: 6, Failures: 0, Errors: 0, Skipped: 0, Time elapsed: 0.117 s -- in dev.scframework.autoconfigure.messaging.DurableMessagingTest
[INFO] Running dev.scframework.autoconfigure.messaging.RabbitDurableIntegrationTest
[WARNING] Tests run: 1, Failures: 0, Errors: 0, Skipped: 1, Time elapsed: 0 s -- in dev.scframework.autoconfigure.messaging.RabbitDurableIntegrationTest
[INFO] Running dev.scframework.autoconfigure.RegisteredTaskRegistryTest
[INFO] Tests run: 2, Failures: 0, Errors: 0, Skipped: 0, Time elapsed: 0.002 s -- in dev.scframework.autoconfigure.RegisteredTaskRegistryTest
[INFO] Running dev.scframework.autoconfigure.FileStorageTest
07:46:19.611 [main] WARN dev.scframework.autoconfigure.storage.FileStorageTransactions -- File storage cleanup failed; operational counter incremented
[INFO] Tests run: 7, Failures: 0, Errors: 0, Skipped: 0, Time elapsed: 0.025 s -- in dev.scframework.autoconfigure.FileStorageTest
[INFO] Running dev.scframework.autoconfigure.BrowserErrorBoundaryTest
[INFO] Tests run: 4, Failures: 0, Errors: 0, Skipped: 0, Time elapsed: 0.056 s -- in dev.scframework.autoconfigure.BrowserErrorBoundaryTest
[INFO] 
[INFO] Results:
[INFO] 
[INFO] Tests run: 55, Failures: 0, Errors: 0, Skipped: 3
[INFO] 
[INFO] 
[INFO] --- jar:3.4.2:jar (default-jar) @ framework-autoconfigure ---
[INFO] Building jar: /Users/dk/Work/ScFramework/backend/framework-autoconfigure/target/framework-autoconfigure-0.3.0-SNAPSHOT.jar
[INFO] 
[INFO] -----------< dev.scframework:framework-spring-boot-starter >------------
[INFO] Building ScFramework Spring Boot Starter 0.3.0-SNAPSHOT            [4/6]
[INFO]   from framework-spring-boot-starter/pom.xml
[INFO] --------------------------------[ jar ]---------------------------------
[INFO] 
[INFO] --- clean:3.4.1:clean (default-clean) @ framework-spring-boot-starter ---
[INFO] Deleting /Users/dk/Work/ScFramework/backend/framework-spring-boot-starter/target
[INFO] 
[INFO] --- resources:3.3.1:resources (default-resources) @ framework-spring-boot-starter ---
[INFO] skip non existing resourceDirectory /Users/dk/Work/ScFramework/backend/framework-spring-boot-starter/src/main/resources
[INFO] skip non existing resourceDirectory /Users/dk/Work/ScFramework/backend/framework-spring-boot-starter/src/main/resources
[INFO] 
[INFO] --- compiler:3.14.1:compile (default-compile) @ framework-spring-boot-starter ---
[INFO] No sources to compile
[INFO] 
[INFO] --- resources:3.3.1:testResources (default-testResources) @ framework-spring-boot-starter ---
[INFO] skip non existing resourceDirectory /Users/dk/Work/ScFramework/backend/framework-spring-boot-starter/src/test/resources
[INFO] 
[INFO] --- compiler:3.14.1:testCompile (default-testCompile) @ framework-spring-boot-starter ---
[INFO] No sources to compile
[INFO] 
[INFO] --- surefire:3.5.6:test (default-test) @ framework-spring-boot-starter ---
[INFO] No tests to run.
[INFO] 
[INFO] --- jar:3.4.2:jar (default-jar) @ framework-spring-boot-starter ---
[WARNING] JAR will be empty - no content was marked for inclusion!
[INFO] Building jar: /Users/dk/Work/ScFramework/backend/framework-spring-boot-starter/target/framework-spring-boot-starter-0.3.0-SNAPSHOT.jar
[INFO] 
[INFO] ------------------< dev.scframework:sc-reference-app >------------------
[INFO] Building ScFramework neutral reference app 0.3.0-SNAPSHOT          [5/6]
[INFO]   from reference-app/pom.xml
[INFO] --------------------------------[ jar ]---------------------------------
[INFO] 
[INFO] --- clean:3.4.1:clean (default-clean) @ sc-reference-app ---
[INFO] Deleting /Users/dk/Work/ScFramework/backend/reference-app/target
[INFO] 
[INFO] --- resources:3.3.1:resources (default-resources) @ sc-reference-app ---
[INFO] Copying 11 resources from src/main/resources to target/classes
[INFO] Copying 43 resources from ../../frontend/apps/reference-app/dist to target/classes/static
[INFO] 
[INFO] --- compiler:3.14.1:compile (default-compile) @ sc-reference-app ---
[INFO] Recompiling the module because of changed dependency.
[INFO] Compiling 88 source files with javac [debug parameters release 21] to target/classes
[INFO] /Users/dk/Work/ScFramework/backend/reference-app/src/main/java/dev/scframework/reference/documents/DocumentGrammar.java: /Users/dk/Work/ScFramework/backend/reference-app/src/main/java/dev/scframework/reference/documents/DocumentGrammar.java uses or overrides a deprecated API.
[INFO] /Users/dk/Work/ScFramework/backend/reference-app/src/main/java/dev/scframework/reference/documents/DocumentGrammar.java: Recompile with -Xlint:deprecation for details.
[INFO] 
[INFO] --- resources:3.3.1:testResources (default-testResources) @ sc-reference-app ---
[INFO] Copying 1 resource from src/test/resources to target/test-classes
[INFO] 
[INFO] --- compiler:3.14.1:testCompile (default-testCompile) @ sc-reference-app ---
[INFO] Recompiling the module because of changed dependency.
[INFO] Compiling 21 source files with javac [debug parameters release 21] to target/test-classes
[INFO] 
[INFO] --- surefire:3.5.6:test (default-test) @ sc-reference-app ---
[INFO] Using auto detected provider org.apache.maven.surefire.junitplatform.JUnitPlatformProvider
[INFO] 
[INFO] -------------------------------------------------------
[INFO]  T E S T S
[INFO] -------------------------------------------------------
[INFO] Running dev.scframework.reference.H2PersistenceTest
07:46:23.036 [main] INFO org.flywaydb.core.FlywayExecutor -- Database: jdbc:h2:file:/var/folders/8k/rv4bxj0115g929lrxwybv_r80000gn/T/junit-4418393172816031262/isolated-reference (H2 2.3)
07:46:23.053 [main] INFO org.flywaydb.core.internal.schemahistory.JdbcTableSchemaHistory -- Schema history table "PUBLIC"."flyway_schema_history" does not exist yet
07:46:23.054 [main] INFO org.flywaydb.core.internal.command.DbValidate -- Successfully validated 5 migrations (execution time 00:00.007s)
07:46:23.059 [main] INFO org.flywaydb.core.internal.schemahistory.JdbcTableSchemaHistory -- Creating Schema History table "PUBLIC"."flyway_schema_history" ...
07:46:23.077 [main] INFO org.flywaydb.core.internal.command.DbMigrate -- Current version of schema "PUBLIC": << Empty Schema >>
07:46:23.080 [main] INFO org.flywaydb.core.internal.command.DbMigrate -- Migrating schema "PUBLIC" to version "1 - example baseline"
07:46:23.089 [main] INFO org.flywaydb.core.internal.command.DbMigrate -- Migrating schema "PUBLIC" to version "2 - requirements baseline"
07:46:23.102 [main] INFO org.flywaydb.core.internal.command.DbMigrate -- Migrating schema "PUBLIC" to version "3 - security audit"
07:46:23.108 [main] INFO org.flywaydb.core.internal.command.DbMigrate -- Successfully applied 3 migrations to schema "PUBLIC", now at version v3 (execution time 00:00.015s)
07:46:23.171 [main] INFO org.flywaydb.core.FlywayExecutor -- Database: jdbc:h2:file:/var/folders/8k/rv4bxj0115g929lrxwybv_r80000gn/T/junit-4418393172816031262/isolated-reference (H2 2.3)
07:46:23.175 [main] INFO org.flywaydb.core.internal.command.DbValidate -- Successfully validated 5 migrations (execution time 00:00.002s)
07:46:23.176 [main] INFO org.flywaydb.core.internal.command.DbMigrate -- Current version of schema "PUBLIC": 3
07:46:23.179 [main] INFO org.flywaydb.core.internal.command.DbMigrate -- Migrating schema "PUBLIC" to version "4 - media and files"
07:46:23.192 [main] INFO org.flywaydb.core.internal.command.DbMigrate -- Migrating schema "PUBLIC" to version "5 - kanban and documents"
07:46:23.198 [main] INFO org.flywaydb.core.internal.command.DbMigrate -- Successfully applied 2 migrations to schema "PUBLIC", now at version v5 (execution time 00:00.015s)
07:46:23.235 [main] INFO org.flywaydb.core.internal.command.DbValidate -- Successfully validated 5 migrations (execution time 00:00.002s)
07:46:23.236 [main] INFO org.flywaydb.core.internal.command.DbMigrate -- Current version of schema "PUBLIC": 5
07:46:23.236 [main] INFO org.flywaydb.core.internal.command.DbMigrate -- Schema "PUBLIC" is up to date. No migration necessary.
[INFO] Tests run: 1, Failures: 0, Errors: 0, Skipped: 0, Time elapsed: 0.476 s -- in dev.scframework.reference.H2PersistenceTest
[INFO] Running dev.scframework.reference.identity.PasswordIntegrationTest
07:46:23.309 [main] INFO org.springframework.test.context.support.AnnotationConfigContextLoaderUtils -- Could not detect default configuration classes for test class [dev.scframework.reference.identity.PasswordIntegrationTest]: PasswordIntegrationTest does not declare any static, non-private, non-final, nested classes annotated with @Configuration.
07:46:23.366 [main] INFO org.springframework.boot.test.context.SpringBootTestContextBootstrapper -- Found @SpringBootConfiguration dev.scframework.reference.ReferenceApplication for test class dev.scframework.reference.identity.PasswordIntegrationTest

  .   ____          _            __ _ _
 /\\ / ___'_ __ _ _(_)_ __  __ _ \ \ \ \
( ( )\___ | '_ | '_| | '_ \/ _` | \ \ \ \
 \\/  ___)| |_)| | | | | || (_| |  ) ) ) )
  '  |____| .__|_| |_|_| |_\__, | / / / /
 =========|_|==============|___/=/_/_/_/

 :: Spring Boot ::               (v3.5.16)

2026-10-07T07:46:23.593+09:00  INFO [requestId:] 64500 --- [sc-reference-app] [           main] [                                                 ] d.s.r.identity.PasswordIntegrationTest   : Starting PasswordIntegrationTest using Java 21.0.11 with PID 64500 (started by dk in /Users/dk/Work/ScFramework/backend/reference-app)
2026-10-07T07:46:23.594+09:00  INFO [requestId:] 64500 --- [sc-reference-app] [           main] [                                                 ] d.s.r.identity.PasswordIntegrationTest   : No active profile set, falling back to 1 default profile: "default"
2026-10-07T07:46:24.048+09:00  INFO [requestId:] 64500 --- [sc-reference-app] [           main] [                                                 ] .s.d.r.c.RepositoryConfigurationDelegate : Bootstrapping Spring Data JPA repositories in DEFAULT mode.
2026-10-07T07:46:24.121+09:00  INFO [requestId:] 64500 --- [sc-reference-app] [           main] [                                                 ] .s.d.r.c.RepositoryConfigurationDelegate : Finished Spring Data repository scanning in 69 ms. Found 18 JPA repository interfaces.
2026-10-07T07:46:24.192+09:00  INFO [requestId:] 64500 --- [sc-reference-app] [           main] [                                                 ] o.s.cloud.context.scope.GenericScope     : BeanFactory id=3e743ba2-ddd6-34c9-a3a8-83543fd54d09
2026-10-07T07:46:24.318+09:00  INFO [requestId:] 64500 --- [sc-reference-app] [           main] [                                                 ] com.zaxxer.hikari.HikariDataSource       : HikariPool-1 - Starting...
2026-10-07T07:46:24.323+09:00  INFO [requestId:] 64500 --- [sc-reference-app] [           main] [                                                 ] com.zaxxer.hikari.pool.HikariPool        : HikariPool-1 - Added connection conn8: url=jdbc:h2:mem:password-sc-password-010-16049866525501982546 user=SA
2026-10-07T07:46:24.324+09:00  INFO [requestId:] 64500 --- [sc-reference-app] [           main] [                                                 ] com.zaxxer.hikari.HikariDataSource       : HikariPool-1 - Start completed.
2026-10-07T07:46:24.329+09:00  INFO [requestId:] 64500 --- [sc-reference-app] [           main] [                                                 ] org.flywaydb.core.FlywayExecutor         : Database: jdbc:h2:mem:password-sc-password-010-16049866525501982546 (H2 2.3)
2026-10-07T07:46:24.332+09:00  INFO [requestId:] 64500 --- [sc-reference-app] [           main] [                                                 ] o.f.c.i.s.JdbcTableSchemaHistory         : Schema history table "PUBLIC"."flyway_schema_history" does not exist yet
2026-10-07T07:46:24.332+09:00  INFO [requestId:] 64500 --- [sc-reference-app] [           main] [                                                 ] o.f.core.internal.command.DbValidate     : Successfully validated 5 migrations (execution time 00:00.001s)
2026-10-07T07:46:24.333+09:00  INFO [requestId:] 64500 --- [sc-reference-app] [           main] [                                                 ] o.f.c.i.s.JdbcTableSchemaHistory         : Creating Schema History table "PUBLIC"."flyway_schema_history" ...
2026-10-07T07:46:24.337+09:00  INFO [requestId:] 64500 --- [sc-reference-app] [           main] [                                                 ] o.f.core.internal.command.DbMigrate      : Current version of schema "PUBLIC": << Empty Schema >>
2026-10-07T07:46:24.339+09:00  INFO [requestId:] 64500 --- [sc-reference-app] [           main] [                                                 ] o.f.core.internal.command.DbMigrate      : Migrating schema "PUBLIC" to version "1 - example baseline"
2026-10-07T07:46:24.343+09:00  INFO [requestId:] 64500 --- [sc-reference-app] [           main] [                                                 ] o.f.core.internal.command.DbMigrate      : Migrating schema "PUBLIC" to version "2 - requirements baseline"
2026-10-07T07:46:24.352+09:00  INFO [requestId:] 64500 --- [sc-reference-app] [           main] [                                                 ] o.f.core.internal.command.DbMigrate      : Migrating schema "PUBLIC" to version "3 - security audit"
2026-10-07T07:46:24.360+09:00  INFO [requestId:] 64500 --- [sc-reference-app] [           main] [                                                 ] o.f.core.internal.command.DbMigrate      : Migrating schema "PUBLIC" to version "4 - media and files"
2026-10-07T07:46:24.369+09:00  INFO [requestId:] 64500 --- [sc-reference-app] [           main] [                                                 ] o.f.core.internal.command.DbMigrate      : Migrating schema "PUBLIC" to version "5 - kanban and documents"
2026-10-07T07:46:24.374+09:00  INFO [requestId:] 64500 --- [sc-reference-app] [           main] [                                                 ] o.f.core.internal.command.DbMigrate      : Successfully applied 5 migrations to schema "PUBLIC", now at version v5 (execution time 00:00.019s)
2026-10-07T07:46:24.436+09:00  INFO [requestId:] 64500 --- [sc-reference-app] [           main] [                                                 ] o.hibernate.jpa.internal.util.LogHelper  : HHH000204: Processing PersistenceUnitInfo [name: default]
2026-10-07T07:46:24.463+09:00  INFO [requestId:] 64500 --- [sc-reference-app] [           main] [                                                 ] org.hibernate.Version                    : HHH000412: Hibernate ORM core version 6.6.53.Final
2026-10-07T07:46:24.478+09:00  INFO [requestId:] 64500 --- [sc-reference-app] [           main] [                                                 ] o.h.c.internal.RegionFactoryInitiator    : HHH000026: Second-level cache disabled
2026-10-07T07:46:24.643+09:00  INFO [requestId:] 64500 --- [sc-reference-app] [           main] [                                                 ] o.s.o.j.p.SpringPersistenceUnitInfo      : No LoadTimeWeaver setup: ignoring JPA class transformer
2026-10-07T07:46:24.683+09:00  INFO [requestId:] 64500 --- [sc-reference-app] [           main] [                                                 ] org.hibernate.orm.connections.pooling    : HHH10001005: Database info:
	Database JDBC URL [Connecting through datasource 'HikariDataSource (HikariPool-1)']
	Database driver: undefined/unknown
	Database version: 2.3.232
	Autocommit mode: undefined/unknown
	Isolation level: undefined/unknown
	Minimum pool size: undefined/unknown
	Maximum pool size: undefined/unknown
2026-10-07T07:46:25.115+09:00  INFO [requestId:] 64500 --- [sc-reference-app] [           main] [                                                 ] o.h.e.t.j.p.i.JtaPlatformInitiator       : HHH000489: No JTA platform available (set 'hibernate.transaction.jta.platform' to enable JTA platform integration)
2026-10-07T07:46:25.125+09:00  INFO [requestId:] 64500 --- [sc-reference-app] [           main] [                                                 ] j.LocalContainerEntityManagerFactoryBean : Initialized JPA EntityManagerFactory for persistence unit 'default'
2026-10-07T07:46:25.210+09:00  INFO [requestId:] 64500 --- [sc-reference-app] [           main] [                                                 ] o.s.d.j.r.query.QueryEnhancerFactory     : Hibernate is in classpath; If applicable, HQL parser will be used.
2026-10-07T07:46:25.803+09:00  INFO [requestId:] 64500 --- [sc-reference-app] [           main] [                                                 ] o.s.b.a.w.s.WelcomePageHandlerMapping    : Adding welcome page: class path resource [static/index.html]
2026-10-07T07:46:25.918+09:00  INFO [requestId:] 64500 --- [sc-reference-app] [           main] [                                                 ] r$InitializeUserDetailsManagerConfigurer : Global AuthenticationManager configured with UserDetailsService bean with name referenceUsers
2026-10-07T07:46:25.983+09:00  INFO [requestId:] 64500 --- [sc-reference-app] [           main] [                                                 ] o.s.b.a.e.web.EndpointLinksResolver      : Exposing 1 endpoint beneath base path '/actuator'
2026-10-07T07:46:26.083+09:00  INFO [requestId:] 64500 --- [sc-reference-app] [           main] [                                                 ] o.s.b.t.m.w.SpringBootMockServletContext : Initializing Spring TestDispatcherServlet ''
2026-10-07T07:46:26.083+09:00  INFO [requestId:] 64500 --- [sc-reference-app] [           main] [                                                 ] o.s.t.web.servlet.TestDispatcherServlet  : Initializing Servlet ''
2026-10-07T07:46:26.083+09:00  INFO [requestId:] 64500 --- [sc-reference-app] [           main] [                                                 ] o.s.t.web.servlet.TestDispatcherServlet  : Completed initialization in 0 ms
2026-10-07T07:46:26.122+09:00  INFO [requestId:] 64500 --- [sc-reference-app] [           main] [                                                 ] d.s.r.identity.PasswordIntegrationTest   : Started PasswordIntegrationTest in 2.668 seconds (process running for 3.588)
Mockito is currently self-attaching to enable the inline-mock-maker. This will no longer work in future releases of the JDK. Please add Mockito as an agent to your build as described in Mockito's documentation: https://javadoc.io/doc/org.mockito/mockito-core/latest/org.mockito/org/mockito/Mockito.html#0.3
OpenJDK 64-Bit Server VM warning: Sharing is only supported for boot loader classes because bootstrap classpath has been appended
WARNING: A Java agent has been loaded dynamically (/Users/dk/.m2/repository/net/bytebuddy/byte-buddy-agent/1.17.8/byte-buddy-agent-1.17.8.jar)
WARNING: If a serviceability tool is in use, please run with -XX:+EnableDynamicAgentLoading to hide this warning
WARNING: If a serviceability tool is not in use, please run with -Djdk.instrument.traceUsage for more information
WARNING: Dynamic loading of agents will be disallowed by default in a future release
2026-10-07T07:46:27.621+09:00  INFO [requestId:] 64500 --- [sc-reference-app] [           main] [                                                 ] j.LocalContainerEntityManagerFactoryBean : Closing JPA EntityManagerFactory for persistence unit 'default'
2026-10-07T07:46:27.622+09:00  INFO [requestId:] 64500 --- [sc-reference-app] [           main] [                                                 ] com.zaxxer.hikari.HikariDataSource       : HikariPool-1 - Shutdown initiated...
2026-10-07T07:46:27.623+09:00  INFO [requestId:] 64500 --- [sc-reference-app] [           main] [                                                 ] com.zaxxer.hikari.HikariDataSource       : HikariPool-1 - Shutdown completed.
[INFO] Tests run: 3, Failures: 0, Errors: 0, Skipped: 0, Time elapsed: 4.344 s -- in dev.scframework.reference.identity.PasswordIntegrationTest
[INFO] Running dev.scframework.reference.requirements.RequirementIntegrationTest
2026-10-07T07:46:27.633+09:00  INFO [requestId:] 64500 --- [sc-reference-app] [           main] [                                                 ] .b.t.c.SpringBootTestContextBootstrapper : Found @SpringBootConfiguration dev.scframework.reference.ReferenceApplication for test class dev.scframework.reference.requirements.RequirementIntegrationTest

  .   ____          _            __ _ _
 /\\ / ___'_ __ _ _(_)_ __  __ _ \ \ \ \
( ( )\___ | '_ | '_| | '_ \/ _` | \ \ \ \
 \\/  ___)| |_)| | | | | || (_| |  ) ) ) )
  '  |____| .__|_| |_|_| |_\__, | / / / /
 =========|_|==============|___/=/_/_/_/

 :: Spring Boot ::               (v3.5.16)

2026-10-07T07:46:27.650+09:00  INFO [requestId:] 64500 --- [sc-reference-app] [           main] [                                                 ] d.s.r.r.RequirementIntegrationTest       : Starting RequirementIntegrationTest using Java 21.0.11 with PID 64500 (started by dk in /Users/dk/Work/ScFramework/backend/reference-app)
2026-10-07T07:46:27.650+09:00  INFO [requestId:] 64500 --- [sc-reference-app] [           main] [                                                 ] d.s.r.r.RequirementIntegrationTest       : No active profile set, falling back to 1 default profile: "default"
2026-10-07T07:46:27.757+09:00  INFO [requestId:] 64500 --- [sc-reference-app] [           main] [                                                 ] .s.d.r.c.RepositoryConfigurationDelegate : Bootstrapping Spring Data JPA repositories in DEFAULT mode.
2026-10-07T07:46:27.769+09:00  INFO [requestId:] 64500 --- [sc-reference-app] [           main] [                                                 ] .s.d.r.c.RepositoryConfigurationDelegate : Finished Spring Data repository scanning in 11 ms. Found 18 JPA repository interfaces.
2026-10-07T07:46:27.790+09:00  INFO [requestId:] 64500 --- [sc-reference-app] [           main] [                                                 ] o.s.cloud.context.scope.GenericScope     : BeanFactory id=7ef6838e-eb64-3c2b-9ffd-f65f8b3ccf99
2026-10-07T07:46:27.814+09:00  INFO [requestId:] 64500 --- [sc-reference-app] [           main] [                                                 ] com.zaxxer.hikari.HikariDataSource       : HikariPool-2 - Starting...
2026-10-07T07:46:27.816+09:00  INFO [requestId:] 64500 --- [sc-reference-app] [           main] [                                                 ] com.zaxxer.hikari.pool.HikariPool        : HikariPool-2 - Added connection conn13: url=jdbc:h2:mem:requirements-sc-requirements-007-7142552687788063117 user=SA
2026-10-07T07:46:27.816+09:00  INFO [requestId:] 64500 --- [sc-reference-app] [           main] [                                                 ] com.zaxxer.hikari.HikariDataSource       : HikariPool-2 - Start completed.
2026-10-07T07:46:27.816+09:00  INFO [requestId:] 64500 --- [sc-reference-app] [           main] [                                                 ] org.flywaydb.core.FlywayExecutor         : Database: jdbc:h2:mem:requirements-sc-requirements-007-7142552687788063117 (H2 2.3)
2026-10-07T07:46:27.819+09:00  INFO [requestId:] 64500 --- [sc-reference-app] [           main] [                                                 ] o.f.c.i.s.JdbcTableSchemaHistory         : Schema history table "PUBLIC"."flyway_schema_history" does not exist yet
2026-10-07T07:46:27.819+09:00  INFO [requestId:] 64500 --- [sc-reference-app] [           main] [                                                 ] o.f.core.internal.command.DbValidate     : Successfully validated 5 migrations (execution time 00:00.001s)
2026-10-07T07:46:27.820+09:00  INFO [requestId:] 64500 --- [sc-reference-app] [           main] [                                                 ] o.f.c.i.s.JdbcTableSchemaHistory         : Creating Schema History table "PUBLIC"."flyway_schema_history" ...
2026-10-07T07:46:27.823+09:00  INFO [requestId:] 64500 --- [sc-reference-app] [           main] [                                                 ] o.f.core.internal.command.DbMigrate      : Current version of schema "PUBLIC": << Empty Schema >>
2026-10-07T07:46:27.824+09:00  INFO [requestId:] 64500 --- [sc-reference-app] [           main] [                                                 ] o.f.core.internal.command.DbMigrate      : Migrating schema "PUBLIC" to version "1 - example baseline"
2026-10-07T07:46:27.827+09:00  INFO [requestId:] 64500 --- [sc-reference-app] [           main] [                                                 ] o.f.core.internal.command.DbMigrate      : Migrating schema "PUBLIC" to version "2 - requirements baseline"
2026-10-07T07:46:27.831+09:00  INFO [requestId:] 64500 --- [sc-reference-app] [           main] [                                                 ] o.f.core.internal.command.DbMigrate      : Migrating schema "PUBLIC" to version "3 - security audit"
2026-10-07T07:46:27.834+09:00  INFO [requestId:] 64500 --- [sc-reference-app] [           main] [                                                 ] o.f.core.internal.command.DbMigrate      : Migrating schema "PUBLIC" to version "4 - media and files"
2026-10-07T07:46:27.840+09:00  INFO [requestId:] 64500 --- [sc-reference-app] [           main] [                                                 ] o.f.core.internal.command.DbMigrate      : Migrating schema "PUBLIC" to version "5 - kanban and documents"
2026-10-07T07:46:27.845+09:00  INFO [requestId:] 64500 --- [sc-reference-app] [           main] [                                                 ] o.f.core.internal.command.DbMigrate      : Successfully applied 5 migrations to schema "PUBLIC", now at version v5 (execution time 00:00.011s)
2026-10-07T07:46:27.852+09:00  INFO [requestId:] 64500 --- [sc-reference-app] [           main] [                                                 ] o.hibernate.jpa.internal.util.LogHelper  : HHH000204: Processing PersistenceUnitInfo [name: default]
2026-10-07T07:46:27.853+09:00  INFO [requestId:] 64500 --- [sc-reference-app] [           main] [                                                 ] o.h.c.internal.RegionFactoryInitiator    : HHH000026: Second-level cache disabled
2026-10-07T07:46:27.856+09:00  INFO [requestId:] 64500 --- [sc-reference-app] [           main] [                                                 ] o.s.o.j.p.SpringPersistenceUnitInfo      : No LoadTimeWeaver setup: ignoring JPA class transformer
2026-10-07T07:46:27.857+09:00  INFO [requestId:] 64500 --- [sc-reference-app] [           main] [                                                 ] org.hibernate.orm.connections.pooling    : HHH10001005: Database info:
	Database JDBC URL [Connecting through datasource 'HikariDataSource (HikariPool-2)']
	Database driver: undefined/unknown
	Database version: 2.3.232
	Autocommit mode: undefined/unknown
	Isolation level: undefined/unknown
	Minimum pool size: undefined/unknown
	Maximum pool size: undefined/unknown
2026-10-07T07:46:27.912+09:00  INFO [requestId:] 64500 --- [sc-reference-app] [           main] [                                                 ] o.h.e.t.j.p.i.JtaPlatformInitiator       : HHH000489: No JTA platform available (set 'hibernate.transaction.jta.platform' to enable JTA platform integration)
2026-10-07T07:46:27.914+09:00  INFO [requestId:] 64500 --- [sc-reference-app] [           main] [                                                 ] j.LocalContainerEntityManagerFactoryBean : Initialized JPA EntityManagerFactory for persistence unit 'default'
2026-10-07T07:46:28.027+09:00  INFO [requestId:] 64500 --- [sc-reference-app] [           main] [                                                 ] o.s.b.a.w.s.WelcomePageHandlerMapping    : Adding welcome page: class path resource [static/index.html]
2026-10-07T07:46:28.052+09:00  INFO [requestId:] 64500 --- [sc-reference-app] [           main] [                                                 ] r$InitializeUserDetailsManagerConfigurer : Global AuthenticationManager configured with UserDetailsService bean with name referenceUsers
2026-10-07T07:46:28.069+09:00  INFO [requestId:] 64500 --- [sc-reference-app] [           main] [                                                 ] o.s.b.a.e.web.EndpointLinksResolver      : Exposing 1 endpoint beneath base path '/actuator'
2026-10-07T07:46:28.087+09:00  INFO [requestId:] 64500 --- [sc-reference-app] [           main] [                                                 ] o.s.b.t.m.w.SpringBootMockServletContext : Initializing Spring TestDispatcherServlet ''
2026-10-07T07:46:28.087+09:00  INFO [requestId:] 64500 --- [sc-reference-app] [           main] [                                                 ] o.s.t.web.servlet.TestDispatcherServlet  : Initializing Servlet ''
2026-10-07T07:46:28.088+09:00  INFO [requestId:] 64500 --- [sc-reference-app] [           main] [                                                 ] o.s.t.web.servlet.TestDispatcherServlet  : Completed initialization in 1 ms
2026-10-07T07:46:28.101+09:00  INFO [requestId:] 64500 --- [sc-reference-app] [           main] [                                                 ] d.s.r.r.RequirementIntegrationTest       : Started RequirementIntegrationTest in 0.465 seconds (process running for 5.567)
2026-10-07T07:46:28.727+09:00  WARN [requestId:c2ad8a72-26b1-47c8-9991-f0d05b0c2837] 64500 --- [sc-reference-app] [           main] [                                                 ] o.h.engine.jdbc.spi.SqlExceptionHelper   : SQL Error: 23513, SQLState: 23513
2026-10-07T07:46:28.727+09:00 ERROR [requestId:c2ad8a72-26b1-47c8-9991-f0d05b0c2837] 64500 --- [sc-reference-app] [           main] [                                                 ] o.h.engine.jdbc.spi.SqlExceptionHelper   : Check constraint violation: "SYNTHETIC_REVIEW_FAILURE: "; SQL statement:
insert into requirement_history (action,actor_id,after_json,before_json,created_at,requirement_id,id) values (?,?,?,?,?,?,default) [23513-232]
2026-10-07T07:46:29.235+09:00  WARN [requestId:edec14f8-4cd2-4d91-b381-a927aaf8d68e] 64500 --- [sc-reference-app] [           main] [                                                 ] o.h.engine.jdbc.spi.SqlExceptionHelper   : SQL Error: 23513, SQLState: 23513
2026-10-07T07:46:29.235+09:00 ERROR [requestId:edec14f8-4cd2-4d91-b381-a927aaf8d68e] 64500 --- [sc-reference-app] [           main] [                                                 ] o.h.engine.jdbc.spi.SqlExceptionHelper   : Check constraint violation: "SYNTHETIC_HISTORY_FAILURE: "; SQL statement:
insert into requirement_history (action,actor_id,after_json,before_json,created_at,requirement_id,id) values (?,?,?,?,?,?,default) [23513-232]
2026-10-07T07:46:31.680+09:00  WARN [requestId:ad13a00a-c3ed-4207-8662-541b0387bb20] 64500 --- [sc-reference-app] [           main] [                                                 ] o.h.engine.jdbc.spi.SqlExceptionHelper   : SQL Error: 23505, SQLState: 23505
2026-10-07T07:46:31.680+09:00 ERROR [requestId:ad13a00a-c3ed-4207-8662-541b0387bb20] 64500 --- [sc-reference-app] [           main] [                                                 ] o.h.engine.jdbc.spi.SqlExceptionHelper   : Unique index or primary key violation: "PUBLIC.CONSTRAINT_INDEX_E ON PUBLIC.REFERENCE_USER(USERNAME NULLS FIRST) VALUES ( /* 20 */ 'alice' )"; SQL statement:
insert into reference_user (created_at,display_name,password_hash,role,username,id) values (?,?,?,?,?,default) [23505-232]
[INFO] Tests run: 22, Failures: 0, Errors: 0, Skipped: 0, Time elapsed: 10.87 s -- in dev.scframework.reference.requirements.RequirementIntegrationTest
[INFO] Running dev.scframework.reference.requirements.RequirementPersistenceTest
2026-10-07T07:46:38.503+09:00  INFO [requestId:] 64500 --- [sc-reference-app] [           main] [                                                 ] org.flywaydb.core.FlywayExecutor         : Database: jdbc:h2:file:/var/folders/8k/rv4bxj0115g929lrxwybv_r80000gn/T/junit-15602459750339082641/upgrade (H2 2.3)
2026-10-07T07:46:38.504+09:00  INFO [requestId:] 64500 --- [sc-reference-app] [           main] [                                                 ] o.f.c.i.s.JdbcTableSchemaHistory         : Schema history table "PUBLIC"."flyway_schema_history" does not exist yet
2026-10-07T07:46:38.504+09:00  INFO [requestId:] 64500 --- [sc-reference-app] [           main] [                                                 ] o.f.core.internal.command.DbValidate     : Successfully validated 5 migrations (execution time 00:00.000s)
2026-10-07T07:46:38.504+09:00  INFO [requestId:] 64500 --- [sc-reference-app] [           main] [                                                 ] o.f.c.i.s.JdbcTableSchemaHistory         : Creating Schema History table "PUBLIC"."flyway_schema_history" ...
2026-10-07T07:46:38.506+09:00  INFO [requestId:] 64500 --- [sc-reference-app] [           main] [                                                 ] o.f.core.internal.command.DbMigrate      : Current version of schema "PUBLIC": << Empty Schema >>
2026-10-07T07:46:38.506+09:00  INFO [requestId:] 64500 --- [sc-reference-app] [           main] [                                                 ] o.f.core.internal.command.DbMigrate      : Migrating schema "PUBLIC" to version "1 - example baseline"
2026-10-07T07:46:38.507+09:00  INFO [requestId:] 64500 --- [sc-reference-app] [           main] [                                                 ] o.f.core.internal.command.DbMigrate      : Successfully applied 1 migration to schema "PUBLIC", now at version v1 (execution time 00:00.000s)
2026-10-07T07:46:38.525+09:00  INFO [requestId:] 64500 --- [sc-reference-app] [           main] [                                                 ] org.flywaydb.core.FlywayExecutor         : Database: jdbc:h2:file:/var/folders/8k/rv4bxj0115g929lrxwybv_r80000gn/T/junit-15602459750339082641/upgrade (H2 2.3)
2026-10-07T07:46:38.527+09:00  INFO [requestId:] 64500 --- [sc-reference-app] [           main] [                                                 ] o.f.core.internal.command.DbValidate     : Successfully validated 5 migrations (execution time 00:00.001s)
2026-10-07T07:46:38.527+09:00  INFO [requestId:] 64500 --- [sc-reference-app] [           main] [                                                 ] o.f.core.internal.command.DbMigrate      : Current version of schema "PUBLIC": 1
2026-10-07T07:46:38.528+09:00  INFO [requestId:] 64500 --- [sc-reference-app] [           main] [                                                 ] o.f.core.internal.command.DbMigrate      : Migrating schema "PUBLIC" to version "2 - requirements baseline"
2026-10-07T07:46:38.530+09:00  INFO [requestId:] 64500 --- [sc-reference-app] [           main] [                                                 ] o.f.core.internal.command.DbMigrate      : Migrating schema "PUBLIC" to version "3 - security audit"
2026-10-07T07:46:38.531+09:00  INFO [requestId:] 64500 --- [sc-reference-app] [           main] [                                                 ] o.f.core.internal.command.DbMigrate      : Successfully applied 2 migrations to schema "PUBLIC", now at version v3 (execution time 00:00.001s)
2026-10-07T07:46:38.543+09:00  INFO [requestId:] 64500 --- [sc-reference-app] [           main] [                                                 ] org.flywaydb.core.FlywayExecutor         : Database: jdbc:h2:file:/var/folders/8k/rv4bxj0115g929lrxwybv_r80000gn/T/junit-15602459750339082641/upgrade (H2 2.3)
2026-10-07T07:46:38.544+09:00  INFO [requestId:] 64500 --- [sc-reference-app] [           main] [                                                 ] o.f.core.internal.command.DbValidate     : Successfully validated 5 migrations (execution time 00:00.001s)
2026-10-07T07:46:38.545+09:00  INFO [requestId:] 64500 --- [sc-reference-app] [           main] [                                                 ] o.f.core.internal.command.DbMigrate      : Current version of schema "PUBLIC": 3
2026-10-07T07:46:38.546+09:00  INFO [requestId:] 64500 --- [sc-reference-app] [           main] [                                                 ] o.f.core.internal.command.DbMigrate      : Migrating schema "PUBLIC" to version "4 - media and files"
2026-10-07T07:46:38.549+09:00  INFO [requestId:] 64500 --- [sc-reference-app] [           main] [                                                 ] o.f.core.internal.command.DbMigrate      : Migrating schema "PUBLIC" to version "5 - kanban and documents"
2026-10-07T07:46:38.550+09:00  INFO [requestId:] 64500 --- [sc-reference-app] [           main] [                                                 ] o.f.core.internal.command.DbMigrate      : Successfully applied 2 migrations to schema "PUBLIC", now at version v5 (execution time 00:00.003s)
2026-10-07T07:46:38.606+09:00  INFO [requestId:] 64500 --- [sc-reference-app] [           main] [                                                 ] org.flywaydb.core.FlywayExecutor         : Database: jdbc:h2:file:/var/folders/8k/rv4bxj0115g929lrxwybv_r80000gn/T/junit-15602459750339082641/upgrade (H2 2.3)
2026-10-07T07:46:38.607+09:00  INFO [requestId:] 64500 --- [sc-reference-app] [           main] [                                                 ] o.f.core.internal.command.DbValidate     : Successfully validated 5 migrations (execution time 00:00.000s)
2026-10-07T07:46:38.608+09:00  INFO [requestId:] 64500 --- [sc-reference-app] [           main] [                                                 ] o.f.core.internal.command.DbMigrate      : Current version of schema "PUBLIC": 5
2026-10-07T07:46:38.608+09:00  INFO [requestId:] 64500 --- [sc-reference-app] [           main] [                                                 ] o.f.core.internal.command.DbMigrate      : Schema "PUBLIC" is up to date. No migration necessary.
2026-10-07T07:46:38.635+09:00  INFO [requestId:] 64500 --- [sc-reference-app] [           main] [                                                 ] org.flywaydb.core.FlywayExecutor         : Database: jdbc:h2:file:/var/folders/8k/rv4bxj0115g929lrxwybv_r80000gn/T/junit-3765035322426160904/constraints (H2 2.3)
2026-10-07T07:46:38.637+09:00  INFO [requestId:] 64500 --- [sc-reference-app] [           main] [                                                 ] o.f.c.i.s.JdbcTableSchemaHistory         : Schema history table "PUBLIC"."flyway_schema_history" does not exist yet
2026-10-07T07:46:38.637+09:00  INFO [requestId:] 64500 --- [sc-reference-app] [           main] [                                                 ] o.f.core.internal.command.DbValidate     : Successfully validated 5 migrations (execution time 00:00.001s)
2026-10-07T07:46:38.637+09:00  INFO [requestId:] 64500 --- [sc-reference-app] [           main] [                                                 ] o.f.c.i.s.JdbcTableSchemaHistory         : Creating Schema History table "PUBLIC"."flyway_schema_history" ...
2026-10-07T07:46:38.638+09:00  INFO [requestId:] 64500 --- [sc-reference-app] [           main] [                                                 ] o.f.core.internal.command.DbMigrate      : Current version of schema "PUBLIC": << Empty Schema >>
2026-10-07T07:46:38.639+09:00  INFO [requestId:] 64500 --- [sc-reference-app] [           main] [                                                 ] o.f.core.internal.command.DbMigrate      : Migrating schema "PUBLIC" to version "1 - example baseline"
2026-10-07T07:46:38.640+09:00  INFO [requestId:] 64500 --- [sc-reference-app] [           main] [                                                 ] o.f.core.internal.command.DbMigrate      : Migrating schema "PUBLIC" to version "2 - requirements baseline"
2026-10-07T07:46:38.642+09:00  INFO [requestId:] 64500 --- [sc-reference-app] [           main] [                                                 ] o.f.core.internal.command.DbMigrate      : Migrating schema "PUBLIC" to version "3 - security audit"
2026-10-07T07:46:38.643+09:00  INFO [requestId:] 64500 --- [sc-reference-app] [           main] [                                                 ] o.f.core.internal.command.DbMigrate      : Migrating schema "PUBLIC" to version "4 - media and files"
2026-10-07T07:46:38.646+09:00  INFO [requestId:] 64500 --- [sc-reference-app] [           main] [                                                 ] o.f.core.internal.command.DbMigrate      : Migrating schema "PUBLIC" to version "5 - kanban and documents"
2026-10-07T07:46:38.647+09:00  INFO [requestId:] 64500 --- [sc-reference-app] [           main] [                                                 ] o.f.core.internal.command.DbMigrate      : Successfully applied 5 migrations to schema "PUBLIC", now at version v5 (execution time 00:00.002s)
[INFO] Tests run: 2, Failures: 0, Errors: 0, Skipped: 0, Time elapsed: 0.167 s -- in dev.scframework.reference.requirements.RequirementPersistenceTest
[INFO] Running dev.scframework.reference.requirements.RequirementMixedPersistenceTest
2026-10-07T07:46:38.665+09:00  INFO [requestId:] 64500 --- [sc-reference-app] [           main] [                                                 ] .b.t.c.SpringBootTestContextBootstrapper : Found @SpringBootConfiguration dev.scframework.reference.ReferenceApplication for test class dev.scframework.reference.requirements.RequirementMixedPersistenceTest

  .   ____          _            __ _ _
 /\\ / ___'_ __ _ _(_)_ __  __ _ \ \ \ \
( ( )\___ | '_ | '_| | '_ \/ _` | \ \ \ \
 \\/  ___)| |_)| | | | | || (_| |  ) ) ) )
  '  |____| .__|_| |_|_| |_\__, | / / / /
 =========|_|==============|___/=/_/_/_/

 :: Spring Boot ::               (v3.5.16)

2026-10-07T07:46:38.681+09:00  INFO [requestId:] 64500 --- [sc-reference-app] [           main] [                                                 ] d.s.r.r.RequirementMixedPersistenceTest  : Starting RequirementMixedPersistenceTest using Java 21.0.11 with PID 64500 (started by dk in /Users/dk/Work/ScFramework/backend/reference-app)
2026-10-07T07:46:38.682+09:00  INFO [requestId:] 64500 --- [sc-reference-app] [           main] [                                                 ] d.s.r.r.RequirementMixedPersistenceTest  : No active profile set, falling back to 1 default profile: "default"
2026-10-07T07:46:38.764+09:00  INFO [requestId:] 64500 --- [sc-reference-app] [           main] [                                                 ] .s.d.r.c.RepositoryConfigurationDelegate : Bootstrapping Spring Data JPA repositories in DEFAULT mode.
2026-10-07T07:46:38.773+09:00  INFO [requestId:] 64500 --- [sc-reference-app] [           main] [                                                 ] .s.d.r.c.RepositoryConfigurationDelegate : Finished Spring Data repository scanning in 8 ms. Found 18 JPA repository interfaces.
2026-10-07T07:46:38.787+09:00  INFO [requestId:] 64500 --- [sc-reference-app] [           main] [                                                 ] o.s.cloud.context.scope.GenericScope     : BeanFactory id=773b8f7f-a86c-38a6-be66-581c70b2aabd
2026-10-07T07:46:38.804+09:00  INFO [requestId:] 64500 --- [sc-reference-app] [           main] [                                                 ] com.zaxxer.hikari.HikariDataSource       : HikariPool-3 - Starting...
2026-10-07T07:46:38.805+09:00  INFO [requestId:] 64500 --- [sc-reference-app] [           main] [                                                 ] com.zaxxer.hikari.pool.HikariPool        : HikariPool-3 - Added connection conn32: url=jdbc:h2:mem:mixed-sc-mixed-008-5332532993423251625 user=SA
2026-10-07T07:46:38.805+09:00  INFO [requestId:] 64500 --- [sc-reference-app] [           main] [                                                 ] com.zaxxer.hikari.HikariDataSource       : HikariPool-3 - Start completed.
2026-10-07T07:46:38.806+09:00  INFO [requestId:] 64500 --- [sc-reference-app] [           main] [                                                 ] org.flywaydb.core.FlywayExecutor         : Database: jdbc:h2:mem:mixed-sc-mixed-008-5332532993423251625 (H2 2.3)
2026-10-07T07:46:38.808+09:00  INFO [requestId:] 64500 --- [sc-reference-app] [           main] [                                                 ] o.f.c.i.s.JdbcTableSchemaHistory         : Schema history table "PUBLIC"."flyway_schema_history" does not exist yet
2026-10-07T07:46:38.808+09:00  INFO [requestId:] 64500 --- [sc-reference-app] [           main] [                                                 ] o.f.core.internal.command.DbValidate     : Successfully validated 5 migrations (execution time 00:00.000s)
2026-10-07T07:46:38.808+09:00  INFO [requestId:] 64500 --- [sc-reference-app] [           main] [                                                 ] o.f.c.i.s.JdbcTableSchemaHistory         : Creating Schema History table "PUBLIC"."flyway_schema_history" ...
2026-10-07T07:46:38.809+09:00  INFO [requestId:] 64500 --- [sc-reference-app] [           main] [                                                 ] o.f.core.internal.command.DbMigrate      : Current version of schema "PUBLIC": << Empty Schema >>
2026-10-07T07:46:38.810+09:00  INFO [requestId:] 64500 --- [sc-reference-app] [           main] [                                                 ] o.f.core.internal.command.DbMigrate      : Migrating schema "PUBLIC" to version "1 - example baseline"
2026-10-07T07:46:38.812+09:00  INFO [requestId:] 64500 --- [sc-reference-app] [           main] [                                                 ] o.f.core.internal.command.DbMigrate      : Migrating schema "PUBLIC" to version "2 - requirements baseline"
2026-10-07T07:46:38.813+09:00  INFO [requestId:] 64500 --- [sc-reference-app] [           main] [                                                 ] o.f.core.internal.command.DbMigrate      : Migrating schema "PUBLIC" to version "3 - security audit"
2026-10-07T07:46:38.815+09:00  INFO [requestId:] 64500 --- [sc-reference-app] [           main] [                                                 ] o.f.core.internal.command.DbMigrate      : Migrating schema "PUBLIC" to version "4 - media and files"
2026-10-07T07:46:38.817+09:00  INFO [requestId:] 64500 --- [sc-reference-app] [           main] [                                                 ] o.f.core.internal.command.DbMigrate      : Migrating schema "PUBLIC" to version "5 - kanban and documents"
2026-10-07T07:46:38.819+09:00  INFO [requestId:] 64500 --- [sc-reference-app] [           main] [                                                 ] o.f.core.internal.command.DbMigrate      : Successfully applied 5 migrations to schema "PUBLIC", now at version v5 (execution time 00:00.002s)
2026-10-07T07:46:38.828+09:00  INFO [requestId:] 64500 --- [sc-reference-app] [           main] [                                                 ] o.hibernate.jpa.internal.util.LogHelper  : HHH000204: Processing PersistenceUnitInfo [name: default]
2026-10-07T07:46:38.829+09:00  INFO [requestId:] 64500 --- [sc-reference-app] [           main] [                                                 ] o.h.c.internal.RegionFactoryInitiator    : HHH000026: Second-level cache disabled
2026-10-07T07:46:38.831+09:00  INFO [requestId:] 64500 --- [sc-reference-app] [           main] [                                                 ] o.s.o.j.p.SpringPersistenceUnitInfo      : No LoadTimeWeaver setup: ignoring JPA class transformer
2026-10-07T07:46:38.831+09:00  INFO [requestId:] 64500 --- [sc-reference-app] [           main] [                                                 ] org.hibernate.orm.connections.pooling    : HHH10001005: Database info:
	Database JDBC URL [Connecting through datasource 'HikariDataSource (HikariPool-3)']
	Database driver: undefined/unknown
	Database version: 2.3.232
	Autocommit mode: undefined/unknown
	Isolation level: undefined/unknown
	Minimum pool size: undefined/unknown
	Maximum pool size: undefined/unknown
2026-10-07T07:46:38.866+09:00  INFO [requestId:] 64500 --- [sc-reference-app] [           main] [                                                 ] o.h.e.t.j.p.i.JtaPlatformInitiator       : HHH000489: No JTA platform available (set 'hibernate.transaction.jta.platform' to enable JTA platform integration)
2026-10-07T07:46:38.867+09:00  INFO [requestId:] 64500 --- [sc-reference-app] [           main] [                                                 ] j.LocalContainerEntityManagerFactoryBean : Initialized JPA EntityManagerFactory for persistence unit 'default'
2026-10-07T07:46:38.947+09:00  INFO [requestId:] 64500 --- [sc-reference-app] [           main] [                                                 ] o.s.b.a.w.s.WelcomePageHandlerMapping    : Adding welcome page: class path resource [static/index.html]
2026-10-07T07:46:38.968+09:00  INFO [requestId:] 64500 --- [sc-reference-app] [           main] [                                                 ] r$InitializeUserDetailsManagerConfigurer : Global AuthenticationManager configured with UserDetailsService bean with name referenceUsers
2026-10-07T07:46:38.979+09:00  INFO [requestId:] 64500 --- [sc-reference-app] [           main] [                                                 ] o.s.b.a.e.web.EndpointLinksResolver      : Exposing 1 endpoint beneath base path '/actuator'
2026-10-07T07:46:39.004+09:00  INFO [requestId:] 64500 --- [sc-reference-app] [           main] [                                                 ] d.s.r.r.RequirementMixedPersistenceTest  : Started RequirementMixedPersistenceTest in 0.337 seconds (process running for 16.47)
2026-10-07T07:46:39.117+09:00  INFO [requestId:] 64500 --- [sc-reference-app] [           main] [                                                 ] j.LocalContainerEntityManagerFactoryBean : Closing JPA EntityManagerFactory for persistence unit 'default'
2026-10-07T07:46:39.117+09:00  INFO [requestId:] 64500 --- [sc-reference-app] [           main] [                                                 ] com.zaxxer.hikari.HikariDataSource       : HikariPool-3 - Shutdown initiated...
2026-10-07T07:46:39.118+09:00  INFO [requestId:] 64500 --- [sc-reference-app] [           main] [                                                 ] com.zaxxer.hikari.HikariDataSource       : HikariPool-3 - Shutdown completed.
[INFO] Tests run: 4, Failures: 0, Errors: 0, Skipped: 0, Time elapsed: 0.454 s -- in dev.scframework.reference.requirements.RequirementMixedPersistenceTest
[INFO] Running dev.scframework.reference.requirements.RequirementReadMapperTest
[INFO] Tests run: 5, Failures: 0, Errors: 0, Skipped: 0, Time elapsed: 0.008 s -- in dev.scframework.reference.requirements.RequirementReadMapperTest
[INFO] Running dev.scframework.reference.operations.BrowserErrorsIntegrationTest
2026-10-07T07:46:39.128+09:00  INFO [requestId:] 64500 --- [sc-reference-app] [           main] [                                                 ] t.c.s.AnnotationConfigContextLoaderUtils : Could not detect default configuration classes for test class [dev.scframework.reference.operations.BrowserErrorsIntegrationTest]: BrowserErrorsIntegrationTest does not declare any static, non-private, non-final, nested classes annotated with @Configuration.
2026-10-07T07:46:39.135+09:00  INFO [requestId:] 64500 --- [sc-reference-app] [           main] [                                                 ] .b.t.c.SpringBootTestContextBootstrapper : Found @SpringBootConfiguration dev.scframework.reference.ReferenceApplication for test class dev.scframework.reference.operations.BrowserErrorsIntegrationTest

  .   ____          _            __ _ _
 /\\ / ___'_ __ _ _(_)_ __  __ _ \ \ \ \
( ( )\___ | '_ | '_| | '_ \/ _` | \ \ \ \
 \\/  ___)| |_)| | | | | || (_| |  ) ) ) )
  '  |____| .__|_| |_|_| |_\__, | / / / /
 =========|_|==============|___/=/_/_/_/

 :: Spring Boot ::               (v3.5.16)

2026-10-07T07:46:39.151+09:00  INFO [requestId:] 64500 --- [sc-reference-app] [           main] [                                                 ] d.s.r.o.BrowserErrorsIntegrationTest     : Starting BrowserErrorsIntegrationTest using Java 21.0.11 with PID 64500 (started by dk in /Users/dk/Work/ScFramework/backend/reference-app)
2026-10-07T07:46:39.151+09:00  INFO [requestId:] 64500 --- [sc-reference-app] [           main] [                                                 ] d.s.r.o.BrowserErrorsIntegrationTest     : The following 1 profile is active: "dev"
2026-10-07T07:46:39.288+09:00  INFO [requestId:] 64500 --- [sc-reference-app] [           main] [                                                 ] .s.d.r.c.RepositoryConfigurationDelegate : Bootstrapping Spring Data JPA repositories in DEFAULT mode.
2026-10-07T07:46:39.296+09:00  INFO [requestId:] 64500 --- [sc-reference-app] [           main] [                                                 ] .s.d.r.c.RepositoryConfigurationDelegate : Finished Spring Data repository scanning in 7 ms. Found 18 JPA repository interfaces.
2026-10-07T07:46:39.311+09:00  INFO [requestId:] 64500 --- [sc-reference-app] [           main] [                                                 ] o.s.cloud.context.scope.GenericScope     : BeanFactory id=a82ac9de-297b-3e45-a772-91927d461ffb
2026-10-07T07:46:39.329+09:00  INFO [requestId:] 64500 --- [sc-reference-app] [           main] [                                                 ] com.zaxxer.hikari.HikariDataSource       : HikariPool-4 - Starting...
2026-10-07T07:46:39.330+09:00  INFO [requestId:] 64500 --- [sc-reference-app] [           main] [                                                 ] com.zaxxer.hikari.pool.HikariPool        : HikariPool-4 - Added connection conn37: url=jdbc:h2:mem:ops-browser-sc-operational-test-8795451418292787517 user=SA
2026-10-07T07:46:39.330+09:00  INFO [requestId:] 64500 --- [sc-reference-app] [           main] [                                                 ] com.zaxxer.hikari.HikariDataSource       : HikariPool-4 - Start completed.
2026-10-07T07:46:39.331+09:00  INFO [requestId:] 64500 --- [sc-reference-app] [           main] [                                                 ] org.flywaydb.core.FlywayExecutor         : Database: jdbc:h2:mem:ops-browser-sc-operational-test-8795451418292787517 (H2 2.3)
2026-10-07T07:46:39.332+09:00  INFO [requestId:] 64500 --- [sc-reference-app] [           main] [                                                 ] o.f.c.i.s.JdbcTableSchemaHistory         : Schema history table "PUBLIC"."flyway_schema_history" does not exist yet
2026-10-07T07:46:39.332+09:00  INFO [requestId:] 64500 --- [sc-reference-app] [           main] [                                                 ] o.f.core.internal.command.DbValidate     : Successfully validated 7 migrations (execution time 00:00.001s)
2026-10-07T07:46:39.333+09:00  INFO [requestId:] 64500 --- [sc-reference-app] [           main] [                                                 ] o.f.c.i.s.JdbcTableSchemaHistory         : Creating Schema History table "PUBLIC"."flyway_schema_history" ...
2026-10-07T07:46:39.334+09:00  INFO [requestId:] 64500 --- [sc-reference-app] [           main] [                                                 ] o.f.core.internal.command.DbMigrate      : Current version of schema "PUBLIC": << Empty Schema >>
2026-10-07T07:46:39.334+09:00  INFO [requestId:] 64500 --- [sc-reference-app] [           main] [                                                 ] o.f.core.internal.command.DbMigrate      : Migrating schema "PUBLIC" to version "1 - example baseline"
2026-10-07T07:46:39.335+09:00  INFO [requestId:] 64500 --- [sc-reference-app] [           main] [                                                 ] o.f.core.internal.command.DbMigrate      : Migrating schema "PUBLIC" to version "2 - requirements baseline"
2026-10-07T07:46:39.337+09:00  INFO [requestId:] 64500 --- [sc-reference-app] [           main] [                                                 ] o.f.core.internal.command.DbMigrate      : Migrating schema "PUBLIC" to version "3 - security audit"
2026-10-07T07:46:39.339+09:00  INFO [requestId:] 64500 --- [sc-reference-app] [           main] [                                                 ] o.f.core.internal.command.DbMigrate      : Migrating schema "PUBLIC" to version "4 - media and files"
2026-10-07T07:46:39.341+09:00  INFO [requestId:] 64500 --- [sc-reference-app] [           main] [                                                 ] o.f.core.internal.command.DbMigrate      : Migrating schema "PUBLIC" to version "5 - kanban and documents"
2026-10-07T07:46:39.343+09:00  INFO [requestId:] 64500 --- [sc-reference-app] [           main] [                                                 ] o.f.core.internal.command.DbMigrate      : Migrating schema "PUBLIC" to version "6 - operations messages"
2026-10-07T07:46:39.346+09:00  INFO [requestId:] 64500 --- [sc-reference-app] [           main] [                                                 ] o.f.core.internal.command.DbMigrate      : Migrating schema "PUBLIC" to version "7 - operations scheduler browser"
2026-10-07T07:46:39.349+09:00  INFO [requestId:] 64500 --- [sc-reference-app] [           main] [                                                 ] o.f.core.internal.command.DbMigrate      : Successfully applied 7 migrations to schema "PUBLIC", now at version v7 (execution time 00:00.005s)
2026-10-07T07:46:39.355+09:00  INFO [requestId:] 64500 --- [sc-reference-app] [           main] [                                                 ] o.hibernate.jpa.internal.util.LogHelper  : HHH000204: Processing PersistenceUnitInfo [name: default]
2026-10-07T07:46:39.355+09:00  INFO [requestId:] 64500 --- [sc-reference-app] [           main] [                                                 ] o.h.c.internal.RegionFactoryInitiator    : HHH000026: Second-level cache disabled
2026-10-07T07:46:39.358+09:00  INFO [requestId:] 64500 --- [sc-reference-app] [           main] [                                                 ] o.s.o.j.p.SpringPersistenceUnitInfo      : No LoadTimeWeaver setup: ignoring JPA class transformer
2026-10-07T07:46:39.358+09:00  INFO [requestId:] 64500 --- [sc-reference-app] [           main] [                                                 ] org.hibernate.orm.connections.pooling    : HHH10001005: Database info:
	Database JDBC URL [Connecting through datasource 'HikariDataSource (HikariPool-4)']
	Database driver: undefined/unknown
	Database version: 2.3.232
	Autocommit mode: undefined/unknown
	Isolation level: undefined/unknown
	Minimum pool size: undefined/unknown
	Maximum pool size: undefined/unknown
2026-10-07T07:46:39.391+09:00  INFO [requestId:] 64500 --- [sc-reference-app] [           main] [                                                 ] o.h.e.t.j.p.i.JtaPlatformInitiator       : HHH000489: No JTA platform available (set 'hibernate.transaction.jta.platform' to enable JTA platform integration)
2026-10-07T07:46:39.392+09:00  INFO [requestId:] 64500 --- [sc-reference-app] [           main] [                                                 ] j.LocalContainerEntityManagerFactoryBean : Initialized JPA EntityManagerFactory for persistence unit 'default'
2026-10-07T07:46:39.496+09:00  INFO [requestId:] 64500 --- [sc-reference-app] [           main] [                                                 ] org.quartz.impl.StdSchedulerFactory      : Using default implementation for ThreadExecutor
2026-10-07T07:46:39.500+09:00  INFO [requestId:] 64500 --- [sc-reference-app] [           main] [                                                 ] org.quartz.core.SchedulerSignalerImpl    : Initialized Scheduler Signaller of type: class org.quartz.core.SchedulerSignalerImpl
2026-10-07T07:46:39.500+09:00  INFO [requestId:] 64500 --- [sc-reference-app] [           main] [                                                 ] org.quartz.core.QuartzScheduler          : Quartz Scheduler v2.5.2 created.
2026-10-07T07:46:39.501+09:00  INFO [requestId:] 64500 --- [sc-reference-app] [           main] [                                                 ] o.s.s.quartz.LocalDataSourceJobStore     : Using db table-based data access locking (synchronization).
2026-10-07T07:46:39.501+09:00  INFO [requestId:] 64500 --- [sc-reference-app] [           main] [                                                 ] o.s.s.quartz.LocalDataSourceJobStore     : JobStoreCMT initialized.
2026-10-07T07:46:39.501+09:00  INFO [requestId:] 64500 --- [sc-reference-app] [           main] [                                                 ] org.quartz.core.QuartzScheduler          : Scheduler meta-data: Quartz Scheduler (v2.5.2) 'sc-test-sc-operational-test-8795451418292787517' with instanceId 'NON_CLUSTERED'
  Scheduler class: 'org.quartz.core.QuartzScheduler' - running locally.
  NOT STARTED.
  Currently in standby mode.
  Number of jobs executed: 0
  Using thread pool 'org.quartz.simpl.SimpleThreadPool' - with 2 threads.
  Using job-store 'org.springframework.scheduling.quartz.LocalDataSourceJobStore' - which supports persistence. and is not clustered.

2026-10-07T07:46:39.502+09:00  INFO [requestId:] 64500 --- [sc-reference-app] [           main] [                                                 ] org.quartz.impl.StdSchedulerFactory      : Quartz scheduler 'sc-test-sc-operational-test-8795451418292787517' initialized from an externally provided properties instance.
2026-10-07T07:46:39.502+09:00  INFO [requestId:] 64500 --- [sc-reference-app] [           main] [                                                 ] org.quartz.impl.StdSchedulerFactory      : Quartz scheduler version: 2.5.2
2026-10-07T07:46:39.502+09:00  INFO [requestId:] 64500 --- [sc-reference-app] [           main] [                                                 ] org.quartz.core.QuartzScheduler          : JobFactory set to: dev.scframework.autoconfigure.ScSchedulerAutoConfiguration$$Lambda/0x000000b8020a9a30@1e497b0d
2026-10-07T07:46:39.521+09:00  INFO [requestId:] 64500 --- [sc-reference-app] [           main] [                                                 ] o.s.b.a.w.s.WelcomePageHandlerMapping    : Adding welcome page: class path resource [static/index.html]
2026-10-07T07:46:39.576+09:00  INFO [requestId:] 64500 --- [sc-reference-app] [           main] [                                                 ] r$InitializeUserDetailsManagerConfigurer : Global AuthenticationManager configured with UserDetailsService bean with name referenceUsers
2026-10-07T07:46:39.588+09:00  INFO [requestId:] 64500 --- [sc-reference-app] [           main] [                                                 ] o.s.b.a.e.web.EndpointLinksResolver      : Exposing 1 endpoint beneath base path '/actuator'
2026-10-07T07:46:39.620+09:00  INFO [requestId:] 64500 --- [sc-reference-app] [           main] [                                                 ] o.s.b.t.m.w.SpringBootMockServletContext : Initializing Spring TestDispatcherServlet ''
2026-10-07T07:46:39.620+09:00  INFO [requestId:] 64500 --- [sc-reference-app] [           main] [                                                 ] o.s.t.web.servlet.TestDispatcherServlet  : Initializing Servlet ''
2026-10-07T07:46:39.620+09:00  INFO [requestId:] 64500 --- [sc-reference-app] [           main] [                                                 ] o.s.t.web.servlet.TestDispatcherServlet  : Completed initialization in 0 ms
2026-10-07T07:46:39.634+09:00  INFO [requestId:] 64500 --- [sc-reference-app] [           main] [                                                 ] d.s.r.o.BrowserErrorsIntegrationTest     : Started BrowserErrorsIntegrationTest in 0.497 seconds (process running for 17.1)
[INFO] Tests run: 9, Failures: 0, Errors: 0, Skipped: 0, Time elapsed: 0.724 s -- in dev.scframework.reference.operations.BrowserErrorsIntegrationTest
[INFO] Running dev.scframework.reference.operations.OperationalSchedulerIntegrationTest
2026-10-07T07:46:39.852+09:00  INFO [requestId:] 64500 --- [sc-reference-app] [           main] [                                                 ] t.c.s.AnnotationConfigContextLoaderUtils : Could not detect default configuration classes for test class [dev.scframework.reference.operations.OperationalSchedulerIntegrationTest]: OperationalSchedulerIntegrationTest does not declare any static, non-private, non-final, nested classes annotated with @Configuration.
2026-10-07T07:46:39.853+09:00  INFO [requestId:] 64500 --- [sc-reference-app] [           main] [                                                 ] .b.t.c.SpringBootTestContextBootstrapper : Found @SpringBootConfiguration dev.scframework.reference.ReferenceApplication for test class dev.scframework.reference.operations.OperationalSchedulerIntegrationTest

  .   ____          _            __ _ _
 /\\ / ___'_ __ _ _(_)_ __  __ _ \ \ \ \
( ( )\___ | '_ | '_| | '_ \/ _` | \ \ \ \
 \\/  ___)| |_)| | | | | || (_| |  ) ) ) )
  '  |____| .__|_| |_|_| |_\__, | / / / /
 =========|_|==============|___/=/_/_/_/

 :: Spring Boot ::               (v3.5.16)

2026-10-07T07:46:39.864+09:00  INFO [requestId:] 64500 --- [sc-reference-app] [           main] [                                                 ] .r.o.OperationalSchedulerIntegrationTest : Starting OperationalSchedulerIntegrationTest using Java 21.0.11 with PID 64500 (started by dk in /Users/dk/Work/ScFramework/backend/reference-app)
2026-10-07T07:46:39.864+09:00  INFO [requestId:] 64500 --- [sc-reference-app] [           main] [                                                 ] .r.o.OperationalSchedulerIntegrationTest : The following 1 profile is active: "dev"
2026-10-07T07:46:39.950+09:00  INFO [requestId:] 64500 --- [sc-reference-app] [           main] [                                                 ] .s.d.r.c.RepositoryConfigurationDelegate : Bootstrapping Spring Data JPA repositories in DEFAULT mode.
2026-10-07T07:46:39.957+09:00  INFO [requestId:] 64500 --- [sc-reference-app] [           main] [                                                 ] .s.d.r.c.RepositoryConfigurationDelegate : Finished Spring Data repository scanning in 7 ms. Found 18 JPA repository interfaces.
2026-10-07T07:46:39.969+09:00  INFO [requestId:] 64500 --- [sc-reference-app] [           main] [                                                 ] o.s.cloud.context.scope.GenericScope     : BeanFactory id=a82ac9de-297b-3e45-a772-91927d461ffb
2026-10-07T07:46:39.984+09:00  INFO [requestId:] 64500 --- [sc-reference-app] [           main] [                                                 ] com.zaxxer.hikari.HikariDataSource       : HikariPool-5 - Starting...
2026-10-07T07:46:39.985+09:00  INFO [requestId:] 64500 --- [sc-reference-app] [           main] [                                                 ] com.zaxxer.hikari.pool.HikariPool        : HikariPool-5 - Added connection conn42: url=jdbc:h2:mem:ops-scheduler-sc-operational-test-13056296149607280780 user=SA
2026-10-07T07:46:39.985+09:00  INFO [requestId:] 64500 --- [sc-reference-app] [           main] [                                                 ] com.zaxxer.hikari.HikariDataSource       : HikariPool-5 - Start completed.
2026-10-07T07:46:39.985+09:00  INFO [requestId:] 64500 --- [sc-reference-app] [           main] [                                                 ] org.flywaydb.core.FlywayExecutor         : Database: jdbc:h2:mem:ops-scheduler-sc-operational-test-13056296149607280780 (H2 2.3)
2026-10-07T07:46:39.987+09:00  INFO [requestId:] 64500 --- [sc-reference-app] [           main] [                                                 ] o.f.c.i.s.JdbcTableSchemaHistory         : Schema history table "PUBLIC"."flyway_schema_history" does not exist yet
2026-10-07T07:46:39.987+09:00  INFO [requestId:] 64500 --- [sc-reference-app] [           main] [                                                 ] o.f.core.internal.command.DbValidate     : Successfully validated 7 migrations (execution time 00:00.000s)
2026-10-07T07:46:39.987+09:00  INFO [requestId:] 64500 --- [sc-reference-app] [           main] [                                                 ] o.f.c.i.s.JdbcTableSchemaHistory         : Creating Schema History table "PUBLIC"."flyway_schema_history" ...
2026-10-07T07:46:39.988+09:00  INFO [requestId:] 64500 --- [sc-reference-app] [           main] [                                                 ] o.f.core.internal.command.DbMigrate      : Current version of schema "PUBLIC": << Empty Schema >>
2026-10-07T07:46:39.989+09:00  INFO [requestId:] 64500 --- [sc-reference-app] [           main] [                                                 ] o.f.core.internal.command.DbMigrate      : Migrating schema "PUBLIC" to version "1 - example baseline"
2026-10-07T07:46:39.990+09:00  INFO [requestId:] 64500 --- [sc-reference-app] [           main] [                                                 ] o.f.core.internal.command.DbMigrate      : Migrating schema "PUBLIC" to version "2 - requirements baseline"
2026-10-07T07:46:39.991+09:00  INFO [requestId:] 64500 --- [sc-reference-app] [           main] [                                                 ] o.f.core.internal.command.DbMigrate      : Migrating schema "PUBLIC" to version "3 - security audit"
2026-10-07T07:46:39.992+09:00  INFO [requestId:] 64500 --- [sc-reference-app] [           main] [                                                 ] o.f.core.internal.command.DbMigrate      : Migrating schema "PUBLIC" to version "4 - media and files"
2026-10-07T07:46:39.994+09:00  INFO [requestId:] 64500 --- [sc-reference-app] [           main] [                                                 ] o.f.core.internal.command.DbMigrate      : Migrating schema "PUBLIC" to version "5 - kanban and documents"
2026-10-07T07:46:39.996+09:00  INFO [requestId:] 64500 --- [sc-reference-app] [           main] [                                                 ] o.f.core.internal.command.DbMigrate      : Migrating schema "PUBLIC" to version "6 - operations messages"
2026-10-07T07:46:39.997+09:00  INFO [requestId:] 64500 --- [sc-reference-app] [           main] [                                                 ] o.f.core.internal.command.DbMigrate      : Migrating schema "PUBLIC" to version "7 - operations scheduler browser"
2026-10-07T07:46:40.000+09:00  INFO [requestId:] 64500 --- [sc-reference-app] [           main] [                                                 ] o.f.core.internal.command.DbMigrate      : Successfully applied 7 migrations to schema "PUBLIC", now at version v7 (execution time 00:00.002s)
2026-10-07T07:46:40.005+09:00  INFO [requestId:] 64500 --- [sc-reference-app] [           main] [                                                 ] o.hibernate.jpa.internal.util.LogHelper  : HHH000204: Processing PersistenceUnitInfo [name: default]
2026-10-07T07:46:40.005+09:00  INFO [requestId:] 64500 --- [sc-reference-app] [           main] [                                                 ] o.h.c.internal.RegionFactoryInitiator    : HHH000026: Second-level cache disabled
2026-10-07T07:46:40.008+09:00  INFO [requestId:] 64500 --- [sc-reference-app] [           main] [                                                 ] o.s.o.j.p.SpringPersistenceUnitInfo      : No LoadTimeWeaver setup: ignoring JPA class transformer
2026-10-07T07:46:40.008+09:00  INFO [requestId:] 64500 --- [sc-reference-app] [           main] [                                                 ] org.hibernate.orm.connections.pooling    : HHH10001005: Database info:
	Database JDBC URL [Connecting through datasource 'HikariDataSource (HikariPool-5)']
	Database driver: undefined/unknown
	Database version: 2.3.232
	Autocommit mode: undefined/unknown
	Isolation level: undefined/unknown
	Minimum pool size: undefined/unknown
	Maximum pool size: undefined/unknown
2026-10-07T07:46:40.036+09:00  INFO [requestId:] 64500 --- [sc-reference-app] [           main] [                                                 ] o.h.e.t.j.p.i.JtaPlatformInitiator       : HHH000489: No JTA platform available (set 'hibernate.transaction.jta.platform' to enable JTA platform integration)
2026-10-07T07:46:40.037+09:00  INFO [requestId:] 64500 --- [sc-reference-app] [           main] [                                                 ] j.LocalContainerEntityManagerFactoryBean : Initialized JPA EntityManagerFactory for persistence unit 'default'
2026-10-07T07:46:40.100+09:00  INFO [requestId:] 64500 --- [sc-reference-app] [           main] [                                                 ] org.quartz.impl.StdSchedulerFactory      : Using default implementation for ThreadExecutor
2026-10-07T07:46:40.100+09:00  INFO [requestId:] 64500 --- [sc-reference-app] [           main] [                                                 ] org.quartz.core.SchedulerSignalerImpl    : Initialized Scheduler Signaller of type: class org.quartz.core.SchedulerSignalerImpl
2026-10-07T07:46:40.100+09:00  INFO [requestId:] 64500 --- [sc-reference-app] [           main] [                                                 ] org.quartz.core.QuartzScheduler          : Quartz Scheduler v2.5.2 created.
2026-10-07T07:46:40.101+09:00  INFO [requestId:] 64500 --- [sc-reference-app] [           main] [                                                 ] o.s.s.quartz.LocalDataSourceJobStore     : Using db table-based data access locking (synchronization).
2026-10-07T07:46:40.101+09:00  INFO [requestId:] 64500 --- [sc-reference-app] [           main] [                                                 ] o.s.s.quartz.LocalDataSourceJobStore     : JobStoreCMT initialized.
2026-10-07T07:46:40.101+09:00  INFO [requestId:] 64500 --- [sc-reference-app] [           main] [                                                 ] org.quartz.core.QuartzScheduler          : Scheduler meta-data: Quartz Scheduler (v2.5.2) 'sc-test-sc-operational-test-13056296149607280780' with instanceId 'NON_CLUSTERED'
  Scheduler class: 'org.quartz.core.QuartzScheduler' - running locally.
  NOT STARTED.
  Currently in standby mode.
  Number of jobs executed: 0
  Using thread pool 'org.quartz.simpl.SimpleThreadPool' - with 2 threads.
  Using job-store 'org.springframework.scheduling.quartz.LocalDataSourceJobStore' - which supports persistence. and is not clustered.

2026-10-07T07:46:40.101+09:00  INFO [requestId:] 64500 --- [sc-reference-app] [           main] [                                                 ] org.quartz.impl.StdSchedulerFactory      : Quartz scheduler 'sc-test-sc-operational-test-13056296149607280780' initialized from an externally provided properties instance.
2026-10-07T07:46:40.101+09:00  INFO [requestId:] 64500 --- [sc-reference-app] [           main] [                                                 ] org.quartz.impl.StdSchedulerFactory      : Quartz scheduler version: 2.5.2
2026-10-07T07:46:40.101+09:00  INFO [requestId:] 64500 --- [sc-reference-app] [           main] [                                                 ] org.quartz.core.QuartzScheduler          : JobFactory set to: dev.scframework.autoconfigure.ScSchedulerAutoConfiguration$$Lambda/0x000000b8020a9a30@780d8e4a
2026-10-07T07:46:40.113+09:00  INFO [requestId:] 64500 --- [sc-reference-app] [           main] [                                                 ] o.s.b.a.w.s.WelcomePageHandlerMapping    : Adding welcome page: class path resource [static/index.html]
2026-10-07T07:46:40.134+09:00  INFO [requestId:] 64500 --- [sc-reference-app] [           main] [                                                 ] r$InitializeUserDetailsManagerConfigurer : Global AuthenticationManager configured with UserDetailsService bean with name referenceUsers
2026-10-07T07:46:40.145+09:00  INFO [requestId:] 64500 --- [sc-reference-app] [           main] [                                                 ] o.s.b.a.e.web.EndpointLinksResolver      : Exposing 1 endpoint beneath base path '/actuator'
2026-10-07T07:46:40.163+09:00  INFO [requestId:] 64500 --- [sc-reference-app] [           main] [                                                 ] o.s.b.t.m.w.SpringBootMockServletContext : Initializing Spring TestDispatcherServlet ''
2026-10-07T07:46:40.164+09:00  INFO [requestId:] 64500 --- [sc-reference-app] [           main] [                                                 ] o.s.t.web.servlet.TestDispatcherServlet  : Initializing Servlet ''
2026-10-07T07:46:40.164+09:00  INFO [requestId:] 64500 --- [sc-reference-app] [           main] [                                                 ] o.s.t.web.servlet.TestDispatcherServlet  : Completed initialization in 0 ms
2026-10-07T07:46:40.177+09:00  INFO [requestId:] 64500 --- [sc-reference-app] [           main] [                                                 ] .r.o.OperationalSchedulerIntegrationTest : Started OperationalSchedulerIntegrationTest in 0.323 seconds (process running for 17.643)
2026-10-07T07:46:40.239+09:00  INFO [requestId:] 64500 --- [sc-reference-app] [           main] [                                                 ] org.quartz.core.QuartzScheduler          : Scheduler sc-test-sc-operational-test-13056296149607280780_$_NON_CLUSTERED paused.
2026-10-07T07:46:40.316+09:00  INFO [requestId:] 64500 --- [sc-reference-app] [           main] [                                                 ] o.s.s.quartz.LocalDataSourceJobStore     : Freed 0 triggers from 'acquired' / 'blocked' state.
2026-10-07T07:46:40.317+09:00  INFO [requestId:] 64500 --- [sc-reference-app] [           main] [                                                 ] o.s.s.quartz.LocalDataSourceJobStore     : Handling 1 trigger(s) that missed their scheduled fire-time.
2026-10-07T07:46:40.319+09:00  INFO [requestId:] 64500 --- [sc-reference-app] [           main] [                                                 ] o.s.s.quartz.LocalDataSourceJobStore     : Recovering 0 jobs that were in-progress at the time of the last shut-down.
2026-10-07T07:46:40.319+09:00  INFO [requestId:] 64500 --- [sc-reference-app] [           main] [                                                 ] o.s.s.quartz.LocalDataSourceJobStore     : Recovery complete.
2026-10-07T07:46:40.319+09:00  INFO [requestId:] 64500 --- [sc-reference-app] [           main] [                                                 ] o.s.s.quartz.LocalDataSourceJobStore     : Removed 1 'complete' triggers.
2026-10-07T07:46:40.319+09:00  INFO [requestId:] 64500 --- [sc-reference-app] [           main] [                                                 ] o.s.s.quartz.LocalDataSourceJobStore     : Removed 0 stale fired job entries.
2026-10-07T07:46:40.320+09:00  INFO [requestId:] 64500 --- [sc-reference-app] [           main] [                                                 ] org.quartz.core.QuartzScheduler          : Scheduler sc-test-sc-operational-test-13056296149607280780_$_NON_CLUSTERED started.
2026-10-07T07:46:40.320+09:00  INFO [requestId:] 64500 --- [sc-reference-app] [           main] [                                                 ] org.quartz.core.QuartzScheduler          : Scheduler sc-test-sc-operational-test-13056296149607280780_$_NON_CLUSTERED paused.
2026-10-07T07:46:40.321+09:00  INFO [requestId:] 64500 --- [sc-reference-app] [           main] [                                                 ] org.quartz.core.QuartzScheduler          : Scheduler sc-test-sc-operational-test-13056296149607280780_$_NON_CLUSTERED paused.
2026-10-07T07:46:40.323+09:00  INFO [requestId:] 64500 --- [sc-reference-app] [           main] [                                                 ] org.quartz.core.QuartzScheduler          : Scheduler sc-test-sc-operational-test-13056296149607280780_$_NON_CLUSTERED paused.
2026-10-07T07:46:40.336+09:00  INFO [requestId:] 64500 --- [sc-reference-app] [           main] [                                                 ] org.quartz.core.QuartzScheduler          : Scheduler sc-test-sc-operational-test-13056296149607280780_$_NON_CLUSTERED paused.
2026-10-07T07:46:40.341+09:00  INFO [requestId:] 64500 --- [sc-reference-app] [           main] [                                                 ] org.quartz.core.QuartzScheduler          : Scheduler sc-test-sc-operational-test-13056296149607280780_$_NON_CLUSTERED paused.
2026-10-07T07:46:40.349+09:00  INFO [requestId:] 64500 --- [sc-reference-app] [           main] [                                                 ] org.quartz.core.QuartzScheduler          : Scheduler sc-test-sc-operational-test-13056296149607280780_$_NON_CLUSTERED paused.
2026-10-07T07:46:40.350+09:00  INFO [requestId:] 64500 --- [sc-reference-app] [           main] [                                                 ] org.quartz.core.QuartzScheduler          : Scheduler sc-test-sc-operational-test-13056296149607280780_$_NON_CLUSTERED paused.
2026-10-07T07:46:40.355+09:00  INFO [requestId:] 64500 --- [sc-reference-app] [           main] [                                                 ] org.quartz.core.QuartzScheduler          : Scheduler sc-test-sc-operational-test-13056296149607280780_$_NON_CLUSTERED paused.
2026-10-07T07:46:40.356+09:00  INFO [requestId:] 64500 --- [sc-reference-app] [           main] [                                                 ] org.quartz.core.QuartzScheduler          : Scheduler sc-test-sc-operational-test-13056296149607280780_$_NON_CLUSTERED paused.
2026-10-07T07:46:40.358+09:00  INFO [requestId:] 64500 --- [sc-reference-app] [           main] [                                                 ] org.quartz.core.QuartzScheduler          : Scheduler sc-test-sc-operational-test-13056296149607280780_$_NON_CLUSTERED started.
2026-10-07T07:46:41.504+09:00  INFO [requestId:] 64500 --- [sc-reference-app] [_MisfireHandler] [                                                 ] o.s.s.quartz.LocalDataSourceJobStore     : Handling 1 trigger(s) that missed their scheduled fire-time.
2026-10-07T07:46:41.590+09:00  INFO [requestId:] 64500 --- [sc-reference-app] [           main] [                                                 ] org.quartz.core.QuartzScheduler          : Scheduler sc-test-sc-operational-test-13056296149607280780_$_NON_CLUSTERED paused.
2026-10-07T07:46:41.591+09:00  INFO [requestId:] 64500 --- [sc-reference-app] [           main] [                                                 ] org.quartz.core.QuartzScheduler          : Scheduler sc-test-sc-operational-test-13056296149607280780_$_NON_CLUSTERED paused.
2026-10-07T07:46:41.599+09:00  INFO [requestId:] 64500 --- [sc-reference-app] [           main] [                                                 ] org.quartz.core.QuartzScheduler          : Scheduler sc-test-sc-operational-test-13056296149607280780_$_NON_CLUSTERED paused.
2026-10-07T07:46:41.604+09:00  INFO [requestId:] 64500 --- [sc-reference-app] [           main] [                                                 ] org.quartz.core.QuartzScheduler          : Scheduler sc-test-sc-operational-test-13056296149607280780_$_NON_CLUSTERED paused.
2026-10-07T07:46:41.609+09:00  INFO [requestId:] 64500 --- [sc-reference-app] [           main] [                                                 ] org.quartz.core.QuartzScheduler          : Scheduler sc-test-sc-operational-test-13056296149607280780_$_NON_CLUSTERED paused.
2026-10-07T07:46:41.616+09:00  INFO [requestId:] 64500 --- [sc-reference-app] [           main] [                                                 ] org.quartz.core.QuartzScheduler          : Scheduler sc-test-sc-operational-test-13056296149607280780_$_NON_CLUSTERED paused.
2026-10-07T07:46:41.619+09:00  INFO [requestId:] 64500 --- [sc-reference-app] [           main] [                                                 ] org.quartz.core.QuartzScheduler          : Scheduler sc-test-sc-operational-test-13056296149607280780_$_NON_CLUSTERED paused.
2026-10-07T07:46:41.622+09:00  INFO [requestId:] 64500 --- [sc-reference-app] [           main] [                                                 ] org.quartz.core.QuartzScheduler          : Scheduler sc-test-sc-operational-test-13056296149607280780_$_NON_CLUSTERED started.
2026-10-07T07:46:41.750+09:00  INFO [requestId:] 64500 --- [sc-reference-app] [_MisfireHandler] [                                                 ] o.s.s.quartz.LocalDataSourceJobStore     : Handling 1 trigger(s) that missed their scheduled fire-time.
2026-10-07T07:46:41.838+09:00  INFO [requestId:] 64500 --- [sc-reference-app] [           main] [                                                 ] org.quartz.core.QuartzScheduler          : Scheduler sc-test-sc-operational-test-13056296149607280780_$_NON_CLUSTERED paused.
2026-10-07T07:46:41.840+09:00  INFO [requestId:] 64500 --- [sc-reference-app] [           main] [                                                 ] org.quartz.core.QuartzScheduler          : Scheduler sc-test-sc-operational-test-13056296149607280780_$_NON_CLUSTERED paused.
2026-10-07T07:46:41.848+09:00  INFO [requestId:] 64500 --- [sc-reference-app] [           main] [                                                 ] org.quartz.core.QuartzScheduler          : Scheduler sc-test-sc-operational-test-13056296149607280780_$_NON_CLUSTERED paused.
2026-10-07T07:46:41.873+09:00  INFO [requestId:] 64500 --- [sc-reference-app] [           main] [                                                 ] org.quartz.core.QuartzScheduler          : Scheduler sc-test-sc-operational-test-13056296149607280780_$_NON_CLUSTERED paused.
2026-10-07T07:46:41.875+09:00  INFO [requestId:] 64500 --- [sc-reference-app] [           main] [                                                 ] org.quartz.core.QuartzScheduler          : Scheduler sc-test-sc-operational-test-13056296149607280780_$_NON_CLUSTERED paused.
2026-10-07T07:46:41.880+09:00  INFO [requestId:] 64500 --- [sc-reference-app] [           main] [                                                 ] org.quartz.core.QuartzScheduler          : Scheduler sc-test-sc-operational-test-13056296149607280780_$_NON_CLUSTERED paused.
2026-10-07T07:46:41.882+09:00  INFO [requestId:] 64500 --- [sc-reference-app] [           main] [                                                 ] org.quartz.core.QuartzScheduler          : Scheduler sc-test-sc-operational-test-13056296149607280780_$_NON_CLUSTERED paused.
2026-10-07T07:46:41.909+09:00  INFO [requestId:] 64500 --- [sc-reference-app] [           main] [                                                 ] org.quartz.core.QuartzScheduler          : Scheduler sc-test-sc-operational-test-13056296149607280780_$_NON_CLUSTERED paused.
[INFO] Tests run: 11, Failures: 0, Errors: 0, Skipped: 0, Time elapsed: 2.059 s -- in dev.scframework.reference.operations.OperationalSchedulerIntegrationTest
[INFO] Running dev.scframework.reference.notices.NoticeIntegrationTest
2026-10-07T07:46:41.912+09:00  INFO [requestId:] 64500 --- [sc-reference-app] [           main] [                                                 ] t.c.s.AnnotationConfigContextLoaderUtils : Could not detect default configuration classes for test class [dev.scframework.reference.notices.NoticeIntegrationTest]: NoticeIntegrationTest does not declare any static, non-private, non-final, nested classes annotated with @Configuration.
2026-10-07T07:46:41.915+09:00  INFO [requestId:] 64500 --- [sc-reference-app] [           main] [                                                 ] .b.t.c.SpringBootTestContextBootstrapper : Found @SpringBootConfiguration dev.scframework.reference.ReferenceApplication for test class dev.scframework.reference.notices.NoticeIntegrationTest

  .   ____          _            __ _ _
 /\\ / ___'_ __ _ _(_)_ __  __ _ \ \ \ \
( ( )\___ | '_ | '_| | '_ \/ _` | \ \ \ \
 \\/  ___)| |_)| | | | | || (_| |  ) ) ) )
  '  |____| .__|_| |_|_| |_\__, | / / / /
 =========|_|==============|___/=/_/_/_/

 :: Spring Boot ::               (v3.5.16)

2026-10-07T07:46:41.926+09:00  INFO [requestId:] 64500 --- [sc-reference-app] [           main] [                                                 ] d.s.r.notices.NoticeIntegrationTest      : Starting NoticeIntegrationTest using Java 21.0.11 with PID 64500 (started by dk in /Users/dk/Work/ScFramework/backend/reference-app)
2026-10-07T07:46:41.926+09:00  INFO [requestId:] 64500 --- [sc-reference-app] [           main] [                                                 ] d.s.r.notices.NoticeIntegrationTest      : No active profile set, falling back to 1 default profile: "default"
2026-10-07T07:46:41.995+09:00  INFO [requestId:] 64500 --- [sc-reference-app] [           main] [                                                 ] .s.d.r.c.RepositoryConfigurationDelegate : Bootstrapping Spring Data JPA repositories in DEFAULT mode.
2026-10-07T07:46:42.002+09:00  INFO [requestId:] 64500 --- [sc-reference-app] [           main] [                                                 ] .s.d.r.c.RepositoryConfigurationDelegate : Finished Spring Data repository scanning in 6 ms. Found 18 JPA repository interfaces.
2026-10-07T07:46:42.016+09:00  INFO [requestId:] 64500 --- [sc-reference-app] [           main] [                                                 ] o.s.cloud.context.scope.GenericScope     : BeanFactory id=e9fb348b-1f30-3c72-a846-8349f9ab416e
2026-10-07T07:46:42.031+09:00  INFO [requestId:] 64500 --- [sc-reference-app] [           main] [                                                 ] com.zaxxer.hikari.HikariDataSource       : HikariPool-6 - Starting...
2026-10-07T07:46:42.031+09:00  INFO [requestId:] 64500 --- [sc-reference-app] [           main] [                                                 ] com.zaxxer.hikari.pool.HikariPool        : HikariPool-6 - Added connection conn47: url=jdbc:h2:mem:kanban-sc-kanban-010-3924960413871822976 user=SA
2026-10-07T07:46:42.031+09:00  INFO [requestId:] 64500 --- [sc-reference-app] [           main] [                                                 ] com.zaxxer.hikari.HikariDataSource       : HikariPool-6 - Start completed.
2026-10-07T07:46:42.032+09:00  INFO [requestId:] 64500 --- [sc-reference-app] [           main] [                                                 ] org.flywaydb.core.FlywayExecutor         : Database: jdbc:h2:mem:kanban-sc-kanban-010-3924960413871822976 (H2 2.3)
2026-10-07T07:46:42.033+09:00  INFO [requestId:] 64500 --- [sc-reference-app] [           main] [                                                 ] o.f.c.i.s.JdbcTableSchemaHistory         : Schema history table "PUBLIC"."flyway_schema_history" does not exist yet
2026-10-07T07:46:42.033+09:00  INFO [requestId:] 64500 --- [sc-reference-app] [           main] [                                                 ] o.f.core.internal.command.DbValidate     : Successfully validated 5 migrations (execution time 00:00.000s)
2026-10-07T07:46:42.033+09:00  INFO [requestId:] 64500 --- [sc-reference-app] [           main] [                                                 ] o.f.c.i.s.JdbcTableSchemaHistory         : Creating Schema History table "PUBLIC"."flyway_schema_history" ...
2026-10-07T07:46:42.034+09:00  INFO [requestId:] 64500 --- [sc-reference-app] [           main] [                                                 ] o.f.core.internal.command.DbMigrate      : Current version of schema "PUBLIC": << Empty Schema >>
2026-10-07T07:46:42.034+09:00  INFO [requestId:] 64500 --- [sc-reference-app] [           main] [                                                 ] o.f.core.internal.command.DbMigrate      : Migrating schema "PUBLIC" to version "1 - example baseline"
2026-10-07T07:46:42.035+09:00  INFO [requestId:] 64500 --- [sc-reference-app] [           main] [                                                 ] o.f.core.internal.command.DbMigrate      : Migrating schema "PUBLIC" to version "2 - requirements baseline"
2026-10-07T07:46:42.036+09:00  INFO [requestId:] 64500 --- [sc-reference-app] [           main] [                                                 ] o.f.core.internal.command.DbMigrate      : Migrating schema "PUBLIC" to version "3 - security audit"
2026-10-07T07:46:42.037+09:00  INFO [requestId:] 64500 --- [sc-reference-app] [           main] [                                                 ] o.f.core.internal.command.DbMigrate      : Migrating schema "PUBLIC" to version "4 - media and files"
2026-10-07T07:46:42.039+09:00  INFO [requestId:] 64500 --- [sc-reference-app] [           main] [                                                 ] o.f.core.internal.command.DbMigrate      : Migrating schema "PUBLIC" to version "5 - kanban and documents"
2026-10-07T07:46:42.040+09:00  INFO [requestId:] 64500 --- [sc-reference-app] [           main] [                                                 ] o.f.core.internal.command.DbMigrate      : Successfully applied 5 migrations to schema "PUBLIC", now at version v5 (execution time 00:00.001s)
2026-10-07T07:46:42.046+09:00  INFO [requestId:] 64500 --- [sc-reference-app] [           main] [                                                 ] o.hibernate.jpa.internal.util.LogHelper  : HHH000204: Processing PersistenceUnitInfo [name: default]
2026-10-07T07:46:42.047+09:00  INFO [requestId:] 64500 --- [sc-reference-app] [           main] [                                                 ] o.h.c.internal.RegionFactoryInitiator    : HHH000026: Second-level cache disabled
2026-10-07T07:46:42.049+09:00  INFO [requestId:] 64500 --- [sc-reference-app] [           main] [                                                 ] o.s.o.j.p.SpringPersistenceUnitInfo      : No LoadTimeWeaver setup: ignoring JPA class transformer
2026-10-07T07:46:42.049+09:00  INFO [requestId:] 64500 --- [sc-reference-app] [           main] [                                                 ] org.hibernate.orm.connections.pooling    : HHH10001005: Database info:
	Database JDBC URL [Connecting through datasource 'HikariDataSource (HikariPool-6)']
	Database driver: undefined/unknown
	Database version: 2.3.232
	Autocommit mode: undefined/unknown
	Isolation level: undefined/unknown
	Minimum pool size: undefined/unknown
	Maximum pool size: undefined/unknown
2026-10-07T07:46:42.074+09:00  INFO [requestId:] 64500 --- [sc-reference-app] [           main] [                                                 ] o.h.e.t.j.p.i.JtaPlatformInitiator       : HHH000489: No JTA platform available (set 'hibernate.transaction.jta.platform' to enable JTA platform integration)
2026-10-07T07:46:42.075+09:00  INFO [requestId:] 64500 --- [sc-reference-app] [           main] [                                                 ] j.LocalContainerEntityManagerFactoryBean : Initialized JPA EntityManagerFactory for persistence unit 'default'
2026-10-07T07:46:42.164+09:00  INFO [requestId:] 64500 --- [sc-reference-app] [           main] [                                                 ] o.s.b.a.w.s.WelcomePageHandlerMapping    : Adding welcome page: class path resource [static/index.html]
2026-10-07T07:46:42.180+09:00  INFO [requestId:] 64500 --- [sc-reference-app] [           main] [                                                 ] r$InitializeUserDetailsManagerConfigurer : Global AuthenticationManager configured with UserDetailsService bean with name referenceUsers
2026-10-07T07:46:42.189+09:00  INFO [requestId:] 64500 --- [sc-reference-app] [           main] [                                                 ] o.s.b.a.e.web.EndpointLinksResolver      : Exposing 1 endpoint beneath base path '/actuator'
2026-10-07T07:46:42.202+09:00  INFO [requestId:] 64500 --- [sc-reference-app] [           main] [                                                 ] o.s.b.t.m.w.SpringBootMockServletContext : Initializing Spring TestDispatcherServlet ''
2026-10-07T07:46:42.202+09:00  INFO [requestId:] 64500 --- [sc-reference-app] [           main] [                                                 ] o.s.t.web.servlet.TestDispatcherServlet  : Initializing Servlet ''
2026-10-07T07:46:42.202+09:00  INFO [requestId:] 64500 --- [sc-reference-app] [           main] [                                                 ] o.s.t.web.servlet.TestDispatcherServlet  : Completed initialization in 0 ms
2026-10-07T07:46:42.212+09:00  INFO [requestId:] 64500 --- [sc-reference-app] [           main] [                                                 ] d.s.r.notices.NoticeIntegrationTest      : Started NoticeIntegrationTest in 0.296 seconds (process running for 19.678)
[INFO] Tests run: 5, Failures: 0, Errors: 0, Skipped: 0, Time elapsed: 1.968 s -- in dev.scframework.reference.notices.NoticeIntegrationTest
[INFO] Running dev.scframework.reference.audit.AuditSinkFailureHttpTest
2026-10-07T07:46:43.881+09:00  INFO [requestId:] 64500 --- [sc-reference-app] [           main] [                                                 ] t.c.s.AnnotationConfigContextLoaderUtils : Could not detect default configuration classes for test class [dev.scframework.reference.audit.AuditSinkFailureHttpTest]: AuditSinkFailureHttpTest does not declare any static, non-private, non-final, nested classes annotated with @Configuration.
2026-10-07T07:46:43.885+09:00  INFO [requestId:] 64500 --- [sc-reference-app] [           main] [                                                 ] .b.t.c.SpringBootTestContextBootstrapper : Found @SpringBootConfiguration dev.scframework.reference.ReferenceApplication for test class dev.scframework.reference.audit.AuditSinkFailureHttpTest

  .   ____          _            __ _ _
 /\\ / ___'_ __ _ _(_)_ __  __ _ \ \ \ \
( ( )\___ | '_ | '_| | '_ \/ _` | \ \ \ \
 \\/  ___)| |_)| | | | | || (_| |  ) ) ) )
  '  |____| .__|_| |_|_| |_\__, | / / / /
 =========|_|==============|___/=/_/_/_/

 :: Spring Boot ::               (v3.5.16)

2026-10-07T07:46:43.896+09:00  INFO [requestId:] 64500 --- [sc-reference-app] [           main] [                                                 ] d.s.r.audit.AuditSinkFailureHttpTest     : Starting AuditSinkFailureHttpTest using Java 21.0.11 with PID 64500 (started by dk in /Users/dk/Work/ScFramework/backend/reference-app)
2026-10-07T07:46:43.897+09:00  INFO [requestId:] 64500 --- [sc-reference-app] [           main] [                                                 ] d.s.r.audit.AuditSinkFailureHttpTest     : No active profile set, falling back to 1 default profile: "default"
2026-10-07T07:46:43.962+09:00  INFO [requestId:] 64500 --- [sc-reference-app] [           main] [                                                 ] .s.d.r.c.RepositoryConfigurationDelegate : Bootstrapping Spring Data JPA repositories in DEFAULT mode.
2026-10-07T07:46:43.972+09:00  INFO [requestId:] 64500 --- [sc-reference-app] [           main] [                                                 ] .s.d.r.c.RepositoryConfigurationDelegate : Finished Spring Data repository scanning in 6 ms. Found 18 JPA repository interfaces.
2026-10-07T07:46:43.981+09:00  INFO [requestId:] 64500 --- [sc-reference-app] [           main] [                                                 ] o.s.cloud.context.scope.GenericScope     : BeanFactory id=3e743ba2-ddd6-34c9-a3a8-83543fd54d09
2026-10-07T07:46:44.199+09:00  INFO [requestId:] 64500 --- [sc-reference-app] [           main] [                                                 ] com.zaxxer.hikari.HikariDataSource       : HikariPool-7 - Starting...
2026-10-07T07:46:44.202+09:00  INFO [requestId:] 64500 --- [sc-reference-app] [           main] [                                                 ] com.zaxxer.hikari.pool.HikariPool        : HikariPool-7 - Added connection conn52: url=jdbc:h2:mem:audit-http-sc-audit-http-9790165273219317090 user=SA
2026-10-07T07:46:44.202+09:00  INFO [requestId:] 64500 --- [sc-reference-app] [           main] [                                                 ] com.zaxxer.hikari.HikariDataSource       : HikariPool-7 - Start completed.
2026-10-07T07:46:44.205+09:00  INFO [requestId:] 64500 --- [sc-reference-app] [           main] [                                                 ] org.flywaydb.core.FlywayExecutor         : Database: jdbc:h2:mem:audit-http-sc-audit-http-9790165273219317090 (H2 2.3)
2026-10-07T07:46:44.214+09:00  INFO [requestId:] 64500 --- [sc-reference-app] [           main] [                                                 ] o.f.c.i.s.JdbcTableSchemaHistory         : Schema history table "PUBLIC"."flyway_schema_history" does not exist yet
2026-10-07T07:46:44.214+09:00  INFO [requestId:] 64500 --- [sc-reference-app] [           main] [                                                 ] o.f.core.internal.command.DbValidate     : Successfully validated 5 migrations (execution time 00:00.004s)
2026-10-07T07:46:44.215+09:00  INFO [requestId:] 64500 --- [sc-reference-app] [           main] [                                                 ] o.f.c.i.s.JdbcTableSchemaHistory         : Creating Schema History table "PUBLIC"."flyway_schema_history" ...
2026-10-07T07:46:44.223+09:00  INFO [requestId:] 64500 --- [sc-reference-app] [           main] [                                                 ] o.f.core.internal.command.DbMigrate      : Current version of schema "PUBLIC": << Empty Schema >>
2026-10-07T07:46:44.226+09:00  INFO [requestId:] 64500 --- [sc-reference-app] [           main] [                                                 ] o.f.core.internal.command.DbMigrate      : Migrating schema "PUBLIC" to version "1 - example baseline"
2026-10-07T07:46:44.234+09:00  INFO [requestId:] 64500 --- [sc-reference-app] [           main] [                                                 ] o.f.core.internal.command.DbMigrate      : Migrating schema "PUBLIC" to version "2 - requirements baseline"
2026-10-07T07:46:44.251+09:00  INFO [requestId:] 64500 --- [sc-reference-app] [           main] [                                                 ] o.f.core.internal.command.DbMigrate      : Migrating schema "PUBLIC" to version "3 - security audit"
2026-10-07T07:46:44.261+09:00  INFO [requestId:] 64500 --- [sc-reference-app] [           main] [                                                 ] o.f.core.internal.command.DbMigrate      : Migrating schema "PUBLIC" to version "4 - media and files"
2026-10-07T07:46:44.278+09:00  INFO [requestId:] 64500 --- [sc-reference-app] [           main] [                                                 ] o.f.core.internal.command.DbMigrate      : Migrating schema "PUBLIC" to version "5 - kanban and documents"
2026-10-07T07:46:44.284+09:00  INFO [requestId:] 64500 --- [sc-reference-app] [           main] [                                                 ] o.f.core.internal.command.DbMigrate      : Successfully applied 5 migrations to schema "PUBLIC", now at version v5 (execution time 00:00.036s)
2026-10-07T07:46:44.308+09:00  INFO [requestId:] 64500 --- [sc-reference-app] [           main] [                                                 ] o.hibernate.jpa.internal.util.LogHelper  : HHH000204: Processing PersistenceUnitInfo [name: default]
2026-10-07T07:46:44.311+09:00  INFO [requestId:] 64500 --- [sc-reference-app] [           main] [                                                 ] o.h.c.internal.RegionFactoryInitiator    : HHH000026: Second-level cache disabled
2026-10-07T07:46:44.320+09:00  INFO [requestId:] 64500 --- [sc-reference-app] [           main] [                                                 ] o.s.o.j.p.SpringPersistenceUnitInfo      : No LoadTimeWeaver setup: ignoring JPA class transformer
2026-10-07T07:46:44.322+09:00  INFO [requestId:] 64500 --- [sc-reference-app] [           main] [                                                 ] org.hibernate.orm.connections.pooling    : HHH10001005: Database info:
	Database JDBC URL [Connecting through datasource 'HikariDataSource (HikariPool-7)']
	Database driver: undefined/unknown
	Database version: 2.3.232
	Autocommit mode: undefined/unknown
	Isolation level: undefined/unknown
	Minimum pool size: undefined/unknown
	Maximum pool size: undefined/unknown
2026-10-07T07:46:44.423+09:00  INFO [requestId:] 64500 --- [sc-reference-app] [           main] [                                                 ] o.h.e.t.j.p.i.JtaPlatformInitiator       : HHH000489: No JTA platform available (set 'hibernate.transaction.jta.platform' to enable JTA platform integration)
2026-10-07T07:46:44.428+09:00  INFO [requestId:] 64500 --- [sc-reference-app] [           main] [                                                 ] j.LocalContainerEntityManagerFactoryBean : Initialized JPA EntityManagerFactory for persistence unit 'default'
2026-10-07T07:46:44.648+09:00  INFO [requestId:] 64500 --- [sc-reference-app] [           main] [                                                 ] o.s.b.a.w.s.WelcomePageHandlerMapping    : Adding welcome page: class path resource [static/index.html]
2026-10-07T07:46:44.799+09:00  INFO [requestId:] 64500 --- [sc-reference-app] [           main] [                                                 ] r$InitializeUserDetailsManagerConfigurer : Global AuthenticationManager configured with UserDetailsService bean with name referenceUsers
2026-10-07T07:46:44.814+09:00  INFO [requestId:] 64500 --- [sc-reference-app] [           main] [                                                 ] o.s.b.a.e.web.EndpointLinksResolver      : Exposing 1 endpoint beneath base path '/actuator'
2026-10-07T07:46:44.835+09:00  INFO [requestId:] 64500 --- [sc-reference-app] [           main] [                                                 ] o.s.b.t.m.w.SpringBootMockServletContext : Initializing Spring TestDispatcherServlet ''
2026-10-07T07:46:44.836+09:00  INFO [requestId:] 64500 --- [sc-reference-app] [           main] [                                                 ] o.s.t.web.servlet.TestDispatcherServlet  : Initializing Servlet ''
2026-10-07T07:46:44.836+09:00  INFO [requestId:] 64500 --- [sc-reference-app] [           main] [                                                 ] o.s.t.web.servlet.TestDispatcherServlet  : Completed initialization in 0 ms
2026-10-07T07:46:44.859+09:00  INFO [requestId:] 64500 --- [sc-reference-app] [           main] [                                                 ] d.s.r.audit.AuditSinkFailureHttpTest     : Started AuditSinkFailureHttpTest in 0.972 seconds (process running for 22.325)
2026-10-07T07:46:45.069+09:00  WARN [requestId:cd07cd2e-5825-4cb0-bf31-3c55df395b64] 64500 --- [sc-reference-app] [           main] [                                                 ] d.s.a.audit.AuditWriteDiagnostics        : Security audit write failed; reasonCode=AUDIT_SINK_FAILURE
[INFO] Tests run: 1, Failures: 0, Errors: 0, Skipped: 0, Time elapsed: 1.300 s -- in dev.scframework.reference.audit.AuditSinkFailureHttpTest
[INFO] Running dev.scframework.reference.audit.AuditControllerTest
2026-10-07T07:46:45.187+09:00  INFO [requestId:] 64500 --- [sc-reference-app] [           main] [                                                 ] t.c.s.AnnotationConfigContextLoaderUtils : Could not detect default configuration classes for test class [dev.scframework.reference.audit.AuditControllerTest]: AuditControllerTest does not declare any static, non-private, non-final, nested classes annotated with @Configuration.
2026-10-07T07:46:45.189+09:00  INFO [requestId:] 64500 --- [sc-reference-app] [           main] [                                                 ] .b.t.c.SpringBootTestContextBootstrapper : Found @SpringBootConfiguration dev.scframework.reference.ReferenceApplication for test class dev.scframework.reference.audit.AuditControllerTest

  .   ____          _            __ _ _
 /\\ / ___'_ __ _ _(_)_ __  __ _ \ \ \ \
( ( )\___ | '_ | '_| | '_ \/ _` | \ \ \ \
 \\/  ___)| |_)| | | | | || (_| |  ) ) ) )
  '  |____| .__|_| |_|_| |_\__, | / / / /
 =========|_|==============|___/=/_/_/_/

 :: Spring Boot ::               (v3.5.16)

2026-10-07T07:46:45.235+09:00  INFO [requestId:] 64500 --- [sc-reference-app] [           main] [                                                 ] d.s.reference.audit.AuditControllerTest  : Starting AuditControllerTest using Java 21.0.11 with PID 64500 (started by dk in /Users/dk/Work/ScFramework/backend/reference-app)
2026-10-07T07:46:45.235+09:00  INFO [requestId:] 64500 --- [sc-reference-app] [           main] [                                                 ] d.s.reference.audit.AuditControllerTest  : The following 1 profile is active: "dev"
2026-10-07T07:46:46.086+09:00  INFO [requestId:] 64500 --- [sc-reference-app] [           main] [                                                 ] .s.d.r.c.RepositoryConfigurationDelegate : Bootstrapping Spring Data JPA repositories in DEFAULT mode.
2026-10-07T07:46:46.112+09:00  INFO [requestId:] 64500 --- [sc-reference-app] [           main] [                                                 ] .s.d.r.c.RepositoryConfigurationDelegate : Finished Spring Data repository scanning in 23 ms. Found 18 JPA repository interfaces.
2026-10-07T07:46:46.147+09:00  INFO [requestId:] 64500 --- [sc-reference-app] [           main] [                                                 ] o.s.cloud.context.scope.GenericScope     : BeanFactory id=e34d93b3-39c6-3ddb-919d-f6f7f97b975b
2026-10-07T07:46:46.189+09:00  INFO [requestId:] 64500 --- [sc-reference-app] [           main] [                                                 ] com.zaxxer.hikari.HikariDataSource       : HikariPool-8 - Starting...
2026-10-07T07:46:46.191+09:00  INFO [requestId:] 64500 --- [sc-reference-app] [           main] [                                                 ] com.zaxxer.hikari.pool.HikariPool        : HikariPool-8 - Added connection conn57: url=jdbc:h2:mem:reference-audit-sc-reference-audit-17221340606343351026 user=SA
2026-10-07T07:46:46.192+09:00  INFO [requestId:] 64500 --- [sc-reference-app] [           main] [                                                 ] com.zaxxer.hikari.HikariDataSource       : HikariPool-8 - Start completed.
2026-10-07T07:46:46.193+09:00  INFO [requestId:] 64500 --- [sc-reference-app] [           main] [                                                 ] org.flywaydb.core.FlywayExecutor         : Database: jdbc:h2:mem:reference-audit-sc-reference-audit-17221340606343351026 (H2 2.3)
2026-10-07T07:46:46.195+09:00  INFO [requestId:] 64500 --- [sc-reference-app] [           main] [                                                 ] o.f.c.i.s.JdbcTableSchemaHistory         : Schema history table "PUBLIC"."flyway_schema_history" does not exist yet
2026-10-07T07:46:46.196+09:00  INFO [requestId:] 64500 --- [sc-reference-app] [           main] [                                                 ] o.f.core.internal.command.DbValidate     : Successfully validated 5 migrations (execution time 00:00.001s)
2026-10-07T07:46:46.197+09:00  INFO [requestId:] 64500 --- [sc-reference-app] [           main] [                                                 ] o.f.c.i.s.JdbcTableSchemaHistory         : Creating Schema History table "PUBLIC"."flyway_schema_history" ...
2026-10-07T07:46:46.199+09:00  INFO [requestId:] 64500 --- [sc-reference-app] [           main] [                                                 ] o.f.core.internal.command.DbMigrate      : Current version of schema "PUBLIC": << Empty Schema >>
2026-10-07T07:46:46.200+09:00  INFO [requestId:] 64500 --- [sc-reference-app] [           main] [                                                 ] o.f.core.internal.command.DbMigrate      : Migrating schema "PUBLIC" to version "1 - example baseline"
2026-10-07T07:46:46.203+09:00  INFO [requestId:] 64500 --- [sc-reference-app] [           main] [                                                 ] o.f.core.internal.command.DbMigrate      : Migrating schema "PUBLIC" to version "2 - requirements baseline"
2026-10-07T07:46:46.208+09:00  INFO [requestId:] 64500 --- [sc-reference-app] [           main] [                                                 ] o.f.core.internal.command.DbMigrate      : Migrating schema "PUBLIC" to version "3 - security audit"
2026-10-07T07:46:46.211+09:00  INFO [requestId:] 64500 --- [sc-reference-app] [           main] [                                                 ] o.f.core.internal.command.DbMigrate      : Migrating schema "PUBLIC" to version "4 - media and files"
2026-10-07T07:46:46.218+09:00  INFO [requestId:] 64500 --- [sc-reference-app] [           main] [                                                 ] o.f.core.internal.command.DbMigrate      : Migrating schema "PUBLIC" to version "5 - kanban and documents"
2026-10-07T07:46:46.220+09:00  INFO [requestId:] 64500 --- [sc-reference-app] [           main] [                                                 ] o.f.core.internal.command.DbMigrate      : Successfully applied 5 migrations to schema "PUBLIC", now at version v5 (execution time 00:00.009s)
2026-10-07T07:46:46.228+09:00  INFO [requestId:] 64500 --- [sc-reference-app] [           main] [                                                 ] o.hibernate.jpa.internal.util.LogHelper  : HHH000204: Processing PersistenceUnitInfo [name: default]
2026-10-07T07:46:46.229+09:00  INFO [requestId:] 64500 --- [sc-reference-app] [           main] [                                                 ] o.h.c.internal.RegionFactoryInitiator    : HHH000026: Second-level cache disabled
2026-10-07T07:46:46.236+09:00  INFO [requestId:] 64500 --- [sc-reference-app] [           main] [                                                 ] o.s.o.j.p.SpringPersistenceUnitInfo      : No LoadTimeWeaver setup: ignoring JPA class transformer
2026-10-07T07:46:46.237+09:00  INFO [requestId:] 64500 --- [sc-reference-app] [           main] [                                                 ] org.hibernate.orm.connections.pooling    : HHH10001005: Database info:
	Database JDBC URL [Connecting through datasource 'HikariDataSource (HikariPool-8)']
	Database driver: undefined/unknown
	Database version: 2.3.232
	Autocommit mode: undefined/unknown
	Isolation level: undefined/unknown
	Minimum pool size: undefined/unknown
	Maximum pool size: undefined/unknown
2026-10-07T07:46:46.288+09:00  INFO [requestId:] 64500 --- [sc-reference-app] [           main] [                                                 ] o.h.e.t.j.p.i.JtaPlatformInitiator       : HHH000489: No JTA platform available (set 'hibernate.transaction.jta.platform' to enable JTA platform integration)
2026-10-07T07:46:46.290+09:00  INFO [requestId:] 64500 --- [sc-reference-app] [           main] [                                                 ] j.LocalContainerEntityManagerFactoryBean : Initialized JPA EntityManagerFactory for persistence unit 'default'
2026-10-07T07:46:46.417+09:00  INFO [requestId:] 64500 --- [sc-reference-app] [           main] [                                                 ] o.s.b.a.w.s.WelcomePageHandlerMapping    : Adding welcome page: class path resource [static/index.html]
2026-10-07T07:46:46.451+09:00  INFO [requestId:] 64500 --- [sc-reference-app] [           main] [                                                 ] r$InitializeUserDetailsManagerConfigurer : Global AuthenticationManager configured with UserDetailsService bean with name referenceUsers
2026-10-07T07:46:46.467+09:00  INFO [requestId:] 64500 --- [sc-reference-app] [           main] [                                                 ] o.s.b.a.e.web.EndpointLinksResolver      : Exposing 1 endpoint beneath base path '/actuator'
2026-10-07T07:46:46.488+09:00  INFO [requestId:] 64500 --- [sc-reference-app] [           main] [                                                 ] o.s.b.t.m.w.SpringBootMockServletContext : Initializing Spring TestDispatcherServlet ''
2026-10-07T07:46:46.489+09:00  INFO [requestId:] 64500 --- [sc-reference-app] [           main] [                                                 ] o.s.t.web.servlet.TestDispatcherServlet  : Initializing Servlet ''
2026-10-07T07:46:46.489+09:00  INFO [requestId:] 64500 --- [sc-reference-app] [           main] [                                                 ] o.s.t.web.servlet.TestDispatcherServlet  : Completed initialization in 0 ms
2026-10-07T07:46:46.503+09:00  INFO [requestId:] 64500 --- [sc-reference-app] [           main] [                                                 ] d.s.reference.audit.AuditControllerTest  : Started AuditControllerTest in 1.312 seconds (process running for 23.97)
2026-10-07T07:46:46.995+09:00  INFO [requestId:422734ff-44e3-4ad2-b74e-3b644d84c311] 64500 --- [sc-reference-app] [           main] [                                                 ] o.springdoc.api.AbstractOpenApiResource  : Init duration for springdoc-openapi is: 356 ms
[INFO] Tests run: 4, Failures: 0, Errors: 0, Skipped: 0, Time elapsed: 1.917 s -- in dev.scframework.reference.audit.AuditControllerTest
[INFO] Running dev.scframework.reference.kanban.KanbanIntegrationTest
2026-10-07T07:46:47.102+09:00  INFO [requestId:] 64500 --- [sc-reference-app] [           main] [                                                 ] t.c.s.AnnotationConfigContextLoaderUtils : Could not detect default configuration classes for test class [dev.scframework.reference.kanban.KanbanIntegrationTest]: KanbanIntegrationTest does not declare any static, non-private, non-final, nested classes annotated with @Configuration.
2026-10-07T07:46:47.108+09:00  INFO [requestId:] 64500 --- [sc-reference-app] [           main] [                                                 ] .b.t.c.SpringBootTestContextBootstrapper : Found @SpringBootConfiguration dev.scframework.reference.ReferenceApplication for test class dev.scframework.reference.kanban.KanbanIntegrationTest
2026-10-07T07:46:50.582+09:00  WARN [requestId:c3a72064-74b7-48a2-96ef-78222805923e] 64500 --- [sc-reference-app] [           main] [                                                 ] o.h.engine.jdbc.spi.SqlExceptionHelper   : SQL Error: 23513, SQLState: 23513
2026-10-07T07:46:50.583+09:00 ERROR [requestId:c3a72064-74b7-48a2-96ef-78222805923e] 64500 --- [sc-reference-app] [           main] [                                                 ] o.h.engine.jdbc.spi.SqlExceptionHelper   : Check constraint violation: "SYNTHETIC_REJECT: "; SQL statement:
insert into kanban_task (assignee_id,author_id,board_id,command_sequence,completed_at,created_at,description,due_date,position,priority,revision,status,tags_json,title,updated_at,id) values (?,?,?,?,?,?,?,?,?,?,?,?,?,?,?,default) [23513-232]
[INFO] Tests run: 13, Failures: 0, Errors: 0, Skipped: 0, Time elapsed: 4.963 s -- in dev.scframework.reference.kanban.KanbanIntegrationTest
[INFO] Running dev.scframework.reference.ReferenceIntegrationTest
2026-10-07T07:46:52.066+09:00  INFO [requestId:] 64500 --- [sc-reference-app] [           main] [                                                 ] t.c.s.AnnotationConfigContextLoaderUtils : Could not detect default configuration classes for test class [dev.scframework.reference.ReferenceIntegrationTest]: ReferenceIntegrationTest does not declare any static, non-private, non-final, nested classes annotated with @Configuration.
2026-10-07T07:46:52.069+09:00  INFO [requestId:] 64500 --- [sc-reference-app] [           main] [                                                 ] .b.t.c.SpringBootTestContextBootstrapper : Found @SpringBootConfiguration dev.scframework.reference.ReferenceApplication for test class dev.scframework.reference.ReferenceIntegrationTest

  .   ____          _            __ _ _
 /\\ / ___'_ __ _ _(_)_ __  __ _ \ \ \ \
( ( )\___ | '_ | '_| | '_ \/ _` | \ \ \ \
 \\/  ___)| |_)| | | | | || (_| |  ) ) ) )
  '  |____| .__|_| |_|_| |_\__, | / / / /
 =========|_|==============|___/=/_/_/_/

 :: Spring Boot ::               (v3.5.16)

2026-10-07T07:46:52.104+09:00  INFO [requestId:] 64500 --- [sc-reference-app] [           main] [                                                 ] d.s.reference.ReferenceIntegrationTest   : Starting ReferenceIntegrationTest using Java 21.0.11 with PID 64500 (started by dk in /Users/dk/Work/ScFramework/backend/reference-app)
2026-10-07T07:46:52.104+09:00  INFO [requestId:] 64500 --- [sc-reference-app] [           main] [                                                 ] d.s.reference.ReferenceIntegrationTest   : The following 1 profile is active: "dev"
2026-10-07T07:46:52.206+09:00  INFO [requestId:] 64500 --- [sc-reference-app] [           main] [                                                 ] .s.d.r.c.RepositoryConfigurationDelegate : Bootstrapping Spring Data JPA repositories in DEFAULT mode.
2026-10-07T07:46:52.218+09:00  INFO [requestId:] 64500 --- [sc-reference-app] [           main] [                                                 ] .s.d.r.c.RepositoryConfigurationDelegate : Finished Spring Data repository scanning in 11 ms. Found 18 JPA repository interfaces.
2026-10-07T07:46:52.241+09:00  INFO [requestId:] 64500 --- [sc-reference-app] [           main] [                                                 ] o.s.cloud.context.scope.GenericScope     : BeanFactory id=d21b9900-0f71-339d-93a2-4ae2cc2b38a4
2026-10-07T07:46:52.310+09:00  INFO [requestId:] 64500 --- [sc-reference-app] [           main] [                                                 ] o.s.b.w.embedded.tomcat.TomcatWebServer  : Tomcat initialized with port 0 (http)
2026-10-07T07:46:52.315+09:00  INFO [requestId:] 64500 --- [sc-reference-app] [           main] [                                                 ] o.apache.catalina.core.StandardService   : Starting service [Tomcat]
2026-10-07T07:46:52.315+09:00  INFO [requestId:] 64500 --- [sc-reference-app] [           main] [                                                 ] o.apache.catalina.core.StandardEngine    : Starting Servlet engine: [Apache Tomcat/10.1.55]
2026-10-07T07:46:52.351+09:00  INFO [requestId:] 64500 --- [sc-reference-app] [           main] [                                                 ] o.a.c.c.C.[Tomcat].[localhost].[/]       : Initializing Spring embedded WebApplicationContext
2026-10-07T07:46:52.351+09:00  INFO [requestId:] 64500 --- [sc-reference-app] [           main] [                                                 ] w.s.c.ServletWebServerApplicationContext : Root WebApplicationContext: initialization completed in 247 ms
2026-10-07T07:46:52.396+09:00  INFO [requestId:] 64500 --- [sc-reference-app] [           main] [                                                 ] com.zaxxer.hikari.HikariDataSource       : HikariPool-9 - Starting...
2026-10-07T07:46:52.397+09:00  INFO [requestId:] 64500 --- [sc-reference-app] [           main] [                                                 ] com.zaxxer.hikari.pool.HikariPool        : HikariPool-9 - Added connection conn62: url=jdbc:h2:mem:reference-fa4f876d-3e90-4e81-8d47-2a53df42a8fb user=SA
2026-10-07T07:46:52.397+09:00  INFO [requestId:] 64500 --- [sc-reference-app] [           main] [                                                 ] com.zaxxer.hikari.HikariDataSource       : HikariPool-9 - Start completed.
2026-10-07T07:46:52.398+09:00  INFO [requestId:] 64500 --- [sc-reference-app] [           main] [                                                 ] org.flywaydb.core.FlywayExecutor         : Database: jdbc:h2:mem:reference-fa4f876d-3e90-4e81-8d47-2a53df42a8fb (H2 2.3)
2026-10-07T07:46:52.400+09:00  INFO [requestId:] 64500 --- [sc-reference-app] [           main] [                                                 ] o.f.c.i.s.JdbcTableSchemaHistory         : Schema history table "PUBLIC"."flyway_schema_history" does not exist yet
2026-10-07T07:46:52.400+09:00  INFO [requestId:] 64500 --- [sc-reference-app] [           main] [                                                 ] o.f.core.internal.command.DbValidate     : Successfully validated 5 migrations (execution time 00:00.001s)
2026-10-07T07:46:52.401+09:00  INFO [requestId:] 64500 --- [sc-reference-app] [           main] [                                                 ] o.f.c.i.s.JdbcTableSchemaHistory         : Creating Schema History table "PUBLIC"."flyway_schema_history" ...
2026-10-07T07:46:52.403+09:00  INFO [requestId:] 64500 --- [sc-reference-app] [           main] [                                                 ] o.f.core.internal.command.DbMigrate      : Current version of schema "PUBLIC": << Empty Schema >>
2026-10-07T07:46:52.404+09:00  INFO [requestId:] 64500 --- [sc-reference-app] [           main] [                                                 ] o.f.core.internal.command.DbMigrate      : Migrating schema "PUBLIC" to version "1 - example baseline"
2026-10-07T07:46:52.405+09:00  INFO [requestId:] 64500 --- [sc-reference-app] [           main] [                                                 ] o.f.core.internal.command.DbMigrate      : Migrating schema "PUBLIC" to version "2 - requirements baseline"
2026-10-07T07:46:52.410+09:00  INFO [requestId:] 64500 --- [sc-reference-app] [           main] [                                                 ] o.f.core.internal.command.DbMigrate      : Migrating schema "PUBLIC" to version "3 - security audit"
2026-10-07T07:46:52.412+09:00  INFO [requestId:] 64500 --- [sc-reference-app] [           main] [                                                 ] o.f.core.internal.command.DbMigrate      : Migrating schema "PUBLIC" to version "4 - media and files"
2026-10-07T07:46:52.416+09:00  INFO [requestId:] 64500 --- [sc-reference-app] [           main] [                                                 ] o.f.core.internal.command.DbMigrate      : Migrating schema "PUBLIC" to version "5 - kanban and documents"
2026-10-07T07:46:52.419+09:00  INFO [requestId:] 64500 --- [sc-reference-app] [           main] [                                                 ] o.f.core.internal.command.DbMigrate      : Successfully applied 5 migrations to schema "PUBLIC", now at version v5 (execution time 00:00.007s)
2026-10-07T07:46:52.425+09:00  INFO [requestId:] 64500 --- [sc-reference-app] [           main] [                                                 ] o.hibernate.jpa.internal.util.LogHelper  : HHH000204: Processing PersistenceUnitInfo [name: default]
2026-10-07T07:46:52.426+09:00  INFO [requestId:] 64500 --- [sc-reference-app] [           main] [                                                 ] o.h.c.internal.RegionFactoryInitiator    : HHH000026: Second-level cache disabled
2026-10-07T07:46:52.430+09:00  INFO [requestId:] 64500 --- [sc-reference-app] [           main] [                                                 ] o.s.o.j.p.SpringPersistenceUnitInfo      : No LoadTimeWeaver setup: ignoring JPA class transformer
2026-10-07T07:46:52.430+09:00  INFO [requestId:] 64500 --- [sc-reference-app] [           main] [                                                 ] org.hibernate.orm.connections.pooling    : HHH10001005: Database info:
	Database JDBC URL [Connecting through datasource 'HikariDataSource (HikariPool-9)']
	Database driver: undefined/unknown
	Database version: 2.3.232
	Autocommit mode: undefined/unknown
	Isolation level: undefined/unknown
	Minimum pool size: undefined/unknown
	Maximum pool size: undefined/unknown
2026-10-07T07:46:52.467+09:00  INFO [requestId:] 64500 --- [sc-reference-app] [           main] [                                                 ] o.h.e.t.j.p.i.JtaPlatformInitiator       : HHH000489: No JTA platform available (set 'hibernate.transaction.jta.platform' to enable JTA platform integration)
2026-10-07T07:46:52.469+09:00  INFO [requestId:] 64500 --- [sc-reference-app] [           main] [                                                 ] j.LocalContainerEntityManagerFactoryBean : Initialized JPA EntityManagerFactory for persistence unit 'default'
2026-10-07T07:46:52.578+09:00  INFO [requestId:] 64500 --- [sc-reference-app] [           main] [                                                 ] o.s.b.a.w.s.WelcomePageHandlerMapping    : Adding welcome page: class path resource [static/index.html]
2026-10-07T07:46:52.603+09:00  INFO [requestId:] 64500 --- [sc-reference-app] [           main] [                                                 ] r$InitializeUserDetailsManagerConfigurer : Global AuthenticationManager configured with UserDetailsService bean with name referenceUsers
2026-10-07T07:46:52.614+09:00  INFO [requestId:] 64500 --- [sc-reference-app] [           main] [                                                 ] o.s.b.a.e.web.EndpointLinksResolver      : Exposing 1 endpoint beneath base path '/actuator'
2026-10-07T07:46:52.644+09:00  INFO [requestId:] 64500 --- [sc-reference-app] [           main] [                                                 ] o.a.c.c.C.[Tomcat].[localhost].[/]       : Initializing Spring TestDispatcherServlet ''
2026-10-07T07:46:52.645+09:00  INFO [requestId:] 64500 --- [sc-reference-app] [           main] [                                                 ] o.s.t.web.servlet.TestDispatcherServlet  : Initializing Servlet ''
2026-10-07T07:46:52.645+09:00  INFO [requestId:] 64500 --- [sc-reference-app] [           main] [                                                 ] o.s.t.web.servlet.TestDispatcherServlet  : Completed initialization in 0 ms
2026-10-07T07:46:52.731+09:00  INFO [requestId:] 64500 --- [sc-reference-app] [           main] [                                                 ] o.s.b.w.embedded.tomcat.TomcatWebServer  : Tomcat started on port 53188 (http) with context path '/'
2026-10-07T07:46:52.737+09:00  INFO [requestId:] 64500 --- [sc-reference-app] [           main] [                                                 ] d.s.reference.ReferenceIntegrationTest   : Started ReferenceIntegrationTest in 0.653 seconds (process running for 30.203)
2026-10-07T07:46:52.991+09:00  INFO [requestId:4274b8be-30f7-4d92-9b50-ae8f7957e18a] 64500 --- [sc-reference-app] [           main] [                                                 ] o.springdoc.api.AbstractOpenApiResource  : Init duration for springdoc-openapi is: 178 ms
[INFO] Tests run: 10, Failures: 0, Errors: 0, Skipped: 0, Time elapsed: 2.886 s -- in dev.scframework.reference.ReferenceIntegrationTest
[INFO] Running dev.scframework.reference.documents.DocumentIntegrationTest
2026-10-07T07:46:54.953+09:00  INFO [requestId:] 64500 --- [sc-reference-app] [           main] [                                                 ] t.c.s.AnnotationConfigContextLoaderUtils : Could not detect default configuration classes for test class [dev.scframework.reference.documents.DocumentIntegrationTest]: DocumentIntegrationTest does not declare any static, non-private, non-final, nested classes annotated with @Configuration.
2026-10-07T07:46:54.957+09:00  INFO [requestId:] 64500 --- [sc-reference-app] [           main] [                                                 ] .b.t.c.SpringBootTestContextBootstrapper : Found @SpringBootConfiguration dev.scframework.reference.ReferenceApplication for test class dev.scframework.reference.documents.DocumentIntegrationTest
[INFO] Tests run: 5, Failures: 0, Errors: 0, Skipped: 0, Time elapsed: 1.524 s -- in dev.scframework.reference.documents.DocumentIntegrationTest
[INFO] Running dev.scframework.reference.documents.DocumentGrammarTest
[INFO] Tests run: 6, Failures: 0, Errors: 0, Skipped: 0, Time elapsed: 0.057 s -- in dev.scframework.reference.documents.DocumentGrammarTest
[INFO] Running dev.scframework.reference.reports.RequirementReportIntegrationTest
2026-10-07T07:46:56.540+09:00  INFO [requestId:] 64500 --- [sc-reference-app] [           main] [                                                 ] .b.t.c.SpringBootTestContextBootstrapper : Found @SpringBootConfiguration dev.scframework.reference.ReferenceApplication for test class dev.scframework.reference.reports.RequirementReportIntegrationTest

  .   ____          _            __ _ _
 /\\ / ___'_ __ _ _(_)_ __  __ _ \ \ \ \
( ( )\___ | '_ | '_| | '_ \/ _` | \ \ \ \
 \\/  ___)| |_)| | | | | || (_| |  ) ) ) )
  '  |____| .__|_| |_|_| |_\__, | / / / /
 =========|_|==============|___/=/_/_/_/

 :: Spring Boot ::               (v3.5.16)

2026-10-07T07:46:56.555+09:00  INFO [requestId:] 64500 --- [sc-reference-app] [           main] [                                                 ] d.s.r.r.RequirementReportIntegrationTest : Starting RequirementReportIntegrationTest using Java 21.0.11 with PID 64500 (started by dk in /Users/dk/Work/ScFramework/backend/reference-app)
2026-10-07T07:46:56.555+09:00  INFO [requestId:] 64500 --- [sc-reference-app] [           main] [                                                 ] d.s.r.r.RequirementReportIntegrationTest : The following 1 profile is active: "dev"
2026-10-07T07:46:56.659+09:00  INFO [requestId:] 64500 --- [sc-reference-app] [           main] [                                                 ] .s.d.r.c.RepositoryConfigurationDelegate : Bootstrapping Spring Data JPA repositories in DEFAULT mode.
2026-10-07T07:46:56.672+09:00  INFO [requestId:] 64500 --- [sc-reference-app] [           main] [                                                 ] .s.d.r.c.RepositoryConfigurationDelegate : Finished Spring Data repository scanning in 11 ms. Found 18 JPA repository interfaces.
2026-10-07T07:46:56.688+09:00  INFO [requestId:] 64500 --- [sc-reference-app] [           main] [                                                 ] o.s.cloud.context.scope.GenericScope     : BeanFactory id=6071cfcb-0522-3786-8c79-9e1761b7afac
2026-10-07T07:46:56.728+09:00  INFO [requestId:] 64500 --- [sc-reference-app] [           main] [                                                 ] com.zaxxer.hikari.HikariDataSource       : HikariPool-10 - Starting...
2026-10-07T07:46:56.729+09:00  INFO [requestId:] 64500 --- [sc-reference-app] [           main] [                                                 ] com.zaxxer.hikari.pool.HikariPool        : HikariPool-10 - Added connection conn67: url=jdbc:h2:mem:reports-sc-report-009-8890986764203920257 user=SA
2026-10-07T07:46:56.730+09:00  INFO [requestId:] 64500 --- [sc-reference-app] [           main] [                                                 ] com.zaxxer.hikari.HikariDataSource       : HikariPool-10 - Start completed.
2026-10-07T07:46:56.730+09:00  INFO [requestId:] 64500 --- [sc-reference-app] [           main] [                                                 ] org.flywaydb.core.FlywayExecutor         : Database: jdbc:h2:mem:reports-sc-report-009-8890986764203920257 (H2 2.3)
2026-10-07T07:46:56.733+09:00  INFO [requestId:] 64500 --- [sc-reference-app] [           main] [                                                 ] o.f.c.i.s.JdbcTableSchemaHistory         : Schema history table "PUBLIC"."flyway_schema_history" does not exist yet
2026-10-07T07:46:56.733+09:00  INFO [requestId:] 64500 --- [sc-reference-app] [           main] [                                                 ] o.f.core.internal.command.DbValidate     : Successfully validated 5 migrations (execution time 00:00.001s)
2026-10-07T07:46:56.733+09:00  INFO [requestId:] 64500 --- [sc-reference-app] [           main] [                                                 ] o.f.c.i.s.JdbcTableSchemaHistory         : Creating Schema History table "PUBLIC"."flyway_schema_history" ...
2026-10-07T07:46:56.735+09:00  INFO [requestId:] 64500 --- [sc-reference-app] [           main] [                                                 ] o.f.core.internal.command.DbMigrate      : Current version of schema "PUBLIC": << Empty Schema >>
2026-10-07T07:46:56.736+09:00  INFO [requestId:] 64500 --- [sc-reference-app] [           main] [                                                 ] o.f.core.internal.command.DbMigrate      : Migrating schema "PUBLIC" to version "1 - example baseline"
2026-10-07T07:46:56.737+09:00  INFO [requestId:] 64500 --- [sc-reference-app] [           main] [                                                 ] o.f.core.internal.command.DbMigrate      : Migrating schema "PUBLIC" to version "2 - requirements baseline"
2026-10-07T07:46:56.739+09:00  INFO [requestId:] 64500 --- [sc-reference-app] [           main] [                                                 ] o.f.core.internal.command.DbMigrate      : Migrating schema "PUBLIC" to version "3 - security audit"
2026-10-07T07:46:56.742+09:00  INFO [requestId:] 64500 --- [sc-reference-app] [           main] [                                                 ] o.f.core.internal.command.DbMigrate      : Migrating schema "PUBLIC" to version "4 - media and files"
2026-10-07T07:46:56.749+09:00  INFO [requestId:] 64500 --- [sc-reference-app] [           main] [                                                 ] o.f.core.internal.command.DbMigrate      : Migrating schema "PUBLIC" to version "5 - kanban and documents"
2026-10-07T07:46:56.753+09:00  INFO [requestId:] 64500 --- [sc-reference-app] [           main] [                                                 ] o.f.core.internal.command.DbMigrate      : Successfully applied 5 migrations to schema "PUBLIC", now at version v5 (execution time 00:00.009s)
2026-10-07T07:46:56.761+09:00  INFO [requestId:] 64500 --- [sc-reference-app] [           main] [                                                 ] o.hibernate.jpa.internal.util.LogHelper  : HHH000204: Processing PersistenceUnitInfo [name: default]
2026-10-07T07:46:56.762+09:00  INFO [requestId:] 64500 --- [sc-reference-app] [           main] [                                                 ] o.h.c.internal.RegionFactoryInitiator    : HHH000026: Second-level cache disabled
2026-10-07T07:46:56.767+09:00  INFO [requestId:] 64500 --- [sc-reference-app] [           main] [                                                 ] o.s.o.j.p.SpringPersistenceUnitInfo      : No LoadTimeWeaver setup: ignoring JPA class transformer
2026-10-07T07:46:56.767+09:00  INFO [requestId:] 64500 --- [sc-reference-app] [           main] [                                                 ] org.hibernate.orm.connections.pooling    : HHH10001005: Database info:
	Database JDBC URL [Connecting through datasource 'HikariDataSource (HikariPool-10)']
	Database driver: undefined/unknown
	Database version: 2.3.232
	Autocommit mode: undefined/unknown
	Isolation level: undefined/unknown
	Minimum pool size: undefined/unknown
	Maximum pool size: undefined/unknown
2026-10-07T07:46:56.809+09:00  INFO [requestId:] 64500 --- [sc-reference-app] [           main] [                                                 ] o.h.e.t.j.p.i.JtaPlatformInitiator       : HHH000489: No JTA platform available (set 'hibernate.transaction.jta.platform' to enable JTA platform integration)
2026-10-07T07:46:56.810+09:00  INFO [requestId:] 64500 --- [sc-reference-app] [           main] [                                                 ] j.LocalContainerEntityManagerFactoryBean : Initialized JPA EntityManagerFactory for persistence unit 'default'
2026-10-07T07:46:56.901+09:00  INFO [requestId:] 64500 --- [sc-reference-app] [           main] [                                                 ] o.s.b.a.w.s.WelcomePageHandlerMapping    : Adding welcome page: class path resource [static/index.html]
2026-10-07T07:46:56.920+09:00  INFO [requestId:] 64500 --- [sc-reference-app] [           main] [                                                 ] r$InitializeUserDetailsManagerConfigurer : Global AuthenticationManager configured with UserDetailsService bean with name referenceUsers
2026-10-07T07:46:56.930+09:00  INFO [requestId:] 64500 --- [sc-reference-app] [           main] [                                                 ] o.s.b.a.e.web.EndpointLinksResolver      : Exposing 1 endpoint beneath base path '/actuator'
2026-10-07T07:46:56.947+09:00  INFO [requestId:] 64500 --- [sc-reference-app] [           main] [                                                 ] o.s.b.t.m.w.SpringBootMockServletContext : Initializing Spring TestDispatcherServlet ''
2026-10-07T07:46:56.947+09:00  INFO [requestId:] 64500 --- [sc-reference-app] [           main] [                                                 ] o.s.t.web.servlet.TestDispatcherServlet  : Initializing Servlet ''
2026-10-07T07:46:56.950+09:00  INFO [requestId:] 64500 --- [sc-reference-app] [           main] [                                                 ] o.s.t.web.servlet.TestDispatcherServlet  : Completed initialization in 0 ms
2026-10-07T07:46:56.960+09:00  INFO [requestId:] 64500 --- [sc-reference-app] [           main] [                                                 ] d.s.r.r.RequirementReportIntegrationTest : Started RequirementReportIntegrationTest in 0.419 seconds (process running for 34.427)
2026-10-07T07:46:59.263+09:00  INFO [requestId:b8fd28a2-48d1-4bbf-8761-4867fa9e57c9] 64500 --- [sc-reference-app] [           main] [                                                 ] o.springdoc.api.AbstractOpenApiResource  : Init duration for springdoc-openapi is: 150 ms
2026-10-07T07:46:59.875+09:00  INFO [requestId:] 64500 --- [sc-reference-app] [           main] [                                                 ] j.LocalContainerEntityManagerFactoryBean : Closing JPA EntityManagerFactory for persistence unit 'default'
2026-10-07T07:46:59.876+09:00  INFO [requestId:] 64500 --- [sc-reference-app] [           main] [                                                 ] com.zaxxer.hikari.HikariDataSource       : HikariPool-10 - Shutdown initiated...
2026-10-07T07:46:59.876+09:00  INFO [requestId:] 64500 --- [sc-reference-app] [           main] [                                                 ] com.zaxxer.hikari.HikariDataSource       : HikariPool-10 - Shutdown completed.
[INFO] Tests run: 10, Failures: 0, Errors: 0, Skipped: 0, Time elapsed: 3.343 s -- in dev.scframework.reference.reports.RequirementReportIntegrationTest
[INFO] Running dev.scframework.reference.media.ImageOrientationTest
[INFO] Tests run: 2, Failures: 0, Errors: 0, Skipped: 0, Time elapsed: 0.002 s -- in dev.scframework.reference.media.ImageOrientationTest
[INFO] Running dev.scframework.reference.media.MediaIntegrationTest
2026-10-07T07:46:59.884+09:00  INFO [requestId:] 64500 --- [sc-reference-app] [           main] [                                                 ] .b.t.c.SpringBootTestContextBootstrapper : Found @SpringBootConfiguration dev.scframework.reference.ReferenceApplication for test class dev.scframework.reference.media.MediaIntegrationTest

  .   ____          _            __ _ _
 /\\ / ___'_ __ _ _(_)_ __  __ _ \ \ \ \
( ( )\___ | '_ | '_| | '_ \/ _` | \ \ \ \
 \\/  ___)| |_)| | | | | || (_| |  ) ) ) )
  '  |____| .__|_| |_|_| |_\__, | / / / /
 =========|_|==============|___/=/_/_/_/

 :: Spring Boot ::               (v3.5.16)

2026-10-07T07:46:59.897+09:00  INFO [requestId:] 64500 --- [sc-reference-app] [           main] [                                                 ] d.s.r.media.MediaIntegrationTest         : Starting MediaIntegrationTest using Java 21.0.11 with PID 64500 (started by dk in /Users/dk/Work/ScFramework/backend/reference-app)
2026-10-07T07:46:59.897+09:00  INFO [requestId:] 64500 --- [sc-reference-app] [           main] [                                                 ] d.s.r.media.MediaIntegrationTest         : The following 1 profile is active: "dev"
2026-10-07T07:46:59.970+09:00  INFO [requestId:] 64500 --- [sc-reference-app] [           main] [                                                 ] .s.d.r.c.RepositoryConfigurationDelegate : Bootstrapping Spring Data JPA repositories in DEFAULT mode.
2026-10-07T07:46:59.976+09:00  INFO [requestId:] 64500 --- [sc-reference-app] [           main] [                                                 ] .s.d.r.c.RepositoryConfigurationDelegate : Finished Spring Data repository scanning in 6 ms. Found 18 JPA repository interfaces.
2026-10-07T07:46:59.986+09:00  INFO [requestId:] 64500 --- [sc-reference-app] [           main] [                                                 ] o.s.cloud.context.scope.GenericScope     : BeanFactory id=623d6a41-4561-33eb-a825-9edb9855eaff
2026-10-07T07:46:59.999+09:00  INFO [requestId:] 64500 --- [sc-reference-app] [           main] [                                                 ] com.zaxxer.hikari.HikariDataSource       : HikariPool-11 - Starting...
2026-10-07T07:47:00.000+09:00  INFO [requestId:] 64500 --- [sc-reference-app] [           main] [                                                 ] com.zaxxer.hikari.pool.HikariPool        : HikariPool-11 - Added connection conn72: url=jdbc:h2:mem:media-sc-media-tests-1430495521799576836 user=SA
2026-10-07T07:47:00.000+09:00  INFO [requestId:] 64500 --- [sc-reference-app] [           main] [                                                 ] com.zaxxer.hikari.HikariDataSource       : HikariPool-11 - Start completed.
2026-10-07T07:47:00.001+09:00  INFO [requestId:] 64500 --- [sc-reference-app] [           main] [                                                 ] org.flywaydb.core.FlywayExecutor         : Database: jdbc:h2:mem:media-sc-media-tests-1430495521799576836 (H2 2.3)
2026-10-07T07:47:00.002+09:00  INFO [requestId:] 64500 --- [sc-reference-app] [           main] [                                                 ] o.f.c.i.s.JdbcTableSchemaHistory         : Schema history table "PUBLIC"."flyway_schema_history" does not exist yet
2026-10-07T07:47:00.002+09:00  INFO [requestId:] 64500 --- [sc-reference-app] [           main] [                                                 ] o.f.core.internal.command.DbValidate     : Successfully validated 5 migrations (execution time 00:00.000s)
2026-10-07T07:47:00.002+09:00  INFO [requestId:] 64500 --- [sc-reference-app] [           main] [                                                 ] o.f.c.i.s.JdbcTableSchemaHistory         : Creating Schema History table "PUBLIC"."flyway_schema_history" ...
2026-10-07T07:47:00.003+09:00  INFO [requestId:] 64500 --- [sc-reference-app] [           main] [                                                 ] o.f.core.internal.command.DbMigrate      : Current version of schema "PUBLIC": << Empty Schema >>
2026-10-07T07:47:00.003+09:00  INFO [requestId:] 64500 --- [sc-reference-app] [           main] [                                                 ] o.f.core.internal.command.DbMigrate      : Migrating schema "PUBLIC" to version "1 - example baseline"
2026-10-07T07:47:00.004+09:00  INFO [requestId:] 64500 --- [sc-reference-app] [           main] [                                                 ] o.f.core.internal.command.DbMigrate      : Migrating schema "PUBLIC" to version "2 - requirements baseline"
2026-10-07T07:47:00.005+09:00  INFO [requestId:] 64500 --- [sc-reference-app] [           main] [                                                 ] o.f.core.internal.command.DbMigrate      : Migrating schema "PUBLIC" to version "3 - security audit"
2026-10-07T07:47:00.006+09:00  INFO [requestId:] 64500 --- [sc-reference-app] [           main] [                                                 ] o.f.core.internal.command.DbMigrate      : Migrating schema "PUBLIC" to version "4 - media and files"
2026-10-07T07:47:00.009+09:00  INFO [requestId:] 64500 --- [sc-reference-app] [           main] [                                                 ] o.f.core.internal.command.DbMigrate      : Migrating schema "PUBLIC" to version "5 - kanban and documents"
2026-10-07T07:47:00.009+09:00  INFO [requestId:] 64500 --- [sc-reference-app] [           main] [                                                 ] o.f.core.internal.command.DbMigrate      : Successfully applied 5 migrations to schema "PUBLIC", now at version v5 (execution time 00:00.001s)
2026-10-07T07:47:00.014+09:00  INFO [requestId:] 64500 --- [sc-reference-app] [           main] [                                                 ] o.hibernate.jpa.internal.util.LogHelper  : HHH000204: Processing PersistenceUnitInfo [name: default]
2026-10-07T07:47:00.015+09:00  INFO [requestId:] 64500 --- [sc-reference-app] [           main] [                                                 ] o.h.c.internal.RegionFactoryInitiator    : HHH000026: Second-level cache disabled
2026-10-07T07:47:00.017+09:00  INFO [requestId:] 64500 --- [sc-reference-app] [           main] [                                                 ] o.s.o.j.p.SpringPersistenceUnitInfo      : No LoadTimeWeaver setup: ignoring JPA class transformer
2026-10-07T07:47:00.018+09:00  INFO [requestId:] 64500 --- [sc-reference-app] [           main] [                                                 ] org.hibernate.orm.connections.pooling    : HHH10001005: Database info:
	Database JDBC URL [Connecting through datasource 'HikariDataSource (HikariPool-11)']
	Database driver: undefined/unknown
	Database version: 2.3.232
	Autocommit mode: undefined/unknown
	Isolation level: undefined/unknown
	Minimum pool size: undefined/unknown
	Maximum pool size: undefined/unknown
2026-10-07T07:47:00.039+09:00  INFO [requestId:] 64500 --- [sc-reference-app] [           main] [                                                 ] o.h.e.t.j.p.i.JtaPlatformInitiator       : HHH000489: No JTA platform available (set 'hibernate.transaction.jta.platform' to enable JTA platform integration)
2026-10-07T07:47:00.040+09:00  INFO [requestId:] 64500 --- [sc-reference-app] [           main] [                                                 ] j.LocalContainerEntityManagerFactoryBean : Initialized JPA EntityManagerFactory for persistence unit 'default'
2026-10-07T07:47:00.122+09:00  INFO [requestId:] 64500 --- [sc-reference-app] [           main] [                                                 ] o.s.b.a.w.s.WelcomePageHandlerMapping    : Adding welcome page: class path resource [static/index.html]
2026-10-07T07:47:00.141+09:00  INFO [requestId:] 64500 --- [sc-reference-app] [           main] [                                                 ] r$InitializeUserDetailsManagerConfigurer : Global AuthenticationManager configured with UserDetailsService bean with name referenceUsers
2026-10-07T07:47:00.149+09:00  INFO [requestId:] 64500 --- [sc-reference-app] [           main] [                                                 ] o.s.b.a.e.web.EndpointLinksResolver      : Exposing 1 endpoint beneath base path '/actuator'
2026-10-07T07:47:00.164+09:00  INFO [requestId:] 64500 --- [sc-reference-app] [           main] [                                                 ] o.s.b.t.m.w.SpringBootMockServletContext : Initializing Spring TestDispatcherServlet ''
2026-10-07T07:47:00.164+09:00  INFO [requestId:] 64500 --- [sc-reference-app] [           main] [                                                 ] o.s.t.web.servlet.TestDispatcherServlet  : Initializing Servlet ''
2026-10-07T07:47:00.165+09:00  INFO [requestId:] 64500 --- [sc-reference-app] [           main] [                                                 ] o.s.t.web.servlet.TestDispatcherServlet  : Completed initialization in 1 ms
2026-10-07T07:47:00.175+09:00  INFO [requestId:] 64500 --- [sc-reference-app] [           main] [                                                 ] d.s.r.media.MediaIntegrationTest         : Started MediaIntegrationTest in 0.29 seconds (process running for 37.642)
2026-10-07T07:47:03.433+09:00  WARN [requestId:e9d70482-c445-40e8-95e8-afe1cb6d1087] 64500 --- [sc-reference-app] [           main] [                                                 ] d.s.a.storage.FileStorageTransactions    : File storage cleanup failed; operational counter incremented
2026-10-07T07:47:04.825+09:00  INFO [requestId:b8aa42b7-ff19-4274-a42c-cf6754b0e158] 64500 --- [sc-reference-app] [           main] [                                                 ] o.springdoc.api.AbstractOpenApiResource  : Init duration for springdoc-openapi is: 115 ms
[INFO] Tests run: 10, Failures: 0, Errors: 0, Skipped: 0, Time elapsed: 4.952 s -- in dev.scframework.reference.media.MediaIntegrationTest
[INFO] Running dev.scframework.reference.media.MediaMigrationTest
2026-10-07T07:47:04.835+09:00  INFO [requestId:] 64500 --- [sc-reference-app] [           main] [                                                 ] org.flywaydb.core.FlywayExecutor         : Database: jdbc:h2:file:/var/folders/8k/rv4bxj0115g929lrxwybv_r80000gn/T/junit-16146747995127531320/upgrade (H2 2.3)
2026-10-07T07:47:04.836+09:00  INFO [requestId:] 64500 --- [sc-reference-app] [           main] [                                                 ] o.f.c.i.s.JdbcTableSchemaHistory         : Schema history table "PUBLIC"."flyway_schema_history" does not exist yet
2026-10-07T07:47:04.836+09:00  INFO [requestId:] 64500 --- [sc-reference-app] [           main] [                                                 ] o.f.core.internal.command.DbValidate     : Successfully validated 5 migrations (execution time 00:00.000s)
2026-10-07T07:47:04.836+09:00  INFO [requestId:] 64500 --- [sc-reference-app] [           main] [                                                 ] o.f.c.i.s.JdbcTableSchemaHistory         : Creating Schema History table "PUBLIC"."flyway_schema_history" ...
2026-10-07T07:47:04.837+09:00  INFO [requestId:] 64500 --- [sc-reference-app] [           main] [                                                 ] o.f.core.internal.command.DbMigrate      : Current version of schema "PUBLIC": << Empty Schema >>
2026-10-07T07:47:04.837+09:00  INFO [requestId:] 64500 --- [sc-reference-app] [           main] [                                                 ] o.f.core.internal.command.DbMigrate      : Migrating schema "PUBLIC" to version "1 - example baseline"
2026-10-07T07:47:04.838+09:00  INFO [requestId:] 64500 --- [sc-reference-app] [           main] [                                                 ] o.f.core.internal.command.DbMigrate      : Migrating schema "PUBLIC" to version "2 - requirements baseline"
2026-10-07T07:47:04.840+09:00  INFO [requestId:] 64500 --- [sc-reference-app] [           main] [                                                 ] o.f.core.internal.command.DbMigrate      : Migrating schema "PUBLIC" to version "3 - security audit"
2026-10-07T07:47:04.840+09:00  INFO [requestId:] 64500 --- [sc-reference-app] [           main] [                                                 ] o.f.core.internal.command.DbMigrate      : Successfully applied 3 migrations to schema "PUBLIC", now at version v3 (execution time 00:00.001s)
2026-10-07T07:47:04.874+09:00  INFO [requestId:] 64500 --- [sc-reference-app] [           main] [                                                 ] org.flywaydb.core.FlywayExecutor         : Database: jdbc:h2:file:/var/folders/8k/rv4bxj0115g929lrxwybv_r80000gn/T/junit-16146747995127531320/upgrade (H2 2.3)
2026-10-07T07:47:04.875+09:00  INFO [requestId:] 64500 --- [sc-reference-app] [           main] [                                                 ] o.f.core.internal.command.DbValidate     : Successfully validated 5 migrations (execution time 00:00.000s)
2026-10-07T07:47:04.876+09:00  INFO [requestId:] 64500 --- [sc-reference-app] [           main] [                                                 ] o.f.core.internal.command.DbMigrate      : Current version of schema "PUBLIC": 3
2026-10-07T07:47:04.876+09:00  INFO [requestId:] 64500 --- [sc-reference-app] [           main] [                                                 ] o.f.core.internal.command.DbMigrate      : Migrating schema "PUBLIC" to version "4 - media and files"
2026-10-07T07:47:04.878+09:00  INFO [requestId:] 64500 --- [sc-reference-app] [           main] [                                                 ] o.f.core.internal.command.DbMigrate      : Successfully applied 1 migration to schema "PUBLIC", now at version v4 (execution time 00:00.001s)
2026-10-07T07:47:04.910+09:00  INFO [requestId:] 64500 --- [sc-reference-app] [           main] [                                                 ] org.flywaydb.core.FlywayExecutor         : Database: jdbc:h2:file:/var/folders/8k/rv4bxj0115g929lrxwybv_r80000gn/T/junit-16146747995127531320/upgrade (H2 2.3)
2026-10-07T07:47:04.912+09:00  INFO [requestId:] 64500 --- [sc-reference-app] [           main] [                                                 ] o.f.core.internal.command.DbValidate     : Successfully validated 5 migrations (execution time 00:00.000s)
2026-10-07T07:47:04.912+09:00  INFO [requestId:] 64500 --- [sc-reference-app] [           main] [                                                 ] o.f.core.internal.command.DbMigrate      : Current version of schema "PUBLIC": 4
2026-10-07T07:47:04.912+09:00  INFO [requestId:] 64500 --- [sc-reference-app] [           main] [                                                 ] o.f.core.internal.command.DbMigrate      : Schema "PUBLIC" is up to date. No migration necessary.
2026-10-07T07:47:04.925+09:00  INFO [requestId:] 64500 --- [sc-reference-app] [           main] [                                                 ] org.flywaydb.core.FlywayExecutor         : Database: jdbc:h2:file:/var/folders/8k/rv4bxj0115g929lrxwybv_r80000gn/T/junit-16146747995127531320/upgrade (H2 2.3)
2026-10-07T07:47:04.927+09:00  INFO [requestId:] 64500 --- [sc-reference-app] [           main] [                                                 ] o.f.core.internal.command.DbValidate     : Successfully validated 5 migrations (execution time 00:00.000s)
2026-10-07T07:47:04.940+09:00  INFO [requestId:] 64500 --- [sc-reference-app] [           main] [                                                 ] org.flywaydb.core.FlywayExecutor         : Database: jdbc:h2:file:/var/folders/8k/rv4bxj0115g929lrxwybv_r80000gn/T/junit-1994846602684936097/fresh (H2 2.3)
2026-10-07T07:47:04.941+09:00  INFO [requestId:] 64500 --- [sc-reference-app] [           main] [                                                 ] o.f.c.i.s.JdbcTableSchemaHistory         : Schema history table "PUBLIC"."flyway_schema_history" does not exist yet
2026-10-07T07:47:04.941+09:00  INFO [requestId:] 64500 --- [sc-reference-app] [           main] [                                                 ] o.f.core.internal.command.DbValidate     : Successfully validated 5 migrations (execution time 00:00.000s)
2026-10-07T07:47:04.941+09:00  INFO [requestId:] 64500 --- [sc-reference-app] [           main] [                                                 ] o.f.c.i.s.JdbcTableSchemaHistory         : Creating Schema History table "PUBLIC"."flyway_schema_history" ...
2026-10-07T07:47:04.942+09:00  INFO [requestId:] 64500 --- [sc-reference-app] [           main] [                                                 ] o.f.core.internal.command.DbMigrate      : Current version of schema "PUBLIC": << Empty Schema >>
2026-10-07T07:47:04.943+09:00  INFO [requestId:] 64500 --- [sc-reference-app] [           main] [                                                 ] o.f.core.internal.command.DbMigrate      : Migrating schema "PUBLIC" to version "1 - example baseline"
2026-10-07T07:47:04.944+09:00  INFO [requestId:] 64500 --- [sc-reference-app] [           main] [                                                 ] o.f.core.internal.command.DbMigrate      : Migrating schema "PUBLIC" to version "2 - requirements baseline"
2026-10-07T07:47:04.945+09:00  INFO [requestId:] 64500 --- [sc-reference-app] [           main] [                                                 ] o.f.core.internal.command.DbMigrate      : Migrating schema "PUBLIC" to version "3 - security audit"
2026-10-07T07:47:04.946+09:00  INFO [requestId:] 64500 --- [sc-reference-app] [           main] [                                                 ] o.f.core.internal.command.DbMigrate      : Migrating schema "PUBLIC" to version "4 - media and files"
2026-10-07T07:47:04.948+09:00  INFO [requestId:] 64500 --- [sc-reference-app] [           main] [                                                 ] o.f.core.internal.command.DbMigrate      : Successfully applied 4 migrations to schema "PUBLIC", now at version v4 (execution time 00:00.001s)
2026-10-07T07:47:04.966+09:00  INFO [requestId:] 64500 --- [sc-reference-app] [           main] [                                                 ] org.flywaydb.core.FlywayExecutor         : Database: jdbc:h2:file:/var/folders/8k/rv4bxj0115g929lrxwybv_r80000gn/T/junit-1994846602684936097/fresh (H2 2.3)
2026-10-07T07:47:04.967+09:00  INFO [requestId:] 64500 --- [sc-reference-app] [           main] [                                                 ] o.f.core.internal.command.DbValidate     : Successfully validated 5 migrations (execution time 00:00.000s)
[INFO] Tests run: 2, Failures: 0, Errors: 0, Skipped: 0, Time elapsed: 0.147 s -- in dev.scframework.reference.media.MediaMigrationTest
[INFO] 
[INFO] Results:
[INFO] 
[INFO] Tests run: 125, Failures: 0, Errors: 0, Skipped: 0
[INFO] 
[INFO] 
[INFO] --- jar:3.4.2:jar (default-jar) @ sc-reference-app ---
[INFO] Building jar: /Users/dk/Work/ScFramework/backend/reference-app/target/sc-reference-app.jar
[INFO] 
[INFO] --- spring-boot:3.5.16:repackage (repackage) @ sc-reference-app ---
[INFO] Replacing main artifact /Users/dk/Work/ScFramework/backend/reference-app/target/sc-reference-app.jar with repackaged archive, adding nested dependencies in BOOT-INF/.
[INFO] The original artifact has been renamed to /Users/dk/Work/ScFramework/backend/reference-app/target/sc-reference-app.jar.original
[INFO] 
[INFO] -------------------< dev.scframework:sc-starter-app >-------------------
[INFO] Building ScFramework minimal consumer app 0.3.0-SNAPSHOT           [6/6]
[INFO]   from starter-app/pom.xml
[INFO] --------------------------------[ jar ]---------------------------------
[INFO] 
[INFO] --- clean:3.4.1:clean (default-clean) @ sc-starter-app ---
[INFO] Deleting /Users/dk/Work/ScFramework/backend/starter-app/target
[INFO] 
[INFO] --- resources:3.3.1:resources (default-resources) @ sc-starter-app ---
[INFO] Copying 8 resources from src/main/resources to target/classes
[INFO] Copying 8 resources from ../../frontend/apps/starter-app/dist to target/classes/static
[INFO] 
[INFO] --- compiler:3.14.1:compile (default-compile) @ sc-starter-app ---
[INFO] Recompiling the module because of changed dependency.
[INFO] Compiling 11 source files with javac [debug parameters release 21] to target/classes
[INFO] 
[INFO] --- resources:3.3.1:testResources (default-testResources) @ sc-starter-app ---
[INFO] skip non existing resourceDirectory /Users/dk/Work/ScFramework/backend/starter-app/src/test/resources
[INFO] 
[INFO] --- compiler:3.14.1:testCompile (default-testCompile) @ sc-starter-app ---
[INFO] Recompiling the module because of changed dependency.
[INFO] Compiling 4 source files with javac [debug parameters release 21] to target/test-classes
[INFO] 
[INFO] --- surefire:3.5.6:test (default-test) @ sc-starter-app ---
[INFO] Using auto detected provider org.apache.maven.surefire.junitplatform.JUnitPlatformProvider
[INFO] 
[INFO] -------------------------------------------------------
[INFO]  T E S T S
[INFO] -------------------------------------------------------
[INFO] Running dev.scframework.starter.StarterOperationsIntegrationTest
07:47:08.616 [main] INFO org.springframework.test.context.support.AnnotationConfigContextLoaderUtils -- Could not detect default configuration classes for test class [dev.scframework.starter.StarterOperationsIntegrationTest]: StarterOperationsIntegrationTest does not declare any static, non-private, non-final, nested classes annotated with @Configuration.
07:47:08.672 [main] INFO org.springframework.boot.test.context.SpringBootTestContextBootstrapper -- Found @SpringBootConfiguration dev.scframework.starter.StarterApplication for test class dev.scframework.starter.StarterOperationsIntegrationTest

  .   ____          _            __ _ _
 /\\ / ___'_ __ _ _(_)_ __  __ _ \ \ \ \
( ( )\___ | '_ | '_| | '_ \/ _` | \ \ \ \
 \\/  ___)| |_)| | | | | || (_| |  ) ) ) )
  '  |____| .__|_| |_|_| |_\__, | / / / /
 =========|_|==============|___/=/_/_/_/

 :: Spring Boot ::               (v3.5.16)

2026-10-07T07:47:08.945+09:00  INFO [requestId:] 64686 --- [sc-starter-app] [           main] [                                                 ] d.s.s.StarterOperationsIntegrationTest   : Starting StarterOperationsIntegrationTest using Java 21.0.11 with PID 64686 (started by dk in /Users/dk/Work/ScFramework/backend/starter-app)
2026-10-07T07:47:08.947+09:00  INFO [requestId:] 64686 --- [sc-starter-app] [           main] [                                                 ] d.s.s.StarterOperationsIntegrationTest   : The following 1 profile is active: "dev"
2026-10-07T07:47:09.470+09:00  INFO [requestId:] 64686 --- [sc-starter-app] [           main] [                                                 ] .s.d.r.c.RepositoryConfigurationDelegate : Bootstrapping Spring Data JPA repositories in DEFAULT mode.
2026-10-07T07:47:09.480+09:00  INFO [requestId:] 64686 --- [sc-starter-app] [           main] [                                                 ] .s.d.r.c.RepositoryConfigurationDelegate : Finished Spring Data repository scanning in 3 ms. Found 0 JPA repository interfaces.
2026-10-07T07:47:09.535+09:00  WARN [requestId:] 64686 --- [sc-starter-app] [           main] [                                                 ] o.m.s.mapper.ClassPathMapperScanner      : No MyBatis mapper was found in '[dev.scframework.starter]' package. Please check your configuration.
2026-10-07T07:47:09.538+09:00  INFO [requestId:] 64686 --- [sc-starter-app] [           main] [                                                 ] o.s.cloud.context.scope.GenericScope     : BeanFactory id=0f091ad8-cfed-3d81-a903-b9cfedaa6490
2026-10-07T07:47:09.719+09:00  INFO [requestId:] 64686 --- [sc-starter-app] [           main] [                                                 ] com.zaxxer.hikari.HikariDataSource       : HikariPool-1 - Starting...
2026-10-07T07:47:09.783+09:00  INFO [requestId:] 64686 --- [sc-starter-app] [           main] [                                                 ] com.zaxxer.hikari.pool.HikariPool        : HikariPool-1 - Added connection conn0: url=jdbc:h2:mem:starter-ops-sc-starter-operations-11971012573470505704 user=SA
2026-10-07T07:47:09.784+09:00  INFO [requestId:] 64686 --- [sc-starter-app] [           main] [                                                 ] com.zaxxer.hikari.HikariDataSource       : HikariPool-1 - Start completed.
2026-10-07T07:47:09.802+09:00  INFO [requestId:] 64686 --- [sc-starter-app] [           main] [                                                 ] org.flywaydb.core.FlywayExecutor         : Database: jdbc:h2:mem:starter-ops-sc-starter-operations-11971012573470505704 (H2 2.3)
2026-10-07T07:47:09.813+09:00  INFO [requestId:] 64686 --- [sc-starter-app] [           main] [                                                 ] o.f.c.i.s.JdbcTableSchemaHistory         : Schema history table "PUBLIC"."flyway_schema_history" does not exist yet
2026-10-07T07:47:09.814+09:00  INFO [requestId:] 64686 --- [sc-starter-app] [           main] [                                                 ] o.f.core.internal.command.DbValidate     : Successfully validated 3 migrations (execution time 00:00.005s)
2026-10-07T07:47:09.816+09:00  INFO [requestId:] 64686 --- [sc-starter-app] [           main] [                                                 ] o.f.c.i.s.JdbcTableSchemaHistory         : Creating Schema History table "PUBLIC"."flyway_schema_history" ...
2026-10-07T07:47:09.830+09:00  INFO [requestId:] 64686 --- [sc-starter-app] [           main] [                                                 ] o.f.core.internal.command.DbMigrate      : Current version of schema "PUBLIC": << Empty Schema >>
2026-10-07T07:47:09.834+09:00  INFO [requestId:] 64686 --- [sc-starter-app] [           main] [                                                 ] o.f.core.internal.command.DbMigrate      : Migrating schema "PUBLIC" to version "1 - security audit"
2026-10-07T07:47:09.844+09:00  INFO [requestId:] 64686 --- [sc-starter-app] [           main] [                                                 ] o.f.core.internal.command.DbMigrate      : Migrating schema "PUBLIC" to version "2 - operations messages"
2026-10-07T07:47:09.854+09:00  INFO [requestId:] 64686 --- [sc-starter-app] [           main] [                                                 ] o.f.core.internal.command.DbMigrate      : Migrating schema "PUBLIC" to version "3 - operations scheduler browser"
2026-10-07T07:47:09.874+09:00  INFO [requestId:] 64686 --- [sc-starter-app] [           main] [                                                 ] o.f.core.internal.command.DbMigrate      : Successfully applied 3 migrations to schema "PUBLIC", now at version v3 (execution time 00:00.025s)
2026-10-07T07:47:09.917+09:00  INFO [requestId:] 64686 --- [sc-starter-app] [           main] [                                                 ] o.hibernate.jpa.internal.util.LogHelper  : HHH000204: Processing PersistenceUnitInfo [name: default]
2026-10-07T07:47:09.944+09:00  INFO [requestId:] 64686 --- [sc-starter-app] [           main] [                                                 ] org.hibernate.Version                    : HHH000412: Hibernate ORM core version 6.6.53.Final
2026-10-07T07:47:09.960+09:00  INFO [requestId:] 64686 --- [sc-starter-app] [           main] [                                                 ] o.h.c.internal.RegionFactoryInitiator    : HHH000026: Second-level cache disabled
2026-10-07T07:47:10.073+09:00  INFO [requestId:] 64686 --- [sc-starter-app] [           main] [                                                 ] o.s.o.j.p.SpringPersistenceUnitInfo      : No LoadTimeWeaver setup: ignoring JPA class transformer
2026-10-07T07:47:10.097+09:00  INFO [requestId:] 64686 --- [sc-starter-app] [           main] [                                                 ] org.hibernate.orm.connections.pooling    : HHH10001005: Database info:
	Database JDBC URL [Connecting through datasource 'HikariDataSource (HikariPool-1)']
	Database driver: undefined/unknown
	Database version: 2.3.232
	Autocommit mode: undefined/unknown
	Isolation level: undefined/unknown
	Minimum pool size: undefined/unknown
	Maximum pool size: undefined/unknown
2026-10-07T07:47:10.212+09:00  INFO [requestId:] 64686 --- [sc-starter-app] [           main] [                                                 ] o.h.e.t.j.p.i.JtaPlatformInitiator       : HHH000489: No JTA platform available (set 'hibernate.transaction.jta.platform' to enable JTA platform integration)
2026-10-07T07:47:10.214+09:00  INFO [requestId:] 64686 --- [sc-starter-app] [           main] [                                                 ] j.LocalContainerEntityManagerFactoryBean : Initialized JPA EntityManagerFactory for persistence unit 'default'
2026-10-07T07:47:10.367+09:00  INFO [requestId:] 64686 --- [sc-starter-app] [           main] [                                                 ] org.quartz.impl.StdSchedulerFactory      : Using default implementation for ThreadExecutor
2026-10-07T07:47:10.371+09:00  INFO [requestId:] 64686 --- [sc-starter-app] [           main] [                                                 ] org.quartz.core.SchedulerSignalerImpl    : Initialized Scheduler Signaller of type: class org.quartz.core.SchedulerSignalerImpl
2026-10-07T07:47:10.371+09:00  INFO [requestId:] 64686 --- [sc-starter-app] [           main] [                                                 ] org.quartz.core.QuartzScheduler          : Quartz Scheduler v2.5.2 created.
2026-10-07T07:47:10.372+09:00  INFO [requestId:] 64686 --- [sc-starter-app] [           main] [                                                 ] o.s.s.quartz.LocalDataSourceJobStore     : Using db table-based data access locking (synchronization).
2026-10-07T07:47:10.373+09:00  INFO [requestId:] 64686 --- [sc-starter-app] [           main] [                                                 ] o.s.s.quartz.LocalDataSourceJobStore     : JobStoreCMT initialized.
2026-10-07T07:47:10.373+09:00  INFO [requestId:] 64686 --- [sc-starter-app] [           main] [                                                 ] org.quartz.core.QuartzScheduler          : Scheduler meta-data: Quartz Scheduler (v2.5.2) 'sc-starter-test-sc-starter-operations-11971012573470505704' with instanceId 'NON_CLUSTERED'
  Scheduler class: 'org.quartz.core.QuartzScheduler' - running locally.
  NOT STARTED.
  Currently in standby mode.
  Number of jobs executed: 0
  Using thread pool 'org.quartz.simpl.SimpleThreadPool' - with 2 threads.
  Using job-store 'org.springframework.scheduling.quartz.LocalDataSourceJobStore' - which supports persistence. and is not clustered.

2026-10-07T07:47:10.373+09:00  INFO [requestId:] 64686 --- [sc-starter-app] [           main] [                                                 ] org.quartz.impl.StdSchedulerFactory      : Quartz scheduler 'sc-starter-test-sc-starter-operations-11971012573470505704' initialized from an externally provided properties instance.
2026-10-07T07:47:10.373+09:00  INFO [requestId:] 64686 --- [sc-starter-app] [           main] [                                                 ] org.quartz.impl.StdSchedulerFactory      : Quartz scheduler version: 2.5.2
2026-10-07T07:47:10.373+09:00  INFO [requestId:] 64686 --- [sc-starter-app] [           main] [                                                 ] org.quartz.core.QuartzScheduler          : JobFactory set to: dev.scframework.autoconfigure.ScSchedulerAutoConfiguration$$Lambda/0x0000007801916ad8@1bd5b1c8
2026-10-07T07:47:10.496+09:00  INFO [requestId:] 64686 --- [sc-starter-app] [           main] [                                                 ] o.s.b.a.w.s.WelcomePageHandlerMapping    : Adding welcome page: class path resource [static/index.html]
2026-10-07T07:47:10.709+09:00  INFO [requestId:] 64686 --- [sc-starter-app] [           main] [                                                 ] r$InitializeUserDetailsManagerConfigurer : Global AuthenticationManager configured with UserDetailsService bean with name starterUsers
2026-10-07T07:47:10.770+09:00  INFO [requestId:] 64686 --- [sc-starter-app] [           main] [                                                 ] o.s.b.a.e.web.EndpointLinksResolver      : Exposing 1 endpoint beneath base path '/actuator'
2026-10-07T07:47:10.923+09:00  INFO [requestId:] 64686 --- [sc-starter-app] [           main] [                                                 ] o.s.b.t.m.w.SpringBootMockServletContext : Initializing Spring TestDispatcherServlet ''
2026-10-07T07:47:10.924+09:00  INFO [requestId:] 64686 --- [sc-starter-app] [           main] [                                                 ] o.s.t.web.servlet.TestDispatcherServlet  : Initializing Servlet ''
2026-10-07T07:47:10.924+09:00  INFO [requestId:] 64686 --- [sc-starter-app] [           main] [                                                 ] o.s.t.web.servlet.TestDispatcherServlet  : Completed initialization in 0 ms
2026-10-07T07:47:10.969+09:00  INFO [requestId:] 64686 --- [sc-starter-app] [           main] [                                                 ] d.s.s.StarterOperationsIntegrationTest   : Started StarterOperationsIntegrationTest in 2.191 seconds (process running for 2.652)
Mockito is currently self-attaching to enable the inline-mock-maker. This will no longer work in future releases of the JDK. Please add Mockito as an agent to your build as described in Mockito's documentation: https://javadoc.io/doc/org.mockito/mockito-core/latest/org.mockito/org/mockito/Mockito.html#0.3
WARNING: A Java agent has been loaded dynamically (/Users/dk/.m2/repository/net/bytebuddy/byte-buddy-agent/1.17.8/byte-buddy-agent-1.17.8.jar)
WARNING: If a serviceability tool is in use, please run with -XX:+EnableDynamicAgentLoading to hide this warning
WARNING: If a serviceability tool is not in use, please run with -Djdk.instrument.traceUsage for more information
WARNING: Dynamic loading of agents will be disallowed by default in a future release
OpenJDK 64-Bit Server VM warning: Sharing is only supported for boot loader classes because bootstrap classpath has been appended
2026-10-07T07:47:11.294+09:00  INFO [requestId:] 64686 --- [sc-starter-app] [           main] [                                                 ] org.quartz.core.QuartzScheduler          : Scheduler sc-starter-test-sc-starter-operations-11971012573470505704_$_NON_CLUSTERED paused.
2026-10-07T07:47:11.342+09:00  INFO [requestId:] 64686 --- [sc-starter-app] [           main] [                                                 ] org.quartz.core.QuartzScheduler          : Scheduler sc-starter-test-sc-starter-operations-11971012573470505704_$_NON_CLUSTERED paused.
2026-10-07T07:47:11.382+09:00  INFO [requestId:] 64686 --- [sc-starter-app] [           main] [                                                 ] org.quartz.core.QuartzScheduler          : Scheduler sc-starter-test-sc-starter-operations-11971012573470505704_$_NON_CLUSTERED paused.
2026-10-07T07:47:11.511+09:00  INFO [requestId:9e455d18-68f4-4c15-ab59-ff7c9d71969b] 64686 --- [sc-starter-app] [           main] [                                                 ] o.springdoc.api.AbstractOpenApiResource  : Init duration for springdoc-openapi is: 123 ms
2026-10-07T07:47:11.531+09:00  INFO [requestId:] 64686 --- [sc-starter-app] [           main] [                                                 ] org.quartz.core.QuartzScheduler          : Scheduler sc-starter-test-sc-starter-operations-11971012573470505704_$_NON_CLUSTERED paused.
2026-10-07T07:47:11.556+09:00  INFO [requestId:] 64686 --- [sc-starter-app] [           main] [                                                 ] org.quartz.core.QuartzScheduler          : Scheduler sc-starter-test-sc-starter-operations-11971012573470505704_$_NON_CLUSTERED paused.
[INFO] Tests run: 5, Failures: 0, Errors: 0, Skipped: 0, Time elapsed: 3.028 s -- in dev.scframework.starter.StarterOperationsIntegrationTest
[INFO] Running dev.scframework.starter.StarterAuditConsumerTest
2026-10-07T07:47:11.587+09:00  INFO [requestId:] 64686 --- [sc-starter-app] [           main] [                                                 ] .b.t.c.SpringBootTestContextBootstrapper : Found @SpringBootConfiguration dev.scframework.starter.StarterApplication for test class dev.scframework.starter.StarterAuditConsumerTest

  .   ____          _            __ _ _
 /\\ / ___'_ __ _ _(_)_ __  __ _ \ \ \ \
( ( )\___ | '_ | '_| | '_ \/ _` | \ \ \ \
 \\/  ___)| |_)| | | | | || (_| |  ) ) ) )
  '  |____| .__|_| |_|_| |_\__, | / / / /
 =========|_|==============|___/=/_/_/_/

 :: Spring Boot ::               (v3.5.16)

2026-10-07T07:47:11.604+09:00  INFO [requestId:] 64686 --- [sc-starter-app] [           main] [                                                 ] d.s.starter.StarterAuditConsumerTest     : Starting StarterAuditConsumerTest using Java 21.0.11 with PID 64686 (started by dk in /Users/dk/Work/ScFramework/backend/starter-app)
2026-10-07T07:47:11.604+09:00  INFO [requestId:] 64686 --- [sc-starter-app] [           main] [                                                 ] d.s.starter.StarterAuditConsumerTest     : The following 1 profile is active: "audit"
2026-10-07T07:47:11.696+09:00  INFO [requestId:] 64686 --- [sc-starter-app] [           main] [                                                 ] .s.d.r.c.RepositoryConfigurationDelegate : Bootstrapping Spring Data JPA repositories in DEFAULT mode.
2026-10-07T07:47:11.698+09:00  INFO [requestId:] 64686 --- [sc-starter-app] [           main] [                                                 ] .s.d.r.c.RepositoryConfigurationDelegate : Finished Spring Data repository scanning in 1 ms. Found 0 JPA repository interfaces.
2026-10-07T07:47:11.711+09:00  WARN [requestId:] 64686 --- [sc-starter-app] [           main] [                                                 ] o.m.s.mapper.ClassPathMapperScanner      : No MyBatis mapper was found in '[dev.scframework.starter]' package. Please check your configuration.
2026-10-07T07:47:11.712+09:00  INFO [requestId:] 64686 --- [sc-starter-app] [           main] [                                                 ] o.s.cloud.context.scope.GenericScope     : BeanFactory id=f0bf85a9-422a-3467-ae97-d86008d2fe92
2026-10-07T07:47:11.732+09:00  INFO [requestId:] 64686 --- [sc-starter-app] [           main] [                                                 ] com.zaxxer.hikari.HikariDataSource       : HikariPool-2 - Starting...
2026-10-07T07:47:11.734+09:00  INFO [requestId:] 64686 --- [sc-starter-app] [           main] [                                                 ] com.zaxxer.hikari.pool.HikariPool        : HikariPool-2 - Added connection conn10: url=jdbc:h2:mem:starter-audit-sc-starter-audit-11016618664082616898 user=SA
2026-10-07T07:47:11.734+09:00  INFO [requestId:] 64686 --- [sc-starter-app] [           main] [                                                 ] com.zaxxer.hikari.HikariDataSource       : HikariPool-2 - Start completed.
2026-10-07T07:47:11.734+09:00  INFO [requestId:] 64686 --- [sc-starter-app] [           main] [                                                 ] org.flywaydb.core.FlywayExecutor         : Database: jdbc:h2:mem:starter-audit-sc-starter-audit-11016618664082616898 (H2 2.3)
2026-10-07T07:47:11.736+09:00  INFO [requestId:] 64686 --- [sc-starter-app] [           main] [                                                 ] o.f.c.i.s.JdbcTableSchemaHistory         : Schema history table "PUBLIC"."flyway_schema_history" does not exist yet
2026-10-07T07:47:11.736+09:00  INFO [requestId:] 64686 --- [sc-starter-app] [           main] [                                                 ] o.f.core.internal.command.DbValidate     : Successfully validated 1 migration (execution time 00:00.000s)
2026-10-07T07:47:11.737+09:00  INFO [requestId:] 64686 --- [sc-starter-app] [           main] [                                                 ] o.f.c.i.s.JdbcTableSchemaHistory         : Creating Schema History table "PUBLIC"."flyway_schema_history" ...
2026-10-07T07:47:11.739+09:00  INFO [requestId:] 64686 --- [sc-starter-app] [           main] [                                                 ] o.f.core.internal.command.DbMigrate      : Current version of schema "PUBLIC": << Empty Schema >>
2026-10-07T07:47:11.740+09:00  INFO [requestId:] 64686 --- [sc-starter-app] [           main] [                                                 ] o.f.core.internal.command.DbMigrate      : Migrating schema "PUBLIC" to version "1 - security audit"
2026-10-07T07:47:11.743+09:00  INFO [requestId:] 64686 --- [sc-starter-app] [           main] [                                                 ] o.f.core.internal.command.DbMigrate      : Successfully applied 1 migration to schema "PUBLIC", now at version v1 (execution time 00:00.002s)
2026-10-07T07:47:11.747+09:00  INFO [requestId:] 64686 --- [sc-starter-app] [           main] [                                                 ] o.hibernate.jpa.internal.util.LogHelper  : HHH000204: Processing PersistenceUnitInfo [name: default]
2026-10-07T07:47:11.748+09:00  INFO [requestId:] 64686 --- [sc-starter-app] [           main] [                                                 ] o.h.c.internal.RegionFactoryInitiator    : HHH000026: Second-level cache disabled
2026-10-07T07:47:11.751+09:00  INFO [requestId:] 64686 --- [sc-starter-app] [           main] [                                                 ] o.s.o.j.p.SpringPersistenceUnitInfo      : No LoadTimeWeaver setup: ignoring JPA class transformer
2026-10-07T07:47:11.751+09:00  INFO [requestId:] 64686 --- [sc-starter-app] [           main] [                                                 ] org.hibernate.orm.connections.pooling    : HHH10001005: Database info:
	Database JDBC URL [Connecting through datasource 'HikariDataSource (HikariPool-2)']
	Database driver: undefined/unknown
	Database version: 2.3.232
	Autocommit mode: undefined/unknown
	Isolation level: undefined/unknown
	Minimum pool size: undefined/unknown
	Maximum pool size: undefined/unknown
2026-10-07T07:47:11.758+09:00  INFO [requestId:] 64686 --- [sc-starter-app] [           main] [                                                 ] o.h.e.t.j.p.i.JtaPlatformInitiator       : HHH000489: No JTA platform available (set 'hibernate.transaction.jta.platform' to enable JTA platform integration)
2026-10-07T07:47:11.758+09:00  INFO [requestId:] 64686 --- [sc-starter-app] [           main] [                                                 ] j.LocalContainerEntityManagerFactoryBean : Initialized JPA EntityManagerFactory for persistence unit 'default'
2026-10-07T07:47:11.828+09:00  INFO [requestId:] 64686 --- [sc-starter-app] [           main] [                                                 ] o.s.b.a.w.s.WelcomePageHandlerMapping    : Adding welcome page: class path resource [static/index.html]
2026-10-07T07:47:11.851+09:00  INFO [requestId:] 64686 --- [sc-starter-app] [           main] [                                                 ] r$InitializeUserDetailsManagerConfigurer : Global AuthenticationManager configured with UserDetailsService bean with name starterUsers
2026-10-07T07:47:11.862+09:00  INFO [requestId:] 64686 --- [sc-starter-app] [           main] [                                                 ] o.s.b.a.e.web.EndpointLinksResolver      : Exposing 1 endpoint beneath base path '/actuator'
2026-10-07T07:47:11.884+09:00  INFO [requestId:] 64686 --- [sc-starter-app] [           main] [                                                 ] o.s.b.t.m.w.SpringBootMockServletContext : Initializing Spring TestDispatcherServlet ''
2026-10-07T07:47:11.884+09:00  INFO [requestId:] 64686 --- [sc-starter-app] [           main] [                                                 ] o.s.t.web.servlet.TestDispatcherServlet  : Initializing Servlet ''
2026-10-07T07:47:11.884+09:00  INFO [requestId:] 64686 --- [sc-starter-app] [           main] [                                                 ] o.s.t.web.servlet.TestDispatcherServlet  : Completed initialization in 0 ms
2026-10-07T07:47:11.897+09:00  INFO [requestId:] 64686 --- [sc-starter-app] [           main] [                                                 ] d.s.starter.StarterAuditConsumerTest     : Started StarterAuditConsumerTest in 0.308 seconds (process running for 3.58)
[INFO] Tests run: 2, Failures: 0, Errors: 0, Skipped: 0, Time elapsed: 0.579 s -- in dev.scframework.starter.StarterAuditConsumerTest
[INFO] Running dev.scframework.starter.StarterConsumerTest
2026-10-07T07:47:12.164+09:00  INFO [requestId:] 64686 --- [sc-starter-app] [           main] [                                                 ] t.c.s.AnnotationConfigContextLoaderUtils : Could not detect default configuration classes for test class [dev.scframework.starter.StarterConsumerTest]: StarterConsumerTest does not declare any static, non-private, non-final, nested classes annotated with @Configuration.
2026-10-07T07:47:12.165+09:00  INFO [requestId:] 64686 --- [sc-starter-app] [           main] [                                                 ] .b.t.c.SpringBootTestContextBootstrapper : Found @SpringBootConfiguration dev.scframework.starter.StarterApplication for test class dev.scframework.starter.StarterConsumerTest

  .   ____          _            __ _ _
 /\\ / ___'_ __ _ _(_)_ __  __ _ \ \ \ \
( ( )\___ | '_ | '_| | '_ \/ _` | \ \ \ \
 \\/  ___)| |_)| | | | | || (_| |  ) ) ) )
  '  |____| .__|_| |_|_| |_\__, | / / / /
 =========|_|==============|___/=/_/_/_/

 :: Spring Boot ::               (v3.5.16)

2026-10-07T07:47:12.178+09:00  INFO [requestId:] 64686 --- [sc-starter-app] [           main] [                                                 ] d.s.starter.StarterConsumerTest          : Starting StarterConsumerTest using Java 21.0.11 with PID 64686 (started by dk in /Users/dk/Work/ScFramework/backend/starter-app)
2026-10-07T07:47:12.178+09:00  INFO [requestId:] 64686 --- [sc-starter-app] [           main] [                                                 ] d.s.starter.StarterConsumerTest          : No active profile set, falling back to 1 default profile: "default"
2026-10-07T07:47:12.244+09:00  INFO [requestId:] 64686 --- [sc-starter-app] [           main] [                                                 ] .s.d.r.c.RepositoryConfigurationDelegate : Bootstrapping Spring Data JPA repositories in DEFAULT mode.
2026-10-07T07:47:12.245+09:00  INFO [requestId:] 64686 --- [sc-starter-app] [           main] [                                                 ] .s.d.r.c.RepositoryConfigurationDelegate : Finished Spring Data repository scanning in 0 ms. Found 0 JPA repository interfaces.
2026-10-07T07:47:12.254+09:00  WARN [requestId:] 64686 --- [sc-starter-app] [           main] [                                                 ] o.m.s.mapper.ClassPathMapperScanner      : No MyBatis mapper was found in '[dev.scframework.starter]' package. Please check your configuration.
2026-10-07T07:47:12.255+09:00  INFO [requestId:] 64686 --- [sc-starter-app] [           main] [                                                 ] o.s.cloud.context.scope.GenericScope     : BeanFactory id=ffe28e95-57ae-3458-a5d8-5955cf8a280a
2026-10-07T07:47:12.268+09:00  INFO [requestId:] 64686 --- [sc-starter-app] [           main] [                                                 ] o.hibernate.jpa.internal.util.LogHelper  : HHH000204: Processing PersistenceUnitInfo [name: default]
2026-10-07T07:47:12.269+09:00  INFO [requestId:] 64686 --- [sc-starter-app] [           main] [                                                 ] o.h.c.internal.RegionFactoryInitiator    : HHH000026: Second-level cache disabled
2026-10-07T07:47:12.271+09:00  INFO [requestId:] 64686 --- [sc-starter-app] [           main] [                                                 ] o.s.o.j.p.SpringPersistenceUnitInfo      : No LoadTimeWeaver setup: ignoring JPA class transformer
2026-10-07T07:47:12.272+09:00  INFO [requestId:] 64686 --- [sc-starter-app] [           main] [                                                 ] com.zaxxer.hikari.HikariDataSource       : HikariPool-3 - Starting...
2026-10-07T07:47:12.273+09:00  INFO [requestId:] 64686 --- [sc-starter-app] [           main] [                                                 ] com.zaxxer.hikari.pool.HikariPool        : HikariPool-3 - Added connection conn20: url=jdbc:h2:mem:starter-2a80aac0-1d28-4d26-844e-8ed818b07f5e user=SA
2026-10-07T07:47:12.273+09:00  INFO [requestId:] 64686 --- [sc-starter-app] [           main] [                                                 ] com.zaxxer.hikari.HikariDataSource       : HikariPool-3 - Start completed.
2026-10-07T07:47:12.273+09:00  INFO [requestId:] 64686 --- [sc-starter-app] [           main] [                                                 ] org.hibernate.orm.connections.pooling    : HHH10001005: Database info:
	Database JDBC URL [Connecting through datasource 'HikariDataSource (HikariPool-3)']
	Database driver: undefined/unknown
	Database version: 2.3.232
	Autocommit mode: undefined/unknown
	Isolation level: undefined/unknown
	Minimum pool size: undefined/unknown
	Maximum pool size: undefined/unknown
2026-10-07T07:47:12.279+09:00  INFO [requestId:] 64686 --- [sc-starter-app] [           main] [                                                 ] o.h.e.t.j.p.i.JtaPlatformInitiator       : HHH000489: No JTA platform available (set 'hibernate.transaction.jta.platform' to enable JTA platform integration)
2026-10-07T07:47:12.279+09:00  INFO [requestId:] 64686 --- [sc-starter-app] [           main] [                                                 ] j.LocalContainerEntityManagerFactoryBean : Initialized JPA EntityManagerFactory for persistence unit 'default'
2026-10-07T07:47:12.347+09:00  INFO [requestId:] 64686 --- [sc-starter-app] [           main] [                                                 ] o.s.b.a.w.s.WelcomePageHandlerMapping    : Adding welcome page: class path resource [static/index.html]
2026-10-07T07:47:12.368+09:00  INFO [requestId:] 64686 --- [sc-starter-app] [           main] [                                                 ] r$InitializeUserDetailsManagerConfigurer : Global AuthenticationManager configured with UserDetailsService bean with name starterUsers
2026-10-07T07:47:12.377+09:00  INFO [requestId:] 64686 --- [sc-starter-app] [           main] [                                                 ] o.s.b.a.e.web.EndpointLinksResolver      : Exposing 1 endpoint beneath base path '/actuator'
2026-10-07T07:47:12.396+09:00  INFO [requestId:] 64686 --- [sc-starter-app] [           main] [                                                 ] o.s.b.t.m.w.SpringBootMockServletContext : Initializing Spring TestDispatcherServlet ''
2026-10-07T07:47:12.396+09:00  INFO [requestId:] 64686 --- [sc-starter-app] [           main] [                                                 ] o.s.t.web.servlet.TestDispatcherServlet  : Initializing Servlet ''
2026-10-07T07:47:12.396+09:00  INFO [requestId:] 64686 --- [sc-starter-app] [           main] [                                                 ] o.s.t.web.servlet.TestDispatcherServlet  : Completed initialization in 0 ms
2026-10-07T07:47:12.407+09:00  INFO [requestId:] 64686 --- [sc-starter-app] [           main] [                                                 ] d.s.starter.StarterConsumerTest          : Started StarterConsumerTest in 0.24 seconds (process running for 4.089)
[INFO] Tests run: 4, Failures: 0, Errors: 0, Skipped: 0, Time elapsed: 0.513 s -- in dev.scframework.starter.StarterConsumerTest
[INFO] Running dev.scframework.starter.StarterFileStorageConsumerTest
2026-10-07T07:47:12.680+09:00  INFO [requestId:] 64686 --- [sc-starter-app] [           main] [                                                 ] .b.t.c.SpringBootTestContextBootstrapper : Found @SpringBootConfiguration dev.scframework.starter.StarterApplication for test class dev.scframework.starter.StarterFileStorageConsumerTest

  .   ____          _            __ _ _
 /\\ / ___'_ __ _ _(_)_ __  __ _ \ \ \ \
( ( )\___ | '_ | '_| | '_ \/ _` | \ \ \ \
 \\/  ___)| |_)| | | | | || (_| |  ) ) ) )
  '  |____| .__|_| |_|_| |_\__, | / / / /
 =========|_|==============|___/=/_/_/_/

 :: Spring Boot ::               (v3.5.16)

2026-10-07T07:47:12.695+09:00  INFO [requestId:] 64686 --- [sc-starter-app] [           main] [                                                 ] d.s.s.StarterFileStorageConsumerTest     : Starting StarterFileStorageConsumerTest using Java 21.0.11 with PID 64686 (started by dk in /Users/dk/Work/ScFramework/backend/starter-app)
2026-10-07T07:47:12.695+09:00  INFO [requestId:] 64686 --- [sc-starter-app] [           main] [                                                 ] d.s.s.StarterFileStorageConsumerTest     : The following 1 profile is active: "file-storage"
2026-10-07T07:47:12.793+09:00  INFO [requestId:] 64686 --- [sc-starter-app] [           main] [                                                 ] .s.d.r.c.RepositoryConfigurationDelegate : Bootstrapping Spring Data JPA repositories in DEFAULT mode.
2026-10-07T07:47:12.796+09:00  INFO [requestId:] 64686 --- [sc-starter-app] [           main] [                                                 ] .s.d.r.c.RepositoryConfigurationDelegate : Finished Spring Data repository scanning in 1 ms. Found 0 JPA repository interfaces.
2026-10-07T07:47:12.807+09:00  WARN [requestId:] 64686 --- [sc-starter-app] [           main] [                                                 ] o.m.s.mapper.ClassPathMapperScanner      : No MyBatis mapper was found in '[dev.scframework.starter]' package. Please check your configuration.
2026-10-07T07:47:12.809+09:00  INFO [requestId:] 64686 --- [sc-starter-app] [           main] [                                                 ] o.s.cloud.context.scope.GenericScope     : BeanFactory id=a935fcf7-b503-3b3a-aaea-63f90b641a20
2026-10-07T07:47:12.827+09:00  INFO [requestId:] 64686 --- [sc-starter-app] [           main] [                                                 ] o.hibernate.jpa.internal.util.LogHelper  : HHH000204: Processing PersistenceUnitInfo [name: default]
2026-10-07T07:47:12.828+09:00  INFO [requestId:] 64686 --- [sc-starter-app] [           main] [                                                 ] o.h.c.internal.RegionFactoryInitiator    : HHH000026: Second-level cache disabled
2026-10-07T07:47:12.831+09:00  INFO [requestId:] 64686 --- [sc-starter-app] [           main] [                                                 ] o.s.o.j.p.SpringPersistenceUnitInfo      : No LoadTimeWeaver setup: ignoring JPA class transformer
2026-10-07T07:47:12.832+09:00  INFO [requestId:] 64686 --- [sc-starter-app] [           main] [                                                 ] com.zaxxer.hikari.HikariDataSource       : HikariPool-4 - Starting...
2026-10-07T07:47:12.833+09:00  INFO [requestId:] 64686 --- [sc-starter-app] [           main] [                                                 ] com.zaxxer.hikari.pool.HikariPool        : HikariPool-4 - Added connection conn28: url=jdbc:h2:mem:starter-files-sc-starter-files-3984995971614285733 user=SA
2026-10-07T07:47:12.833+09:00  INFO [requestId:] 64686 --- [sc-starter-app] [           main] [                                                 ] com.zaxxer.hikari.HikariDataSource       : HikariPool-4 - Start completed.
2026-10-07T07:47:12.833+09:00  INFO [requestId:] 64686 --- [sc-starter-app] [           main] [                                                 ] org.hibernate.orm.connections.pooling    : HHH10001005: Database info:
	Database JDBC URL [Connecting through datasource 'HikariDataSource (HikariPool-4)']
	Database driver: undefined/unknown
	Database version: 2.3.232
	Autocommit mode: undefined/unknown
	Isolation level: undefined/unknown
	Minimum pool size: undefined/unknown
	Maximum pool size: undefined/unknown
2026-10-07T07:47:12.840+09:00  INFO [requestId:] 64686 --- [sc-starter-app] [           main] [                                                 ] o.h.e.t.j.p.i.JtaPlatformInitiator       : HHH000489: No JTA platform available (set 'hibernate.transaction.jta.platform' to enable JTA platform integration)
2026-10-07T07:47:12.840+09:00  INFO [requestId:] 64686 --- [sc-starter-app] [           main] [                                                 ] j.LocalContainerEntityManagerFactoryBean : Initialized JPA EntityManagerFactory for persistence unit 'default'
2026-10-07T07:47:12.973+09:00  INFO [requestId:] 64686 --- [sc-starter-app] [           main] [                                                 ] o.s.b.a.w.s.WelcomePageHandlerMapping    : Adding welcome page: class path resource [static/index.html]
2026-10-07T07:47:12.993+09:00  INFO [requestId:] 64686 --- [sc-starter-app] [           main] [                                                 ] eAuthenticationProviderManagerConfigurer : Global AuthenticationManager configured with AuthenticationProvider bean with name syntheticAuthenticationProvider
2026-10-07T07:47:12.993+09:00  WARN [requestId:] 64686 --- [sc-starter-app] [           main] [                                                 ] r$InitializeUserDetailsManagerConfigurer : Global AuthenticationManager configured with an AuthenticationProvider bean. UserDetailsService beans will not be used by Spring Security for automatically configuring username/password login. Consider removing the AuthenticationProvider bean. Alternatively, consider using the UserDetailsService in a manually instantiated DaoAuthenticationProvider. If the current configuration is intentional, to turn off this warning, increase the logging level of 'org.springframework.security.config.annotation.authentication.configuration.InitializeUserDetailsBeanManagerConfigurer' to ERROR
2026-10-07T07:47:13.003+09:00  INFO [requestId:] 64686 --- [sc-starter-app] [           main] [                                                 ] o.s.b.a.e.web.EndpointLinksResolver      : Exposing 1 endpoint beneath base path '/actuator'
2026-10-07T07:47:13.021+09:00  INFO [requestId:] 64686 --- [sc-starter-app] [           main] [                                                 ] o.s.b.t.m.w.SpringBootMockServletContext : Initializing Spring TestDispatcherServlet ''
2026-10-07T07:47:13.021+09:00  INFO [requestId:] 64686 --- [sc-starter-app] [           main] [                                                 ] o.s.t.web.servlet.TestDispatcherServlet  : Initializing Servlet ''
2026-10-07T07:47:13.021+09:00  INFO [requestId:] 64686 --- [sc-starter-app] [           main] [                                                 ] o.s.t.web.servlet.TestDispatcherServlet  : Completed initialization in 0 ms
2026-10-07T07:47:13.032+09:00  INFO [requestId:] 64686 --- [sc-starter-app] [           main] [                                                 ] d.s.s.StarterFileStorageConsumerTest     : Started StarterFileStorageConsumerTest in 0.351 seconds (process running for 4.715)
[INFO] Tests run: 2, Failures: 0, Errors: 0, Skipped: 0, Time elapsed: 0.619 s -- in dev.scframework.starter.StarterFileStorageConsumerTest
[INFO] 
[INFO] Results:
[INFO] 
[INFO] Tests run: 13, Failures: 0, Errors: 0, Skipped: 0
[INFO] 
[INFO] 
[INFO] --- jar:3.4.2:jar (default-jar) @ sc-starter-app ---
[INFO] Building jar: /Users/dk/Work/ScFramework/backend/starter-app/target/sc-starter-app.jar
[INFO] 
[INFO] --- spring-boot:3.5.16:repackage (repackage) @ sc-starter-app ---
[INFO] Replacing main artifact /Users/dk/Work/ScFramework/backend/starter-app/target/sc-starter-app.jar with repackaged archive, adding nested dependencies in BOOT-INF/.
[INFO] The original artifact has been renamed to /Users/dk/Work/ScFramework/backend/starter-app/target/sc-starter-app.jar.original
[INFO] ------------------------------------------------------------------------
[INFO] Reactor Summary for ScFramework backend 0.3.0-SNAPSHOT:
[INFO] 
[INFO] ScFramework backend ................................ SUCCESS [  0.046 s]
[INFO] ScFramework core contracts ......................... SUCCESS [  1.147 s]
[INFO] ScFramework auto configuration ..................... SUCCESS [  3.579 s]
[INFO] ScFramework Spring Boot Starter .................... SUCCESS [  0.076 s]
[INFO] ScFramework neutral reference app .................. SUCCESS [ 47.968 s]
[INFO] ScFramework minimal consumer app ................... SUCCESS [  5.773 s]
[INFO] ------------------------------------------------------------------------
[INFO] BUILD SUCCESS
[INFO] ------------------------------------------------------------------------
[INFO] Total time:  58.752 s
[INFO] Finished at: 2026-10-07T07:47:13+09:00
[INFO] ------------------------------------------------------------------------
통합 빌드 완료: reference-app과 starter-app의 실행 JAR를 생성했습니다.
