===== dev / launcher-1.log =====
Bootstrap secret file is ready (value omitted).

  VITE v8.3.1  ready in 186 ms

  ➜  Local:   http://127.0.0.1:15188/

  .   ____          _            __ _ _
 /\\ / ___'_ __ _ _(_)_ __  __ _ \ \ \ \
( ( )\___ | '_ | '_| | '_ \/ _` | \ \ \ \
 \\/  ___)| |_)| | | | | || (_| |  ) ) ) )
  '  |____| .__|_| |_|_| |_\__, | / / / /
 =========|_|==============|___/=/_/_/_/

 :: Spring Boot ::               (v3.5.16)

2026-10-07T07:29:20.927+09:00  INFO [requestId:] 58899 --- [sc-consumer-012] [           main] [                                                 ] d.s.consumer012.GeneratedApplication     : Starting GeneratedApplication v1.0.0 using Java 21.0.11 with PID 58899 (<generated-app>/backend/target/sc-consumer-012.jar started by dk in <generated-app>)
2026-10-07T07:29:20.929+09:00  INFO [requestId:] 58899 --- [sc-consumer-012] [           main] [                                                 ] d.s.consumer012.GeneratedApplication     : The following 1 profile is active: "dev"
2026-10-07T07:29:21.549+09:00  INFO [requestId:] 58899 --- [sc-consumer-012] [           main] [                                                 ] .s.d.r.c.RepositoryConfigurationDelegate : Bootstrapping Spring Data JPA repositories in DEFAULT mode.
2026-10-07T07:29:21.606+09:00  INFO [requestId:] 58899 --- [sc-consumer-012] [           main] [                                                 ] .s.d.r.c.RepositoryConfigurationDelegate : Finished Spring Data repository scanning in 52 ms. Found 1 JPA repository interface.
2026-10-07T07:29:21.674+09:00  INFO [requestId:] 58899 --- [sc-consumer-012] [           main] [                                                 ] o.s.cloud.context.scope.GenericScope     : BeanFactory id=0a95aad1-a835-3f11-8f42-17e6a1240ef5
2026-10-07T07:29:21.849+09:00  INFO [requestId:] 58899 --- [sc-consumer-012] [           main] [                                                 ] o.s.b.w.embedded.tomcat.TomcatWebServer  : Tomcat initialized with port 50673 (http)
2026-10-07T07:29:21.856+09:00  INFO [requestId:] 58899 --- [sc-consumer-012] [           main] [                                                 ] o.apache.catalina.core.StandardService   : Starting service [Tomcat]
2026-10-07T07:29:21.856+09:00  INFO [requestId:] 58899 --- [sc-consumer-012] [           main] [                                                 ] o.apache.catalina.core.StandardEngine    : Starting Servlet engine: [Apache Tomcat/10.1.55]
2026-10-07T07:29:21.867+09:00  INFO [requestId:] 58899 --- [sc-consumer-012] [           main] [                                                 ] o.a.c.c.C.[Tomcat].[localhost].[/]       : Initializing Spring embedded WebApplicationContext
2026-10-07T07:29:21.867+09:00  INFO [requestId:] 58899 --- [sc-consumer-012] [           main] [                                                 ] w.s.c.ServletWebServerApplicationContext : Root WebApplicationContext: initialization completed in 913 ms
2026-10-07T07:29:22.013+09:00  INFO [requestId:] 58899 --- [sc-consumer-012] [           main] [                                                 ] com.zaxxer.hikari.HikariDataSource       : HikariPool-1 - Starting...
2026-10-07T07:29:22.104+09:00  INFO [requestId:] 58899 --- [sc-consumer-012] [           main] [                                                 ] com.zaxxer.hikari.pool.HikariPool        : HikariPool-1 - Added connection conn0: url=jdbc:h2:file:<isolated-fixture>/data/app user=SA
2026-10-07T07:29:22.105+09:00  INFO [requestId:] 58899 --- [sc-consumer-012] [           main] [                                                 ] com.zaxxer.hikari.HikariDataSource       : HikariPool-1 - Start completed.
2026-10-07T07:29:22.123+09:00  INFO [requestId:] 58899 --- [sc-consumer-012] [           main] [                                                 ] org.flywaydb.core.FlywayExecutor         : Database: jdbc:h2:file:<isolated-fixture>/data/app (H2 2.3)
2026-10-07T07:29:22.133+09:00  INFO [requestId:] 58899 --- [sc-consumer-012] [           main] [                                                 ] o.f.c.i.s.JdbcTableSchemaHistory         : Schema history table "PUBLIC"."flyway_schema_history" does not exist yet
2026-10-07T07:29:22.134+09:00  INFO [requestId:] 58899 --- [sc-consumer-012] [           main] [                                                 ] o.f.core.internal.command.DbValidate     : Successfully validated 1 migration (execution time 00:00.004s)
2026-10-07T07:29:22.137+09:00  INFO [requestId:] 58899 --- [sc-consumer-012] [           main] [                                                 ] o.f.c.i.s.JdbcTableSchemaHistory         : Creating Schema History table "PUBLIC"."flyway_schema_history" ...
2026-10-07T07:29:22.151+09:00  INFO [requestId:] 58899 --- [sc-consumer-012] [           main] [                                                 ] o.f.core.internal.command.DbMigrate      : Current version of schema "PUBLIC": << Empty Schema >>
2026-10-07T07:29:22.153+09:00  INFO [requestId:] 58899 --- [sc-consumer-012] [           main] [                                                 ] o.f.core.internal.command.DbMigrate      : Migrating schema "PUBLIC" to version "1 - starter notes"
2026-10-07T07:29:22.160+09:00  INFO [requestId:] 58899 --- [sc-consumer-012] [           main] [                                                 ] o.f.core.internal.command.DbMigrate      : Successfully applied 1 migration to schema "PUBLIC", now at version v1 (execution time 00:00.002s)
2026-10-07T07:29:22.192+09:00  INFO [requestId:] 58899 --- [sc-consumer-012] [           main] [                                                 ] o.hibernate.jpa.internal.util.LogHelper  : HHH000204: Processing PersistenceUnitInfo [name: default]
2026-10-07T07:29:22.217+09:00  INFO [requestId:] 58899 --- [sc-consumer-012] [           main] [                                                 ] org.hibernate.Version                    : HHH000412: Hibernate ORM core version 6.6.53.Final
2026-10-07T07:29:22.232+09:00  INFO [requestId:] 58899 --- [sc-consumer-012] [           main] [                                                 ] o.h.c.internal.RegionFactoryInitiator    : HHH000026: Second-level cache disabled
2026-10-07T07:29:22.366+09:00  INFO [requestId:] 58899 --- [sc-consumer-012] [           main] [                                                 ] o.s.o.j.p.SpringPersistenceUnitInfo      : No LoadTimeWeaver setup: ignoring JPA class transformer
2026-10-07T07:29:22.396+09:00  INFO [requestId:] 58899 --- [sc-consumer-012] [           main] [                                                 ] org.hibernate.orm.connections.pooling    : HHH10001005: Database info:
	Database JDBC URL [Connecting through datasource 'HikariDataSource (HikariPool-1)']
	Database driver: undefined/unknown
	Database version: 2.3.232
	Autocommit mode: undefined/unknown
	Isolation level: undefined/unknown
	Minimum pool size: undefined/unknown
	Maximum pool size: undefined/unknown
2026-10-07T07:29:22.731+09:00  INFO [requestId:] 58899 --- [sc-consumer-012] [           main] [                                                 ] o.h.e.t.j.p.i.JtaPlatformInitiator       : HHH000489: No JTA platform available (set 'hibernate.transaction.jta.platform' to enable JTA platform integration)
2026-10-07T07:29:22.739+09:00  INFO [requestId:] 58899 --- [sc-consumer-012] [           main] [                                                 ] j.LocalContainerEntityManagerFactoryBean : Initialized JPA EntityManagerFactory for persistence unit 'default'
2026-10-07T07:29:23.087+09:00  INFO [requestId:] 58899 --- [sc-consumer-012] [           main] [                                                 ] o.s.b.a.w.s.WelcomePageHandlerMapping    : Adding welcome page: class path resource [static/index.html]
2026-10-07T07:29:23.270+09:00  INFO [requestId:] 58899 --- [sc-consumer-012] [           main] [                                                 ] r$InitializeUserDetailsManagerConfigurer : Global AuthenticationManager configured with UserDetailsService bean with name users
2026-10-07T07:29:23.347+09:00  INFO [requestId:] 58899 --- [sc-consumer-012] [           main] [                                                 ] o.s.b.a.e.web.EndpointLinksResolver      : Exposing 1 endpoint beneath base path '/actuator'
2026-10-07T07:29:23.540+09:00  INFO [requestId:] 58899 --- [sc-consumer-012] [           main] [                                                 ] o.s.b.w.embedded.tomcat.TomcatWebServer  : Tomcat started on port 50673 (http) with context path '/'
2026-10-07T07:29:23.551+09:00  INFO [requestId:] 58899 --- [sc-consumer-012] [           main] [                                                 ] d.s.consumer012.GeneratedApplication     : Started GeneratedApplication in 2.948 seconds (process running for 3.205)
2026-10-07T07:29:23.794+09:00  INFO [requestId:] 58899 --- [sc-consumer-012] [.1-50673-exec-1] [                                                 ] o.a.c.c.C.[Tomcat].[localhost].[/]       : Initializing Spring DispatcherServlet 'dispatcherServlet'
2026-10-07T07:29:23.794+09:00  INFO [requestId:] 58899 --- [sc-consumer-012] [.1-50673-exec-1] [                                                 ] o.s.web.servlet.DispatcherServlet        : Initializing Servlet 'dispatcherServlet'
2026-10-07T07:29:23.794+09:00  INFO [requestId:] 58899 --- [sc-consumer-012] [.1-50673-exec-1] [                                                 ] o.s.web.servlet.DispatcherServlet        : Completed initialization in 0 ms
2026-10-07T07:29:24.393+09:00  INFO [requestId:] 58899 --- [sc-consumer-012] [ionShutdownHook] [                                                 ] o.s.b.w.e.tomcat.GracefulShutdown        : Commencing graceful shutdown. Waiting for active requests to complete
2026-10-07T07:29:24.399+09:00  INFO [requestId:] 58899 --- [sc-consumer-012] [tomcat-shutdown] [                                                 ] o.s.b.w.e.tomcat.GracefulShutdown        : Graceful shutdown complete
2026-10-07T07:29:24.410+09:00  INFO [requestId:] 58899 --- [sc-consumer-012] [ionShutdownHook] [                                                 ] j.LocalContainerEntityManagerFactoryBean : Closing JPA EntityManagerFactory for persistence unit 'default'
2026-10-07T07:29:24.413+09:00  INFO [requestId:] 58899 --- [sc-consumer-012] [ionShutdownHook] [                                                 ] com.zaxxer.hikari.HikariDataSource       : HikariPool-1 - Shutdown initiated...
2026-10-07T07:29:24.421+09:00  INFO [requestId:] 58899 --- [sc-consumer-012] [ionShutdownHook] [                                                 ] com.zaxxer.hikari.HikariDataSource       : HikariPool-1 - Shutdown completed.

===== dev / app.log =====
2026-10-07T07:29:20.927+09:00  INFO [requestId:] 58899 --- [sc-consumer-012] [main] [                                                 ] d.s.consumer012.GeneratedApplication     : Starting GeneratedApplication v1.0.0 using Java 21.0.11 with PID 58899 (<generated-app>/backend/target/sc-consumer-012.jar started by dk in <generated-app>)
2026-10-07T07:29:20.929+09:00  INFO [requestId:] 58899 --- [sc-consumer-012] [main] [                                                 ] d.s.consumer012.GeneratedApplication     : The following 1 profile is active: "dev"
2026-10-07T07:29:21.549+09:00  INFO [requestId:] 58899 --- [sc-consumer-012] [main] [                                                 ] .s.d.r.c.RepositoryConfigurationDelegate : Bootstrapping Spring Data JPA repositories in DEFAULT mode.
2026-10-07T07:29:21.606+09:00  INFO [requestId:] 58899 --- [sc-consumer-012] [main] [                                                 ] .s.d.r.c.RepositoryConfigurationDelegate : Finished Spring Data repository scanning in 52 ms. Found 1 JPA repository interface.
2026-10-07T07:29:21.674+09:00  INFO [requestId:] 58899 --- [sc-consumer-012] [main] [                                                 ] o.s.cloud.context.scope.GenericScope     : BeanFactory id=0a95aad1-a835-3f11-8f42-17e6a1240ef5
2026-10-07T07:29:21.849+09:00  INFO [requestId:] 58899 --- [sc-consumer-012] [main] [                                                 ] o.s.b.w.embedded.tomcat.TomcatWebServer  : Tomcat initialized with port 50673 (http)
2026-10-07T07:29:21.856+09:00  INFO [requestId:] 58899 --- [sc-consumer-012] [main] [                                                 ] o.apache.catalina.core.StandardService   : Starting service [Tomcat]
2026-10-07T07:29:21.856+09:00  INFO [requestId:] 58899 --- [sc-consumer-012] [main] [                                                 ] o.apache.catalina.core.StandardEngine    : Starting Servlet engine: [Apache Tomcat/10.1.55]
2026-10-07T07:29:21.867+09:00  INFO [requestId:] 58899 --- [sc-consumer-012] [main] [                                                 ] o.a.c.c.C.[Tomcat].[localhost].[/]       : Initializing Spring embedded WebApplicationContext
2026-10-07T07:29:21.867+09:00  INFO [requestId:] 58899 --- [sc-consumer-012] [main] [                                                 ] w.s.c.ServletWebServerApplicationContext : Root WebApplicationContext: initialization completed in 913 ms
2026-10-07T07:29:22.013+09:00  INFO [requestId:] 58899 --- [sc-consumer-012] [main] [                                                 ] com.zaxxer.hikari.HikariDataSource       : HikariPool-1 - Starting...
2026-10-07T07:29:22.104+09:00  INFO [requestId:] 58899 --- [sc-consumer-012] [main] [                                                 ] com.zaxxer.hikari.pool.HikariPool        : HikariPool-1 - Added connection conn0: url=jdbc:h2:file:<isolated-fixture>/data/app user=SA
2026-10-07T07:29:22.105+09:00  INFO [requestId:] 58899 --- [sc-consumer-012] [main] [                                                 ] com.zaxxer.hikari.HikariDataSource       : HikariPool-1 - Start completed.
2026-10-07T07:29:22.123+09:00  INFO [requestId:] 58899 --- [sc-consumer-012] [main] [                                                 ] org.flywaydb.core.FlywayExecutor         : Database: jdbc:h2:file:<isolated-fixture>/data/app (H2 2.3)
2026-10-07T07:29:22.133+09:00  INFO [requestId:] 58899 --- [sc-consumer-012] [main] [                                                 ] o.f.c.i.s.JdbcTableSchemaHistory         : Schema history table "PUBLIC"."flyway_schema_history" does not exist yet
2026-10-07T07:29:22.134+09:00  INFO [requestId:] 58899 --- [sc-consumer-012] [main] [                                                 ] o.f.core.internal.command.DbValidate     : Successfully validated 1 migration (execution time 00:00.004s)
2026-10-07T07:29:22.137+09:00  INFO [requestId:] 58899 --- [sc-consumer-012] [main] [                                                 ] o.f.c.i.s.JdbcTableSchemaHistory         : Creating Schema History table "PUBLIC"."flyway_schema_history" ...
2026-10-07T07:29:22.151+09:00  INFO [requestId:] 58899 --- [sc-consumer-012] [main] [                                                 ] o.f.core.internal.command.DbMigrate      : Current version of schema "PUBLIC": << Empty Schema >>
2026-10-07T07:29:22.153+09:00  INFO [requestId:] 58899 --- [sc-consumer-012] [main] [                                                 ] o.f.core.internal.command.DbMigrate      : Migrating schema "PUBLIC" to version "1 - starter notes"
2026-10-07T07:29:22.160+09:00  INFO [requestId:] 58899 --- [sc-consumer-012] [main] [                                                 ] o.f.core.internal.command.DbMigrate      : Successfully applied 1 migration to schema "PUBLIC", now at version v1 (execution time 00:00.002s)
2026-10-07T07:29:22.192+09:00  INFO [requestId:] 58899 --- [sc-consumer-012] [main] [                                                 ] o.hibernate.jpa.internal.util.LogHelper  : HHH000204: Processing PersistenceUnitInfo [name: default]
2026-10-07T07:29:22.217+09:00  INFO [requestId:] 58899 --- [sc-consumer-012] [main] [                                                 ] org.hibernate.Version                    : HHH000412: Hibernate ORM core version 6.6.53.Final
2026-10-07T07:29:22.232+09:00  INFO [requestId:] 58899 --- [sc-consumer-012] [main] [                                                 ] o.h.c.internal.RegionFactoryInitiator    : HHH000026: Second-level cache disabled
2026-10-07T07:29:22.366+09:00  INFO [requestId:] 58899 --- [sc-consumer-012] [main] [                                                 ] o.s.o.j.p.SpringPersistenceUnitInfo      : No LoadTimeWeaver setup: ignoring JPA class transformer
2026-10-07T07:29:22.396+09:00  INFO [requestId:] 58899 --- [sc-consumer-012] [main] [                                                 ] org.hibernate.orm.connections.pooling    : HHH10001005: Database info:
	Database JDBC URL [Connecting through datasource 'HikariDataSource (HikariPool-1)']
	Database driver: undefined/unknown
	Database version: 2.3.232
	Autocommit mode: undefined/unknown
	Isolation level: undefined/unknown
	Minimum pool size: undefined/unknown
	Maximum pool size: undefined/unknown
2026-10-07T07:29:22.731+09:00  INFO [requestId:] 58899 --- [sc-consumer-012] [main] [                                                 ] o.h.e.t.j.p.i.JtaPlatformInitiator       : HHH000489: No JTA platform available (set 'hibernate.transaction.jta.platform' to enable JTA platform integration)
2026-10-07T07:29:22.739+09:00  INFO [requestId:] 58899 --- [sc-consumer-012] [main] [                                                 ] j.LocalContainerEntityManagerFactoryBean : Initialized JPA EntityManagerFactory for persistence unit 'default'
2026-10-07T07:29:23.087+09:00  INFO [requestId:] 58899 --- [sc-consumer-012] [main] [                                                 ] o.s.b.a.w.s.WelcomePageHandlerMapping    : Adding welcome page: class path resource [static/index.html]
2026-10-07T07:29:23.270+09:00  INFO [requestId:] 58899 --- [sc-consumer-012] [main] [                                                 ] r$InitializeUserDetailsManagerConfigurer : Global AuthenticationManager configured with UserDetailsService bean with name users
2026-10-07T07:29:23.347+09:00  INFO [requestId:] 58899 --- [sc-consumer-012] [main] [                                                 ] o.s.b.a.e.web.EndpointLinksResolver      : Exposing 1 endpoint beneath base path '/actuator'
2026-10-07T07:29:23.540+09:00  INFO [requestId:] 58899 --- [sc-consumer-012] [main] [                                                 ] o.s.b.w.embedded.tomcat.TomcatWebServer  : Tomcat started on port 50673 (http) with context path '/'
2026-10-07T07:29:23.551+09:00  INFO [requestId:] 58899 --- [sc-consumer-012] [main] [                                                 ] d.s.consumer012.GeneratedApplication     : Started GeneratedApplication in 2.948 seconds (process running for 3.205)
2026-10-07T07:29:23.794+09:00  INFO [requestId:] 58899 --- [sc-consumer-012] [http-nio-127.0.0.1-50673-exec-1] [                                                 ] o.a.c.c.C.[Tomcat].[localhost].[/]       : Initializing Spring DispatcherServlet 'dispatcherServlet'
2026-10-07T07:29:23.794+09:00  INFO [requestId:] 58899 --- [sc-consumer-012] [http-nio-127.0.0.1-50673-exec-1] [                                                 ] o.s.web.servlet.DispatcherServlet        : Initializing Servlet 'dispatcherServlet'
2026-10-07T07:29:23.794+09:00  INFO [requestId:] 58899 --- [sc-consumer-012] [http-nio-127.0.0.1-50673-exec-1] [                                                 ] o.s.web.servlet.DispatcherServlet        : Completed initialization in 0 ms
2026-10-07T07:29:24.393+09:00  INFO [requestId:] 58899 --- [sc-consumer-012] [SpringApplicationShutdownHook] [                                                 ] o.s.b.w.e.tomcat.GracefulShutdown        : Commencing graceful shutdown. Waiting for active requests to complete
2026-10-07T07:29:24.399+09:00  INFO [requestId:] 58899 --- [sc-consumer-012] [tomcat-shutdown] [                                                 ] o.s.b.w.e.tomcat.GracefulShutdown        : Graceful shutdown complete
2026-10-07T07:29:24.410+09:00  INFO [requestId:] 58899 --- [sc-consumer-012] [SpringApplicationShutdownHook] [                                                 ] j.LocalContainerEntityManagerFactoryBean : Closing JPA EntityManagerFactory for persistence unit 'default'
2026-10-07T07:29:24.413+09:00  INFO [requestId:] 58899 --- [sc-consumer-012] [SpringApplicationShutdownHook] [                                                 ] com.zaxxer.hikari.HikariDataSource       : HikariPool-1 - Shutdown initiated...
2026-10-07T07:29:24.421+09:00  INFO [requestId:] 58899 --- [sc-consumer-012] [SpringApplicationShutdownHook] [                                                 ] com.zaxxer.hikari.HikariDataSource       : HikariPool-1 - Shutdown completed.

===== dev,audit,file-storage / launcher-2.log =====
Bootstrap secret file is ready (value omitted).

  .   ____          _            __ _ _
 /\\ / ___'_ __ _ _(_)_ __  __ _ \ \ \ \
( ( )\___ | '_ | '_| | '_ \/ _` | \ \ \ \
 \\/  ___)| |_)| | | | | || (_| |  ) ) ) )
  '  |____| .__|_| |_|_| |_\__, | / / / /
 =========|_|==============|___/=/_/_/_/

 :: Spring Boot ::               (v3.5.16)

2026-10-07T07:29:16.671+09:00  INFO [requestId:] 58867 --- [sc-consumer-012] [           main] [                                                 ] d.s.consumer012.GeneratedApplication     : Starting GeneratedApplication v1.0.0 using Java 21.0.11 with PID 58867 (<generated-app>/backend/target/sc-consumer-012.jar started by dk in <generated-app>)
2026-10-07T07:29:16.672+09:00  INFO [requestId:] 58867 --- [sc-consumer-012] [           main] [                                                 ] d.s.consumer012.GeneratedApplication     : The following 3 profiles are active: "dev", "audit", "file-storage"
2026-10-07T07:29:17.263+09:00  INFO [requestId:] 58867 --- [sc-consumer-012] [           main] [                                                 ] .s.d.r.c.RepositoryConfigurationDelegate : Bootstrapping Spring Data JPA repositories in DEFAULT mode.
2026-10-07T07:29:17.325+09:00  INFO [requestId:] 58867 --- [sc-consumer-012] [           main] [                                                 ] .s.d.r.c.RepositoryConfigurationDelegate : Finished Spring Data repository scanning in 56 ms. Found 1 JPA repository interface.
2026-10-07T07:29:17.393+09:00  INFO [requestId:] 58867 --- [sc-consumer-012] [           main] [                                                 ] o.s.cloud.context.scope.GenericScope     : BeanFactory id=524e0444-53b9-3414-98c8-4da582af12d8
2026-10-07T07:29:17.572+09:00  INFO [requestId:] 58867 --- [sc-consumer-012] [           main] [                                                 ] o.s.b.w.embedded.tomcat.TomcatWebServer  : Tomcat initialized with port 0 (http)
2026-10-07T07:29:17.579+09:00  INFO [requestId:] 58867 --- [sc-consumer-012] [           main] [                                                 ] o.apache.catalina.core.StandardService   : Starting service [Tomcat]
2026-10-07T07:29:17.579+09:00  INFO [requestId:] 58867 --- [sc-consumer-012] [           main] [                                                 ] o.apache.catalina.core.StandardEngine    : Starting Servlet engine: [Apache Tomcat/10.1.55]
2026-10-07T07:29:17.591+09:00  INFO [requestId:] 58867 --- [sc-consumer-012] [           main] [                                                 ] o.a.c.c.C.[Tomcat].[localhost].[/]       : Initializing Spring embedded WebApplicationContext
2026-10-07T07:29:17.591+09:00  INFO [requestId:] 58867 --- [sc-consumer-012] [           main] [                                                 ] w.s.c.ServletWebServerApplicationContext : Root WebApplicationContext: initialization completed in 896 ms
2026-10-07T07:29:17.740+09:00  INFO [requestId:] 58867 --- [sc-consumer-012] [           main] [                                                 ] com.zaxxer.hikari.HikariDataSource       : HikariPool-1 - Starting...
2026-10-07T07:29:17.838+09:00  INFO [requestId:] 58867 --- [sc-consumer-012] [           main] [                                                 ] com.zaxxer.hikari.pool.HikariPool        : HikariPool-1 - Added connection conn0: url=jdbc:h2:file:<isolated-fixture>/data/app user=SA
2026-10-07T07:29:17.839+09:00  INFO [requestId:] 58867 --- [sc-consumer-012] [           main] [                                                 ] com.zaxxer.hikari.HikariDataSource       : HikariPool-1 - Start completed.
2026-10-07T07:29:17.857+09:00  INFO [requestId:] 58867 --- [sc-consumer-012] [           main] [                                                 ] org.flywaydb.core.FlywayExecutor         : Database: jdbc:h2:file:<isolated-fixture>/data/app (H2 2.3)
2026-10-07T07:29:17.873+09:00  INFO [requestId:] 58867 --- [sc-consumer-012] [           main] [                                                 ] o.f.core.internal.command.DbValidate     : Successfully validated 2 migrations (execution time 00:00.009s)
2026-10-07T07:29:17.877+09:00  INFO [requestId:] 58867 --- [sc-consumer-012] [           main] [                                                 ] o.f.core.internal.command.DbMigrate      : Current version of schema "PUBLIC": 2
2026-10-07T07:29:17.878+09:00  INFO [requestId:] 58867 --- [sc-consumer-012] [           main] [                                                 ] o.f.core.internal.command.DbMigrate      : Schema "PUBLIC" is up to date. No migration necessary.
2026-10-07T07:29:17.912+09:00  INFO [requestId:] 58867 --- [sc-consumer-012] [           main] [                                                 ] o.hibernate.jpa.internal.util.LogHelper  : HHH000204: Processing PersistenceUnitInfo [name: default]
2026-10-07T07:29:17.940+09:00  INFO [requestId:] 58867 --- [sc-consumer-012] [           main] [                                                 ] org.hibernate.Version                    : HHH000412: Hibernate ORM core version 6.6.53.Final
2026-10-07T07:29:17.955+09:00  INFO [requestId:] 58867 --- [sc-consumer-012] [           main] [                                                 ] o.h.c.internal.RegionFactoryInitiator    : HHH000026: Second-level cache disabled
2026-10-07T07:29:18.108+09:00  INFO [requestId:] 58867 --- [sc-consumer-012] [           main] [                                                 ] o.s.o.j.p.SpringPersistenceUnitInfo      : No LoadTimeWeaver setup: ignoring JPA class transformer
2026-10-07T07:29:18.148+09:00  INFO [requestId:] 58867 --- [sc-consumer-012] [           main] [                                                 ] org.hibernate.orm.connections.pooling    : HHH10001005: Database info:
	Database JDBC URL [Connecting through datasource 'HikariDataSource (HikariPool-1)']
	Database driver: undefined/unknown
	Database version: 2.3.232
	Autocommit mode: undefined/unknown
	Isolation level: undefined/unknown
	Minimum pool size: undefined/unknown
	Maximum pool size: undefined/unknown
2026-10-07T07:29:18.485+09:00  INFO [requestId:] 58867 --- [sc-consumer-012] [           main] [                                                 ] o.h.e.t.j.p.i.JtaPlatformInitiator       : HHH000489: No JTA platform available (set 'hibernate.transaction.jta.platform' to enable JTA platform integration)
2026-10-07T07:29:18.493+09:00  INFO [requestId:] 58867 --- [sc-consumer-012] [           main] [                                                 ] j.LocalContainerEntityManagerFactoryBean : Initialized JPA EntityManagerFactory for persistence unit 'default'
2026-10-07T07:29:18.857+09:00  INFO [requestId:] 58867 --- [sc-consumer-012] [           main] [                                                 ] o.s.b.a.w.s.WelcomePageHandlerMapping    : Adding welcome page: class path resource [static/index.html]
2026-10-07T07:29:19.033+09:00  INFO [requestId:] 58867 --- [sc-consumer-012] [           main] [                                                 ] r$InitializeUserDetailsManagerConfigurer : Global AuthenticationManager configured with UserDetailsService bean with name users
2026-10-07T07:29:19.107+09:00  INFO [requestId:] 58867 --- [sc-consumer-012] [           main] [                                                 ] o.s.b.a.e.web.EndpointLinksResolver      : Exposing 1 endpoint beneath base path '/actuator'
2026-10-07T07:29:19.249+09:00  INFO [requestId:] 58867 --- [sc-consumer-012] [           main] [                                                 ] o.s.b.w.embedded.tomcat.TomcatWebServer  : Tomcat started on port 50661 (http) with context path '/'
2026-10-07T07:29:19.259+09:00  INFO [requestId:] 58867 --- [sc-consumer-012] [           main] [                                                 ] d.s.consumer012.GeneratedApplication     : Started GeneratedApplication in 2.881 seconds (process running for 3.11)
2026-10-07T07:29:19.445+09:00  INFO [requestId:] 58867 --- [sc-consumer-012] [1-auto-1-exec-1] [                                                 ] o.a.c.c.C.[Tomcat].[localhost].[/]       : Initializing Spring DispatcherServlet 'dispatcherServlet'
2026-10-07T07:29:19.445+09:00  INFO [requestId:] 58867 --- [sc-consumer-012] [1-auto-1-exec-1] [                                                 ] o.s.web.servlet.DispatcherServlet        : Initializing Servlet 'dispatcherServlet'
2026-10-07T07:29:19.446+09:00  INFO [requestId:] 58867 --- [sc-consumer-012] [1-auto-1-exec-1] [                                                 ] o.s.web.servlet.DispatcherServlet        : Completed initialization in 1 ms
2026-10-07T07:29:19.707+09:00  INFO [requestId:] 58867 --- [sc-consumer-012] [ionShutdownHook] [                                                 ] o.s.b.w.e.tomcat.GracefulShutdown        : Commencing graceful shutdown. Waiting for active requests to complete
2026-10-07T07:29:19.709+09:00  INFO [requestId:] 58867 --- [sc-consumer-012] [tomcat-shutdown] [                                                 ] o.s.b.w.e.tomcat.GracefulShutdown        : Graceful shutdown complete
2026-10-07T07:29:19.713+09:00  INFO [requestId:] 58867 --- [sc-consumer-012] [ionShutdownHook] [                                                 ] j.LocalContainerEntityManagerFactoryBean : Closing JPA EntityManagerFactory for persistence unit 'default'
2026-10-07T07:29:19.714+09:00  INFO [requestId:] 58867 --- [sc-consumer-012] [ionShutdownHook] [                                                 ] com.zaxxer.hikari.HikariDataSource       : HikariPool-1 - Shutdown initiated...
2026-10-07T07:29:19.938+09:00  INFO [requestId:] 58867 --- [sc-consumer-012] [ionShutdownHook] [                                                 ] com.zaxxer.hikari.HikariDataSource       : HikariPool-1 - Shutdown completed.

===== dev,audit,file-storage / launcher-1.log =====
Bootstrap secret file is ready (value omitted).

  .   ____          _            __ _ _
 /\\ / ___'_ __ _ _(_)_ __  __ _ \ \ \ \
( ( )\___ | '_ | '_| | '_ \/ _` | \ \ \ \
 \\/  ___)| |_)| | | | | || (_| |  ) ) ) )
  '  |____| .__|_| |_|_| |_\__, | / / / /
 =========|_|==============|___/=/_/_/_/

 :: Spring Boot ::               (v3.5.16)

2026-10-07T07:29:12.215+09:00  INFO [requestId:] 58756 --- [sc-consumer-012] [           main] [                                                 ] d.s.consumer012.GeneratedApplication     : Starting GeneratedApplication v1.0.0 using Java 21.0.11 with PID 58756 (<generated-app>/backend/target/sc-consumer-012.jar started by dk in <generated-app>)
2026-10-07T07:29:12.217+09:00  INFO [requestId:] 58756 --- [sc-consumer-012] [           main] [                                                 ] d.s.consumer012.GeneratedApplication     : The following 3 profiles are active: "dev", "audit", "file-storage"
2026-10-07T07:29:12.916+09:00  INFO [requestId:] 58756 --- [sc-consumer-012] [           main] [                                                 ] .s.d.r.c.RepositoryConfigurationDelegate : Bootstrapping Spring Data JPA repositories in DEFAULT mode.
2026-10-07T07:29:12.980+09:00  INFO [requestId:] 58756 --- [sc-consumer-012] [           main] [                                                 ] .s.d.r.c.RepositoryConfigurationDelegate : Finished Spring Data repository scanning in 58 ms. Found 1 JPA repository interface.
2026-10-07T07:29:13.054+09:00  INFO [requestId:] 58756 --- [sc-consumer-012] [           main] [                                                 ] o.s.cloud.context.scope.GenericScope     : BeanFactory id=524e0444-53b9-3414-98c8-4da582af12d8
2026-10-07T07:29:13.242+09:00  INFO [requestId:] 58756 --- [sc-consumer-012] [           main] [                                                 ] o.s.b.w.embedded.tomcat.TomcatWebServer  : Tomcat initialized with port 0 (http)
2026-10-07T07:29:13.249+09:00  INFO [requestId:] 58756 --- [sc-consumer-012] [           main] [                                                 ] o.apache.catalina.core.StandardService   : Starting service [Tomcat]
2026-10-07T07:29:13.249+09:00  INFO [requestId:] 58756 --- [sc-consumer-012] [           main] [                                                 ] o.apache.catalina.core.StandardEngine    : Starting Servlet engine: [Apache Tomcat/10.1.55]
2026-10-07T07:29:13.261+09:00  INFO [requestId:] 58756 --- [sc-consumer-012] [           main] [                                                 ] o.a.c.c.C.[Tomcat].[localhost].[/]       : Initializing Spring embedded WebApplicationContext
2026-10-07T07:29:13.261+09:00  INFO [requestId:] 58756 --- [sc-consumer-012] [           main] [                                                 ] w.s.c.ServletWebServerApplicationContext : Root WebApplicationContext: initialization completed in 1022 ms
2026-10-07T07:29:13.412+09:00  INFO [requestId:] 58756 --- [sc-consumer-012] [           main] [                                                 ] com.zaxxer.hikari.HikariDataSource       : HikariPool-1 - Starting...
2026-10-07T07:29:13.500+09:00  INFO [requestId:] 58756 --- [sc-consumer-012] [           main] [                                                 ] com.zaxxer.hikari.pool.HikariPool        : HikariPool-1 - Added connection conn0: url=jdbc:h2:file:<isolated-fixture>/data/app user=SA
2026-10-07T07:29:13.501+09:00  INFO [requestId:] 58756 --- [sc-consumer-012] [           main] [                                                 ] com.zaxxer.hikari.HikariDataSource       : HikariPool-1 - Start completed.
2026-10-07T07:29:13.519+09:00  INFO [requestId:] 58756 --- [sc-consumer-012] [           main] [                                                 ] org.flywaydb.core.FlywayExecutor         : Database: jdbc:h2:file:<isolated-fixture>/data/app (H2 2.3)
2026-10-07T07:29:13.531+09:00  INFO [requestId:] 58756 --- [sc-consumer-012] [           main] [                                                 ] o.f.c.i.s.JdbcTableSchemaHistory         : Schema history table "PUBLIC"."flyway_schema_history" does not exist yet
2026-10-07T07:29:13.532+09:00  INFO [requestId:] 58756 --- [sc-consumer-012] [           main] [                                                 ] o.f.core.internal.command.DbValidate     : Successfully validated 2 migrations (execution time 00:00.005s)
2026-10-07T07:29:13.534+09:00  INFO [requestId:] 58756 --- [sc-consumer-012] [           main] [                                                 ] o.f.c.i.s.JdbcTableSchemaHistory         : Creating Schema History table "PUBLIC"."flyway_schema_history" ...
2026-10-07T07:29:13.549+09:00  INFO [requestId:] 58756 --- [sc-consumer-012] [           main] [                                                 ] o.f.core.internal.command.DbMigrate      : Current version of schema "PUBLIC": << Empty Schema >>
2026-10-07T07:29:13.552+09:00  INFO [requestId:] 58756 --- [sc-consumer-012] [           main] [                                                 ] o.f.core.internal.command.DbMigrate      : Migrating schema "PUBLIC" to version "1 - starter notes"
2026-10-07T07:29:13.558+09:00  INFO [requestId:] 58756 --- [sc-consumer-012] [           main] [                                                 ] o.f.core.internal.command.DbMigrate      : Migrating schema "PUBLIC" to version "2 - security audit"
2026-10-07T07:29:13.565+09:00  INFO [requestId:] 58756 --- [sc-consumer-012] [           main] [                                                 ] o.f.core.internal.command.DbMigrate      : Successfully applied 2 migrations to schema "PUBLIC", now at version v2 (execution time 00:00.006s)
2026-10-07T07:29:13.599+09:00  INFO [requestId:] 58756 --- [sc-consumer-012] [           main] [                                                 ] o.hibernate.jpa.internal.util.LogHelper  : HHH000204: Processing PersistenceUnitInfo [name: default]
2026-10-07T07:29:13.625+09:00  INFO [requestId:] 58756 --- [sc-consumer-012] [           main] [                                                 ] org.hibernate.Version                    : HHH000412: Hibernate ORM core version 6.6.53.Final
2026-10-07T07:29:13.640+09:00  INFO [requestId:] 58756 --- [sc-consumer-012] [           main] [                                                 ] o.h.c.internal.RegionFactoryInitiator    : HHH000026: Second-level cache disabled
2026-10-07T07:29:13.769+09:00  INFO [requestId:] 58756 --- [sc-consumer-012] [           main] [                                                 ] o.s.o.j.p.SpringPersistenceUnitInfo      : No LoadTimeWeaver setup: ignoring JPA class transformer
2026-10-07T07:29:13.800+09:00  INFO [requestId:] 58756 --- [sc-consumer-012] [           main] [                                                 ] org.hibernate.orm.connections.pooling    : HHH10001005: Database info:
	Database JDBC URL [Connecting through datasource 'HikariDataSource (HikariPool-1)']
	Database driver: undefined/unknown
	Database version: 2.3.232
	Autocommit mode: undefined/unknown
	Isolation level: undefined/unknown
	Minimum pool size: undefined/unknown
	Maximum pool size: undefined/unknown
2026-10-07T07:29:14.140+09:00  INFO [requestId:] 58756 --- [sc-consumer-012] [           main] [                                                 ] o.h.e.t.j.p.i.JtaPlatformInitiator       : HHH000489: No JTA platform available (set 'hibernate.transaction.jta.platform' to enable JTA platform integration)
2026-10-07T07:29:14.149+09:00  INFO [requestId:] 58756 --- [sc-consumer-012] [           main] [                                                 ] j.LocalContainerEntityManagerFactoryBean : Initialized JPA EntityManagerFactory for persistence unit 'default'
2026-10-07T07:29:14.540+09:00  INFO [requestId:] 58756 --- [sc-consumer-012] [           main] [                                                 ] o.s.b.a.w.s.WelcomePageHandlerMapping    : Adding welcome page: class path resource [static/index.html]
2026-10-07T07:29:14.702+09:00  INFO [requestId:] 58756 --- [sc-consumer-012] [           main] [                                                 ] r$InitializeUserDetailsManagerConfigurer : Global AuthenticationManager configured with UserDetailsService bean with name users
2026-10-07T07:29:14.757+09:00  INFO [requestId:] 58756 --- [sc-consumer-012] [           main] [                                                 ] o.s.b.a.e.web.EndpointLinksResolver      : Exposing 1 endpoint beneath base path '/actuator'
2026-10-07T07:29:14.890+09:00  INFO [requestId:] 58756 --- [sc-consumer-012] [           main] [                                                 ] o.s.b.w.embedded.tomcat.TomcatWebServer  : Tomcat started on port 50627 (http) with context path '/'
2026-10-07T07:29:14.901+09:00  INFO [requestId:] 58756 --- [sc-consumer-012] [           main] [                                                 ] d.s.consumer012.GeneratedApplication     : Started GeneratedApplication in 2.98 seconds (process running for 3.206)
2026-10-07T07:29:14.925+09:00  INFO [requestId:] 58756 --- [sc-consumer-012] [1-auto-1-exec-1] [                                                 ] o.a.c.c.C.[Tomcat].[localhost].[/]       : Initializing Spring DispatcherServlet 'dispatcherServlet'
2026-10-07T07:29:14.925+09:00  INFO [requestId:] 58756 --- [sc-consumer-012] [1-auto-1-exec-1] [                                                 ] o.s.web.servlet.DispatcherServlet        : Initializing Servlet 'dispatcherServlet'
2026-10-07T07:29:14.925+09:00  INFO [requestId:] 58756 --- [sc-consumer-012] [1-auto-1-exec-1] [                                                 ] o.s.web.servlet.DispatcherServlet        : Completed initialization in 0 ms
2026-10-07T07:29:15.349+09:00  INFO [requestId:285446e1-4881-4f83-9765-99d6cb18c41b] 58756 --- [sc-consumer-012] [1-auto-1-exec-2] [                                                 ] o.springdoc.api.AbstractOpenApiResource  : Init duration for springdoc-openapi is: 96 ms
2026-10-07T07:29:15.391+09:00  INFO [requestId:] 58756 --- [sc-consumer-012] [ionShutdownHook] [                                                 ] o.s.b.w.e.tomcat.GracefulShutdown        : Commencing graceful shutdown. Waiting for active requests to complete
2026-10-07T07:29:15.393+09:00  INFO [requestId:] 58756 --- [sc-consumer-012] [tomcat-shutdown] [                                                 ] o.s.b.w.e.tomcat.GracefulShutdown        : Graceful shutdown complete
2026-10-07T07:29:15.397+09:00  INFO [requestId:] 58756 --- [sc-consumer-012] [ionShutdownHook] [                                                 ] j.LocalContainerEntityManagerFactoryBean : Closing JPA EntityManagerFactory for persistence unit 'default'
2026-10-07T07:29:15.398+09:00  INFO [requestId:] 58756 --- [sc-consumer-012] [ionShutdownHook] [                                                 ] com.zaxxer.hikari.HikariDataSource       : HikariPool-1 - Shutdown initiated...
2026-10-07T07:29:15.473+09:00  INFO [requestId:] 58756 --- [sc-consumer-012] [ionShutdownHook] [                                                 ] com.zaxxer.hikari.HikariDataSource       : HikariPool-1 - Shutdown completed.

===== dev,audit,file-storage / app.log =====
2026-10-07T07:29:12.215+09:00  INFO [requestId:] 58756 --- [sc-consumer-012] [main] [                                                 ] d.s.consumer012.GeneratedApplication     : Starting GeneratedApplication v1.0.0 using Java 21.0.11 with PID 58756 (<generated-app>/backend/target/sc-consumer-012.jar started by dk in <generated-app>)
2026-10-07T07:29:12.217+09:00  INFO [requestId:] 58756 --- [sc-consumer-012] [main] [                                                 ] d.s.consumer012.GeneratedApplication     : The following 3 profiles are active: "dev", "audit", "file-storage"
2026-10-07T07:29:12.916+09:00  INFO [requestId:] 58756 --- [sc-consumer-012] [main] [                                                 ] .s.d.r.c.RepositoryConfigurationDelegate : Bootstrapping Spring Data JPA repositories in DEFAULT mode.
2026-10-07T07:29:12.980+09:00  INFO [requestId:] 58756 --- [sc-consumer-012] [main] [                                                 ] .s.d.r.c.RepositoryConfigurationDelegate : Finished Spring Data repository scanning in 58 ms. Found 1 JPA repository interface.
2026-10-07T07:29:13.054+09:00  INFO [requestId:] 58756 --- [sc-consumer-012] [main] [                                                 ] o.s.cloud.context.scope.GenericScope     : BeanFactory id=524e0444-53b9-3414-98c8-4da582af12d8
2026-10-07T07:29:13.242+09:00  INFO [requestId:] 58756 --- [sc-consumer-012] [main] [                                                 ] o.s.b.w.embedded.tomcat.TomcatWebServer  : Tomcat initialized with port 0 (http)
2026-10-07T07:29:13.249+09:00  INFO [requestId:] 58756 --- [sc-consumer-012] [main] [                                                 ] o.apache.catalina.core.StandardService   : Starting service [Tomcat]
2026-10-07T07:29:13.249+09:00  INFO [requestId:] 58756 --- [sc-consumer-012] [main] [                                                 ] o.apache.catalina.core.StandardEngine    : Starting Servlet engine: [Apache Tomcat/10.1.55]
2026-10-07T07:29:13.261+09:00  INFO [requestId:] 58756 --- [sc-consumer-012] [main] [                                                 ] o.a.c.c.C.[Tomcat].[localhost].[/]       : Initializing Spring embedded WebApplicationContext
2026-10-07T07:29:13.261+09:00  INFO [requestId:] 58756 --- [sc-consumer-012] [main] [                                                 ] w.s.c.ServletWebServerApplicationContext : Root WebApplicationContext: initialization completed in 1022 ms
2026-10-07T07:29:13.412+09:00  INFO [requestId:] 58756 --- [sc-consumer-012] [main] [                                                 ] com.zaxxer.hikari.HikariDataSource       : HikariPool-1 - Starting...
2026-10-07T07:29:13.500+09:00  INFO [requestId:] 58756 --- [sc-consumer-012] [main] [                                                 ] com.zaxxer.hikari.pool.HikariPool        : HikariPool-1 - Added connection conn0: url=jdbc:h2:file:<isolated-fixture>/data/app user=SA
2026-10-07T07:29:13.501+09:00  INFO [requestId:] 58756 --- [sc-consumer-012] [main] [                                                 ] com.zaxxer.hikari.HikariDataSource       : HikariPool-1 - Start completed.
2026-10-07T07:29:13.519+09:00  INFO [requestId:] 58756 --- [sc-consumer-012] [main] [                                                 ] org.flywaydb.core.FlywayExecutor         : Database: jdbc:h2:file:<isolated-fixture>/data/app (H2 2.3)
2026-10-07T07:29:13.531+09:00  INFO [requestId:] 58756 --- [sc-consumer-012] [main] [                                                 ] o.f.c.i.s.JdbcTableSchemaHistory         : Schema history table "PUBLIC"."flyway_schema_history" does not exist yet
2026-10-07T07:29:13.532+09:00  INFO [requestId:] 58756 --- [sc-consumer-012] [main] [                                                 ] o.f.core.internal.command.DbValidate     : Successfully validated 2 migrations (execution time 00:00.005s)
2026-10-07T07:29:13.534+09:00  INFO [requestId:] 58756 --- [sc-consumer-012] [main] [                                                 ] o.f.c.i.s.JdbcTableSchemaHistory         : Creating Schema History table "PUBLIC"."flyway_schema_history" ...
2026-10-07T07:29:13.549+09:00  INFO [requestId:] 58756 --- [sc-consumer-012] [main] [                                                 ] o.f.core.internal.command.DbMigrate      : Current version of schema "PUBLIC": << Empty Schema >>
2026-10-07T07:29:13.552+09:00  INFO [requestId:] 58756 --- [sc-consumer-012] [main] [                                                 ] o.f.core.internal.command.DbMigrate      : Migrating schema "PUBLIC" to version "1 - starter notes"
2026-10-07T07:29:13.558+09:00  INFO [requestId:] 58756 --- [sc-consumer-012] [main] [                                                 ] o.f.core.internal.command.DbMigrate      : Migrating schema "PUBLIC" to version "2 - security audit"
2026-10-07T07:29:13.565+09:00  INFO [requestId:] 58756 --- [sc-consumer-012] [main] [                                                 ] o.f.core.internal.command.DbMigrate      : Successfully applied 2 migrations to schema "PUBLIC", now at version v2 (execution time 00:00.006s)
2026-10-07T07:29:13.599+09:00  INFO [requestId:] 58756 --- [sc-consumer-012] [main] [                                                 ] o.hibernate.jpa.internal.util.LogHelper  : HHH000204: Processing PersistenceUnitInfo [name: default]
2026-10-07T07:29:13.625+09:00  INFO [requestId:] 58756 --- [sc-consumer-012] [main] [                                                 ] org.hibernate.Version                    : HHH000412: Hibernate ORM core version 6.6.53.Final
2026-10-07T07:29:13.640+09:00  INFO [requestId:] 58756 --- [sc-consumer-012] [main] [                                                 ] o.h.c.internal.RegionFactoryInitiator    : HHH000026: Second-level cache disabled
2026-10-07T07:29:13.769+09:00  INFO [requestId:] 58756 --- [sc-consumer-012] [main] [                                                 ] o.s.o.j.p.SpringPersistenceUnitInfo      : No LoadTimeWeaver setup: ignoring JPA class transformer
2026-10-07T07:29:13.800+09:00  INFO [requestId:] 58756 --- [sc-consumer-012] [main] [                                                 ] org.hibernate.orm.connections.pooling    : HHH10001005: Database info:
	Database JDBC URL [Connecting through datasource 'HikariDataSource (HikariPool-1)']
	Database driver: undefined/unknown
	Database version: 2.3.232
	Autocommit mode: undefined/unknown
	Isolation level: undefined/unknown
	Minimum pool size: undefined/unknown
	Maximum pool size: undefined/unknown
2026-10-07T07:29:14.140+09:00  INFO [requestId:] 58756 --- [sc-consumer-012] [main] [                                                 ] o.h.e.t.j.p.i.JtaPlatformInitiator       : HHH000489: No JTA platform available (set 'hibernate.transaction.jta.platform' to enable JTA platform integration)
2026-10-07T07:29:14.149+09:00  INFO [requestId:] 58756 --- [sc-consumer-012] [main] [                                                 ] j.LocalContainerEntityManagerFactoryBean : Initialized JPA EntityManagerFactory for persistence unit 'default'
2026-10-07T07:29:14.540+09:00  INFO [requestId:] 58756 --- [sc-consumer-012] [main] [                                                 ] o.s.b.a.w.s.WelcomePageHandlerMapping    : Adding welcome page: class path resource [static/index.html]
2026-10-07T07:29:14.702+09:00  INFO [requestId:] 58756 --- [sc-consumer-012] [main] [                                                 ] r$InitializeUserDetailsManagerConfigurer : Global AuthenticationManager configured with UserDetailsService bean with name users
2026-10-07T07:29:14.757+09:00  INFO [requestId:] 58756 --- [sc-consumer-012] [main] [                                                 ] o.s.b.a.e.web.EndpointLinksResolver      : Exposing 1 endpoint beneath base path '/actuator'
2026-10-07T07:29:14.890+09:00  INFO [requestId:] 58756 --- [sc-consumer-012] [main] [                                                 ] o.s.b.w.embedded.tomcat.TomcatWebServer  : Tomcat started on port 50627 (http) with context path '/'
2026-10-07T07:29:14.901+09:00  INFO [requestId:] 58756 --- [sc-consumer-012] [main] [                                                 ] d.s.consumer012.GeneratedApplication     : Started GeneratedApplication in 2.98 seconds (process running for 3.206)
2026-10-07T07:29:14.925+09:00  INFO [requestId:] 58756 --- [sc-consumer-012] [http-nio-127.0.0.1-auto-1-exec-1] [                                                 ] o.a.c.c.C.[Tomcat].[localhost].[/]       : Initializing Spring DispatcherServlet 'dispatcherServlet'
2026-10-07T07:29:14.925+09:00  INFO [requestId:] 58756 --- [sc-consumer-012] [http-nio-127.0.0.1-auto-1-exec-1] [                                                 ] o.s.web.servlet.DispatcherServlet        : Initializing Servlet 'dispatcherServlet'
2026-10-07T07:29:14.925+09:00  INFO [requestId:] 58756 --- [sc-consumer-012] [http-nio-127.0.0.1-auto-1-exec-1] [                                                 ] o.s.web.servlet.DispatcherServlet        : Completed initialization in 0 ms
2026-10-07T07:29:15.349+09:00  INFO [requestId:285446e1-4881-4f83-9765-99d6cb18c41b] 58756 --- [sc-consumer-012] [http-nio-127.0.0.1-auto-1-exec-2] [                                                 ] o.springdoc.api.AbstractOpenApiResource  : Init duration for springdoc-openapi is: 96 ms
2026-10-07T07:29:15.391+09:00  INFO [requestId:] 58756 --- [sc-consumer-012] [SpringApplicationShutdownHook] [                                                 ] o.s.b.w.e.tomcat.GracefulShutdown        : Commencing graceful shutdown. Waiting for active requests to complete
2026-10-07T07:29:15.393+09:00  INFO [requestId:] 58756 --- [sc-consumer-012] [tomcat-shutdown] [                                                 ] o.s.b.w.e.tomcat.GracefulShutdown        : Graceful shutdown complete
2026-10-07T07:29:15.397+09:00  INFO [requestId:] 58756 --- [sc-consumer-012] [SpringApplicationShutdownHook] [                                                 ] j.LocalContainerEntityManagerFactoryBean : Closing JPA EntityManagerFactory for persistence unit 'default'
2026-10-07T07:29:15.398+09:00  INFO [requestId:] 58756 --- [sc-consumer-012] [SpringApplicationShutdownHook] [                                                 ] com.zaxxer.hikari.HikariDataSource       : HikariPool-1 - Shutdown initiated...
2026-10-07T07:29:15.473+09:00  INFO [requestId:] 58756 --- [sc-consumer-012] [SpringApplicationShutdownHook] [                                                 ] com.zaxxer.hikari.HikariDataSource       : HikariPool-1 - Shutdown completed.
2026-10-07T07:29:16.671+09:00  INFO [requestId:] 58867 --- [sc-consumer-012] [main] [                                                 ] d.s.consumer012.GeneratedApplication     : Starting GeneratedApplication v1.0.0 using Java 21.0.11 with PID 58867 (<generated-app>/backend/target/sc-consumer-012.jar started by dk in <generated-app>)
2026-10-07T07:29:16.672+09:00  INFO [requestId:] 58867 --- [sc-consumer-012] [main] [                                                 ] d.s.consumer012.GeneratedApplication     : The following 3 profiles are active: "dev", "audit", "file-storage"
2026-10-07T07:29:17.263+09:00  INFO [requestId:] 58867 --- [sc-consumer-012] [main] [                                                 ] .s.d.r.c.RepositoryConfigurationDelegate : Bootstrapping Spring Data JPA repositories in DEFAULT mode.
2026-10-07T07:29:17.325+09:00  INFO [requestId:] 58867 --- [sc-consumer-012] [main] [                                                 ] .s.d.r.c.RepositoryConfigurationDelegate : Finished Spring Data repository scanning in 56 ms. Found 1 JPA repository interface.
2026-10-07T07:29:17.393+09:00  INFO [requestId:] 58867 --- [sc-consumer-012] [main] [                                                 ] o.s.cloud.context.scope.GenericScope     : BeanFactory id=524e0444-53b9-3414-98c8-4da582af12d8
2026-10-07T07:29:17.572+09:00  INFO [requestId:] 58867 --- [sc-consumer-012] [main] [                                                 ] o.s.b.w.embedded.tomcat.TomcatWebServer  : Tomcat initialized with port 0 (http)
2026-10-07T07:29:17.579+09:00  INFO [requestId:] 58867 --- [sc-consumer-012] [main] [                                                 ] o.apache.catalina.core.StandardService   : Starting service [Tomcat]
2026-10-07T07:29:17.579+09:00  INFO [requestId:] 58867 --- [sc-consumer-012] [main] [                                                 ] o.apache.catalina.core.StandardEngine    : Starting Servlet engine: [Apache Tomcat/10.1.55]
2026-10-07T07:29:17.591+09:00  INFO [requestId:] 58867 --- [sc-consumer-012] [main] [                                                 ] o.a.c.c.C.[Tomcat].[localhost].[/]       : Initializing Spring embedded WebApplicationContext
2026-10-07T07:29:17.591+09:00  INFO [requestId:] 58867 --- [sc-consumer-012] [main] [                                                 ] w.s.c.ServletWebServerApplicationContext : Root WebApplicationContext: initialization completed in 896 ms
2026-10-07T07:29:17.740+09:00  INFO [requestId:] 58867 --- [sc-consumer-012] [main] [                                                 ] com.zaxxer.hikari.HikariDataSource       : HikariPool-1 - Starting...
2026-10-07T07:29:17.838+09:00  INFO [requestId:] 58867 --- [sc-consumer-012] [main] [                                                 ] com.zaxxer.hikari.pool.HikariPool        : HikariPool-1 - Added connection conn0: url=jdbc:h2:file:<isolated-fixture>/data/app user=SA
2026-10-07T07:29:17.839+09:00  INFO [requestId:] 58867 --- [sc-consumer-012] [main] [                                                 ] com.zaxxer.hikari.HikariDataSource       : HikariPool-1 - Start completed.
2026-10-07T07:29:17.857+09:00  INFO [requestId:] 58867 --- [sc-consumer-012] [main] [                                                 ] org.flywaydb.core.FlywayExecutor         : Database: jdbc:h2:file:<isolated-fixture>/data/app (H2 2.3)
2026-10-07T07:29:17.873+09:00  INFO [requestId:] 58867 --- [sc-consumer-012] [main] [                                                 ] o.f.core.internal.command.DbValidate     : Successfully validated 2 migrations (execution time 00:00.009s)
2026-10-07T07:29:17.877+09:00  INFO [requestId:] 58867 --- [sc-consumer-012] [main] [                                                 ] o.f.core.internal.command.DbMigrate      : Current version of schema "PUBLIC": 2
2026-10-07T07:29:17.878+09:00  INFO [requestId:] 58867 --- [sc-consumer-012] [main] [                                                 ] o.f.core.internal.command.DbMigrate      : Schema "PUBLIC" is up to date. No migration necessary.
2026-10-07T07:29:17.912+09:00  INFO [requestId:] 58867 --- [sc-consumer-012] [main] [                                                 ] o.hibernate.jpa.internal.util.LogHelper  : HHH000204: Processing PersistenceUnitInfo [name: default]
2026-10-07T07:29:17.940+09:00  INFO [requestId:] 58867 --- [sc-consumer-012] [main] [                                                 ] org.hibernate.Version                    : HHH000412: Hibernate ORM core version 6.6.53.Final
2026-10-07T07:29:17.955+09:00  INFO [requestId:] 58867 --- [sc-consumer-012] [main] [                                                 ] o.h.c.internal.RegionFactoryInitiator    : HHH000026: Second-level cache disabled
2026-10-07T07:29:18.108+09:00  INFO [requestId:] 58867 --- [sc-consumer-012] [main] [                                                 ] o.s.o.j.p.SpringPersistenceUnitInfo      : No LoadTimeWeaver setup: ignoring JPA class transformer
2026-10-07T07:29:18.148+09:00  INFO [requestId:] 58867 --- [sc-consumer-012] [main] [                                                 ] org.hibernate.orm.connections.pooling    : HHH10001005: Database info:
	Database JDBC URL [Connecting through datasource 'HikariDataSource (HikariPool-1)']
	Database driver: undefined/unknown
	Database version: 2.3.232
	Autocommit mode: undefined/unknown
	Isolation level: undefined/unknown
	Minimum pool size: undefined/unknown
	Maximum pool size: undefined/unknown
2026-10-07T07:29:18.485+09:00  INFO [requestId:] 58867 --- [sc-consumer-012] [main] [                                                 ] o.h.e.t.j.p.i.JtaPlatformInitiator       : HHH000489: No JTA platform available (set 'hibernate.transaction.jta.platform' to enable JTA platform integration)
2026-10-07T07:29:18.493+09:00  INFO [requestId:] 58867 --- [sc-consumer-012] [main] [                                                 ] j.LocalContainerEntityManagerFactoryBean : Initialized JPA EntityManagerFactory for persistence unit 'default'
2026-10-07T07:29:18.857+09:00  INFO [requestId:] 58867 --- [sc-consumer-012] [main] [                                                 ] o.s.b.a.w.s.WelcomePageHandlerMapping    : Adding welcome page: class path resource [static/index.html]
2026-10-07T07:29:19.033+09:00  INFO [requestId:] 58867 --- [sc-consumer-012] [main] [                                                 ] r$InitializeUserDetailsManagerConfigurer : Global AuthenticationManager configured with UserDetailsService bean with name users
2026-10-07T07:29:19.107+09:00  INFO [requestId:] 58867 --- [sc-consumer-012] [main] [                                                 ] o.s.b.a.e.web.EndpointLinksResolver      : Exposing 1 endpoint beneath base path '/actuator'
2026-10-07T07:29:19.249+09:00  INFO [requestId:] 58867 --- [sc-consumer-012] [main] [                                                 ] o.s.b.w.embedded.tomcat.TomcatWebServer  : Tomcat started on port 50661 (http) with context path '/'
2026-10-07T07:29:19.259+09:00  INFO [requestId:] 58867 --- [sc-consumer-012] [main] [                                                 ] d.s.consumer012.GeneratedApplication     : Started GeneratedApplication in 2.881 seconds (process running for 3.11)
2026-10-07T07:29:19.445+09:00  INFO [requestId:] 58867 --- [sc-consumer-012] [http-nio-127.0.0.1-auto-1-exec-1] [                                                 ] o.a.c.c.C.[Tomcat].[localhost].[/]       : Initializing Spring DispatcherServlet 'dispatcherServlet'
2026-10-07T07:29:19.445+09:00  INFO [requestId:] 58867 --- [sc-consumer-012] [http-nio-127.0.0.1-auto-1-exec-1] [                                                 ] o.s.web.servlet.DispatcherServlet        : Initializing Servlet 'dispatcherServlet'
2026-10-07T07:29:19.446+09:00  INFO [requestId:] 58867 --- [sc-consumer-012] [http-nio-127.0.0.1-auto-1-exec-1] [                                                 ] o.s.web.servlet.DispatcherServlet        : Completed initialization in 1 ms
2026-10-07T07:29:19.707+09:00  INFO [requestId:] 58867 --- [sc-consumer-012] [SpringApplicationShutdownHook] [                                                 ] o.s.b.w.e.tomcat.GracefulShutdown        : Commencing graceful shutdown. Waiting for active requests to complete
2026-10-07T07:29:19.709+09:00  INFO [requestId:] 58867 --- [sc-consumer-012] [tomcat-shutdown] [                                                 ] o.s.b.w.e.tomcat.GracefulShutdown        : Graceful shutdown complete
2026-10-07T07:29:19.713+09:00  INFO [requestId:] 58867 --- [sc-consumer-012] [SpringApplicationShutdownHook] [                                                 ] j.LocalContainerEntityManagerFactoryBean : Closing JPA EntityManagerFactory for persistence unit 'default'
2026-10-07T07:29:19.714+09:00  INFO [requestId:] 58867 --- [sc-consumer-012] [SpringApplicationShutdownHook] [                                                 ] com.zaxxer.hikari.HikariDataSource       : HikariPool-1 - Shutdown initiated...
2026-10-07T07:29:19.938+09:00  INFO [requestId:] 58867 --- [sc-consumer-012] [SpringApplicationShutdownHook] [                                                 ] com.zaxxer.hikari.HikariDataSource       : HikariPool-1 - Shutdown completed.

===== dev,file-storage / launcher-2.log =====
Bootstrap secret file is ready (value omitted).

  .   ____          _            __ _ _
 /\\ / ___'_ __ _ _(_)_ __  __ _ \ \ \ \
( ( )\___ | '_ | '_| | '_ \/ _` | \ \ \ \
 \\/  ___)| |_)| | | | | || (_| |  ) ) ) )
  '  |____| .__|_| |_|_| |_\__, | / / / /
 =========|_|==============|___/=/_/_/_/

 :: Spring Boot ::               (v3.5.16)

2026-10-07T07:29:08.394+09:00  INFO [requestId:] 58732 --- [sc-consumer-012] [           main] [                                                 ] d.s.consumer012.GeneratedApplication     : Starting GeneratedApplication v1.0.0 using Java 21.0.11 with PID 58732 (<generated-app>/backend/target/sc-consumer-012.jar started by dk in <generated-app>)
2026-10-07T07:29:08.395+09:00  INFO [requestId:] 58732 --- [sc-consumer-012] [           main] [                                                 ] d.s.consumer012.GeneratedApplication     : The following 2 profiles are active: "dev", "file-storage"
2026-10-07T07:29:08.997+09:00  INFO [requestId:] 58732 --- [sc-consumer-012] [           main] [                                                 ] .s.d.r.c.RepositoryConfigurationDelegate : Bootstrapping Spring Data JPA repositories in DEFAULT mode.
2026-10-07T07:29:09.065+09:00  INFO [requestId:] 58732 --- [sc-consumer-012] [           main] [                                                 ] .s.d.r.c.RepositoryConfigurationDelegate : Finished Spring Data repository scanning in 63 ms. Found 1 JPA repository interface.
2026-10-07T07:29:09.148+09:00  INFO [requestId:] 58732 --- [sc-consumer-012] [           main] [                                                 ] o.s.cloud.context.scope.GenericScope     : BeanFactory id=c1057ada-2975-3279-8f80-87c96fa88941
2026-10-07T07:29:09.337+09:00  INFO [requestId:] 58732 --- [sc-consumer-012] [           main] [                                                 ] o.s.b.w.embedded.tomcat.TomcatWebServer  : Tomcat initialized with port 0 (http)
2026-10-07T07:29:09.344+09:00  INFO [requestId:] 58732 --- [sc-consumer-012] [           main] [                                                 ] o.apache.catalina.core.StandardService   : Starting service [Tomcat]
2026-10-07T07:29:09.344+09:00  INFO [requestId:] 58732 --- [sc-consumer-012] [           main] [                                                 ] o.apache.catalina.core.StandardEngine    : Starting Servlet engine: [Apache Tomcat/10.1.55]
2026-10-07T07:29:09.357+09:00  INFO [requestId:] 58732 --- [sc-consumer-012] [           main] [                                                 ] o.a.c.c.C.[Tomcat].[localhost].[/]       : Initializing Spring embedded WebApplicationContext
2026-10-07T07:29:09.357+09:00  INFO [requestId:] 58732 --- [sc-consumer-012] [           main] [                                                 ] w.s.c.ServletWebServerApplicationContext : Root WebApplicationContext: initialization completed in 939 ms
2026-10-07T07:29:09.506+09:00  INFO [requestId:] 58732 --- [sc-consumer-012] [           main] [                                                 ] com.zaxxer.hikari.HikariDataSource       : HikariPool-1 - Starting...
2026-10-07T07:29:09.606+09:00  INFO [requestId:] 58732 --- [sc-consumer-012] [           main] [                                                 ] com.zaxxer.hikari.pool.HikariPool        : HikariPool-1 - Added connection conn0: url=jdbc:h2:file:<isolated-fixture>/data/app user=SA
2026-10-07T07:29:09.607+09:00  INFO [requestId:] 58732 --- [sc-consumer-012] [           main] [                                                 ] com.zaxxer.hikari.HikariDataSource       : HikariPool-1 - Start completed.
2026-10-07T07:29:09.626+09:00  INFO [requestId:] 58732 --- [sc-consumer-012] [           main] [                                                 ] org.flywaydb.core.FlywayExecutor         : Database: jdbc:h2:file:<isolated-fixture>/data/app (H2 2.3)
2026-10-07T07:29:09.642+09:00  INFO [requestId:] 58732 --- [sc-consumer-012] [           main] [                                                 ] o.f.core.internal.command.DbValidate     : Successfully validated 1 migration (execution time 00:00.008s)
2026-10-07T07:29:09.645+09:00  INFO [requestId:] 58732 --- [sc-consumer-012] [           main] [                                                 ] o.f.core.internal.command.DbMigrate      : Current version of schema "PUBLIC": 1
2026-10-07T07:29:09.646+09:00  INFO [requestId:] 58732 --- [sc-consumer-012] [           main] [                                                 ] o.f.core.internal.command.DbMigrate      : Schema "PUBLIC" is up to date. No migration necessary.
2026-10-07T07:29:09.679+09:00  INFO [requestId:] 58732 --- [sc-consumer-012] [           main] [                                                 ] o.hibernate.jpa.internal.util.LogHelper  : HHH000204: Processing PersistenceUnitInfo [name: default]
2026-10-07T07:29:09.706+09:00  INFO [requestId:] 58732 --- [sc-consumer-012] [           main] [                                                 ] org.hibernate.Version                    : HHH000412: Hibernate ORM core version 6.6.53.Final
2026-10-07T07:29:09.721+09:00  INFO [requestId:] 58732 --- [sc-consumer-012] [           main] [                                                 ] o.h.c.internal.RegionFactoryInitiator    : HHH000026: Second-level cache disabled
2026-10-07T07:29:09.855+09:00  INFO [requestId:] 58732 --- [sc-consumer-012] [           main] [                                                 ] o.s.o.j.p.SpringPersistenceUnitInfo      : No LoadTimeWeaver setup: ignoring JPA class transformer
2026-10-07T07:29:09.886+09:00  INFO [requestId:] 58732 --- [sc-consumer-012] [           main] [                                                 ] org.hibernate.orm.connections.pooling    : HHH10001005: Database info:
	Database JDBC URL [Connecting through datasource 'HikariDataSource (HikariPool-1)']
	Database driver: undefined/unknown
	Database version: 2.3.232
	Autocommit mode: undefined/unknown
	Isolation level: undefined/unknown
	Minimum pool size: undefined/unknown
	Maximum pool size: undefined/unknown
2026-10-07T07:29:10.224+09:00  INFO [requestId:] 58732 --- [sc-consumer-012] [           main] [                                                 ] o.h.e.t.j.p.i.JtaPlatformInitiator       : HHH000489: No JTA platform available (set 'hibernate.transaction.jta.platform' to enable JTA platform integration)
2026-10-07T07:29:10.232+09:00  INFO [requestId:] 58732 --- [sc-consumer-012] [           main] [                                                 ] j.LocalContainerEntityManagerFactoryBean : Initialized JPA EntityManagerFactory for persistence unit 'default'
2026-10-07T07:29:10.595+09:00  INFO [requestId:] 58732 --- [sc-consumer-012] [           main] [                                                 ] o.s.b.a.w.s.WelcomePageHandlerMapping    : Adding welcome page: class path resource [static/index.html]
2026-10-07T07:29:10.770+09:00  INFO [requestId:] 58732 --- [sc-consumer-012] [           main] [                                                 ] r$InitializeUserDetailsManagerConfigurer : Global AuthenticationManager configured with UserDetailsService bean with name users
2026-10-07T07:29:10.831+09:00  INFO [requestId:] 58732 --- [sc-consumer-012] [           main] [                                                 ] o.s.b.a.e.web.EndpointLinksResolver      : Exposing 1 endpoint beneath base path '/actuator'
2026-10-07T07:29:10.973+09:00  INFO [requestId:] 58732 --- [sc-consumer-012] [           main] [                                                 ] o.s.b.w.embedded.tomcat.TomcatWebServer  : Tomcat started on port 50611 (http) with context path '/'
2026-10-07T07:29:10.984+09:00  INFO [requestId:] 58732 --- [sc-consumer-012] [           main] [                                                 ] d.s.consumer012.GeneratedApplication     : Started GeneratedApplication in 2.884 seconds (process running for 3.112)
2026-10-07T07:29:11.149+09:00  INFO [requestId:] 58732 --- [sc-consumer-012] [1-auto-1-exec-1] [                                                 ] o.a.c.c.C.[Tomcat].[localhost].[/]       : Initializing Spring DispatcherServlet 'dispatcherServlet'
2026-10-07T07:29:11.150+09:00  INFO [requestId:] 58732 --- [sc-consumer-012] [1-auto-1-exec-1] [                                                 ] o.s.web.servlet.DispatcherServlet        : Initializing Servlet 'dispatcherServlet'
2026-10-07T07:29:11.150+09:00  INFO [requestId:] 58732 --- [sc-consumer-012] [1-auto-1-exec-1] [                                                 ] o.s.web.servlet.DispatcherServlet        : Completed initialization in 0 ms
2026-10-07T07:29:11.411+09:00  INFO [requestId:] 58732 --- [sc-consumer-012] [ionShutdownHook] [                                                 ] o.s.b.w.e.tomcat.GracefulShutdown        : Commencing graceful shutdown. Waiting for active requests to complete
2026-10-07T07:29:11.413+09:00  INFO [requestId:] 58732 --- [sc-consumer-012] [tomcat-shutdown] [                                                 ] o.s.b.w.e.tomcat.GracefulShutdown        : Graceful shutdown complete
2026-10-07T07:29:11.417+09:00  INFO [requestId:] 58732 --- [sc-consumer-012] [ionShutdownHook] [                                                 ] j.LocalContainerEntityManagerFactoryBean : Closing JPA EntityManagerFactory for persistence unit 'default'
2026-10-07T07:29:11.418+09:00  INFO [requestId:] 58732 --- [sc-consumer-012] [ionShutdownHook] [                                                 ] com.zaxxer.hikari.HikariDataSource       : HikariPool-1 - Shutdown initiated...
2026-10-07T07:29:11.451+09:00  INFO [requestId:] 58732 --- [sc-consumer-012] [ionShutdownHook] [                                                 ] com.zaxxer.hikari.HikariDataSource       : HikariPool-1 - Shutdown completed.

===== dev,file-storage / launcher-1.log =====
Bootstrap secret file is ready (value omitted).

  .   ____          _            __ _ _
 /\\ / ___'_ __ _ _(_)_ __  __ _ \ \ \ \
( ( )\___ | '_ | '_| | '_ \/ _` | \ \ \ \
 \\/  ___)| |_)| | | | | || (_| |  ) ) ) )
  '  |____| .__|_| |_|_| |_\__, | / / / /
 =========|_|==============|___/=/_/_/_/

 :: Spring Boot ::               (v3.5.16)

2026-10-07T07:29:04.069+09:00  INFO [requestId:] 58688 --- [sc-consumer-012] [           main] [                                                 ] d.s.consumer012.GeneratedApplication     : Starting GeneratedApplication v1.0.0 using Java 21.0.11 with PID 58688 (<generated-app>/backend/target/sc-consumer-012.jar started by dk in <generated-app>)
2026-10-07T07:29:04.071+09:00  INFO [requestId:] 58688 --- [sc-consumer-012] [           main] [                                                 ] d.s.consumer012.GeneratedApplication     : The following 2 profiles are active: "dev", "file-storage"
2026-10-07T07:29:04.654+09:00  INFO [requestId:] 58688 --- [sc-consumer-012] [           main] [                                                 ] .s.d.r.c.RepositoryConfigurationDelegate : Bootstrapping Spring Data JPA repositories in DEFAULT mode.
2026-10-07T07:29:04.714+09:00  INFO [requestId:] 58688 --- [sc-consumer-012] [           main] [                                                 ] .s.d.r.c.RepositoryConfigurationDelegate : Finished Spring Data repository scanning in 55 ms. Found 1 JPA repository interface.
2026-10-07T07:29:04.784+09:00  INFO [requestId:] 58688 --- [sc-consumer-012] [           main] [                                                 ] o.s.cloud.context.scope.GenericScope     : BeanFactory id=c1057ada-2975-3279-8f80-87c96fa88941
2026-10-07T07:29:04.966+09:00  INFO [requestId:] 58688 --- [sc-consumer-012] [           main] [                                                 ] o.s.b.w.embedded.tomcat.TomcatWebServer  : Tomcat initialized with port 0 (http)
2026-10-07T07:29:04.973+09:00  INFO [requestId:] 58688 --- [sc-consumer-012] [           main] [                                                 ] o.apache.catalina.core.StandardService   : Starting service [Tomcat]
2026-10-07T07:29:04.974+09:00  INFO [requestId:] 58688 --- [sc-consumer-012] [           main] [                                                 ] o.apache.catalina.core.StandardEngine    : Starting Servlet engine: [Apache Tomcat/10.1.55]
2026-10-07T07:29:04.986+09:00  INFO [requestId:] 58688 --- [sc-consumer-012] [           main] [                                                 ] o.a.c.c.C.[Tomcat].[localhost].[/]       : Initializing Spring embedded WebApplicationContext
2026-10-07T07:29:04.986+09:00  INFO [requestId:] 58688 --- [sc-consumer-012] [           main] [                                                 ] w.s.c.ServletWebServerApplicationContext : Root WebApplicationContext: initialization completed in 893 ms
2026-10-07T07:29:05.134+09:00  INFO [requestId:] 58688 --- [sc-consumer-012] [           main] [                                                 ] com.zaxxer.hikari.HikariDataSource       : HikariPool-1 - Starting...
2026-10-07T07:29:05.224+09:00  INFO [requestId:] 58688 --- [sc-consumer-012] [           main] [                                                 ] com.zaxxer.hikari.pool.HikariPool        : HikariPool-1 - Added connection conn0: url=jdbc:h2:file:<isolated-fixture>/data/app user=SA
2026-10-07T07:29:05.225+09:00  INFO [requestId:] 58688 --- [sc-consumer-012] [           main] [                                                 ] com.zaxxer.hikari.HikariDataSource       : HikariPool-1 - Start completed.
2026-10-07T07:29:05.244+09:00  INFO [requestId:] 58688 --- [sc-consumer-012] [           main] [                                                 ] org.flywaydb.core.FlywayExecutor         : Database: jdbc:h2:file:<isolated-fixture>/data/app (H2 2.3)
2026-10-07T07:29:05.255+09:00  INFO [requestId:] 58688 --- [sc-consumer-012] [           main] [                                                 ] o.f.c.i.s.JdbcTableSchemaHistory         : Schema history table "PUBLIC"."flyway_schema_history" does not exist yet
2026-10-07T07:29:05.256+09:00  INFO [requestId:] 58688 --- [sc-consumer-012] [           main] [                                                 ] o.f.core.internal.command.DbValidate     : Successfully validated 1 migration (execution time 00:00.005s)
2026-10-07T07:29:05.258+09:00  INFO [requestId:] 58688 --- [sc-consumer-012] [           main] [                                                 ] o.f.c.i.s.JdbcTableSchemaHistory         : Creating Schema History table "PUBLIC"."flyway_schema_history" ...
2026-10-07T07:29:05.272+09:00  INFO [requestId:] 58688 --- [sc-consumer-012] [           main] [                                                 ] o.f.core.internal.command.DbMigrate      : Current version of schema "PUBLIC": << Empty Schema >>
2026-10-07T07:29:05.274+09:00  INFO [requestId:] 58688 --- [sc-consumer-012] [           main] [                                                 ] o.f.core.internal.command.DbMigrate      : Migrating schema "PUBLIC" to version "1 - starter notes"
2026-10-07T07:29:05.280+09:00  INFO [requestId:] 58688 --- [sc-consumer-012] [           main] [                                                 ] o.f.core.internal.command.DbMigrate      : Successfully applied 1 migration to schema "PUBLIC", now at version v1 (execution time 00:00.002s)
2026-10-07T07:29:05.313+09:00  INFO [requestId:] 58688 --- [sc-consumer-012] [           main] [                                                 ] o.hibernate.jpa.internal.util.LogHelper  : HHH000204: Processing PersistenceUnitInfo [name: default]
2026-10-07T07:29:05.338+09:00  INFO [requestId:] 58688 --- [sc-consumer-012] [           main] [                                                 ] org.hibernate.Version                    : HHH000412: Hibernate ORM core version 6.6.53.Final
2026-10-07T07:29:05.353+09:00  INFO [requestId:] 58688 --- [sc-consumer-012] [           main] [                                                 ] o.h.c.internal.RegionFactoryInitiator    : HHH000026: Second-level cache disabled
2026-10-07T07:29:05.477+09:00  INFO [requestId:] 58688 --- [sc-consumer-012] [           main] [                                                 ] o.s.o.j.p.SpringPersistenceUnitInfo      : No LoadTimeWeaver setup: ignoring JPA class transformer
2026-10-07T07:29:05.506+09:00  INFO [requestId:] 58688 --- [sc-consumer-012] [           main] [                                                 ] org.hibernate.orm.connections.pooling    : HHH10001005: Database info:
	Database JDBC URL [Connecting through datasource 'HikariDataSource (HikariPool-1)']
	Database driver: undefined/unknown
	Database version: 2.3.232
	Autocommit mode: undefined/unknown
	Isolation level: undefined/unknown
	Minimum pool size: undefined/unknown
	Maximum pool size: undefined/unknown
2026-10-07T07:29:05.829+09:00  INFO [requestId:] 58688 --- [sc-consumer-012] [           main] [                                                 ] o.h.e.t.j.p.i.JtaPlatformInitiator       : HHH000489: No JTA platform available (set 'hibernate.transaction.jta.platform' to enable JTA platform integration)
2026-10-07T07:29:05.837+09:00  INFO [requestId:] 58688 --- [sc-consumer-012] [           main] [                                                 ] j.LocalContainerEntityManagerFactoryBean : Initialized JPA EntityManagerFactory for persistence unit 'default'
2026-10-07T07:29:06.195+09:00  INFO [requestId:] 58688 --- [sc-consumer-012] [           main] [                                                 ] o.s.b.a.w.s.WelcomePageHandlerMapping    : Adding welcome page: class path resource [static/index.html]
2026-10-07T07:29:06.368+09:00  INFO [requestId:] 58688 --- [sc-consumer-012] [           main] [                                                 ] r$InitializeUserDetailsManagerConfigurer : Global AuthenticationManager configured with UserDetailsService bean with name users
2026-10-07T07:29:06.427+09:00  INFO [requestId:] 58688 --- [sc-consumer-012] [           main] [                                                 ] o.s.b.a.e.web.EndpointLinksResolver      : Exposing 1 endpoint beneath base path '/actuator'
2026-10-07T07:29:06.563+09:00  INFO [requestId:] 58688 --- [sc-consumer-012] [           main] [                                                 ] o.s.b.w.embedded.tomcat.TomcatWebServer  : Tomcat started on port 50589 (http) with context path '/'
2026-10-07T07:29:06.573+09:00  INFO [requestId:] 58688 --- [sc-consumer-012] [           main] [                                                 ] d.s.consumer012.GeneratedApplication     : Started GeneratedApplication in 2.795 seconds (process running for 3.024)
2026-10-07T07:29:06.650+09:00  INFO [requestId:] 58688 --- [sc-consumer-012] [1-auto-1-exec-1] [                                                 ] o.a.c.c.C.[Tomcat].[localhost].[/]       : Initializing Spring DispatcherServlet 'dispatcherServlet'
2026-10-07T07:29:06.650+09:00  INFO [requestId:] 58688 --- [sc-consumer-012] [1-auto-1-exec-1] [                                                 ] o.s.web.servlet.DispatcherServlet        : Initializing Servlet 'dispatcherServlet'
2026-10-07T07:29:06.651+09:00  INFO [requestId:] 58688 --- [sc-consumer-012] [1-auto-1-exec-1] [                                                 ] o.s.web.servlet.DispatcherServlet        : Completed initialization in 1 ms
2026-10-07T07:29:07.072+09:00  INFO [requestId:754871cd-a248-451d-a050-f15b498520c9] 58688 --- [sc-consumer-012] [1-auto-1-exec-2] [                                                 ] o.springdoc.api.AbstractOpenApiResource  : Init duration for springdoc-openapi is: 95 ms
2026-10-07T07:29:07.116+09:00  INFO [requestId:] 58688 --- [sc-consumer-012] [ionShutdownHook] [                                                 ] o.s.b.w.e.tomcat.GracefulShutdown        : Commencing graceful shutdown. Waiting for active requests to complete
2026-10-07T07:29:07.118+09:00  INFO [requestId:] 58688 --- [sc-consumer-012] [tomcat-shutdown] [                                                 ] o.s.b.w.e.tomcat.GracefulShutdown        : Graceful shutdown complete
2026-10-07T07:29:07.122+09:00  INFO [requestId:] 58688 --- [sc-consumer-012] [ionShutdownHook] [                                                 ] j.LocalContainerEntityManagerFactoryBean : Closing JPA EntityManagerFactory for persistence unit 'default'
2026-10-07T07:29:07.123+09:00  INFO [requestId:] 58688 --- [sc-consumer-012] [ionShutdownHook] [                                                 ] com.zaxxer.hikari.HikariDataSource       : HikariPool-1 - Shutdown initiated...
2026-10-07T07:29:07.182+09:00  INFO [requestId:] 58688 --- [sc-consumer-012] [ionShutdownHook] [                                                 ] com.zaxxer.hikari.HikariDataSource       : HikariPool-1 - Shutdown completed.

===== dev,file-storage / app.log =====
2026-10-07T07:29:04.069+09:00  INFO [requestId:] 58688 --- [sc-consumer-012] [main] [                                                 ] d.s.consumer012.GeneratedApplication     : Starting GeneratedApplication v1.0.0 using Java 21.0.11 with PID 58688 (<generated-app>/backend/target/sc-consumer-012.jar started by dk in <generated-app>)
2026-10-07T07:29:04.071+09:00  INFO [requestId:] 58688 --- [sc-consumer-012] [main] [                                                 ] d.s.consumer012.GeneratedApplication     : The following 2 profiles are active: "dev", "file-storage"
2026-10-07T07:29:04.654+09:00  INFO [requestId:] 58688 --- [sc-consumer-012] [main] [                                                 ] .s.d.r.c.RepositoryConfigurationDelegate : Bootstrapping Spring Data JPA repositories in DEFAULT mode.
2026-10-07T07:29:04.714+09:00  INFO [requestId:] 58688 --- [sc-consumer-012] [main] [                                                 ] .s.d.r.c.RepositoryConfigurationDelegate : Finished Spring Data repository scanning in 55 ms. Found 1 JPA repository interface.
2026-10-07T07:29:04.784+09:00  INFO [requestId:] 58688 --- [sc-consumer-012] [main] [                                                 ] o.s.cloud.context.scope.GenericScope     : BeanFactory id=c1057ada-2975-3279-8f80-87c96fa88941
2026-10-07T07:29:04.966+09:00  INFO [requestId:] 58688 --- [sc-consumer-012] [main] [                                                 ] o.s.b.w.embedded.tomcat.TomcatWebServer  : Tomcat initialized with port 0 (http)
2026-10-07T07:29:04.973+09:00  INFO [requestId:] 58688 --- [sc-consumer-012] [main] [                                                 ] o.apache.catalina.core.StandardService   : Starting service [Tomcat]
2026-10-07T07:29:04.974+09:00  INFO [requestId:] 58688 --- [sc-consumer-012] [main] [                                                 ] o.apache.catalina.core.StandardEngine    : Starting Servlet engine: [Apache Tomcat/10.1.55]
2026-10-07T07:29:04.986+09:00  INFO [requestId:] 58688 --- [sc-consumer-012] [main] [                                                 ] o.a.c.c.C.[Tomcat].[localhost].[/]       : Initializing Spring embedded WebApplicationContext
2026-10-07T07:29:04.986+09:00  INFO [requestId:] 58688 --- [sc-consumer-012] [main] [                                                 ] w.s.c.ServletWebServerApplicationContext : Root WebApplicationContext: initialization completed in 893 ms
2026-10-07T07:29:05.134+09:00  INFO [requestId:] 58688 --- [sc-consumer-012] [main] [                                                 ] com.zaxxer.hikari.HikariDataSource       : HikariPool-1 - Starting...
2026-10-07T07:29:05.224+09:00  INFO [requestId:] 58688 --- [sc-consumer-012] [main] [                                                 ] com.zaxxer.hikari.pool.HikariPool        : HikariPool-1 - Added connection conn0: url=jdbc:h2:file:<isolated-fixture>/data/app user=SA
2026-10-07T07:29:05.225+09:00  INFO [requestId:] 58688 --- [sc-consumer-012] [main] [                                                 ] com.zaxxer.hikari.HikariDataSource       : HikariPool-1 - Start completed.
2026-10-07T07:29:05.244+09:00  INFO [requestId:] 58688 --- [sc-consumer-012] [main] [                                                 ] org.flywaydb.core.FlywayExecutor         : Database: jdbc:h2:file:<isolated-fixture>/data/app (H2 2.3)
2026-10-07T07:29:05.255+09:00  INFO [requestId:] 58688 --- [sc-consumer-012] [main] [                                                 ] o.f.c.i.s.JdbcTableSchemaHistory         : Schema history table "PUBLIC"."flyway_schema_history" does not exist yet
2026-10-07T07:29:05.256+09:00  INFO [requestId:] 58688 --- [sc-consumer-012] [main] [                                                 ] o.f.core.internal.command.DbValidate     : Successfully validated 1 migration (execution time 00:00.005s)
2026-10-07T07:29:05.258+09:00  INFO [requestId:] 58688 --- [sc-consumer-012] [main] [                                                 ] o.f.c.i.s.JdbcTableSchemaHistory         : Creating Schema History table "PUBLIC"."flyway_schema_history" ...
2026-10-07T07:29:05.272+09:00  INFO [requestId:] 58688 --- [sc-consumer-012] [main] [                                                 ] o.f.core.internal.command.DbMigrate      : Current version of schema "PUBLIC": << Empty Schema >>
2026-10-07T07:29:05.274+09:00  INFO [requestId:] 58688 --- [sc-consumer-012] [main] [                                                 ] o.f.core.internal.command.DbMigrate      : Migrating schema "PUBLIC" to version "1 - starter notes"
2026-10-07T07:29:05.280+09:00  INFO [requestId:] 58688 --- [sc-consumer-012] [main] [                                                 ] o.f.core.internal.command.DbMigrate      : Successfully applied 1 migration to schema "PUBLIC", now at version v1 (execution time 00:00.002s)
2026-10-07T07:29:05.313+09:00  INFO [requestId:] 58688 --- [sc-consumer-012] [main] [                                                 ] o.hibernate.jpa.internal.util.LogHelper  : HHH000204: Processing PersistenceUnitInfo [name: default]
2026-10-07T07:29:05.338+09:00  INFO [requestId:] 58688 --- [sc-consumer-012] [main] [                                                 ] org.hibernate.Version                    : HHH000412: Hibernate ORM core version 6.6.53.Final
2026-10-07T07:29:05.353+09:00  INFO [requestId:] 58688 --- [sc-consumer-012] [main] [                                                 ] o.h.c.internal.RegionFactoryInitiator    : HHH000026: Second-level cache disabled
2026-10-07T07:29:05.477+09:00  INFO [requestId:] 58688 --- [sc-consumer-012] [main] [                                                 ] o.s.o.j.p.SpringPersistenceUnitInfo      : No LoadTimeWeaver setup: ignoring JPA class transformer
2026-10-07T07:29:05.506+09:00  INFO [requestId:] 58688 --- [sc-consumer-012] [main] [                                                 ] org.hibernate.orm.connections.pooling    : HHH10001005: Database info:
	Database JDBC URL [Connecting through datasource 'HikariDataSource (HikariPool-1)']
	Database driver: undefined/unknown
	Database version: 2.3.232
	Autocommit mode: undefined/unknown
	Isolation level: undefined/unknown
	Minimum pool size: undefined/unknown
	Maximum pool size: undefined/unknown
2026-10-07T07:29:05.829+09:00  INFO [requestId:] 58688 --- [sc-consumer-012] [main] [                                                 ] o.h.e.t.j.p.i.JtaPlatformInitiator       : HHH000489: No JTA platform available (set 'hibernate.transaction.jta.platform' to enable JTA platform integration)
2026-10-07T07:29:05.837+09:00  INFO [requestId:] 58688 --- [sc-consumer-012] [main] [                                                 ] j.LocalContainerEntityManagerFactoryBean : Initialized JPA EntityManagerFactory for persistence unit 'default'
2026-10-07T07:29:06.195+09:00  INFO [requestId:] 58688 --- [sc-consumer-012] [main] [                                                 ] o.s.b.a.w.s.WelcomePageHandlerMapping    : Adding welcome page: class path resource [static/index.html]
2026-10-07T07:29:06.368+09:00  INFO [requestId:] 58688 --- [sc-consumer-012] [main] [                                                 ] r$InitializeUserDetailsManagerConfigurer : Global AuthenticationManager configured with UserDetailsService bean with name users
2026-10-07T07:29:06.427+09:00  INFO [requestId:] 58688 --- [sc-consumer-012] [main] [                                                 ] o.s.b.a.e.web.EndpointLinksResolver      : Exposing 1 endpoint beneath base path '/actuator'
2026-10-07T07:29:06.563+09:00  INFO [requestId:] 58688 --- [sc-consumer-012] [main] [                                                 ] o.s.b.w.embedded.tomcat.TomcatWebServer  : Tomcat started on port 50589 (http) with context path '/'
2026-10-07T07:29:06.573+09:00  INFO [requestId:] 58688 --- [sc-consumer-012] [main] [                                                 ] d.s.consumer012.GeneratedApplication     : Started GeneratedApplication in 2.795 seconds (process running for 3.024)
2026-10-07T07:29:06.650+09:00  INFO [requestId:] 58688 --- [sc-consumer-012] [http-nio-127.0.0.1-auto-1-exec-1] [                                                 ] o.a.c.c.C.[Tomcat].[localhost].[/]       : Initializing Spring DispatcherServlet 'dispatcherServlet'
2026-10-07T07:29:06.650+09:00  INFO [requestId:] 58688 --- [sc-consumer-012] [http-nio-127.0.0.1-auto-1-exec-1] [                                                 ] o.s.web.servlet.DispatcherServlet        : Initializing Servlet 'dispatcherServlet'
2026-10-07T07:29:06.651+09:00  INFO [requestId:] 58688 --- [sc-consumer-012] [http-nio-127.0.0.1-auto-1-exec-1] [                                                 ] o.s.web.servlet.DispatcherServlet        : Completed initialization in 1 ms
2026-10-07T07:29:07.072+09:00  INFO [requestId:754871cd-a248-451d-a050-f15b498520c9] 58688 --- [sc-consumer-012] [http-nio-127.0.0.1-auto-1-exec-2] [                                                 ] o.springdoc.api.AbstractOpenApiResource  : Init duration for springdoc-openapi is: 95 ms
2026-10-07T07:29:07.116+09:00  INFO [requestId:] 58688 --- [sc-consumer-012] [SpringApplicationShutdownHook] [                                                 ] o.s.b.w.e.tomcat.GracefulShutdown        : Commencing graceful shutdown. Waiting for active requests to complete
2026-10-07T07:29:07.118+09:00  INFO [requestId:] 58688 --- [sc-consumer-012] [tomcat-shutdown] [                                                 ] o.s.b.w.e.tomcat.GracefulShutdown        : Graceful shutdown complete
2026-10-07T07:29:07.122+09:00  INFO [requestId:] 58688 --- [sc-consumer-012] [SpringApplicationShutdownHook] [                                                 ] j.LocalContainerEntityManagerFactoryBean : Closing JPA EntityManagerFactory for persistence unit 'default'
2026-10-07T07:29:07.123+09:00  INFO [requestId:] 58688 --- [sc-consumer-012] [SpringApplicationShutdownHook] [                                                 ] com.zaxxer.hikari.HikariDataSource       : HikariPool-1 - Shutdown initiated...
2026-10-07T07:29:07.182+09:00  INFO [requestId:] 58688 --- [sc-consumer-012] [SpringApplicationShutdownHook] [                                                 ] com.zaxxer.hikari.HikariDataSource       : HikariPool-1 - Shutdown completed.
2026-10-07T07:29:08.394+09:00  INFO [requestId:] 58732 --- [sc-consumer-012] [main] [                                                 ] d.s.consumer012.GeneratedApplication     : Starting GeneratedApplication v1.0.0 using Java 21.0.11 with PID 58732 (<generated-app>/backend/target/sc-consumer-012.jar started by dk in <generated-app>)
2026-10-07T07:29:08.395+09:00  INFO [requestId:] 58732 --- [sc-consumer-012] [main] [                                                 ] d.s.consumer012.GeneratedApplication     : The following 2 profiles are active: "dev", "file-storage"
2026-10-07T07:29:08.997+09:00  INFO [requestId:] 58732 --- [sc-consumer-012] [main] [                                                 ] .s.d.r.c.RepositoryConfigurationDelegate : Bootstrapping Spring Data JPA repositories in DEFAULT mode.
2026-10-07T07:29:09.065+09:00  INFO [requestId:] 58732 --- [sc-consumer-012] [main] [                                                 ] .s.d.r.c.RepositoryConfigurationDelegate : Finished Spring Data repository scanning in 63 ms. Found 1 JPA repository interface.
2026-10-07T07:29:09.148+09:00  INFO [requestId:] 58732 --- [sc-consumer-012] [main] [                                                 ] o.s.cloud.context.scope.GenericScope     : BeanFactory id=c1057ada-2975-3279-8f80-87c96fa88941
2026-10-07T07:29:09.337+09:00  INFO [requestId:] 58732 --- [sc-consumer-012] [main] [                                                 ] o.s.b.w.embedded.tomcat.TomcatWebServer  : Tomcat initialized with port 0 (http)
2026-10-07T07:29:09.344+09:00  INFO [requestId:] 58732 --- [sc-consumer-012] [main] [                                                 ] o.apache.catalina.core.StandardService   : Starting service [Tomcat]
2026-10-07T07:29:09.344+09:00  INFO [requestId:] 58732 --- [sc-consumer-012] [main] [                                                 ] o.apache.catalina.core.StandardEngine    : Starting Servlet engine: [Apache Tomcat/10.1.55]
2026-10-07T07:29:09.357+09:00  INFO [requestId:] 58732 --- [sc-consumer-012] [main] [                                                 ] o.a.c.c.C.[Tomcat].[localhost].[/]       : Initializing Spring embedded WebApplicationContext
2026-10-07T07:29:09.357+09:00  INFO [requestId:] 58732 --- [sc-consumer-012] [main] [                                                 ] w.s.c.ServletWebServerApplicationContext : Root WebApplicationContext: initialization completed in 939 ms
2026-10-07T07:29:09.506+09:00  INFO [requestId:] 58732 --- [sc-consumer-012] [main] [                                                 ] com.zaxxer.hikari.HikariDataSource       : HikariPool-1 - Starting...
2026-10-07T07:29:09.606+09:00  INFO [requestId:] 58732 --- [sc-consumer-012] [main] [                                                 ] com.zaxxer.hikari.pool.HikariPool        : HikariPool-1 - Added connection conn0: url=jdbc:h2:file:<isolated-fixture>/data/app user=SA
2026-10-07T07:29:09.607+09:00  INFO [requestId:] 58732 --- [sc-consumer-012] [main] [                                                 ] com.zaxxer.hikari.HikariDataSource       : HikariPool-1 - Start completed.
2026-10-07T07:29:09.626+09:00  INFO [requestId:] 58732 --- [sc-consumer-012] [main] [                                                 ] org.flywaydb.core.FlywayExecutor         : Database: jdbc:h2:file:<isolated-fixture>/data/app (H2 2.3)
2026-10-07T07:29:09.642+09:00  INFO [requestId:] 58732 --- [sc-consumer-012] [main] [                                                 ] o.f.core.internal.command.DbValidate     : Successfully validated 1 migration (execution time 00:00.008s)
2026-10-07T07:29:09.645+09:00  INFO [requestId:] 58732 --- [sc-consumer-012] [main] [                                                 ] o.f.core.internal.command.DbMigrate      : Current version of schema "PUBLIC": 1
2026-10-07T07:29:09.646+09:00  INFO [requestId:] 58732 --- [sc-consumer-012] [main] [                                                 ] o.f.core.internal.command.DbMigrate      : Schema "PUBLIC" is up to date. No migration necessary.
2026-10-07T07:29:09.679+09:00  INFO [requestId:] 58732 --- [sc-consumer-012] [main] [                                                 ] o.hibernate.jpa.internal.util.LogHelper  : HHH000204: Processing PersistenceUnitInfo [name: default]
2026-10-07T07:29:09.706+09:00  INFO [requestId:] 58732 --- [sc-consumer-012] [main] [                                                 ] org.hibernate.Version                    : HHH000412: Hibernate ORM core version 6.6.53.Final
2026-10-07T07:29:09.721+09:00  INFO [requestId:] 58732 --- [sc-consumer-012] [main] [                                                 ] o.h.c.internal.RegionFactoryInitiator    : HHH000026: Second-level cache disabled
2026-10-07T07:29:09.855+09:00  INFO [requestId:] 58732 --- [sc-consumer-012] [main] [                                                 ] o.s.o.j.p.SpringPersistenceUnitInfo      : No LoadTimeWeaver setup: ignoring JPA class transformer
2026-10-07T07:29:09.886+09:00  INFO [requestId:] 58732 --- [sc-consumer-012] [main] [                                                 ] org.hibernate.orm.connections.pooling    : HHH10001005: Database info:
	Database JDBC URL [Connecting through datasource 'HikariDataSource (HikariPool-1)']
	Database driver: undefined/unknown
	Database version: 2.3.232
	Autocommit mode: undefined/unknown
	Isolation level: undefined/unknown
	Minimum pool size: undefined/unknown
	Maximum pool size: undefined/unknown
2026-10-07T07:29:10.224+09:00  INFO [requestId:] 58732 --- [sc-consumer-012] [main] [                                                 ] o.h.e.t.j.p.i.JtaPlatformInitiator       : HHH000489: No JTA platform available (set 'hibernate.transaction.jta.platform' to enable JTA platform integration)
2026-10-07T07:29:10.232+09:00  INFO [requestId:] 58732 --- [sc-consumer-012] [main] [                                                 ] j.LocalContainerEntityManagerFactoryBean : Initialized JPA EntityManagerFactory for persistence unit 'default'
2026-10-07T07:29:10.595+09:00  INFO [requestId:] 58732 --- [sc-consumer-012] [main] [                                                 ] o.s.b.a.w.s.WelcomePageHandlerMapping    : Adding welcome page: class path resource [static/index.html]
2026-10-07T07:29:10.770+09:00  INFO [requestId:] 58732 --- [sc-consumer-012] [main] [                                                 ] r$InitializeUserDetailsManagerConfigurer : Global AuthenticationManager configured with UserDetailsService bean with name users
2026-10-07T07:29:10.831+09:00  INFO [requestId:] 58732 --- [sc-consumer-012] [main] [                                                 ] o.s.b.a.e.web.EndpointLinksResolver      : Exposing 1 endpoint beneath base path '/actuator'
2026-10-07T07:29:10.973+09:00  INFO [requestId:] 58732 --- [sc-consumer-012] [main] [                                                 ] o.s.b.w.embedded.tomcat.TomcatWebServer  : Tomcat started on port 50611 (http) with context path '/'
2026-10-07T07:29:10.984+09:00  INFO [requestId:] 58732 --- [sc-consumer-012] [main] [                                                 ] d.s.consumer012.GeneratedApplication     : Started GeneratedApplication in 2.884 seconds (process running for 3.112)
2026-10-07T07:29:11.149+09:00  INFO [requestId:] 58732 --- [sc-consumer-012] [http-nio-127.0.0.1-auto-1-exec-1] [                                                 ] o.a.c.c.C.[Tomcat].[localhost].[/]       : Initializing Spring DispatcherServlet 'dispatcherServlet'
2026-10-07T07:29:11.150+09:00  INFO [requestId:] 58732 --- [sc-consumer-012] [http-nio-127.0.0.1-auto-1-exec-1] [                                                 ] o.s.web.servlet.DispatcherServlet        : Initializing Servlet 'dispatcherServlet'
2026-10-07T07:29:11.150+09:00  INFO [requestId:] 58732 --- [sc-consumer-012] [http-nio-127.0.0.1-auto-1-exec-1] [                                                 ] o.s.web.servlet.DispatcherServlet        : Completed initialization in 0 ms
2026-10-07T07:29:11.411+09:00  INFO [requestId:] 58732 --- [sc-consumer-012] [SpringApplicationShutdownHook] [                                                 ] o.s.b.w.e.tomcat.GracefulShutdown        : Commencing graceful shutdown. Waiting for active requests to complete
2026-10-07T07:29:11.413+09:00  INFO [requestId:] 58732 --- [sc-consumer-012] [tomcat-shutdown] [                                                 ] o.s.b.w.e.tomcat.GracefulShutdown        : Graceful shutdown complete
2026-10-07T07:29:11.417+09:00  INFO [requestId:] 58732 --- [sc-consumer-012] [SpringApplicationShutdownHook] [                                                 ] j.LocalContainerEntityManagerFactoryBean : Closing JPA EntityManagerFactory for persistence unit 'default'
2026-10-07T07:29:11.418+09:00  INFO [requestId:] 58732 --- [sc-consumer-012] [SpringApplicationShutdownHook] [                                                 ] com.zaxxer.hikari.HikariDataSource       : HikariPool-1 - Shutdown initiated...
2026-10-07T07:29:11.451+09:00  INFO [requestId:] 58732 --- [sc-consumer-012] [SpringApplicationShutdownHook] [                                                 ] com.zaxxer.hikari.HikariDataSource       : HikariPool-1 - Shutdown completed.

===== dev,audit / launcher-2.log =====
Bootstrap secret file is ready (value omitted).

  .   ____          _            __ _ _
 /\\ / ___'_ __ _ _(_)_ __  __ _ \ \ \ \
( ( )\___ | '_ | '_| | '_ \/ _` | \ \ \ \
 \\/  ___)| |_)| | | | | || (_| |  ) ) ) )
  '  |____| .__|_| |_|_| |_\__, | / / / /
 =========|_|==============|___/=/_/_/_/

 :: Spring Boot ::               (v3.5.16)

2026-10-07T07:28:59.632+09:00  INFO [requestId:] 58665 --- [sc-consumer-012] [           main] [                                                 ] d.s.consumer012.GeneratedApplication     : Starting GeneratedApplication v1.0.0 using Java 21.0.11 with PID 58665 (<generated-app>/backend/target/sc-consumer-012.jar started by dk in <generated-app>)
2026-10-07T07:28:59.634+09:00  INFO [requestId:] 58665 --- [sc-consumer-012] [           main] [                                                 ] d.s.consumer012.GeneratedApplication     : The following 2 profiles are active: "dev", "audit"
2026-10-07T07:29:00.253+09:00  INFO [requestId:] 58665 --- [sc-consumer-012] [           main] [                                                 ] .s.d.r.c.RepositoryConfigurationDelegate : Bootstrapping Spring Data JPA repositories in DEFAULT mode.
2026-10-07T07:29:00.314+09:00  INFO [requestId:] 58665 --- [sc-consumer-012] [           main] [                                                 ] .s.d.r.c.RepositoryConfigurationDelegate : Finished Spring Data repository scanning in 56 ms. Found 1 JPA repository interface.
2026-10-07T07:29:00.385+09:00  INFO [requestId:] 58665 --- [sc-consumer-012] [           main] [                                                 ] o.s.cloud.context.scope.GenericScope     : BeanFactory id=9e24a9fe-1f88-374b-af7c-731f65943c74
2026-10-07T07:29:00.574+09:00  INFO [requestId:] 58665 --- [sc-consumer-012] [           main] [                                                 ] o.s.b.w.embedded.tomcat.TomcatWebServer  : Tomcat initialized with port 0 (http)
2026-10-07T07:29:00.582+09:00  INFO [requestId:] 58665 --- [sc-consumer-012] [           main] [                                                 ] o.apache.catalina.core.StandardService   : Starting service [Tomcat]
2026-10-07T07:29:00.582+09:00  INFO [requestId:] 58665 --- [sc-consumer-012] [           main] [                                                 ] o.apache.catalina.core.StandardEngine    : Starting Servlet engine: [Apache Tomcat/10.1.55]
2026-10-07T07:29:00.596+09:00  INFO [requestId:] 58665 --- [sc-consumer-012] [           main] [                                                 ] o.a.c.c.C.[Tomcat].[localhost].[/]       : Initializing Spring embedded WebApplicationContext
2026-10-07T07:29:00.597+09:00  INFO [requestId:] 58665 --- [sc-consumer-012] [           main] [                                                 ] w.s.c.ServletWebServerApplicationContext : Root WebApplicationContext: initialization completed in 942 ms
2026-10-07T07:29:00.747+09:00  INFO [requestId:] 58665 --- [sc-consumer-012] [           main] [                                                 ] com.zaxxer.hikari.HikariDataSource       : HikariPool-1 - Starting...
2026-10-07T07:29:00.851+09:00  INFO [requestId:] 58665 --- [sc-consumer-012] [           main] [                                                 ] com.zaxxer.hikari.pool.HikariPool        : HikariPool-1 - Added connection conn0: url=jdbc:h2:file:<isolated-fixture>/data/app user=SA
2026-10-07T07:29:00.851+09:00  INFO [requestId:] 58665 --- [sc-consumer-012] [           main] [                                                 ] com.zaxxer.hikari.HikariDataSource       : HikariPool-1 - Start completed.
2026-10-07T07:29:00.869+09:00  INFO [requestId:] 58665 --- [sc-consumer-012] [           main] [                                                 ] org.flywaydb.core.FlywayExecutor         : Database: jdbc:h2:file:<isolated-fixture>/data/app (H2 2.3)
2026-10-07T07:29:00.885+09:00  INFO [requestId:] 58665 --- [sc-consumer-012] [           main] [                                                 ] o.f.core.internal.command.DbValidate     : Successfully validated 2 migrations (execution time 00:00.009s)
2026-10-07T07:29:00.888+09:00  INFO [requestId:] 58665 --- [sc-consumer-012] [           main] [                                                 ] o.f.core.internal.command.DbMigrate      : Current version of schema "PUBLIC": 2
2026-10-07T07:29:00.889+09:00  INFO [requestId:] 58665 --- [sc-consumer-012] [           main] [                                                 ] o.f.core.internal.command.DbMigrate      : Schema "PUBLIC" is up to date. No migration necessary.
2026-10-07T07:29:00.921+09:00  INFO [requestId:] 58665 --- [sc-consumer-012] [           main] [                                                 ] o.hibernate.jpa.internal.util.LogHelper  : HHH000204: Processing PersistenceUnitInfo [name: default]
2026-10-07T07:29:00.948+09:00  INFO [requestId:] 58665 --- [sc-consumer-012] [           main] [                                                 ] org.hibernate.Version                    : HHH000412: Hibernate ORM core version 6.6.53.Final
2026-10-07T07:29:00.962+09:00  INFO [requestId:] 58665 --- [sc-consumer-012] [           main] [                                                 ] o.h.c.internal.RegionFactoryInitiator    : HHH000026: Second-level cache disabled
2026-10-07T07:29:01.095+09:00  INFO [requestId:] 58665 --- [sc-consumer-012] [           main] [                                                 ] o.s.o.j.p.SpringPersistenceUnitInfo      : No LoadTimeWeaver setup: ignoring JPA class transformer
2026-10-07T07:29:01.133+09:00  INFO [requestId:] 58665 --- [sc-consumer-012] [           main] [                                                 ] org.hibernate.orm.connections.pooling    : HHH10001005: Database info:
	Database JDBC URL [Connecting through datasource 'HikariDataSource (HikariPool-1)']
	Database driver: undefined/unknown
	Database version: 2.3.232
	Autocommit mode: undefined/unknown
	Isolation level: undefined/unknown
	Minimum pool size: undefined/unknown
	Maximum pool size: undefined/unknown
2026-10-07T07:29:01.472+09:00  INFO [requestId:] 58665 --- [sc-consumer-012] [           main] [                                                 ] o.h.e.t.j.p.i.JtaPlatformInitiator       : HHH000489: No JTA platform available (set 'hibernate.transaction.jta.platform' to enable JTA platform integration)
2026-10-07T07:29:01.480+09:00  INFO [requestId:] 58665 --- [sc-consumer-012] [           main] [                                                 ] j.LocalContainerEntityManagerFactoryBean : Initialized JPA EntityManagerFactory for persistence unit 'default'
2026-10-07T07:29:01.860+09:00  INFO [requestId:] 58665 --- [sc-consumer-012] [           main] [                                                 ] o.s.b.a.w.s.WelcomePageHandlerMapping    : Adding welcome page: class path resource [static/index.html]
2026-10-07T07:29:02.070+09:00  INFO [requestId:] 58665 --- [sc-consumer-012] [           main] [                                                 ] r$InitializeUserDetailsManagerConfigurer : Global AuthenticationManager configured with UserDetailsService bean with name users
2026-10-07T07:29:02.162+09:00  INFO [requestId:] 58665 --- [sc-consumer-012] [           main] [                                                 ] o.s.b.a.e.web.EndpointLinksResolver      : Exposing 1 endpoint beneath base path '/actuator'
2026-10-07T07:29:02.324+09:00  INFO [requestId:] 58665 --- [sc-consumer-012] [           main] [                                                 ] o.s.b.w.embedded.tomcat.TomcatWebServer  : Tomcat started on port 50580 (http) with context path '/'
2026-10-07T07:29:02.335+09:00  INFO [requestId:] 58665 --- [sc-consumer-012] [           main] [                                                 ] d.s.consumer012.GeneratedApplication     : Started GeneratedApplication in 2.993 seconds (process running for 3.225)
2026-10-07T07:29:02.624+09:00  INFO [requestId:] 58665 --- [sc-consumer-012] [1-auto-1-exec-1] [                                                 ] o.a.c.c.C.[Tomcat].[localhost].[/]       : Initializing Spring DispatcherServlet 'dispatcherServlet'
2026-10-07T07:29:02.625+09:00  INFO [requestId:] 58665 --- [sc-consumer-012] [1-auto-1-exec-1] [                                                 ] o.s.web.servlet.DispatcherServlet        : Initializing Servlet 'dispatcherServlet'
2026-10-07T07:29:02.625+09:00  INFO [requestId:] 58665 --- [sc-consumer-012] [1-auto-1-exec-1] [                                                 ] o.s.web.servlet.DispatcherServlet        : Completed initialization in 0 ms
2026-10-07T07:29:02.884+09:00  INFO [requestId:] 58665 --- [sc-consumer-012] [ionShutdownHook] [                                                 ] o.s.b.w.e.tomcat.GracefulShutdown        : Commencing graceful shutdown. Waiting for active requests to complete
2026-10-07T07:29:02.885+09:00  INFO [requestId:] 58665 --- [sc-consumer-012] [tomcat-shutdown] [                                                 ] o.s.b.w.e.tomcat.GracefulShutdown        : Graceful shutdown complete
2026-10-07T07:29:02.889+09:00  INFO [requestId:] 58665 --- [sc-consumer-012] [ionShutdownHook] [                                                 ] j.LocalContainerEntityManagerFactoryBean : Closing JPA EntityManagerFactory for persistence unit 'default'
2026-10-07T07:29:02.891+09:00  INFO [requestId:] 58665 --- [sc-consumer-012] [ionShutdownHook] [                                                 ] com.zaxxer.hikari.HikariDataSource       : HikariPool-1 - Shutdown initiated...
2026-10-07T07:29:03.098+09:00  INFO [requestId:] 58665 --- [sc-consumer-012] [ionShutdownHook] [                                                 ] com.zaxxer.hikari.HikariDataSource       : HikariPool-1 - Shutdown completed.

===== dev,audit / launcher-1.log =====
Bootstrap secret file is ready (value omitted).

  .   ____          _            __ _ _
 /\\ / ___'_ __ _ _(_)_ __  __ _ \ \ \ \
( ( )\___ | '_ | '_| | '_ \/ _` | \ \ \ \
 \\/  ___)| |_)| | | | | || (_| |  ) ) ) )
  '  |____| .__|_| |_|_| |_\__, | / / / /
 =========|_|==============|___/=/_/_/_/

 :: Spring Boot ::               (v3.5.16)

2026-10-07T07:28:55.318+09:00  INFO [requestId:] 58631 --- [sc-consumer-012] [           main] [                                                 ] d.s.consumer012.GeneratedApplication     : Starting GeneratedApplication v1.0.0 using Java 21.0.11 with PID 58631 (<generated-app>/backend/target/sc-consumer-012.jar started by dk in <generated-app>)
2026-10-07T07:28:55.320+09:00  INFO [requestId:] 58631 --- [sc-consumer-012] [           main] [                                                 ] d.s.consumer012.GeneratedApplication     : The following 2 profiles are active: "dev", "audit"
2026-10-07T07:28:55.883+09:00  INFO [requestId:] 58631 --- [sc-consumer-012] [           main] [                                                 ] .s.d.r.c.RepositoryConfigurationDelegate : Bootstrapping Spring Data JPA repositories in DEFAULT mode.
2026-10-07T07:28:55.942+09:00  INFO [requestId:] 58631 --- [sc-consumer-012] [           main] [                                                 ] .s.d.r.c.RepositoryConfigurationDelegate : Finished Spring Data repository scanning in 53 ms. Found 1 JPA repository interface.
2026-10-07T07:28:56.014+09:00  INFO [requestId:] 58631 --- [sc-consumer-012] [           main] [                                                 ] o.s.cloud.context.scope.GenericScope     : BeanFactory id=9e24a9fe-1f88-374b-af7c-731f65943c74
2026-10-07T07:28:56.196+09:00  INFO [requestId:] 58631 --- [sc-consumer-012] [           main] [                                                 ] o.s.b.w.embedded.tomcat.TomcatWebServer  : Tomcat initialized with port 0 (http)
2026-10-07T07:28:56.203+09:00  INFO [requestId:] 58631 --- [sc-consumer-012] [           main] [                                                 ] o.apache.catalina.core.StandardService   : Starting service [Tomcat]
2026-10-07T07:28:56.203+09:00  INFO [requestId:] 58631 --- [sc-consumer-012] [           main] [                                                 ] o.apache.catalina.core.StandardEngine    : Starting Servlet engine: [Apache Tomcat/10.1.55]
2026-10-07T07:28:56.215+09:00  INFO [requestId:] 58631 --- [sc-consumer-012] [           main] [                                                 ] o.a.c.c.C.[Tomcat].[localhost].[/]       : Initializing Spring embedded WebApplicationContext
2026-10-07T07:28:56.216+09:00  INFO [requestId:] 58631 --- [sc-consumer-012] [           main] [                                                 ] w.s.c.ServletWebServerApplicationContext : Root WebApplicationContext: initialization completed in 874 ms
2026-10-07T07:28:56.360+09:00  INFO [requestId:] 58631 --- [sc-consumer-012] [           main] [                                                 ] com.zaxxer.hikari.HikariDataSource       : HikariPool-1 - Starting...
2026-10-07T07:28:56.447+09:00  INFO [requestId:] 58631 --- [sc-consumer-012] [           main] [                                                 ] com.zaxxer.hikari.pool.HikariPool        : HikariPool-1 - Added connection conn0: url=jdbc:h2:file:<isolated-fixture>/data/app user=SA
2026-10-07T07:28:56.448+09:00  INFO [requestId:] 58631 --- [sc-consumer-012] [           main] [                                                 ] com.zaxxer.hikari.HikariDataSource       : HikariPool-1 - Start completed.
2026-10-07T07:28:56.466+09:00  INFO [requestId:] 58631 --- [sc-consumer-012] [           main] [                                                 ] org.flywaydb.core.FlywayExecutor         : Database: jdbc:h2:file:<isolated-fixture>/data/app (H2 2.3)
2026-10-07T07:28:56.477+09:00  INFO [requestId:] 58631 --- [sc-consumer-012] [           main] [                                                 ] o.f.c.i.s.JdbcTableSchemaHistory         : Schema history table "PUBLIC"."flyway_schema_history" does not exist yet
2026-10-07T07:28:56.478+09:00  INFO [requestId:] 58631 --- [sc-consumer-012] [           main] [                                                 ] o.f.core.internal.command.DbValidate     : Successfully validated 2 migrations (execution time 00:00.005s)
2026-10-07T07:28:56.480+09:00  INFO [requestId:] 58631 --- [sc-consumer-012] [           main] [                                                 ] o.f.c.i.s.JdbcTableSchemaHistory         : Creating Schema History table "PUBLIC"."flyway_schema_history" ...
2026-10-07T07:28:56.495+09:00  INFO [requestId:] 58631 --- [sc-consumer-012] [           main] [                                                 ] o.f.core.internal.command.DbMigrate      : Current version of schema "PUBLIC": << Empty Schema >>
2026-10-07T07:28:56.498+09:00  INFO [requestId:] 58631 --- [sc-consumer-012] [           main] [                                                 ] o.f.core.internal.command.DbMigrate      : Migrating schema "PUBLIC" to version "1 - starter notes"
2026-10-07T07:28:56.504+09:00  INFO [requestId:] 58631 --- [sc-consumer-012] [           main] [                                                 ] o.f.core.internal.command.DbMigrate      : Migrating schema "PUBLIC" to version "2 - security audit"
2026-10-07T07:28:56.512+09:00  INFO [requestId:] 58631 --- [sc-consumer-012] [           main] [                                                 ] o.f.core.internal.command.DbMigrate      : Successfully applied 2 migrations to schema "PUBLIC", now at version v2 (execution time 00:00.006s)
2026-10-07T07:28:56.543+09:00  INFO [requestId:] 58631 --- [sc-consumer-012] [           main] [                                                 ] o.hibernate.jpa.internal.util.LogHelper  : HHH000204: Processing PersistenceUnitInfo [name: default]
2026-10-07T07:28:56.568+09:00  INFO [requestId:] 58631 --- [sc-consumer-012] [           main] [                                                 ] org.hibernate.Version                    : HHH000412: Hibernate ORM core version 6.6.53.Final
2026-10-07T07:28:56.583+09:00  INFO [requestId:] 58631 --- [sc-consumer-012] [           main] [                                                 ] o.h.c.internal.RegionFactoryInitiator    : HHH000026: Second-level cache disabled
2026-10-07T07:28:56.725+09:00  INFO [requestId:] 58631 --- [sc-consumer-012] [           main] [                                                 ] o.s.o.j.p.SpringPersistenceUnitInfo      : No LoadTimeWeaver setup: ignoring JPA class transformer
2026-10-07T07:28:56.766+09:00  INFO [requestId:] 58631 --- [sc-consumer-012] [           main] [                                                 ] org.hibernate.orm.connections.pooling    : HHH10001005: Database info:
	Database JDBC URL [Connecting through datasource 'HikariDataSource (HikariPool-1)']
	Database driver: undefined/unknown
	Database version: 2.3.232
	Autocommit mode: undefined/unknown
	Isolation level: undefined/unknown
	Minimum pool size: undefined/unknown
	Maximum pool size: undefined/unknown
2026-10-07T07:28:57.112+09:00  INFO [requestId:] 58631 --- [sc-consumer-012] [           main] [                                                 ] o.h.e.t.j.p.i.JtaPlatformInitiator       : HHH000489: No JTA platform available (set 'hibernate.transaction.jta.platform' to enable JTA platform integration)
2026-10-07T07:28:57.120+09:00  INFO [requestId:] 58631 --- [sc-consumer-012] [           main] [                                                 ] j.LocalContainerEntityManagerFactoryBean : Initialized JPA EntityManagerFactory for persistence unit 'default'
2026-10-07T07:28:57.492+09:00  INFO [requestId:] 58631 --- [sc-consumer-012] [           main] [                                                 ] o.s.b.a.w.s.WelcomePageHandlerMapping    : Adding welcome page: class path resource [static/index.html]
2026-10-07T07:28:57.671+09:00  INFO [requestId:] 58631 --- [sc-consumer-012] [           main] [                                                 ] r$InitializeUserDetailsManagerConfigurer : Global AuthenticationManager configured with UserDetailsService bean with name users
2026-10-07T07:28:57.736+09:00  INFO [requestId:] 58631 --- [sc-consumer-012] [           main] [                                                 ] o.s.b.a.e.web.EndpointLinksResolver      : Exposing 1 endpoint beneath base path '/actuator'
2026-10-07T07:28:57.886+09:00  INFO [requestId:] 58631 --- [sc-consumer-012] [           main] [                                                 ] o.s.b.w.embedded.tomcat.TomcatWebServer  : Tomcat started on port 50563 (http) with context path '/'
2026-10-07T07:28:57.896+09:00  INFO [requestId:] 58631 --- [sc-consumer-012] [           main] [                                                 ] d.s.consumer012.GeneratedApplication     : Started GeneratedApplication in 2.858 seconds (process running for 3.082)
2026-10-07T07:28:58.081+09:00  INFO [requestId:] 58631 --- [sc-consumer-012] [1-auto-1-exec-1] [                                                 ] o.a.c.c.C.[Tomcat].[localhost].[/]       : Initializing Spring DispatcherServlet 'dispatcherServlet'
2026-10-07T07:28:58.082+09:00  INFO [requestId:] 58631 --- [sc-consumer-012] [1-auto-1-exec-1] [                                                 ] o.s.web.servlet.DispatcherServlet        : Initializing Servlet 'dispatcherServlet'
2026-10-07T07:28:58.082+09:00  INFO [requestId:] 58631 --- [sc-consumer-012] [1-auto-1-exec-1] [                                                 ] o.s.web.servlet.DispatcherServlet        : Completed initialization in 0 ms
2026-10-07T07:28:58.504+09:00  INFO [requestId:19a6a194-9242-4f36-a76e-348758fa9c59] 58631 --- [sc-consumer-012] [1-auto-1-exec-2] [                                                 ] o.springdoc.api.AbstractOpenApiResource  : Init duration for springdoc-openapi is: 83 ms
2026-10-07T07:28:58.530+09:00  INFO [requestId:] 58631 --- [sc-consumer-012] [ionShutdownHook] [                                                 ] o.s.b.w.e.tomcat.GracefulShutdown        : Commencing graceful shutdown. Waiting for active requests to complete
2026-10-07T07:28:58.532+09:00  INFO [requestId:] 58631 --- [sc-consumer-012] [tomcat-shutdown] [                                                 ] o.s.b.w.e.tomcat.GracefulShutdown        : Graceful shutdown complete
2026-10-07T07:28:58.536+09:00  INFO [requestId:] 58631 --- [sc-consumer-012] [ionShutdownHook] [                                                 ] j.LocalContainerEntityManagerFactoryBean : Closing JPA EntityManagerFactory for persistence unit 'default'
2026-10-07T07:28:58.537+09:00  INFO [requestId:] 58631 --- [sc-consumer-012] [ionShutdownHook] [                                                 ] com.zaxxer.hikari.HikariDataSource       : HikariPool-1 - Shutdown initiated...
2026-10-07T07:28:58.609+09:00  INFO [requestId:] 58631 --- [sc-consumer-012] [ionShutdownHook] [                                                 ] com.zaxxer.hikari.HikariDataSource       : HikariPool-1 - Shutdown completed.

===== dev,audit / app.log =====
2026-10-07T07:28:55.318+09:00  INFO [requestId:] 58631 --- [sc-consumer-012] [main] [                                                 ] d.s.consumer012.GeneratedApplication     : Starting GeneratedApplication v1.0.0 using Java 21.0.11 with PID 58631 (<generated-app>/backend/target/sc-consumer-012.jar started by dk in <generated-app>)
2026-10-07T07:28:55.320+09:00  INFO [requestId:] 58631 --- [sc-consumer-012] [main] [                                                 ] d.s.consumer012.GeneratedApplication     : The following 2 profiles are active: "dev", "audit"
2026-10-07T07:28:55.883+09:00  INFO [requestId:] 58631 --- [sc-consumer-012] [main] [                                                 ] .s.d.r.c.RepositoryConfigurationDelegate : Bootstrapping Spring Data JPA repositories in DEFAULT mode.
2026-10-07T07:28:55.942+09:00  INFO [requestId:] 58631 --- [sc-consumer-012] [main] [                                                 ] .s.d.r.c.RepositoryConfigurationDelegate : Finished Spring Data repository scanning in 53 ms. Found 1 JPA repository interface.
2026-10-07T07:28:56.014+09:00  INFO [requestId:] 58631 --- [sc-consumer-012] [main] [                                                 ] o.s.cloud.context.scope.GenericScope     : BeanFactory id=9e24a9fe-1f88-374b-af7c-731f65943c74
2026-10-07T07:28:56.196+09:00  INFO [requestId:] 58631 --- [sc-consumer-012] [main] [                                                 ] o.s.b.w.embedded.tomcat.TomcatWebServer  : Tomcat initialized with port 0 (http)
2026-10-07T07:28:56.203+09:00  INFO [requestId:] 58631 --- [sc-consumer-012] [main] [                                                 ] o.apache.catalina.core.StandardService   : Starting service [Tomcat]
2026-10-07T07:28:56.203+09:00  INFO [requestId:] 58631 --- [sc-consumer-012] [main] [                                                 ] o.apache.catalina.core.StandardEngine    : Starting Servlet engine: [Apache Tomcat/10.1.55]
2026-10-07T07:28:56.215+09:00  INFO [requestId:] 58631 --- [sc-consumer-012] [main] [                                                 ] o.a.c.c.C.[Tomcat].[localhost].[/]       : Initializing Spring embedded WebApplicationContext
2026-10-07T07:28:56.216+09:00  INFO [requestId:] 58631 --- [sc-consumer-012] [main] [                                                 ] w.s.c.ServletWebServerApplicationContext : Root WebApplicationContext: initialization completed in 874 ms
2026-10-07T07:28:56.360+09:00  INFO [requestId:] 58631 --- [sc-consumer-012] [main] [                                                 ] com.zaxxer.hikari.HikariDataSource       : HikariPool-1 - Starting...
2026-10-07T07:28:56.447+09:00  INFO [requestId:] 58631 --- [sc-consumer-012] [main] [                                                 ] com.zaxxer.hikari.pool.HikariPool        : HikariPool-1 - Added connection conn0: url=jdbc:h2:file:<isolated-fixture>/data/app user=SA
2026-10-07T07:28:56.448+09:00  INFO [requestId:] 58631 --- [sc-consumer-012] [main] [                                                 ] com.zaxxer.hikari.HikariDataSource       : HikariPool-1 - Start completed.
2026-10-07T07:28:56.466+09:00  INFO [requestId:] 58631 --- [sc-consumer-012] [main] [                                                 ] org.flywaydb.core.FlywayExecutor         : Database: jdbc:h2:file:<isolated-fixture>/data/app (H2 2.3)
2026-10-07T07:28:56.477+09:00  INFO [requestId:] 58631 --- [sc-consumer-012] [main] [                                                 ] o.f.c.i.s.JdbcTableSchemaHistory         : Schema history table "PUBLIC"."flyway_schema_history" does not exist yet
2026-10-07T07:28:56.478+09:00  INFO [requestId:] 58631 --- [sc-consumer-012] [main] [                                                 ] o.f.core.internal.command.DbValidate     : Successfully validated 2 migrations (execution time 00:00.005s)
2026-10-07T07:28:56.480+09:00  INFO [requestId:] 58631 --- [sc-consumer-012] [main] [                                                 ] o.f.c.i.s.JdbcTableSchemaHistory         : Creating Schema History table "PUBLIC"."flyway_schema_history" ...
2026-10-07T07:28:56.495+09:00  INFO [requestId:] 58631 --- [sc-consumer-012] [main] [                                                 ] o.f.core.internal.command.DbMigrate      : Current version of schema "PUBLIC": << Empty Schema >>
2026-10-07T07:28:56.498+09:00  INFO [requestId:] 58631 --- [sc-consumer-012] [main] [                                                 ] o.f.core.internal.command.DbMigrate      : Migrating schema "PUBLIC" to version "1 - starter notes"
2026-10-07T07:28:56.504+09:00  INFO [requestId:] 58631 --- [sc-consumer-012] [main] [                                                 ] o.f.core.internal.command.DbMigrate      : Migrating schema "PUBLIC" to version "2 - security audit"
2026-10-07T07:28:56.512+09:00  INFO [requestId:] 58631 --- [sc-consumer-012] [main] [                                                 ] o.f.core.internal.command.DbMigrate      : Successfully applied 2 migrations to schema "PUBLIC", now at version v2 (execution time 00:00.006s)
2026-10-07T07:28:56.543+09:00  INFO [requestId:] 58631 --- [sc-consumer-012] [main] [                                                 ] o.hibernate.jpa.internal.util.LogHelper  : HHH000204: Processing PersistenceUnitInfo [name: default]
2026-10-07T07:28:56.568+09:00  INFO [requestId:] 58631 --- [sc-consumer-012] [main] [                                                 ] org.hibernate.Version                    : HHH000412: Hibernate ORM core version 6.6.53.Final
2026-10-07T07:28:56.583+09:00  INFO [requestId:] 58631 --- [sc-consumer-012] [main] [                                                 ] o.h.c.internal.RegionFactoryInitiator    : HHH000026: Second-level cache disabled
2026-10-07T07:28:56.725+09:00  INFO [requestId:] 58631 --- [sc-consumer-012] [main] [                                                 ] o.s.o.j.p.SpringPersistenceUnitInfo      : No LoadTimeWeaver setup: ignoring JPA class transformer
2026-10-07T07:28:56.766+09:00  INFO [requestId:] 58631 --- [sc-consumer-012] [main] [                                                 ] org.hibernate.orm.connections.pooling    : HHH10001005: Database info:
	Database JDBC URL [Connecting through datasource 'HikariDataSource (HikariPool-1)']
	Database driver: undefined/unknown
	Database version: 2.3.232
	Autocommit mode: undefined/unknown
	Isolation level: undefined/unknown
	Minimum pool size: undefined/unknown
	Maximum pool size: undefined/unknown
2026-10-07T07:28:57.112+09:00  INFO [requestId:] 58631 --- [sc-consumer-012] [main] [                                                 ] o.h.e.t.j.p.i.JtaPlatformInitiator       : HHH000489: No JTA platform available (set 'hibernate.transaction.jta.platform' to enable JTA platform integration)
2026-10-07T07:28:57.120+09:00  INFO [requestId:] 58631 --- [sc-consumer-012] [main] [                                                 ] j.LocalContainerEntityManagerFactoryBean : Initialized JPA EntityManagerFactory for persistence unit 'default'
2026-10-07T07:28:57.492+09:00  INFO [requestId:] 58631 --- [sc-consumer-012] [main] [                                                 ] o.s.b.a.w.s.WelcomePageHandlerMapping    : Adding welcome page: class path resource [static/index.html]
2026-10-07T07:28:57.671+09:00  INFO [requestId:] 58631 --- [sc-consumer-012] [main] [                                                 ] r$InitializeUserDetailsManagerConfigurer : Global AuthenticationManager configured with UserDetailsService bean with name users
2026-10-07T07:28:57.736+09:00  INFO [requestId:] 58631 --- [sc-consumer-012] [main] [                                                 ] o.s.b.a.e.web.EndpointLinksResolver      : Exposing 1 endpoint beneath base path '/actuator'
2026-10-07T07:28:57.886+09:00  INFO [requestId:] 58631 --- [sc-consumer-012] [main] [                                                 ] o.s.b.w.embedded.tomcat.TomcatWebServer  : Tomcat started on port 50563 (http) with context path '/'
2026-10-07T07:28:57.896+09:00  INFO [requestId:] 58631 --- [sc-consumer-012] [main] [                                                 ] d.s.consumer012.GeneratedApplication     : Started GeneratedApplication in 2.858 seconds (process running for 3.082)
2026-10-07T07:28:58.081+09:00  INFO [requestId:] 58631 --- [sc-consumer-012] [http-nio-127.0.0.1-auto-1-exec-1] [                                                 ] o.a.c.c.C.[Tomcat].[localhost].[/]       : Initializing Spring DispatcherServlet 'dispatcherServlet'
2026-10-07T07:28:58.082+09:00  INFO [requestId:] 58631 --- [sc-consumer-012] [http-nio-127.0.0.1-auto-1-exec-1] [                                                 ] o.s.web.servlet.DispatcherServlet        : Initializing Servlet 'dispatcherServlet'
2026-10-07T07:28:58.082+09:00  INFO [requestId:] 58631 --- [sc-consumer-012] [http-nio-127.0.0.1-auto-1-exec-1] [                                                 ] o.s.web.servlet.DispatcherServlet        : Completed initialization in 0 ms
2026-10-07T07:28:58.504+09:00  INFO [requestId:19a6a194-9242-4f36-a76e-348758fa9c59] 58631 --- [sc-consumer-012] [http-nio-127.0.0.1-auto-1-exec-2] [                                                 ] o.springdoc.api.AbstractOpenApiResource  : Init duration for springdoc-openapi is: 83 ms
2026-10-07T07:28:58.530+09:00  INFO [requestId:] 58631 --- [sc-consumer-012] [SpringApplicationShutdownHook] [                                                 ] o.s.b.w.e.tomcat.GracefulShutdown        : Commencing graceful shutdown. Waiting for active requests to complete
2026-10-07T07:28:58.532+09:00  INFO [requestId:] 58631 --- [sc-consumer-012] [tomcat-shutdown] [                                                 ] o.s.b.w.e.tomcat.GracefulShutdown        : Graceful shutdown complete
2026-10-07T07:28:58.536+09:00  INFO [requestId:] 58631 --- [sc-consumer-012] [SpringApplicationShutdownHook] [                                                 ] j.LocalContainerEntityManagerFactoryBean : Closing JPA EntityManagerFactory for persistence unit 'default'
2026-10-07T07:28:58.537+09:00  INFO [requestId:] 58631 --- [sc-consumer-012] [SpringApplicationShutdownHook] [                                                 ] com.zaxxer.hikari.HikariDataSource       : HikariPool-1 - Shutdown initiated...
2026-10-07T07:28:58.609+09:00  INFO [requestId:] 58631 --- [sc-consumer-012] [SpringApplicationShutdownHook] [                                                 ] com.zaxxer.hikari.HikariDataSource       : HikariPool-1 - Shutdown completed.
2026-10-07T07:28:59.632+09:00  INFO [requestId:] 58665 --- [sc-consumer-012] [main] [                                                 ] d.s.consumer012.GeneratedApplication     : Starting GeneratedApplication v1.0.0 using Java 21.0.11 with PID 58665 (<generated-app>/backend/target/sc-consumer-012.jar started by dk in <generated-app>)
2026-10-07T07:28:59.634+09:00  INFO [requestId:] 58665 --- [sc-consumer-012] [main] [                                                 ] d.s.consumer012.GeneratedApplication     : The following 2 profiles are active: "dev", "audit"
2026-10-07T07:29:00.253+09:00  INFO [requestId:] 58665 --- [sc-consumer-012] [main] [                                                 ] .s.d.r.c.RepositoryConfigurationDelegate : Bootstrapping Spring Data JPA repositories in DEFAULT mode.
2026-10-07T07:29:00.314+09:00  INFO [requestId:] 58665 --- [sc-consumer-012] [main] [                                                 ] .s.d.r.c.RepositoryConfigurationDelegate : Finished Spring Data repository scanning in 56 ms. Found 1 JPA repository interface.
2026-10-07T07:29:00.385+09:00  INFO [requestId:] 58665 --- [sc-consumer-012] [main] [                                                 ] o.s.cloud.context.scope.GenericScope     : BeanFactory id=9e24a9fe-1f88-374b-af7c-731f65943c74
2026-10-07T07:29:00.574+09:00  INFO [requestId:] 58665 --- [sc-consumer-012] [main] [                                                 ] o.s.b.w.embedded.tomcat.TomcatWebServer  : Tomcat initialized with port 0 (http)
2026-10-07T07:29:00.582+09:00  INFO [requestId:] 58665 --- [sc-consumer-012] [main] [                                                 ] o.apache.catalina.core.StandardService   : Starting service [Tomcat]
2026-10-07T07:29:00.582+09:00  INFO [requestId:] 58665 --- [sc-consumer-012] [main] [                                                 ] o.apache.catalina.core.StandardEngine    : Starting Servlet engine: [Apache Tomcat/10.1.55]
2026-10-07T07:29:00.596+09:00  INFO [requestId:] 58665 --- [sc-consumer-012] [main] [                                                 ] o.a.c.c.C.[Tomcat].[localhost].[/]       : Initializing Spring embedded WebApplicationContext
2026-10-07T07:29:00.597+09:00  INFO [requestId:] 58665 --- [sc-consumer-012] [main] [                                                 ] w.s.c.ServletWebServerApplicationContext : Root WebApplicationContext: initialization completed in 942 ms
2026-10-07T07:29:00.747+09:00  INFO [requestId:] 58665 --- [sc-consumer-012] [main] [                                                 ] com.zaxxer.hikari.HikariDataSource       : HikariPool-1 - Starting...
2026-10-07T07:29:00.851+09:00  INFO [requestId:] 58665 --- [sc-consumer-012] [main] [                                                 ] com.zaxxer.hikari.pool.HikariPool        : HikariPool-1 - Added connection conn0: url=jdbc:h2:file:<isolated-fixture>/data/app user=SA
2026-10-07T07:29:00.851+09:00  INFO [requestId:] 58665 --- [sc-consumer-012] [main] [                                                 ] com.zaxxer.hikari.HikariDataSource       : HikariPool-1 - Start completed.
2026-10-07T07:29:00.869+09:00  INFO [requestId:] 58665 --- [sc-consumer-012] [main] [                                                 ] org.flywaydb.core.FlywayExecutor         : Database: jdbc:h2:file:<isolated-fixture>/data/app (H2 2.3)
2026-10-07T07:29:00.885+09:00  INFO [requestId:] 58665 --- [sc-consumer-012] [main] [                                                 ] o.f.core.internal.command.DbValidate     : Successfully validated 2 migrations (execution time 00:00.009s)
2026-10-07T07:29:00.888+09:00  INFO [requestId:] 58665 --- [sc-consumer-012] [main] [                                                 ] o.f.core.internal.command.DbMigrate      : Current version of schema "PUBLIC": 2
2026-10-07T07:29:00.889+09:00  INFO [requestId:] 58665 --- [sc-consumer-012] [main] [                                                 ] o.f.core.internal.command.DbMigrate      : Schema "PUBLIC" is up to date. No migration necessary.
2026-10-07T07:29:00.921+09:00  INFO [requestId:] 58665 --- [sc-consumer-012] [main] [                                                 ] o.hibernate.jpa.internal.util.LogHelper  : HHH000204: Processing PersistenceUnitInfo [name: default]
2026-10-07T07:29:00.948+09:00  INFO [requestId:] 58665 --- [sc-consumer-012] [main] [                                                 ] org.hibernate.Version                    : HHH000412: Hibernate ORM core version 6.6.53.Final
2026-10-07T07:29:00.962+09:00  INFO [requestId:] 58665 --- [sc-consumer-012] [main] [                                                 ] o.h.c.internal.RegionFactoryInitiator    : HHH000026: Second-level cache disabled
2026-10-07T07:29:01.095+09:00  INFO [requestId:] 58665 --- [sc-consumer-012] [main] [                                                 ] o.s.o.j.p.SpringPersistenceUnitInfo      : No LoadTimeWeaver setup: ignoring JPA class transformer
2026-10-07T07:29:01.133+09:00  INFO [requestId:] 58665 --- [sc-consumer-012] [main] [                                                 ] org.hibernate.orm.connections.pooling    : HHH10001005: Database info:
	Database JDBC URL [Connecting through datasource 'HikariDataSource (HikariPool-1)']
	Database driver: undefined/unknown
	Database version: 2.3.232
	Autocommit mode: undefined/unknown
	Isolation level: undefined/unknown
	Minimum pool size: undefined/unknown
	Maximum pool size: undefined/unknown
2026-10-07T07:29:01.472+09:00  INFO [requestId:] 58665 --- [sc-consumer-012] [main] [                                                 ] o.h.e.t.j.p.i.JtaPlatformInitiator       : HHH000489: No JTA platform available (set 'hibernate.transaction.jta.platform' to enable JTA platform integration)
2026-10-07T07:29:01.480+09:00  INFO [requestId:] 58665 --- [sc-consumer-012] [main] [                                                 ] j.LocalContainerEntityManagerFactoryBean : Initialized JPA EntityManagerFactory for persistence unit 'default'
2026-10-07T07:29:01.860+09:00  INFO [requestId:] 58665 --- [sc-consumer-012] [main] [                                                 ] o.s.b.a.w.s.WelcomePageHandlerMapping    : Adding welcome page: class path resource [static/index.html]
2026-10-07T07:29:02.070+09:00  INFO [requestId:] 58665 --- [sc-consumer-012] [main] [                                                 ] r$InitializeUserDetailsManagerConfigurer : Global AuthenticationManager configured with UserDetailsService bean with name users
2026-10-07T07:29:02.162+09:00  INFO [requestId:] 58665 --- [sc-consumer-012] [main] [                                                 ] o.s.b.a.e.web.EndpointLinksResolver      : Exposing 1 endpoint beneath base path '/actuator'
2026-10-07T07:29:02.324+09:00  INFO [requestId:] 58665 --- [sc-consumer-012] [main] [                                                 ] o.s.b.w.embedded.tomcat.TomcatWebServer  : Tomcat started on port 50580 (http) with context path '/'
2026-10-07T07:29:02.335+09:00  INFO [requestId:] 58665 --- [sc-consumer-012] [main] [                                                 ] d.s.consumer012.GeneratedApplication     : Started GeneratedApplication in 2.993 seconds (process running for 3.225)
2026-10-07T07:29:02.624+09:00  INFO [requestId:] 58665 --- [sc-consumer-012] [http-nio-127.0.0.1-auto-1-exec-1] [                                                 ] o.a.c.c.C.[Tomcat].[localhost].[/]       : Initializing Spring DispatcherServlet 'dispatcherServlet'
2026-10-07T07:29:02.625+09:00  INFO [requestId:] 58665 --- [sc-consumer-012] [http-nio-127.0.0.1-auto-1-exec-1] [                                                 ] o.s.web.servlet.DispatcherServlet        : Initializing Servlet 'dispatcherServlet'
2026-10-07T07:29:02.625+09:00  INFO [requestId:] 58665 --- [sc-consumer-012] [http-nio-127.0.0.1-auto-1-exec-1] [                                                 ] o.s.web.servlet.DispatcherServlet        : Completed initialization in 0 ms
2026-10-07T07:29:02.884+09:00  INFO [requestId:] 58665 --- [sc-consumer-012] [SpringApplicationShutdownHook] [                                                 ] o.s.b.w.e.tomcat.GracefulShutdown        : Commencing graceful shutdown. Waiting for active requests to complete
2026-10-07T07:29:02.885+09:00  INFO [requestId:] 58665 --- [sc-consumer-012] [tomcat-shutdown] [                                                 ] o.s.b.w.e.tomcat.GracefulShutdown        : Graceful shutdown complete
2026-10-07T07:29:02.889+09:00  INFO [requestId:] 58665 --- [sc-consumer-012] [SpringApplicationShutdownHook] [                                                 ] j.LocalContainerEntityManagerFactoryBean : Closing JPA EntityManagerFactory for persistence unit 'default'
2026-10-07T07:29:02.891+09:00  INFO [requestId:] 58665 --- [sc-consumer-012] [SpringApplicationShutdownHook] [                                                 ] com.zaxxer.hikari.HikariDataSource       : HikariPool-1 - Shutdown initiated...
2026-10-07T07:29:03.098+09:00  INFO [requestId:] 58665 --- [sc-consumer-012] [SpringApplicationShutdownHook] [                                                 ] com.zaxxer.hikari.HikariDataSource       : HikariPool-1 - Shutdown completed.

===== audit,file-storage / launcher-2.log =====
Bootstrap secret file is ready (value omitted).

  .   ____          _            __ _ _
 /\\ / ___'_ __ _ _(_)_ __  __ _ \ \ \ \
( ( )\___ | '_ | '_| | '_ \/ _` | \ \ \ \
 \\/  ___)| |_)| | | | | || (_| |  ) ) ) )
  '  |____| .__|_| |_|_| |_\__, | / / / /
 =========|_|==============|___/=/_/_/_/

 :: Spring Boot ::               (v3.5.16)

2026-10-07T07:28:51.120+09:00  INFO [requestId:] 58607 --- [sc-consumer-012] [           main] [                                                 ] d.s.consumer012.GeneratedApplication     : Starting GeneratedApplication v1.0.0 using Java 21.0.11 with PID 58607 (<generated-app>/backend/target/sc-consumer-012.jar started by dk in <generated-app>)
2026-10-07T07:28:51.122+09:00  INFO [requestId:] 58607 --- [sc-consumer-012] [           main] [                                                 ] d.s.consumer012.GeneratedApplication     : The following 2 profiles are active: "audit", "file-storage"
2026-10-07T07:28:51.762+09:00  INFO [requestId:] 58607 --- [sc-consumer-012] [           main] [                                                 ] .s.d.r.c.RepositoryConfigurationDelegate : Bootstrapping Spring Data JPA repositories in DEFAULT mode.
2026-10-07T07:28:51.825+09:00  INFO [requestId:] 58607 --- [sc-consumer-012] [           main] [                                                 ] .s.d.r.c.RepositoryConfigurationDelegate : Finished Spring Data repository scanning in 57 ms. Found 1 JPA repository interface.
2026-10-07T07:28:51.898+09:00  INFO [requestId:] 58607 --- [sc-consumer-012] [           main] [                                                 ] o.s.cloud.context.scope.GenericScope     : BeanFactory id=da8f8592-8869-35fe-b916-e1a3a8fa717d
2026-10-07T07:28:52.091+09:00  INFO [requestId:] 58607 --- [sc-consumer-012] [           main] [                                                 ] o.s.b.w.embedded.tomcat.TomcatWebServer  : Tomcat initialized with port 0 (http)
2026-10-07T07:28:52.098+09:00  INFO [requestId:] 58607 --- [sc-consumer-012] [           main] [                                                 ] o.apache.catalina.core.StandardService   : Starting service [Tomcat]
2026-10-07T07:28:52.098+09:00  INFO [requestId:] 58607 --- [sc-consumer-012] [           main] [                                                 ] o.apache.catalina.core.StandardEngine    : Starting Servlet engine: [Apache Tomcat/10.1.55]
2026-10-07T07:28:52.111+09:00  INFO [requestId:] 58607 --- [sc-consumer-012] [           main] [                                                 ] o.a.c.c.C.[Tomcat].[localhost].[/]       : Initializing Spring embedded WebApplicationContext
2026-10-07T07:28:52.111+09:00  INFO [requestId:] 58607 --- [sc-consumer-012] [           main] [                                                 ] w.s.c.ServletWebServerApplicationContext : Root WebApplicationContext: initialization completed in 964 ms
2026-10-07T07:28:52.258+09:00  INFO [requestId:] 58607 --- [sc-consumer-012] [           main] [                                                 ] com.zaxxer.hikari.HikariDataSource       : HikariPool-1 - Starting...
2026-10-07T07:28:52.365+09:00  INFO [requestId:] 58607 --- [sc-consumer-012] [           main] [                                                 ] com.zaxxer.hikari.pool.HikariPool        : HikariPool-1 - Added connection conn0: url=jdbc:h2:file:<isolated-fixture>/data/app user=SA
2026-10-07T07:28:52.365+09:00  INFO [requestId:] 58607 --- [sc-consumer-012] [           main] [                                                 ] com.zaxxer.hikari.HikariDataSource       : HikariPool-1 - Start completed.
2026-10-07T07:28:52.385+09:00  INFO [requestId:] 58607 --- [sc-consumer-012] [           main] [                                                 ] org.flywaydb.core.FlywayExecutor         : Database: jdbc:h2:file:<isolated-fixture>/data/app (H2 2.3)
2026-10-07T07:28:52.402+09:00  INFO [requestId:] 58607 --- [sc-consumer-012] [           main] [                                                 ] o.f.core.internal.command.DbValidate     : Successfully validated 2 migrations (execution time 00:00.009s)
2026-10-07T07:28:52.405+09:00  INFO [requestId:] 58607 --- [sc-consumer-012] [           main] [                                                 ] o.f.core.internal.command.DbMigrate      : Current version of schema "PUBLIC": 2
2026-10-07T07:28:52.406+09:00  INFO [requestId:] 58607 --- [sc-consumer-012] [           main] [                                                 ] o.f.core.internal.command.DbMigrate      : Schema "PUBLIC" is up to date. No migration necessary.
2026-10-07T07:28:52.441+09:00  INFO [requestId:] 58607 --- [sc-consumer-012] [           main] [                                                 ] o.hibernate.jpa.internal.util.LogHelper  : HHH000204: Processing PersistenceUnitInfo [name: default]
2026-10-07T07:28:52.466+09:00  INFO [requestId:] 58607 --- [sc-consumer-012] [           main] [                                                 ] org.hibernate.Version                    : HHH000412: Hibernate ORM core version 6.6.53.Final
2026-10-07T07:28:52.481+09:00  INFO [requestId:] 58607 --- [sc-consumer-012] [           main] [                                                 ] o.h.c.internal.RegionFactoryInitiator    : HHH000026: Second-level cache disabled
2026-10-07T07:28:52.611+09:00  INFO [requestId:] 58607 --- [sc-consumer-012] [           main] [                                                 ] o.s.o.j.p.SpringPersistenceUnitInfo      : No LoadTimeWeaver setup: ignoring JPA class transformer
2026-10-07T07:28:52.642+09:00  INFO [requestId:] 58607 --- [sc-consumer-012] [           main] [                                                 ] org.hibernate.orm.connections.pooling    : HHH10001005: Database info:
	Database JDBC URL [Connecting through datasource 'HikariDataSource (HikariPool-1)']
	Database driver: undefined/unknown
	Database version: 2.3.232
	Autocommit mode: undefined/unknown
	Isolation level: undefined/unknown
	Minimum pool size: undefined/unknown
	Maximum pool size: undefined/unknown
2026-10-07T07:28:52.982+09:00  INFO [requestId:] 58607 --- [sc-consumer-012] [           main] [                                                 ] o.h.e.t.j.p.i.JtaPlatformInitiator       : HHH000489: No JTA platform available (set 'hibernate.transaction.jta.platform' to enable JTA platform integration)
2026-10-07T07:28:52.990+09:00  INFO [requestId:] 58607 --- [sc-consumer-012] [           main] [                                                 ] j.LocalContainerEntityManagerFactoryBean : Initialized JPA EntityManagerFactory for persistence unit 'default'
2026-10-07T07:28:53.337+09:00  INFO [requestId:] 58607 --- [sc-consumer-012] [           main] [                                                 ] o.s.b.a.w.s.WelcomePageHandlerMapping    : Adding welcome page: class path resource [static/index.html]
2026-10-07T07:28:53.460+09:00  INFO [requestId:] 58607 --- [sc-consumer-012] [           main] [                                                 ] r$InitializeUserDetailsManagerConfigurer : Global AuthenticationManager configured with UserDetailsService bean with name users
2026-10-07T07:28:53.525+09:00  INFO [requestId:] 58607 --- [sc-consumer-012] [           main] [                                                 ] o.s.b.a.e.web.EndpointLinksResolver      : Exposing 1 endpoint beneath base path '/actuator'
2026-10-07T07:28:53.653+09:00  INFO [requestId:] 58607 --- [sc-consumer-012] [           main] [                                                 ] o.s.b.w.embedded.tomcat.TomcatWebServer  : Tomcat started on port 50552 (http) with context path '/'
2026-10-07T07:28:53.664+09:00  INFO [requestId:] 58607 --- [sc-consumer-012] [           main] [                                                 ] d.s.consumer012.GeneratedApplication     : Started GeneratedApplication in 2.843 seconds (process running for 3.078)
2026-10-07T07:28:53.841+09:00  INFO [requestId:] 58607 --- [sc-consumer-012] [1-auto-1-exec-1] [                                                 ] o.a.c.c.C.[Tomcat].[localhost].[/]       : Initializing Spring DispatcherServlet 'dispatcherServlet'
2026-10-07T07:28:53.842+09:00  INFO [requestId:] 58607 --- [sc-consumer-012] [1-auto-1-exec-1] [                                                 ] o.s.web.servlet.DispatcherServlet        : Initializing Servlet 'dispatcherServlet'
2026-10-07T07:28:53.842+09:00  INFO [requestId:] 58607 --- [sc-consumer-012] [1-auto-1-exec-1] [                                                 ] o.s.web.servlet.DispatcherServlet        : Completed initialization in 0 ms
2026-10-07T07:28:54.112+09:00  INFO [requestId:] 58607 --- [sc-consumer-012] [ionShutdownHook] [                                                 ] o.s.b.w.e.tomcat.GracefulShutdown        : Commencing graceful shutdown. Waiting for active requests to complete
2026-10-07T07:28:54.114+09:00  INFO [requestId:] 58607 --- [sc-consumer-012] [tomcat-shutdown] [                                                 ] o.s.b.w.e.tomcat.GracefulShutdown        : Graceful shutdown complete
2026-10-07T07:28:54.118+09:00  INFO [requestId:] 58607 --- [sc-consumer-012] [ionShutdownHook] [                                                 ] j.LocalContainerEntityManagerFactoryBean : Closing JPA EntityManagerFactory for persistence unit 'default'
2026-10-07T07:28:54.119+09:00  INFO [requestId:] 58607 --- [sc-consumer-012] [ionShutdownHook] [                                                 ] com.zaxxer.hikari.HikariDataSource       : HikariPool-1 - Shutdown initiated...
2026-10-07T07:28:54.337+09:00  INFO [requestId:] 58607 --- [sc-consumer-012] [ionShutdownHook] [                                                 ] com.zaxxer.hikari.HikariDataSource       : HikariPool-1 - Shutdown completed.

===== audit,file-storage / launcher-1.log =====
Bootstrap secret file is ready (value omitted).

  .   ____          _            __ _ _
 /\\ / ___'_ __ _ _(_)_ __  __ _ \ \ \ \
( ( )\___ | '_ | '_| | '_ \/ _` | \ \ \ \
 \\/  ___)| |_)| | | | | || (_| |  ) ) ) )
  '  |____| .__|_| |_|_| |_\__, | / / / /
 =========|_|==============|___/=/_/_/_/

 :: Spring Boot ::               (v3.5.16)

2026-10-07T07:28:46.839+09:00  INFO [requestId:] 58573 --- [sc-consumer-012] [           main] [                                                 ] d.s.consumer012.GeneratedApplication     : Starting GeneratedApplication v1.0.0 using Java 21.0.11 with PID 58573 (<generated-app>/backend/target/sc-consumer-012.jar started by dk in <generated-app>)
2026-10-07T07:28:46.840+09:00  INFO [requestId:] 58573 --- [sc-consumer-012] [           main] [                                                 ] d.s.consumer012.GeneratedApplication     : The following 2 profiles are active: "audit", "file-storage"
2026-10-07T07:28:47.397+09:00  INFO [requestId:] 58573 --- [sc-consumer-012] [           main] [                                                 ] .s.d.r.c.RepositoryConfigurationDelegate : Bootstrapping Spring Data JPA repositories in DEFAULT mode.
2026-10-07T07:28:47.456+09:00  INFO [requestId:] 58573 --- [sc-consumer-012] [           main] [                                                 ] .s.d.r.c.RepositoryConfigurationDelegate : Finished Spring Data repository scanning in 54 ms. Found 1 JPA repository interface.
2026-10-07T07:28:47.531+09:00  INFO [requestId:] 58573 --- [sc-consumer-012] [           main] [                                                 ] o.s.cloud.context.scope.GenericScope     : BeanFactory id=da8f8592-8869-35fe-b916-e1a3a8fa717d
2026-10-07T07:28:47.711+09:00  INFO [requestId:] 58573 --- [sc-consumer-012] [           main] [                                                 ] o.s.b.w.embedded.tomcat.TomcatWebServer  : Tomcat initialized with port 0 (http)
2026-10-07T07:28:47.718+09:00  INFO [requestId:] 58573 --- [sc-consumer-012] [           main] [                                                 ] o.apache.catalina.core.StandardService   : Starting service [Tomcat]
2026-10-07T07:28:47.718+09:00  INFO [requestId:] 58573 --- [sc-consumer-012] [           main] [                                                 ] o.apache.catalina.core.StandardEngine    : Starting Servlet engine: [Apache Tomcat/10.1.55]
2026-10-07T07:28:47.730+09:00  INFO [requestId:] 58573 --- [sc-consumer-012] [           main] [                                                 ] o.a.c.c.C.[Tomcat].[localhost].[/]       : Initializing Spring embedded WebApplicationContext
2026-10-07T07:28:47.730+09:00  INFO [requestId:] 58573 --- [sc-consumer-012] [           main] [                                                 ] w.s.c.ServletWebServerApplicationContext : Root WebApplicationContext: initialization completed in 868 ms
2026-10-07T07:28:47.883+09:00  INFO [requestId:] 58573 --- [sc-consumer-012] [           main] [                                                 ] com.zaxxer.hikari.HikariDataSource       : HikariPool-1 - Starting...
2026-10-07T07:28:47.973+09:00  INFO [requestId:] 58573 --- [sc-consumer-012] [           main] [                                                 ] com.zaxxer.hikari.pool.HikariPool        : HikariPool-1 - Added connection conn0: url=jdbc:h2:file:<isolated-fixture>/data/app user=SA
2026-10-07T07:28:47.974+09:00  INFO [requestId:] 58573 --- [sc-consumer-012] [           main] [                                                 ] com.zaxxer.hikari.HikariDataSource       : HikariPool-1 - Start completed.
2026-10-07T07:28:47.992+09:00  INFO [requestId:] 58573 --- [sc-consumer-012] [           main] [                                                 ] org.flywaydb.core.FlywayExecutor         : Database: jdbc:h2:file:<isolated-fixture>/data/app (H2 2.3)
2026-10-07T07:28:48.003+09:00  INFO [requestId:] 58573 --- [sc-consumer-012] [           main] [                                                 ] o.f.c.i.s.JdbcTableSchemaHistory         : Schema history table "PUBLIC"."flyway_schema_history" does not exist yet
2026-10-07T07:28:48.004+09:00  INFO [requestId:] 58573 --- [sc-consumer-012] [           main] [                                                 ] o.f.core.internal.command.DbValidate     : Successfully validated 2 migrations (execution time 00:00.005s)
2026-10-07T07:28:48.007+09:00  INFO [requestId:] 58573 --- [sc-consumer-012] [           main] [                                                 ] o.f.c.i.s.JdbcTableSchemaHistory         : Creating Schema History table "PUBLIC"."flyway_schema_history" ...
2026-10-07T07:28:48.021+09:00  INFO [requestId:] 58573 --- [sc-consumer-012] [           main] [                                                 ] o.f.core.internal.command.DbMigrate      : Current version of schema "PUBLIC": << Empty Schema >>
2026-10-07T07:28:48.024+09:00  INFO [requestId:] 58573 --- [sc-consumer-012] [           main] [                                                 ] o.f.core.internal.command.DbMigrate      : Migrating schema "PUBLIC" to version "1 - starter notes"
2026-10-07T07:28:48.031+09:00  INFO [requestId:] 58573 --- [sc-consumer-012] [           main] [                                                 ] o.f.core.internal.command.DbMigrate      : Migrating schema "PUBLIC" to version "2 - security audit"
2026-10-07T07:28:48.038+09:00  INFO [requestId:] 58573 --- [sc-consumer-012] [           main] [                                                 ] o.f.core.internal.command.DbMigrate      : Successfully applied 2 migrations to schema "PUBLIC", now at version v2 (execution time 00:00.006s)
2026-10-07T07:28:48.071+09:00  INFO [requestId:] 58573 --- [sc-consumer-012] [           main] [                                                 ] o.hibernate.jpa.internal.util.LogHelper  : HHH000204: Processing PersistenceUnitInfo [name: default]
2026-10-07T07:28:48.096+09:00  INFO [requestId:] 58573 --- [sc-consumer-012] [           main] [                                                 ] org.hibernate.Version                    : HHH000412: Hibernate ORM core version 6.6.53.Final
2026-10-07T07:28:48.110+09:00  INFO [requestId:] 58573 --- [sc-consumer-012] [           main] [                                                 ] o.h.c.internal.RegionFactoryInitiator    : HHH000026: Second-level cache disabled
2026-10-07T07:28:48.230+09:00  INFO [requestId:] 58573 --- [sc-consumer-012] [           main] [                                                 ] o.s.o.j.p.SpringPersistenceUnitInfo      : No LoadTimeWeaver setup: ignoring JPA class transformer
2026-10-07T07:28:48.260+09:00  INFO [requestId:] 58573 --- [sc-consumer-012] [           main] [                                                 ] org.hibernate.orm.connections.pooling    : HHH10001005: Database info:
	Database JDBC URL [Connecting through datasource 'HikariDataSource (HikariPool-1)']
	Database driver: undefined/unknown
	Database version: 2.3.232
	Autocommit mode: undefined/unknown
	Isolation level: undefined/unknown
	Minimum pool size: undefined/unknown
	Maximum pool size: undefined/unknown
2026-10-07T07:28:48.572+09:00  INFO [requestId:] 58573 --- [sc-consumer-012] [           main] [                                                 ] o.h.e.t.j.p.i.JtaPlatformInitiator       : HHH000489: No JTA platform available (set 'hibernate.transaction.jta.platform' to enable JTA platform integration)
2026-10-07T07:28:48.581+09:00  INFO [requestId:] 58573 --- [sc-consumer-012] [           main] [                                                 ] j.LocalContainerEntityManagerFactoryBean : Initialized JPA EntityManagerFactory for persistence unit 'default'
2026-10-07T07:28:48.921+09:00  INFO [requestId:] 58573 --- [sc-consumer-012] [           main] [                                                 ] o.s.b.a.w.s.WelcomePageHandlerMapping    : Adding welcome page: class path resource [static/index.html]
2026-10-07T07:28:49.056+09:00  INFO [requestId:] 58573 --- [sc-consumer-012] [           main] [                                                 ] r$InitializeUserDetailsManagerConfigurer : Global AuthenticationManager configured with UserDetailsService bean with name users
2026-10-07T07:28:49.127+09:00  INFO [requestId:] 58573 --- [sc-consumer-012] [           main] [                                                 ] o.s.b.a.e.web.EndpointLinksResolver      : Exposing 1 endpoint beneath base path '/actuator'
2026-10-07T07:28:49.256+09:00  INFO [requestId:] 58573 --- [sc-consumer-012] [           main] [                                                 ] o.s.b.w.embedded.tomcat.TomcatWebServer  : Tomcat started on port 50526 (http) with context path '/'
2026-10-07T07:28:49.267+09:00  INFO [requestId:] 58573 --- [sc-consumer-012] [           main] [                                                 ] d.s.consumer012.GeneratedApplication     : Started GeneratedApplication in 2.718 seconds (process running for 2.947)
2026-10-07T07:28:49.457+09:00  INFO [requestId:] 58573 --- [sc-consumer-012] [1-auto-1-exec-1] [                                                 ] o.a.c.c.C.[Tomcat].[localhost].[/]       : Initializing Spring DispatcherServlet 'dispatcherServlet'
2026-10-07T07:28:49.458+09:00  INFO [requestId:] 58573 --- [sc-consumer-012] [1-auto-1-exec-1] [                                                 ] o.s.web.servlet.DispatcherServlet        : Initializing Servlet 'dispatcherServlet'
2026-10-07T07:28:49.458+09:00  INFO [requestId:] 58573 --- [sc-consumer-012] [1-auto-1-exec-1] [                                                 ] o.s.web.servlet.DispatcherServlet        : Completed initialization in 0 ms
2026-10-07T07:28:49.839+09:00  INFO [requestId:] 58573 --- [sc-consumer-012] [ionShutdownHook] [                                                 ] o.s.b.w.e.tomcat.GracefulShutdown        : Commencing graceful shutdown. Waiting for active requests to complete
2026-10-07T07:28:49.841+09:00  INFO [requestId:] 58573 --- [sc-consumer-012] [tomcat-shutdown] [                                                 ] o.s.b.w.e.tomcat.GracefulShutdown        : Graceful shutdown complete
2026-10-07T07:28:49.844+09:00  INFO [requestId:] 58573 --- [sc-consumer-012] [ionShutdownHook] [                                                 ] j.LocalContainerEntityManagerFactoryBean : Closing JPA EntityManagerFactory for persistence unit 'default'
2026-10-07T07:28:49.846+09:00  INFO [requestId:] 58573 --- [sc-consumer-012] [ionShutdownHook] [                                                 ] com.zaxxer.hikari.HikariDataSource       : HikariPool-1 - Shutdown initiated...
2026-10-07T07:28:49.917+09:00  INFO [requestId:] 58573 --- [sc-consumer-012] [ionShutdownHook] [                                                 ] com.zaxxer.hikari.HikariDataSource       : HikariPool-1 - Shutdown completed.

===== audit,file-storage / app.log =====
2026-10-07T07:28:46.839+09:00  INFO [requestId:] 58573 --- [sc-consumer-012] [main] [                                                 ] d.s.consumer012.GeneratedApplication     : Starting GeneratedApplication v1.0.0 using Java 21.0.11 with PID 58573 (<generated-app>/backend/target/sc-consumer-012.jar started by dk in <generated-app>)
2026-10-07T07:28:46.840+09:00  INFO [requestId:] 58573 --- [sc-consumer-012] [main] [                                                 ] d.s.consumer012.GeneratedApplication     : The following 2 profiles are active: "audit", "file-storage"
2026-10-07T07:28:47.397+09:00  INFO [requestId:] 58573 --- [sc-consumer-012] [main] [                                                 ] .s.d.r.c.RepositoryConfigurationDelegate : Bootstrapping Spring Data JPA repositories in DEFAULT mode.
2026-10-07T07:28:47.456+09:00  INFO [requestId:] 58573 --- [sc-consumer-012] [main] [                                                 ] .s.d.r.c.RepositoryConfigurationDelegate : Finished Spring Data repository scanning in 54 ms. Found 1 JPA repository interface.
2026-10-07T07:28:47.531+09:00  INFO [requestId:] 58573 --- [sc-consumer-012] [main] [                                                 ] o.s.cloud.context.scope.GenericScope     : BeanFactory id=da8f8592-8869-35fe-b916-e1a3a8fa717d
2026-10-07T07:28:47.711+09:00  INFO [requestId:] 58573 --- [sc-consumer-012] [main] [                                                 ] o.s.b.w.embedded.tomcat.TomcatWebServer  : Tomcat initialized with port 0 (http)
2026-10-07T07:28:47.718+09:00  INFO [requestId:] 58573 --- [sc-consumer-012] [main] [                                                 ] o.apache.catalina.core.StandardService   : Starting service [Tomcat]
2026-10-07T07:28:47.718+09:00  INFO [requestId:] 58573 --- [sc-consumer-012] [main] [                                                 ] o.apache.catalina.core.StandardEngine    : Starting Servlet engine: [Apache Tomcat/10.1.55]
2026-10-07T07:28:47.730+09:00  INFO [requestId:] 58573 --- [sc-consumer-012] [main] [                                                 ] o.a.c.c.C.[Tomcat].[localhost].[/]       : Initializing Spring embedded WebApplicationContext
2026-10-07T07:28:47.730+09:00  INFO [requestId:] 58573 --- [sc-consumer-012] [main] [                                                 ] w.s.c.ServletWebServerApplicationContext : Root WebApplicationContext: initialization completed in 868 ms
2026-10-07T07:28:47.883+09:00  INFO [requestId:] 58573 --- [sc-consumer-012] [main] [                                                 ] com.zaxxer.hikari.HikariDataSource       : HikariPool-1 - Starting...
2026-10-07T07:28:47.973+09:00  INFO [requestId:] 58573 --- [sc-consumer-012] [main] [                                                 ] com.zaxxer.hikari.pool.HikariPool        : HikariPool-1 - Added connection conn0: url=jdbc:h2:file:<isolated-fixture>/data/app user=SA
2026-10-07T07:28:47.974+09:00  INFO [requestId:] 58573 --- [sc-consumer-012] [main] [                                                 ] com.zaxxer.hikari.HikariDataSource       : HikariPool-1 - Start completed.
2026-10-07T07:28:47.992+09:00  INFO [requestId:] 58573 --- [sc-consumer-012] [main] [                                                 ] org.flywaydb.core.FlywayExecutor         : Database: jdbc:h2:file:<isolated-fixture>/data/app (H2 2.3)
2026-10-07T07:28:48.003+09:00  INFO [requestId:] 58573 --- [sc-consumer-012] [main] [                                                 ] o.f.c.i.s.JdbcTableSchemaHistory         : Schema history table "PUBLIC"."flyway_schema_history" does not exist yet
2026-10-07T07:28:48.004+09:00  INFO [requestId:] 58573 --- [sc-consumer-012] [main] [                                                 ] o.f.core.internal.command.DbValidate     : Successfully validated 2 migrations (execution time 00:00.005s)
2026-10-07T07:28:48.007+09:00  INFO [requestId:] 58573 --- [sc-consumer-012] [main] [                                                 ] o.f.c.i.s.JdbcTableSchemaHistory         : Creating Schema History table "PUBLIC"."flyway_schema_history" ...
2026-10-07T07:28:48.021+09:00  INFO [requestId:] 58573 --- [sc-consumer-012] [main] [                                                 ] o.f.core.internal.command.DbMigrate      : Current version of schema "PUBLIC": << Empty Schema >>
2026-10-07T07:28:48.024+09:00  INFO [requestId:] 58573 --- [sc-consumer-012] [main] [                                                 ] o.f.core.internal.command.DbMigrate      : Migrating schema "PUBLIC" to version "1 - starter notes"
2026-10-07T07:28:48.031+09:00  INFO [requestId:] 58573 --- [sc-consumer-012] [main] [                                                 ] o.f.core.internal.command.DbMigrate      : Migrating schema "PUBLIC" to version "2 - security audit"
2026-10-07T07:28:48.038+09:00  INFO [requestId:] 58573 --- [sc-consumer-012] [main] [                                                 ] o.f.core.internal.command.DbMigrate      : Successfully applied 2 migrations to schema "PUBLIC", now at version v2 (execution time 00:00.006s)
2026-10-07T07:28:48.071+09:00  INFO [requestId:] 58573 --- [sc-consumer-012] [main] [                                                 ] o.hibernate.jpa.internal.util.LogHelper  : HHH000204: Processing PersistenceUnitInfo [name: default]
2026-10-07T07:28:48.096+09:00  INFO [requestId:] 58573 --- [sc-consumer-012] [main] [                                                 ] org.hibernate.Version                    : HHH000412: Hibernate ORM core version 6.6.53.Final
2026-10-07T07:28:48.110+09:00  INFO [requestId:] 58573 --- [sc-consumer-012] [main] [                                                 ] o.h.c.internal.RegionFactoryInitiator    : HHH000026: Second-level cache disabled
2026-10-07T07:28:48.230+09:00  INFO [requestId:] 58573 --- [sc-consumer-012] [main] [                                                 ] o.s.o.j.p.SpringPersistenceUnitInfo      : No LoadTimeWeaver setup: ignoring JPA class transformer
2026-10-07T07:28:48.260+09:00  INFO [requestId:] 58573 --- [sc-consumer-012] [main] [                                                 ] org.hibernate.orm.connections.pooling    : HHH10001005: Database info:
	Database JDBC URL [Connecting through datasource 'HikariDataSource (HikariPool-1)']
	Database driver: undefined/unknown
	Database version: 2.3.232
	Autocommit mode: undefined/unknown
	Isolation level: undefined/unknown
	Minimum pool size: undefined/unknown
	Maximum pool size: undefined/unknown
2026-10-07T07:28:48.572+09:00  INFO [requestId:] 58573 --- [sc-consumer-012] [main] [                                                 ] o.h.e.t.j.p.i.JtaPlatformInitiator       : HHH000489: No JTA platform available (set 'hibernate.transaction.jta.platform' to enable JTA platform integration)
2026-10-07T07:28:48.581+09:00  INFO [requestId:] 58573 --- [sc-consumer-012] [main] [                                                 ] j.LocalContainerEntityManagerFactoryBean : Initialized JPA EntityManagerFactory for persistence unit 'default'
2026-10-07T07:28:48.921+09:00  INFO [requestId:] 58573 --- [sc-consumer-012] [main] [                                                 ] o.s.b.a.w.s.WelcomePageHandlerMapping    : Adding welcome page: class path resource [static/index.html]
2026-10-07T07:28:49.056+09:00  INFO [requestId:] 58573 --- [sc-consumer-012] [main] [                                                 ] r$InitializeUserDetailsManagerConfigurer : Global AuthenticationManager configured with UserDetailsService bean with name users
2026-10-07T07:28:49.127+09:00  INFO [requestId:] 58573 --- [sc-consumer-012] [main] [                                                 ] o.s.b.a.e.web.EndpointLinksResolver      : Exposing 1 endpoint beneath base path '/actuator'
2026-10-07T07:28:49.256+09:00  INFO [requestId:] 58573 --- [sc-consumer-012] [main] [                                                 ] o.s.b.w.embedded.tomcat.TomcatWebServer  : Tomcat started on port 50526 (http) with context path '/'
2026-10-07T07:28:49.267+09:00  INFO [requestId:] 58573 --- [sc-consumer-012] [main] [                                                 ] d.s.consumer012.GeneratedApplication     : Started GeneratedApplication in 2.718 seconds (process running for 2.947)
2026-10-07T07:28:49.457+09:00  INFO [requestId:] 58573 --- [sc-consumer-012] [http-nio-127.0.0.1-auto-1-exec-1] [                                                 ] o.a.c.c.C.[Tomcat].[localhost].[/]       : Initializing Spring DispatcherServlet 'dispatcherServlet'
2026-10-07T07:28:49.458+09:00  INFO [requestId:] 58573 --- [sc-consumer-012] [http-nio-127.0.0.1-auto-1-exec-1] [                                                 ] o.s.web.servlet.DispatcherServlet        : Initializing Servlet 'dispatcherServlet'
2026-10-07T07:28:49.458+09:00  INFO [requestId:] 58573 --- [sc-consumer-012] [http-nio-127.0.0.1-auto-1-exec-1] [                                                 ] o.s.web.servlet.DispatcherServlet        : Completed initialization in 0 ms
2026-10-07T07:28:49.839+09:00  INFO [requestId:] 58573 --- [sc-consumer-012] [SpringApplicationShutdownHook] [                                                 ] o.s.b.w.e.tomcat.GracefulShutdown        : Commencing graceful shutdown. Waiting for active requests to complete
2026-10-07T07:28:49.841+09:00  INFO [requestId:] 58573 --- [sc-consumer-012] [tomcat-shutdown] [                                                 ] o.s.b.w.e.tomcat.GracefulShutdown        : Graceful shutdown complete
2026-10-07T07:28:49.844+09:00  INFO [requestId:] 58573 --- [sc-consumer-012] [SpringApplicationShutdownHook] [                                                 ] j.LocalContainerEntityManagerFactoryBean : Closing JPA EntityManagerFactory for persistence unit 'default'
2026-10-07T07:28:49.846+09:00  INFO [requestId:] 58573 --- [sc-consumer-012] [SpringApplicationShutdownHook] [                                                 ] com.zaxxer.hikari.HikariDataSource       : HikariPool-1 - Shutdown initiated...
2026-10-07T07:28:49.917+09:00  INFO [requestId:] 58573 --- [sc-consumer-012] [SpringApplicationShutdownHook] [                                                 ] com.zaxxer.hikari.HikariDataSource       : HikariPool-1 - Shutdown completed.
2026-10-07T07:28:51.120+09:00  INFO [requestId:] 58607 --- [sc-consumer-012] [main] [                                                 ] d.s.consumer012.GeneratedApplication     : Starting GeneratedApplication v1.0.0 using Java 21.0.11 with PID 58607 (<generated-app>/backend/target/sc-consumer-012.jar started by dk in <generated-app>)
2026-10-07T07:28:51.122+09:00  INFO [requestId:] 58607 --- [sc-consumer-012] [main] [                                                 ] d.s.consumer012.GeneratedApplication     : The following 2 profiles are active: "audit", "file-storage"
2026-10-07T07:28:51.762+09:00  INFO [requestId:] 58607 --- [sc-consumer-012] [main] [                                                 ] .s.d.r.c.RepositoryConfigurationDelegate : Bootstrapping Spring Data JPA repositories in DEFAULT mode.
2026-10-07T07:28:51.825+09:00  INFO [requestId:] 58607 --- [sc-consumer-012] [main] [                                                 ] .s.d.r.c.RepositoryConfigurationDelegate : Finished Spring Data repository scanning in 57 ms. Found 1 JPA repository interface.
2026-10-07T07:28:51.898+09:00  INFO [requestId:] 58607 --- [sc-consumer-012] [main] [                                                 ] o.s.cloud.context.scope.GenericScope     : BeanFactory id=da8f8592-8869-35fe-b916-e1a3a8fa717d
2026-10-07T07:28:52.091+09:00  INFO [requestId:] 58607 --- [sc-consumer-012] [main] [                                                 ] o.s.b.w.embedded.tomcat.TomcatWebServer  : Tomcat initialized with port 0 (http)
2026-10-07T07:28:52.098+09:00  INFO [requestId:] 58607 --- [sc-consumer-012] [main] [                                                 ] o.apache.catalina.core.StandardService   : Starting service [Tomcat]
2026-10-07T07:28:52.098+09:00  INFO [requestId:] 58607 --- [sc-consumer-012] [main] [                                                 ] o.apache.catalina.core.StandardEngine    : Starting Servlet engine: [Apache Tomcat/10.1.55]
2026-10-07T07:28:52.111+09:00  INFO [requestId:] 58607 --- [sc-consumer-012] [main] [                                                 ] o.a.c.c.C.[Tomcat].[localhost].[/]       : Initializing Spring embedded WebApplicationContext
2026-10-07T07:28:52.111+09:00  INFO [requestId:] 58607 --- [sc-consumer-012] [main] [                                                 ] w.s.c.ServletWebServerApplicationContext : Root WebApplicationContext: initialization completed in 964 ms
2026-10-07T07:28:52.258+09:00  INFO [requestId:] 58607 --- [sc-consumer-012] [main] [                                                 ] com.zaxxer.hikari.HikariDataSource       : HikariPool-1 - Starting...
2026-10-07T07:28:52.365+09:00  INFO [requestId:] 58607 --- [sc-consumer-012] [main] [                                                 ] com.zaxxer.hikari.pool.HikariPool        : HikariPool-1 - Added connection conn0: url=jdbc:h2:file:<isolated-fixture>/data/app user=SA
2026-10-07T07:28:52.365+09:00  INFO [requestId:] 58607 --- [sc-consumer-012] [main] [                                                 ] com.zaxxer.hikari.HikariDataSource       : HikariPool-1 - Start completed.
2026-10-07T07:28:52.385+09:00  INFO [requestId:] 58607 --- [sc-consumer-012] [main] [                                                 ] org.flywaydb.core.FlywayExecutor         : Database: jdbc:h2:file:<isolated-fixture>/data/app (H2 2.3)
2026-10-07T07:28:52.402+09:00  INFO [requestId:] 58607 --- [sc-consumer-012] [main] [                                                 ] o.f.core.internal.command.DbValidate     : Successfully validated 2 migrations (execution time 00:00.009s)
2026-10-07T07:28:52.405+09:00  INFO [requestId:] 58607 --- [sc-consumer-012] [main] [                                                 ] o.f.core.internal.command.DbMigrate      : Current version of schema "PUBLIC": 2
2026-10-07T07:28:52.406+09:00  INFO [requestId:] 58607 --- [sc-consumer-012] [main] [                                                 ] o.f.core.internal.command.DbMigrate      : Schema "PUBLIC" is up to date. No migration necessary.
2026-10-07T07:28:52.441+09:00  INFO [requestId:] 58607 --- [sc-consumer-012] [main] [                                                 ] o.hibernate.jpa.internal.util.LogHelper  : HHH000204: Processing PersistenceUnitInfo [name: default]
2026-10-07T07:28:52.466+09:00  INFO [requestId:] 58607 --- [sc-consumer-012] [main] [                                                 ] org.hibernate.Version                    : HHH000412: Hibernate ORM core version 6.6.53.Final
2026-10-07T07:28:52.481+09:00  INFO [requestId:] 58607 --- [sc-consumer-012] [main] [                                                 ] o.h.c.internal.RegionFactoryInitiator    : HHH000026: Second-level cache disabled
2026-10-07T07:28:52.611+09:00  INFO [requestId:] 58607 --- [sc-consumer-012] [main] [                                                 ] o.s.o.j.p.SpringPersistenceUnitInfo      : No LoadTimeWeaver setup: ignoring JPA class transformer
2026-10-07T07:28:52.642+09:00  INFO [requestId:] 58607 --- [sc-consumer-012] [main] [                                                 ] org.hibernate.orm.connections.pooling    : HHH10001005: Database info:
	Database JDBC URL [Connecting through datasource 'HikariDataSource (HikariPool-1)']
	Database driver: undefined/unknown
	Database version: 2.3.232
	Autocommit mode: undefined/unknown
	Isolation level: undefined/unknown
	Minimum pool size: undefined/unknown
	Maximum pool size: undefined/unknown
2026-10-07T07:28:52.982+09:00  INFO [requestId:] 58607 --- [sc-consumer-012] [main] [                                                 ] o.h.e.t.j.p.i.JtaPlatformInitiator       : HHH000489: No JTA platform available (set 'hibernate.transaction.jta.platform' to enable JTA platform integration)
2026-10-07T07:28:52.990+09:00  INFO [requestId:] 58607 --- [sc-consumer-012] [main] [                                                 ] j.LocalContainerEntityManagerFactoryBean : Initialized JPA EntityManagerFactory for persistence unit 'default'
2026-10-07T07:28:53.337+09:00  INFO [requestId:] 58607 --- [sc-consumer-012] [main] [                                                 ] o.s.b.a.w.s.WelcomePageHandlerMapping    : Adding welcome page: class path resource [static/index.html]
2026-10-07T07:28:53.460+09:00  INFO [requestId:] 58607 --- [sc-consumer-012] [main] [                                                 ] r$InitializeUserDetailsManagerConfigurer : Global AuthenticationManager configured with UserDetailsService bean with name users
2026-10-07T07:28:53.525+09:00  INFO [requestId:] 58607 --- [sc-consumer-012] [main] [                                                 ] o.s.b.a.e.web.EndpointLinksResolver      : Exposing 1 endpoint beneath base path '/actuator'
2026-10-07T07:28:53.653+09:00  INFO [requestId:] 58607 --- [sc-consumer-012] [main] [                                                 ] o.s.b.w.embedded.tomcat.TomcatWebServer  : Tomcat started on port 50552 (http) with context path '/'
2026-10-07T07:28:53.664+09:00  INFO [requestId:] 58607 --- [sc-consumer-012] [main] [                                                 ] d.s.consumer012.GeneratedApplication     : Started GeneratedApplication in 2.843 seconds (process running for 3.078)
2026-10-07T07:28:53.841+09:00  INFO [requestId:] 58607 --- [sc-consumer-012] [http-nio-127.0.0.1-auto-1-exec-1] [                                                 ] o.a.c.c.C.[Tomcat].[localhost].[/]       : Initializing Spring DispatcherServlet 'dispatcherServlet'
2026-10-07T07:28:53.842+09:00  INFO [requestId:] 58607 --- [sc-consumer-012] [http-nio-127.0.0.1-auto-1-exec-1] [                                                 ] o.s.web.servlet.DispatcherServlet        : Initializing Servlet 'dispatcherServlet'
2026-10-07T07:28:53.842+09:00  INFO [requestId:] 58607 --- [sc-consumer-012] [http-nio-127.0.0.1-auto-1-exec-1] [                                                 ] o.s.web.servlet.DispatcherServlet        : Completed initialization in 0 ms
2026-10-07T07:28:54.112+09:00  INFO [requestId:] 58607 --- [sc-consumer-012] [SpringApplicationShutdownHook] [                                                 ] o.s.b.w.e.tomcat.GracefulShutdown        : Commencing graceful shutdown. Waiting for active requests to complete
2026-10-07T07:28:54.114+09:00  INFO [requestId:] 58607 --- [sc-consumer-012] [tomcat-shutdown] [                                                 ] o.s.b.w.e.tomcat.GracefulShutdown        : Graceful shutdown complete
2026-10-07T07:28:54.118+09:00  INFO [requestId:] 58607 --- [sc-consumer-012] [SpringApplicationShutdownHook] [                                                 ] j.LocalContainerEntityManagerFactoryBean : Closing JPA EntityManagerFactory for persistence unit 'default'
2026-10-07T07:28:54.119+09:00  INFO [requestId:] 58607 --- [sc-consumer-012] [SpringApplicationShutdownHook] [                                                 ] com.zaxxer.hikari.HikariDataSource       : HikariPool-1 - Shutdown initiated...
2026-10-07T07:28:54.337+09:00  INFO [requestId:] 58607 --- [sc-consumer-012] [SpringApplicationShutdownHook] [                                                 ] com.zaxxer.hikari.HikariDataSource       : HikariPool-1 - Shutdown completed.

===== file-storage / launcher-2.log =====
Bootstrap secret file is ready (value omitted).

  .   ____          _            __ _ _
 /\\ / ___'_ __ _ _(_)_ __  __ _ \ \ \ \
( ( )\___ | '_ | '_| | '_ \/ _` | \ \ \ \
 \\/  ___)| |_)| | | | | || (_| |  ) ) ) )
  '  |____| .__|_| |_|_| |_\__, | / / / /
 =========|_|==============|___/=/_/_/_/

 :: Spring Boot ::               (v3.5.16)

2026-10-07T07:28:43.119+09:00  INFO [requestId:] 58546 --- [sc-consumer-012] [           main] [                                                 ] d.s.consumer012.GeneratedApplication     : Starting GeneratedApplication v1.0.0 using Java 21.0.11 with PID 58546 (<generated-app>/backend/target/sc-consumer-012.jar started by dk in <generated-app>)
2026-10-07T07:28:43.120+09:00  INFO [requestId:] 58546 --- [sc-consumer-012] [           main] [                                                 ] d.s.consumer012.GeneratedApplication     : The following 1 profile is active: "file-storage"
2026-10-07T07:28:43.669+09:00  INFO [requestId:] 58546 --- [sc-consumer-012] [           main] [                                                 ] .s.d.r.c.RepositoryConfigurationDelegate : Bootstrapping Spring Data JPA repositories in DEFAULT mode.
2026-10-07T07:28:43.728+09:00  INFO [requestId:] 58546 --- [sc-consumer-012] [           main] [                                                 ] .s.d.r.c.RepositoryConfigurationDelegate : Finished Spring Data repository scanning in 54 ms. Found 1 JPA repository interface.
2026-10-07T07:28:43.801+09:00  INFO [requestId:] 58546 --- [sc-consumer-012] [           main] [                                                 ] o.s.cloud.context.scope.GenericScope     : BeanFactory id=fd1a3a21-0c96-3d63-9e83-13b7e71d4a50
2026-10-07T07:28:43.986+09:00  INFO [requestId:] 58546 --- [sc-consumer-012] [           main] [                                                 ] o.s.b.w.embedded.tomcat.TomcatWebServer  : Tomcat initialized with port 0 (http)
2026-10-07T07:28:43.997+09:00  INFO [requestId:] 58546 --- [sc-consumer-012] [           main] [                                                 ] o.apache.catalina.core.StandardService   : Starting service [Tomcat]
2026-10-07T07:28:43.997+09:00  INFO [requestId:] 58546 --- [sc-consumer-012] [           main] [                                                 ] o.apache.catalina.core.StandardEngine    : Starting Servlet engine: [Apache Tomcat/10.1.55]
2026-10-07T07:28:44.009+09:00  INFO [requestId:] 58546 --- [sc-consumer-012] [           main] [                                                 ] o.a.c.c.C.[Tomcat].[localhost].[/]       : Initializing Spring embedded WebApplicationContext
2026-10-07T07:28:44.010+09:00  INFO [requestId:] 58546 --- [sc-consumer-012] [           main] [                                                 ] w.s.c.ServletWebServerApplicationContext : Root WebApplicationContext: initialization completed in 866 ms
2026-10-07T07:28:44.179+09:00  INFO [requestId:] 58546 --- [sc-consumer-012] [           main] [                                                 ] com.zaxxer.hikari.HikariDataSource       : HikariPool-1 - Starting...
2026-10-07T07:28:44.289+09:00  INFO [requestId:] 58546 --- [sc-consumer-012] [           main] [                                                 ] com.zaxxer.hikari.pool.HikariPool        : HikariPool-1 - Added connection conn0: url=jdbc:h2:file:<isolated-fixture>/data/app user=SA
2026-10-07T07:28:44.290+09:00  INFO [requestId:] 58546 --- [sc-consumer-012] [           main] [                                                 ] com.zaxxer.hikari.HikariDataSource       : HikariPool-1 - Start completed.
2026-10-07T07:28:44.308+09:00  INFO [requestId:] 58546 --- [sc-consumer-012] [           main] [                                                 ] org.flywaydb.core.FlywayExecutor         : Database: jdbc:h2:file:<isolated-fixture>/data/app (H2 2.3)
2026-10-07T07:28:44.325+09:00  INFO [requestId:] 58546 --- [sc-consumer-012] [           main] [                                                 ] o.f.core.internal.command.DbValidate     : Successfully validated 1 migration (execution time 00:00.009s)
2026-10-07T07:28:44.329+09:00  INFO [requestId:] 58546 --- [sc-consumer-012] [           main] [                                                 ] o.f.core.internal.command.DbMigrate      : Current version of schema "PUBLIC": 1
2026-10-07T07:28:44.330+09:00  INFO [requestId:] 58546 --- [sc-consumer-012] [           main] [                                                 ] o.f.core.internal.command.DbMigrate      : Schema "PUBLIC" is up to date. No migration necessary.
2026-10-07T07:28:44.368+09:00  INFO [requestId:] 58546 --- [sc-consumer-012] [           main] [                                                 ] o.hibernate.jpa.internal.util.LogHelper  : HHH000204: Processing PersistenceUnitInfo [name: default]
2026-10-07T07:28:44.399+09:00  INFO [requestId:] 58546 --- [sc-consumer-012] [           main] [                                                 ] org.hibernate.Version                    : HHH000412: Hibernate ORM core version 6.6.53.Final
2026-10-07T07:28:44.416+09:00  INFO [requestId:] 58546 --- [sc-consumer-012] [           main] [                                                 ] o.h.c.internal.RegionFactoryInitiator    : HHH000026: Second-level cache disabled
2026-10-07T07:28:44.546+09:00  INFO [requestId:] 58546 --- [sc-consumer-012] [           main] [                                                 ] o.s.o.j.p.SpringPersistenceUnitInfo      : No LoadTimeWeaver setup: ignoring JPA class transformer
2026-10-07T07:28:44.579+09:00  INFO [requestId:] 58546 --- [sc-consumer-012] [           main] [                                                 ] org.hibernate.orm.connections.pooling    : HHH10001005: Database info:
	Database JDBC URL [Connecting through datasource 'HikariDataSource (HikariPool-1)']
	Database driver: undefined/unknown
	Database version: 2.3.232
	Autocommit mode: undefined/unknown
	Isolation level: undefined/unknown
	Minimum pool size: undefined/unknown
	Maximum pool size: undefined/unknown
2026-10-07T07:28:44.914+09:00  INFO [requestId:] 58546 --- [sc-consumer-012] [           main] [                                                 ] o.h.e.t.j.p.i.JtaPlatformInitiator       : HHH000489: No JTA platform available (set 'hibernate.transaction.jta.platform' to enable JTA platform integration)
2026-10-07T07:28:44.922+09:00  INFO [requestId:] 58546 --- [sc-consumer-012] [           main] [                                                 ] j.LocalContainerEntityManagerFactoryBean : Initialized JPA EntityManagerFactory for persistence unit 'default'
2026-10-07T07:28:45.250+09:00  INFO [requestId:] 58546 --- [sc-consumer-012] [           main] [                                                 ] o.s.b.a.w.s.WelcomePageHandlerMapping    : Adding welcome page: class path resource [static/index.html]
2026-10-07T07:28:45.376+09:00  INFO [requestId:] 58546 --- [sc-consumer-012] [           main] [                                                 ] r$InitializeUserDetailsManagerConfigurer : Global AuthenticationManager configured with UserDetailsService bean with name users
2026-10-07T07:28:45.441+09:00  INFO [requestId:] 58546 --- [sc-consumer-012] [           main] [                                                 ] o.s.b.a.e.web.EndpointLinksResolver      : Exposing 1 endpoint beneath base path '/actuator'
2026-10-07T07:28:45.568+09:00  INFO [requestId:] 58546 --- [sc-consumer-012] [           main] [                                                 ] o.s.b.w.embedded.tomcat.TomcatWebServer  : Tomcat started on port 50514 (http) with context path '/'
2026-10-07T07:28:45.580+09:00  INFO [requestId:] 58546 --- [sc-consumer-012] [           main] [                                                 ] d.s.consumer012.GeneratedApplication     : Started GeneratedApplication in 2.753 seconds (process running for 2.98)
2026-10-07T07:28:45.673+09:00  INFO [requestId:] 58546 --- [sc-consumer-012] [1-auto-1-exec-1] [                                                 ] o.a.c.c.C.[Tomcat].[localhost].[/]       : Initializing Spring DispatcherServlet 'dispatcherServlet'
2026-10-07T07:28:45.673+09:00  INFO [requestId:] 58546 --- [sc-consumer-012] [1-auto-1-exec-1] [                                                 ] o.s.web.servlet.DispatcherServlet        : Initializing Servlet 'dispatcherServlet'
2026-10-07T07:28:45.674+09:00  INFO [requestId:] 58546 --- [sc-consumer-012] [1-auto-1-exec-1] [                                                 ] o.s.web.servlet.DispatcherServlet        : Completed initialization in 1 ms
2026-10-07T07:28:45.941+09:00  INFO [requestId:] 58546 --- [sc-consumer-012] [ionShutdownHook] [                                                 ] o.s.b.w.e.tomcat.GracefulShutdown        : Commencing graceful shutdown. Waiting for active requests to complete
2026-10-07T07:28:45.943+09:00  INFO [requestId:] 58546 --- [sc-consumer-012] [tomcat-shutdown] [                                                 ] o.s.b.w.e.tomcat.GracefulShutdown        : Graceful shutdown complete
2026-10-07T07:28:45.947+09:00  INFO [requestId:] 58546 --- [sc-consumer-012] [ionShutdownHook] [                                                 ] j.LocalContainerEntityManagerFactoryBean : Closing JPA EntityManagerFactory for persistence unit 'default'
2026-10-07T07:28:45.949+09:00  INFO [requestId:] 58546 --- [sc-consumer-012] [ionShutdownHook] [                                                 ] com.zaxxer.hikari.HikariDataSource       : HikariPool-1 - Shutdown initiated...
2026-10-07T07:28:45.974+09:00  INFO [requestId:] 58546 --- [sc-consumer-012] [ionShutdownHook] [                                                 ] com.zaxxer.hikari.HikariDataSource       : HikariPool-1 - Shutdown completed.

===== file-storage / launcher-1.log =====
Bootstrap secret file is ready (value omitted).

  .   ____          _            __ _ _
 /\\ / ___'_ __ _ _(_)_ __  __ _ \ \ \ \
( ( )\___ | '_ | '_| | '_ \/ _` | \ \ \ \
 \\/  ___)| |_)| | | | | || (_| |  ) ) ) )
  '  |____| .__|_| |_|_| |_\__, | / / / /
 =========|_|==============|___/=/_/_/_/

 :: Spring Boot ::               (v3.5.16)

2026-10-07T07:28:39.177+09:00  INFO [requestId:] 58510 --- [sc-consumer-012] [           main] [                                                 ] d.s.consumer012.GeneratedApplication     : Starting GeneratedApplication v1.0.0 using Java 21.0.11 with PID 58510 (<generated-app>/backend/target/sc-consumer-012.jar started by dk in <generated-app>)
2026-10-07T07:28:39.179+09:00  INFO [requestId:] 58510 --- [sc-consumer-012] [           main] [                                                 ] d.s.consumer012.GeneratedApplication     : The following 1 profile is active: "file-storage"
2026-10-07T07:28:39.719+09:00  INFO [requestId:] 58510 --- [sc-consumer-012] [           main] [                                                 ] .s.d.r.c.RepositoryConfigurationDelegate : Bootstrapping Spring Data JPA repositories in DEFAULT mode.
2026-10-07T07:28:39.779+09:00  INFO [requestId:] 58510 --- [sc-consumer-012] [           main] [                                                 ] .s.d.r.c.RepositoryConfigurationDelegate : Finished Spring Data repository scanning in 54 ms. Found 1 JPA repository interface.
2026-10-07T07:28:39.848+09:00  INFO [requestId:] 58510 --- [sc-consumer-012] [           main] [                                                 ] o.s.cloud.context.scope.GenericScope     : BeanFactory id=fd1a3a21-0c96-3d63-9e83-13b7e71d4a50
2026-10-07T07:28:40.028+09:00  INFO [requestId:] 58510 --- [sc-consumer-012] [           main] [                                                 ] o.s.b.w.embedded.tomcat.TomcatWebServer  : Tomcat initialized with port 0 (http)
2026-10-07T07:28:40.035+09:00  INFO [requestId:] 58510 --- [sc-consumer-012] [           main] [                                                 ] o.apache.catalina.core.StandardService   : Starting service [Tomcat]
2026-10-07T07:28:40.035+09:00  INFO [requestId:] 58510 --- [sc-consumer-012] [           main] [                                                 ] o.apache.catalina.core.StandardEngine    : Starting Servlet engine: [Apache Tomcat/10.1.55]
2026-10-07T07:28:40.047+09:00  INFO [requestId:] 58510 --- [sc-consumer-012] [           main] [                                                 ] o.a.c.c.C.[Tomcat].[localhost].[/]       : Initializing Spring embedded WebApplicationContext
2026-10-07T07:28:40.047+09:00  INFO [requestId:] 58510 --- [sc-consumer-012] [           main] [                                                 ] w.s.c.ServletWebServerApplicationContext : Root WebApplicationContext: initialization completed in 845 ms
2026-10-07T07:28:40.189+09:00  INFO [requestId:] 58510 --- [sc-consumer-012] [           main] [                                                 ] com.zaxxer.hikari.HikariDataSource       : HikariPool-1 - Starting...
2026-10-07T07:28:40.279+09:00  INFO [requestId:] 58510 --- [sc-consumer-012] [           main] [                                                 ] com.zaxxer.hikari.pool.HikariPool        : HikariPool-1 - Added connection conn0: url=jdbc:h2:file:<isolated-fixture>/data/app user=SA
2026-10-07T07:28:40.280+09:00  INFO [requestId:] 58510 --- [sc-consumer-012] [           main] [                                                 ] com.zaxxer.hikari.HikariDataSource       : HikariPool-1 - Start completed.
2026-10-07T07:28:40.299+09:00  INFO [requestId:] 58510 --- [sc-consumer-012] [           main] [                                                 ] org.flywaydb.core.FlywayExecutor         : Database: jdbc:h2:file:<isolated-fixture>/data/app (H2 2.3)
2026-10-07T07:28:40.313+09:00  INFO [requestId:] 58510 --- [sc-consumer-012] [           main] [                                                 ] o.f.c.i.s.JdbcTableSchemaHistory         : Schema history table "PUBLIC"."flyway_schema_history" does not exist yet
2026-10-07T07:28:40.314+09:00  INFO [requestId:] 58510 --- [sc-consumer-012] [           main] [                                                 ] o.f.core.internal.command.DbValidate     : Successfully validated 1 migration (execution time 00:00.005s)
2026-10-07T07:28:40.317+09:00  INFO [requestId:] 58510 --- [sc-consumer-012] [           main] [                                                 ] o.f.c.i.s.JdbcTableSchemaHistory         : Creating Schema History table "PUBLIC"."flyway_schema_history" ...
2026-10-07T07:28:40.331+09:00  INFO [requestId:] 58510 --- [sc-consumer-012] [           main] [                                                 ] o.f.core.internal.command.DbMigrate      : Current version of schema "PUBLIC": << Empty Schema >>
2026-10-07T07:28:40.334+09:00  INFO [requestId:] 58510 --- [sc-consumer-012] [           main] [                                                 ] o.f.core.internal.command.DbMigrate      : Migrating schema "PUBLIC" to version "1 - starter notes"
2026-10-07T07:28:40.340+09:00  INFO [requestId:] 58510 --- [sc-consumer-012] [           main] [                                                 ] o.f.core.internal.command.DbMigrate      : Successfully applied 1 migration to schema "PUBLIC", now at version v1 (execution time 00:00.002s)
2026-10-07T07:28:40.373+09:00  INFO [requestId:] 58510 --- [sc-consumer-012] [           main] [                                                 ] o.hibernate.jpa.internal.util.LogHelper  : HHH000204: Processing PersistenceUnitInfo [name: default]
2026-10-07T07:28:40.398+09:00  INFO [requestId:] 58510 --- [sc-consumer-012] [           main] [                                                 ] org.hibernate.Version                    : HHH000412: Hibernate ORM core version 6.6.53.Final
2026-10-07T07:28:40.414+09:00  INFO [requestId:] 58510 --- [sc-consumer-012] [           main] [                                                 ] o.h.c.internal.RegionFactoryInitiator    : HHH000026: Second-level cache disabled
2026-10-07T07:28:40.540+09:00  INFO [requestId:] 58510 --- [sc-consumer-012] [           main] [                                                 ] o.s.o.j.p.SpringPersistenceUnitInfo      : No LoadTimeWeaver setup: ignoring JPA class transformer
2026-10-07T07:28:40.570+09:00  INFO [requestId:] 58510 --- [sc-consumer-012] [           main] [                                                 ] org.hibernate.orm.connections.pooling    : HHH10001005: Database info:
	Database JDBC URL [Connecting through datasource 'HikariDataSource (HikariPool-1)']
	Database driver: undefined/unknown
	Database version: 2.3.232
	Autocommit mode: undefined/unknown
	Isolation level: undefined/unknown
	Minimum pool size: undefined/unknown
	Maximum pool size: undefined/unknown
2026-10-07T07:28:40.955+09:00  INFO [requestId:] 58510 --- [sc-consumer-012] [           main] [                                                 ] o.h.e.t.j.p.i.JtaPlatformInitiator       : HHH000489: No JTA platform available (set 'hibernate.transaction.jta.platform' to enable JTA platform integration)
2026-10-07T07:28:40.965+09:00  INFO [requestId:] 58510 --- [sc-consumer-012] [           main] [                                                 ] j.LocalContainerEntityManagerFactoryBean : Initialized JPA EntityManagerFactory for persistence unit 'default'
2026-10-07T07:28:41.307+09:00  INFO [requestId:] 58510 --- [sc-consumer-012] [           main] [                                                 ] o.s.b.a.w.s.WelcomePageHandlerMapping    : Adding welcome page: class path resource [static/index.html]
2026-10-07T07:28:41.434+09:00  INFO [requestId:] 58510 --- [sc-consumer-012] [           main] [                                                 ] r$InitializeUserDetailsManagerConfigurer : Global AuthenticationManager configured with UserDetailsService bean with name users
2026-10-07T07:28:41.495+09:00  INFO [requestId:] 58510 --- [sc-consumer-012] [           main] [                                                 ] o.s.b.a.e.web.EndpointLinksResolver      : Exposing 1 endpoint beneath base path '/actuator'
2026-10-07T07:28:41.618+09:00  INFO [requestId:] 58510 --- [sc-consumer-012] [           main] [                                                 ] o.s.b.w.embedded.tomcat.TomcatWebServer  : Tomcat started on port 50485 (http) with context path '/'
2026-10-07T07:28:41.629+09:00  INFO [requestId:] 58510 --- [sc-consumer-012] [           main] [                                                 ] d.s.consumer012.GeneratedApplication     : Started GeneratedApplication in 2.761 seconds (process running for 2.989)
2026-10-07T07:28:41.807+09:00  INFO [requestId:] 58510 --- [sc-consumer-012] [1-auto-1-exec-1] [                                                 ] o.a.c.c.C.[Tomcat].[localhost].[/]       : Initializing Spring DispatcherServlet 'dispatcherServlet'
2026-10-07T07:28:41.807+09:00  INFO [requestId:] 58510 --- [sc-consumer-012] [1-auto-1-exec-1] [                                                 ] o.s.web.servlet.DispatcherServlet        : Initializing Servlet 'dispatcherServlet'
2026-10-07T07:28:41.807+09:00  INFO [requestId:] 58510 --- [sc-consumer-012] [1-auto-1-exec-1] [                                                 ] o.s.web.servlet.DispatcherServlet        : Completed initialization in 0 ms
2026-10-07T07:28:42.168+09:00  INFO [requestId:] 58510 --- [sc-consumer-012] [ionShutdownHook] [                                                 ] o.s.b.w.e.tomcat.GracefulShutdown        : Commencing graceful shutdown. Waiting for active requests to complete
2026-10-07T07:28:42.170+09:00  INFO [requestId:] 58510 --- [sc-consumer-012] [tomcat-shutdown] [                                                 ] o.s.b.w.e.tomcat.GracefulShutdown        : Graceful shutdown complete
2026-10-07T07:28:42.174+09:00  INFO [requestId:] 58510 --- [sc-consumer-012] [ionShutdownHook] [                                                 ] j.LocalContainerEntityManagerFactoryBean : Closing JPA EntityManagerFactory for persistence unit 'default'
2026-10-07T07:28:42.175+09:00  INFO [requestId:] 58510 --- [sc-consumer-012] [ionShutdownHook] [                                                 ] com.zaxxer.hikari.HikariDataSource       : HikariPool-1 - Shutdown initiated...
2026-10-07T07:28:42.227+09:00  INFO [requestId:] 58510 --- [sc-consumer-012] [ionShutdownHook] [                                                 ] com.zaxxer.hikari.HikariDataSource       : HikariPool-1 - Shutdown completed.

===== file-storage / app.log =====
2026-10-07T07:28:39.177+09:00  INFO [requestId:] 58510 --- [sc-consumer-012] [main] [                                                 ] d.s.consumer012.GeneratedApplication     : Starting GeneratedApplication v1.0.0 using Java 21.0.11 with PID 58510 (<generated-app>/backend/target/sc-consumer-012.jar started by dk in <generated-app>)
2026-10-07T07:28:39.179+09:00  INFO [requestId:] 58510 --- [sc-consumer-012] [main] [                                                 ] d.s.consumer012.GeneratedApplication     : The following 1 profile is active: "file-storage"
2026-10-07T07:28:39.719+09:00  INFO [requestId:] 58510 --- [sc-consumer-012] [main] [                                                 ] .s.d.r.c.RepositoryConfigurationDelegate : Bootstrapping Spring Data JPA repositories in DEFAULT mode.
2026-10-07T07:28:39.779+09:00  INFO [requestId:] 58510 --- [sc-consumer-012] [main] [                                                 ] .s.d.r.c.RepositoryConfigurationDelegate : Finished Spring Data repository scanning in 54 ms. Found 1 JPA repository interface.
2026-10-07T07:28:39.848+09:00  INFO [requestId:] 58510 --- [sc-consumer-012] [main] [                                                 ] o.s.cloud.context.scope.GenericScope     : BeanFactory id=fd1a3a21-0c96-3d63-9e83-13b7e71d4a50
2026-10-07T07:28:40.028+09:00  INFO [requestId:] 58510 --- [sc-consumer-012] [main] [                                                 ] o.s.b.w.embedded.tomcat.TomcatWebServer  : Tomcat initialized with port 0 (http)
2026-10-07T07:28:40.035+09:00  INFO [requestId:] 58510 --- [sc-consumer-012] [main] [                                                 ] o.apache.catalina.core.StandardService   : Starting service [Tomcat]
2026-10-07T07:28:40.035+09:00  INFO [requestId:] 58510 --- [sc-consumer-012] [main] [                                                 ] o.apache.catalina.core.StandardEngine    : Starting Servlet engine: [Apache Tomcat/10.1.55]
2026-10-07T07:28:40.047+09:00  INFO [requestId:] 58510 --- [sc-consumer-012] [main] [                                                 ] o.a.c.c.C.[Tomcat].[localhost].[/]       : Initializing Spring embedded WebApplicationContext
2026-10-07T07:28:40.047+09:00  INFO [requestId:] 58510 --- [sc-consumer-012] [main] [                                                 ] w.s.c.ServletWebServerApplicationContext : Root WebApplicationContext: initialization completed in 845 ms
2026-10-07T07:28:40.189+09:00  INFO [requestId:] 58510 --- [sc-consumer-012] [main] [                                                 ] com.zaxxer.hikari.HikariDataSource       : HikariPool-1 - Starting...
2026-10-07T07:28:40.279+09:00  INFO [requestId:] 58510 --- [sc-consumer-012] [main] [                                                 ] com.zaxxer.hikari.pool.HikariPool        : HikariPool-1 - Added connection conn0: url=jdbc:h2:file:<isolated-fixture>/data/app user=SA
2026-10-07T07:28:40.280+09:00  INFO [requestId:] 58510 --- [sc-consumer-012] [main] [                                                 ] com.zaxxer.hikari.HikariDataSource       : HikariPool-1 - Start completed.
2026-10-07T07:28:40.299+09:00  INFO [requestId:] 58510 --- [sc-consumer-012] [main] [                                                 ] org.flywaydb.core.FlywayExecutor         : Database: jdbc:h2:file:<isolated-fixture>/data/app (H2 2.3)
2026-10-07T07:28:40.313+09:00  INFO [requestId:] 58510 --- [sc-consumer-012] [main] [                                                 ] o.f.c.i.s.JdbcTableSchemaHistory         : Schema history table "PUBLIC"."flyway_schema_history" does not exist yet
2026-10-07T07:28:40.314+09:00  INFO [requestId:] 58510 --- [sc-consumer-012] [main] [                                                 ] o.f.core.internal.command.DbValidate     : Successfully validated 1 migration (execution time 00:00.005s)
2026-10-07T07:28:40.317+09:00  INFO [requestId:] 58510 --- [sc-consumer-012] [main] [                                                 ] o.f.c.i.s.JdbcTableSchemaHistory         : Creating Schema History table "PUBLIC"."flyway_schema_history" ...
2026-10-07T07:28:40.331+09:00  INFO [requestId:] 58510 --- [sc-consumer-012] [main] [                                                 ] o.f.core.internal.command.DbMigrate      : Current version of schema "PUBLIC": << Empty Schema >>
2026-10-07T07:28:40.334+09:00  INFO [requestId:] 58510 --- [sc-consumer-012] [main] [                                                 ] o.f.core.internal.command.DbMigrate      : Migrating schema "PUBLIC" to version "1 - starter notes"
2026-10-07T07:28:40.340+09:00  INFO [requestId:] 58510 --- [sc-consumer-012] [main] [                                                 ] o.f.core.internal.command.DbMigrate      : Successfully applied 1 migration to schema "PUBLIC", now at version v1 (execution time 00:00.002s)
2026-10-07T07:28:40.373+09:00  INFO [requestId:] 58510 --- [sc-consumer-012] [main] [                                                 ] o.hibernate.jpa.internal.util.LogHelper  : HHH000204: Processing PersistenceUnitInfo [name: default]
2026-10-07T07:28:40.398+09:00  INFO [requestId:] 58510 --- [sc-consumer-012] [main] [                                                 ] org.hibernate.Version                    : HHH000412: Hibernate ORM core version 6.6.53.Final
2026-10-07T07:28:40.414+09:00  INFO [requestId:] 58510 --- [sc-consumer-012] [main] [                                                 ] o.h.c.internal.RegionFactoryInitiator    : HHH000026: Second-level cache disabled
2026-10-07T07:28:40.540+09:00  INFO [requestId:] 58510 --- [sc-consumer-012] [main] [                                                 ] o.s.o.j.p.SpringPersistenceUnitInfo      : No LoadTimeWeaver setup: ignoring JPA class transformer
2026-10-07T07:28:40.570+09:00  INFO [requestId:] 58510 --- [sc-consumer-012] [main] [                                                 ] org.hibernate.orm.connections.pooling    : HHH10001005: Database info:
	Database JDBC URL [Connecting through datasource 'HikariDataSource (HikariPool-1)']
	Database driver: undefined/unknown
	Database version: 2.3.232
	Autocommit mode: undefined/unknown
	Isolation level: undefined/unknown
	Minimum pool size: undefined/unknown
	Maximum pool size: undefined/unknown
2026-10-07T07:28:40.955+09:00  INFO [requestId:] 58510 --- [sc-consumer-012] [main] [                                                 ] o.h.e.t.j.p.i.JtaPlatformInitiator       : HHH000489: No JTA platform available (set 'hibernate.transaction.jta.platform' to enable JTA platform integration)
2026-10-07T07:28:40.965+09:00  INFO [requestId:] 58510 --- [sc-consumer-012] [main] [                                                 ] j.LocalContainerEntityManagerFactoryBean : Initialized JPA EntityManagerFactory for persistence unit 'default'
2026-10-07T07:28:41.307+09:00  INFO [requestId:] 58510 --- [sc-consumer-012] [main] [                                                 ] o.s.b.a.w.s.WelcomePageHandlerMapping    : Adding welcome page: class path resource [static/index.html]
2026-10-07T07:28:41.434+09:00  INFO [requestId:] 58510 --- [sc-consumer-012] [main] [                                                 ] r$InitializeUserDetailsManagerConfigurer : Global AuthenticationManager configured with UserDetailsService bean with name users
2026-10-07T07:28:41.495+09:00  INFO [requestId:] 58510 --- [sc-consumer-012] [main] [                                                 ] o.s.b.a.e.web.EndpointLinksResolver      : Exposing 1 endpoint beneath base path '/actuator'
2026-10-07T07:28:41.618+09:00  INFO [requestId:] 58510 --- [sc-consumer-012] [main] [                                                 ] o.s.b.w.embedded.tomcat.TomcatWebServer  : Tomcat started on port 50485 (http) with context path '/'
2026-10-07T07:28:41.629+09:00  INFO [requestId:] 58510 --- [sc-consumer-012] [main] [                                                 ] d.s.consumer012.GeneratedApplication     : Started GeneratedApplication in 2.761 seconds (process running for 2.989)
2026-10-07T07:28:41.807+09:00  INFO [requestId:] 58510 --- [sc-consumer-012] [http-nio-127.0.0.1-auto-1-exec-1] [                                                 ] o.a.c.c.C.[Tomcat].[localhost].[/]       : Initializing Spring DispatcherServlet 'dispatcherServlet'
2026-10-07T07:28:41.807+09:00  INFO [requestId:] 58510 --- [sc-consumer-012] [http-nio-127.0.0.1-auto-1-exec-1] [                                                 ] o.s.web.servlet.DispatcherServlet        : Initializing Servlet 'dispatcherServlet'
2026-10-07T07:28:41.807+09:00  INFO [requestId:] 58510 --- [sc-consumer-012] [http-nio-127.0.0.1-auto-1-exec-1] [                                                 ] o.s.web.servlet.DispatcherServlet        : Completed initialization in 0 ms
2026-10-07T07:28:42.168+09:00  INFO [requestId:] 58510 --- [sc-consumer-012] [SpringApplicationShutdownHook] [                                                 ] o.s.b.w.e.tomcat.GracefulShutdown        : Commencing graceful shutdown. Waiting for active requests to complete
2026-10-07T07:28:42.170+09:00  INFO [requestId:] 58510 --- [sc-consumer-012] [tomcat-shutdown] [                                                 ] o.s.b.w.e.tomcat.GracefulShutdown        : Graceful shutdown complete
2026-10-07T07:28:42.174+09:00  INFO [requestId:] 58510 --- [sc-consumer-012] [SpringApplicationShutdownHook] [                                                 ] j.LocalContainerEntityManagerFactoryBean : Closing JPA EntityManagerFactory for persistence unit 'default'
2026-10-07T07:28:42.175+09:00  INFO [requestId:] 58510 --- [sc-consumer-012] [SpringApplicationShutdownHook] [                                                 ] com.zaxxer.hikari.HikariDataSource       : HikariPool-1 - Shutdown initiated...
2026-10-07T07:28:42.227+09:00  INFO [requestId:] 58510 --- [sc-consumer-012] [SpringApplicationShutdownHook] [                                                 ] com.zaxxer.hikari.HikariDataSource       : HikariPool-1 - Shutdown completed.
2026-10-07T07:28:43.119+09:00  INFO [requestId:] 58546 --- [sc-consumer-012] [main] [                                                 ] d.s.consumer012.GeneratedApplication     : Starting GeneratedApplication v1.0.0 using Java 21.0.11 with PID 58546 (<generated-app>/backend/target/sc-consumer-012.jar started by dk in <generated-app>)
2026-10-07T07:28:43.120+09:00  INFO [requestId:] 58546 --- [sc-consumer-012] [main] [                                                 ] d.s.consumer012.GeneratedApplication     : The following 1 profile is active: "file-storage"
2026-10-07T07:28:43.669+09:00  INFO [requestId:] 58546 --- [sc-consumer-012] [main] [                                                 ] .s.d.r.c.RepositoryConfigurationDelegate : Bootstrapping Spring Data JPA repositories in DEFAULT mode.
2026-10-07T07:28:43.728+09:00  INFO [requestId:] 58546 --- [sc-consumer-012] [main] [                                                 ] .s.d.r.c.RepositoryConfigurationDelegate : Finished Spring Data repository scanning in 54 ms. Found 1 JPA repository interface.
2026-10-07T07:28:43.801+09:00  INFO [requestId:] 58546 --- [sc-consumer-012] [main] [                                                 ] o.s.cloud.context.scope.GenericScope     : BeanFactory id=fd1a3a21-0c96-3d63-9e83-13b7e71d4a50
2026-10-07T07:28:43.986+09:00  INFO [requestId:] 58546 --- [sc-consumer-012] [main] [                                                 ] o.s.b.w.embedded.tomcat.TomcatWebServer  : Tomcat initialized with port 0 (http)
2026-10-07T07:28:43.997+09:00  INFO [requestId:] 58546 --- [sc-consumer-012] [main] [                                                 ] o.apache.catalina.core.StandardService   : Starting service [Tomcat]
2026-10-07T07:28:43.997+09:00  INFO [requestId:] 58546 --- [sc-consumer-012] [main] [                                                 ] o.apache.catalina.core.StandardEngine    : Starting Servlet engine: [Apache Tomcat/10.1.55]
2026-10-07T07:28:44.009+09:00  INFO [requestId:] 58546 --- [sc-consumer-012] [main] [                                                 ] o.a.c.c.C.[Tomcat].[localhost].[/]       : Initializing Spring embedded WebApplicationContext
2026-10-07T07:28:44.010+09:00  INFO [requestId:] 58546 --- [sc-consumer-012] [main] [                                                 ] w.s.c.ServletWebServerApplicationContext : Root WebApplicationContext: initialization completed in 866 ms
2026-10-07T07:28:44.179+09:00  INFO [requestId:] 58546 --- [sc-consumer-012] [main] [                                                 ] com.zaxxer.hikari.HikariDataSource       : HikariPool-1 - Starting...
2026-10-07T07:28:44.289+09:00  INFO [requestId:] 58546 --- [sc-consumer-012] [main] [                                                 ] com.zaxxer.hikari.pool.HikariPool        : HikariPool-1 - Added connection conn0: url=jdbc:h2:file:<isolated-fixture>/data/app user=SA
2026-10-07T07:28:44.290+09:00  INFO [requestId:] 58546 --- [sc-consumer-012] [main] [                                                 ] com.zaxxer.hikari.HikariDataSource       : HikariPool-1 - Start completed.
2026-10-07T07:28:44.308+09:00  INFO [requestId:] 58546 --- [sc-consumer-012] [main] [                                                 ] org.flywaydb.core.FlywayExecutor         : Database: jdbc:h2:file:<isolated-fixture>/data/app (H2 2.3)
2026-10-07T07:28:44.325+09:00  INFO [requestId:] 58546 --- [sc-consumer-012] [main] [                                                 ] o.f.core.internal.command.DbValidate     : Successfully validated 1 migration (execution time 00:00.009s)
2026-10-07T07:28:44.329+09:00  INFO [requestId:] 58546 --- [sc-consumer-012] [main] [                                                 ] o.f.core.internal.command.DbMigrate      : Current version of schema "PUBLIC": 1
2026-10-07T07:28:44.330+09:00  INFO [requestId:] 58546 --- [sc-consumer-012] [main] [                                                 ] o.f.core.internal.command.DbMigrate      : Schema "PUBLIC" is up to date. No migration necessary.
2026-10-07T07:28:44.368+09:00  INFO [requestId:] 58546 --- [sc-consumer-012] [main] [                                                 ] o.hibernate.jpa.internal.util.LogHelper  : HHH000204: Processing PersistenceUnitInfo [name: default]
2026-10-07T07:28:44.399+09:00  INFO [requestId:] 58546 --- [sc-consumer-012] [main] [                                                 ] org.hibernate.Version                    : HHH000412: Hibernate ORM core version 6.6.53.Final
2026-10-07T07:28:44.416+09:00  INFO [requestId:] 58546 --- [sc-consumer-012] [main] [                                                 ] o.h.c.internal.RegionFactoryInitiator    : HHH000026: Second-level cache disabled
2026-10-07T07:28:44.546+09:00  INFO [requestId:] 58546 --- [sc-consumer-012] [main] [                                                 ] o.s.o.j.p.SpringPersistenceUnitInfo      : No LoadTimeWeaver setup: ignoring JPA class transformer
2026-10-07T07:28:44.579+09:00  INFO [requestId:] 58546 --- [sc-consumer-012] [main] [                                                 ] org.hibernate.orm.connections.pooling    : HHH10001005: Database info:
	Database JDBC URL [Connecting through datasource 'HikariDataSource (HikariPool-1)']
	Database driver: undefined/unknown
	Database version: 2.3.232
	Autocommit mode: undefined/unknown
	Isolation level: undefined/unknown
	Minimum pool size: undefined/unknown
	Maximum pool size: undefined/unknown
2026-10-07T07:28:44.914+09:00  INFO [requestId:] 58546 --- [sc-consumer-012] [main] [                                                 ] o.h.e.t.j.p.i.JtaPlatformInitiator       : HHH000489: No JTA platform available (set 'hibernate.transaction.jta.platform' to enable JTA platform integration)
2026-10-07T07:28:44.922+09:00  INFO [requestId:] 58546 --- [sc-consumer-012] [main] [                                                 ] j.LocalContainerEntityManagerFactoryBean : Initialized JPA EntityManagerFactory for persistence unit 'default'
2026-10-07T07:28:45.250+09:00  INFO [requestId:] 58546 --- [sc-consumer-012] [main] [                                                 ] o.s.b.a.w.s.WelcomePageHandlerMapping    : Adding welcome page: class path resource [static/index.html]
2026-10-07T07:28:45.376+09:00  INFO [requestId:] 58546 --- [sc-consumer-012] [main] [                                                 ] r$InitializeUserDetailsManagerConfigurer : Global AuthenticationManager configured with UserDetailsService bean with name users
2026-10-07T07:28:45.441+09:00  INFO [requestId:] 58546 --- [sc-consumer-012] [main] [                                                 ] o.s.b.a.e.web.EndpointLinksResolver      : Exposing 1 endpoint beneath base path '/actuator'
2026-10-07T07:28:45.568+09:00  INFO [requestId:] 58546 --- [sc-consumer-012] [main] [                                                 ] o.s.b.w.embedded.tomcat.TomcatWebServer  : Tomcat started on port 50514 (http) with context path '/'
2026-10-07T07:28:45.580+09:00  INFO [requestId:] 58546 --- [sc-consumer-012] [main] [                                                 ] d.s.consumer012.GeneratedApplication     : Started GeneratedApplication in 2.753 seconds (process running for 2.98)
2026-10-07T07:28:45.673+09:00  INFO [requestId:] 58546 --- [sc-consumer-012] [http-nio-127.0.0.1-auto-1-exec-1] [                                                 ] o.a.c.c.C.[Tomcat].[localhost].[/]       : Initializing Spring DispatcherServlet 'dispatcherServlet'
2026-10-07T07:28:45.673+09:00  INFO [requestId:] 58546 --- [sc-consumer-012] [http-nio-127.0.0.1-auto-1-exec-1] [                                                 ] o.s.web.servlet.DispatcherServlet        : Initializing Servlet 'dispatcherServlet'
2026-10-07T07:28:45.674+09:00  INFO [requestId:] 58546 --- [sc-consumer-012] [http-nio-127.0.0.1-auto-1-exec-1] [                                                 ] o.s.web.servlet.DispatcherServlet        : Completed initialization in 1 ms
2026-10-07T07:28:45.941+09:00  INFO [requestId:] 58546 --- [sc-consumer-012] [SpringApplicationShutdownHook] [                                                 ] o.s.b.w.e.tomcat.GracefulShutdown        : Commencing graceful shutdown. Waiting for active requests to complete
2026-10-07T07:28:45.943+09:00  INFO [requestId:] 58546 --- [sc-consumer-012] [tomcat-shutdown] [                                                 ] o.s.b.w.e.tomcat.GracefulShutdown        : Graceful shutdown complete
2026-10-07T07:28:45.947+09:00  INFO [requestId:] 58546 --- [sc-consumer-012] [SpringApplicationShutdownHook] [                                                 ] j.LocalContainerEntityManagerFactoryBean : Closing JPA EntityManagerFactory for persistence unit 'default'
2026-10-07T07:28:45.949+09:00  INFO [requestId:] 58546 --- [sc-consumer-012] [SpringApplicationShutdownHook] [                                                 ] com.zaxxer.hikari.HikariDataSource       : HikariPool-1 - Shutdown initiated...
2026-10-07T07:28:45.974+09:00  INFO [requestId:] 58546 --- [sc-consumer-012] [SpringApplicationShutdownHook] [                                                 ] com.zaxxer.hikari.HikariDataSource       : HikariPool-1 - Shutdown completed.

===== audit / launcher-2.log =====
Bootstrap secret file is ready (value omitted).

  .   ____          _            __ _ _
 /\\ / ___'_ __ _ _(_)_ __  __ _ \ \ \ \
( ( )\___ | '_ | '_| | '_ \/ _` | \ \ \ \
 \\/  ___)| |_)| | | | | || (_| |  ) ) ) )
  '  |____| .__|_| |_|_| |_\__, | / / / /
 =========|_|==============|___/=/_/_/_/

 :: Spring Boot ::               (v3.5.16)

2026-10-07T07:28:34.928+09:00  INFO [requestId:] 58454 --- [sc-consumer-012] [           main] [                                                 ] d.s.consumer012.GeneratedApplication     : Starting GeneratedApplication v1.0.0 using Java 21.0.11 with PID 58454 (<generated-app>/backend/target/sc-consumer-012.jar started by dk in <generated-app>)
2026-10-07T07:28:34.930+09:00  INFO [requestId:] 58454 --- [sc-consumer-012] [           main] [                                                 ] d.s.consumer012.GeneratedApplication     : The following 1 profile is active: "audit"
2026-10-07T07:28:35.528+09:00  INFO [requestId:] 58454 --- [sc-consumer-012] [           main] [                                                 ] .s.d.r.c.RepositoryConfigurationDelegate : Bootstrapping Spring Data JPA repositories in DEFAULT mode.
2026-10-07T07:28:35.597+09:00  INFO [requestId:] 58454 --- [sc-consumer-012] [           main] [                                                 ] .s.d.r.c.RepositoryConfigurationDelegate : Finished Spring Data repository scanning in 63 ms. Found 1 JPA repository interface.
2026-10-07T07:28:35.669+09:00  INFO [requestId:] 58454 --- [sc-consumer-012] [           main] [                                                 ] o.s.cloud.context.scope.GenericScope     : BeanFactory id=d3416d75-758f-3ccf-a2e5-d706bc75312d
2026-10-07T07:28:35.850+09:00  INFO [requestId:] 58454 --- [sc-consumer-012] [           main] [                                                 ] o.s.b.w.embedded.tomcat.TomcatWebServer  : Tomcat initialized with port 0 (http)
2026-10-07T07:28:35.857+09:00  INFO [requestId:] 58454 --- [sc-consumer-012] [           main] [                                                 ] o.apache.catalina.core.StandardService   : Starting service [Tomcat]
2026-10-07T07:28:35.857+09:00  INFO [requestId:] 58454 --- [sc-consumer-012] [           main] [                                                 ] o.apache.catalina.core.StandardEngine    : Starting Servlet engine: [Apache Tomcat/10.1.55]
2026-10-07T07:28:35.869+09:00  INFO [requestId:] 58454 --- [sc-consumer-012] [           main] [                                                 ] o.a.c.c.C.[Tomcat].[localhost].[/]       : Initializing Spring embedded WebApplicationContext
2026-10-07T07:28:35.869+09:00  INFO [requestId:] 58454 --- [sc-consumer-012] [           main] [                                                 ] w.s.c.ServletWebServerApplicationContext : Root WebApplicationContext: initialization completed in 915 ms
2026-10-07T07:28:36.014+09:00  INFO [requestId:] 58454 --- [sc-consumer-012] [           main] [                                                 ] com.zaxxer.hikari.HikariDataSource       : HikariPool-1 - Starting...
2026-10-07T07:28:36.114+09:00  INFO [requestId:] 58454 --- [sc-consumer-012] [           main] [                                                 ] com.zaxxer.hikari.pool.HikariPool        : HikariPool-1 - Added connection conn0: url=jdbc:h2:file:<isolated-fixture>/data/app user=SA
2026-10-07T07:28:36.115+09:00  INFO [requestId:] 58454 --- [sc-consumer-012] [           main] [                                                 ] com.zaxxer.hikari.HikariDataSource       : HikariPool-1 - Start completed.
2026-10-07T07:28:36.133+09:00  INFO [requestId:] 58454 --- [sc-consumer-012] [           main] [                                                 ] org.flywaydb.core.FlywayExecutor         : Database: jdbc:h2:file:<isolated-fixture>/data/app (H2 2.3)
2026-10-07T07:28:36.148+09:00  INFO [requestId:] 58454 --- [sc-consumer-012] [           main] [                                                 ] o.f.core.internal.command.DbValidate     : Successfully validated 2 migrations (execution time 00:00.008s)
2026-10-07T07:28:36.152+09:00  INFO [requestId:] 58454 --- [sc-consumer-012] [           main] [                                                 ] o.f.core.internal.command.DbMigrate      : Current version of schema "PUBLIC": 2
2026-10-07T07:28:36.153+09:00  INFO [requestId:] 58454 --- [sc-consumer-012] [           main] [                                                 ] o.f.core.internal.command.DbMigrate      : Schema "PUBLIC" is up to date. No migration necessary.
2026-10-07T07:28:36.183+09:00  INFO [requestId:] 58454 --- [sc-consumer-012] [           main] [                                                 ] o.hibernate.jpa.internal.util.LogHelper  : HHH000204: Processing PersistenceUnitInfo [name: default]
2026-10-07T07:28:36.208+09:00  INFO [requestId:] 58454 --- [sc-consumer-012] [           main] [                                                 ] org.hibernate.Version                    : HHH000412: Hibernate ORM core version 6.6.53.Final
2026-10-07T07:28:36.222+09:00  INFO [requestId:] 58454 --- [sc-consumer-012] [           main] [                                                 ] o.h.c.internal.RegionFactoryInitiator    : HHH000026: Second-level cache disabled
2026-10-07T07:28:36.347+09:00  INFO [requestId:] 58454 --- [sc-consumer-012] [           main] [                                                 ] o.s.o.j.p.SpringPersistenceUnitInfo      : No LoadTimeWeaver setup: ignoring JPA class transformer
2026-10-07T07:28:36.377+09:00  INFO [requestId:] 58454 --- [sc-consumer-012] [           main] [                                                 ] org.hibernate.orm.connections.pooling    : HHH10001005: Database info:
	Database JDBC URL [Connecting through datasource 'HikariDataSource (HikariPool-1)']
	Database driver: undefined/unknown
	Database version: 2.3.232
	Autocommit mode: undefined/unknown
	Isolation level: undefined/unknown
	Minimum pool size: undefined/unknown
	Maximum pool size: undefined/unknown
2026-10-07T07:28:36.695+09:00  INFO [requestId:] 58454 --- [sc-consumer-012] [           main] [                                                 ] o.h.e.t.j.p.i.JtaPlatformInitiator       : HHH000489: No JTA platform available (set 'hibernate.transaction.jta.platform' to enable JTA platform integration)
2026-10-07T07:28:36.703+09:00  INFO [requestId:] 58454 --- [sc-consumer-012] [           main] [                                                 ] j.LocalContainerEntityManagerFactoryBean : Initialized JPA EntityManagerFactory for persistence unit 'default'
2026-10-07T07:28:37.045+09:00  INFO [requestId:] 58454 --- [sc-consumer-012] [           main] [                                                 ] o.s.b.a.w.s.WelcomePageHandlerMapping    : Adding welcome page: class path resource [static/index.html]
2026-10-07T07:28:37.168+09:00  INFO [requestId:] 58454 --- [sc-consumer-012] [           main] [                                                 ] r$InitializeUserDetailsManagerConfigurer : Global AuthenticationManager configured with UserDetailsService bean with name users
2026-10-07T07:28:37.233+09:00  INFO [requestId:] 58454 --- [sc-consumer-012] [           main] [                                                 ] o.s.b.a.e.web.EndpointLinksResolver      : Exposing 1 endpoint beneath base path '/actuator'
2026-10-07T07:28:37.361+09:00  INFO [requestId:] 58454 --- [sc-consumer-012] [           main] [                                                 ] o.s.b.w.embedded.tomcat.TomcatWebServer  : Tomcat started on port 50464 (http) with context path '/'
2026-10-07T07:28:37.371+09:00  INFO [requestId:] 58454 --- [sc-consumer-012] [           main] [                                                 ] d.s.consumer012.GeneratedApplication     : Started GeneratedApplication in 2.729 seconds (process running for 2.958)
2026-10-07T07:28:37.719+09:00  INFO [requestId:] 58454 --- [sc-consumer-012] [1-auto-1-exec-1] [                                                 ] o.a.c.c.C.[Tomcat].[localhost].[/]       : Initializing Spring DispatcherServlet 'dispatcherServlet'
2026-10-07T07:28:37.720+09:00  INFO [requestId:] 58454 --- [sc-consumer-012] [1-auto-1-exec-1] [                                                 ] o.s.web.servlet.DispatcherServlet        : Initializing Servlet 'dispatcherServlet'
2026-10-07T07:28:37.720+09:00  INFO [requestId:] 58454 --- [sc-consumer-012] [1-auto-1-exec-1] [                                                 ] o.s.web.servlet.DispatcherServlet        : Completed initialization in 0 ms
2026-10-07T07:28:37.982+09:00  INFO [requestId:] 58454 --- [sc-consumer-012] [ionShutdownHook] [                                                 ] o.s.b.w.e.tomcat.GracefulShutdown        : Commencing graceful shutdown. Waiting for active requests to complete
2026-10-07T07:28:37.984+09:00  INFO [requestId:] 58454 --- [sc-consumer-012] [tomcat-shutdown] [                                                 ] o.s.b.w.e.tomcat.GracefulShutdown        : Graceful shutdown complete
2026-10-07T07:28:37.987+09:00  INFO [requestId:] 58454 --- [sc-consumer-012] [ionShutdownHook] [                                                 ] j.LocalContainerEntityManagerFactoryBean : Closing JPA EntityManagerFactory for persistence unit 'default'
2026-10-07T07:28:37.989+09:00  INFO [requestId:] 58454 --- [sc-consumer-012] [ionShutdownHook] [                                                 ] com.zaxxer.hikari.HikariDataSource       : HikariPool-1 - Shutdown initiated...
2026-10-07T07:28:38.205+09:00  INFO [requestId:] 58454 --- [sc-consumer-012] [ionShutdownHook] [                                                 ] com.zaxxer.hikari.HikariDataSource       : HikariPool-1 - Shutdown completed.

===== audit / launcher-1.log =====
Bootstrap secret file is ready (value omitted).

  .   ____          _            __ _ _
 /\\ / ___'_ __ _ _(_)_ __  __ _ \ \ \ \
( ( )\___ | '_ | '_| | '_ \/ _` | \ \ \ \
 \\/  ___)| |_)| | | | | || (_| |  ) ) ) )
  '  |____| .__|_| |_|_| |_\__, | / / / /
 =========|_|==============|___/=/_/_/_/

 :: Spring Boot ::               (v3.5.16)

2026-10-07T07:28:30.700+09:00  INFO [requestId:] 58395 --- [sc-consumer-012] [           main] [                                                 ] d.s.consumer012.GeneratedApplication     : Starting GeneratedApplication v1.0.0 using Java 21.0.11 with PID 58395 (<generated-app>/backend/target/sc-consumer-012.jar started by dk in <generated-app>)
2026-10-07T07:28:30.702+09:00  INFO [requestId:] 58395 --- [sc-consumer-012] [           main] [                                                 ] d.s.consumer012.GeneratedApplication     : The following 1 profile is active: "audit"
2026-10-07T07:28:31.265+09:00  INFO [requestId:] 58395 --- [sc-consumer-012] [           main] [                                                 ] .s.d.r.c.RepositoryConfigurationDelegate : Bootstrapping Spring Data JPA repositories in DEFAULT mode.
2026-10-07T07:28:31.326+09:00  INFO [requestId:] 58395 --- [sc-consumer-012] [           main] [                                                 ] .s.d.r.c.RepositoryConfigurationDelegate : Finished Spring Data repository scanning in 55 ms. Found 1 JPA repository interface.
2026-10-07T07:28:31.399+09:00  INFO [requestId:] 58395 --- [sc-consumer-012] [           main] [                                                 ] o.s.cloud.context.scope.GenericScope     : BeanFactory id=d3416d75-758f-3ccf-a2e5-d706bc75312d
2026-10-07T07:28:31.581+09:00  INFO [requestId:] 58395 --- [sc-consumer-012] [           main] [                                                 ] o.s.b.w.embedded.tomcat.TomcatWebServer  : Tomcat initialized with port 0 (http)
2026-10-07T07:28:31.588+09:00  INFO [requestId:] 58395 --- [sc-consumer-012] [           main] [                                                 ] o.apache.catalina.core.StandardService   : Starting service [Tomcat]
2026-10-07T07:28:31.588+09:00  INFO [requestId:] 58395 --- [sc-consumer-012] [           main] [                                                 ] o.apache.catalina.core.StandardEngine    : Starting Servlet engine: [Apache Tomcat/10.1.55]
2026-10-07T07:28:31.599+09:00  INFO [requestId:] 58395 --- [sc-consumer-012] [           main] [                                                 ] o.a.c.c.C.[Tomcat].[localhost].[/]       : Initializing Spring embedded WebApplicationContext
2026-10-07T07:28:31.600+09:00  INFO [requestId:] 58395 --- [sc-consumer-012] [           main] [                                                 ] w.s.c.ServletWebServerApplicationContext : Root WebApplicationContext: initialization completed in 875 ms
2026-10-07T07:28:31.746+09:00  INFO [requestId:] 58395 --- [sc-consumer-012] [           main] [                                                 ] com.zaxxer.hikari.HikariDataSource       : HikariPool-1 - Starting...
2026-10-07T07:28:31.840+09:00  INFO [requestId:] 58395 --- [sc-consumer-012] [           main] [                                                 ] com.zaxxer.hikari.pool.HikariPool        : HikariPool-1 - Added connection conn0: url=jdbc:h2:file:<isolated-fixture>/data/app user=SA
2026-10-07T07:28:31.841+09:00  INFO [requestId:] 58395 --- [sc-consumer-012] [           main] [                                                 ] com.zaxxer.hikari.HikariDataSource       : HikariPool-1 - Start completed.
2026-10-07T07:28:31.860+09:00  INFO [requestId:] 58395 --- [sc-consumer-012] [           main] [                                                 ] org.flywaydb.core.FlywayExecutor         : Database: jdbc:h2:file:<isolated-fixture>/data/app (H2 2.3)
2026-10-07T07:28:31.871+09:00  INFO [requestId:] 58395 --- [sc-consumer-012] [           main] [                                                 ] o.f.c.i.s.JdbcTableSchemaHistory         : Schema history table "PUBLIC"."flyway_schema_history" does not exist yet
2026-10-07T07:28:31.872+09:00  INFO [requestId:] 58395 --- [sc-consumer-012] [           main] [                                                 ] o.f.core.internal.command.DbValidate     : Successfully validated 2 migrations (execution time 00:00.005s)
2026-10-07T07:28:31.875+09:00  INFO [requestId:] 58395 --- [sc-consumer-012] [           main] [                                                 ] o.f.c.i.s.JdbcTableSchemaHistory         : Creating Schema History table "PUBLIC"."flyway_schema_history" ...
2026-10-07T07:28:31.888+09:00  INFO [requestId:] 58395 --- [sc-consumer-012] [           main] [                                                 ] o.f.core.internal.command.DbMigrate      : Current version of schema "PUBLIC": << Empty Schema >>
2026-10-07T07:28:31.891+09:00  INFO [requestId:] 58395 --- [sc-consumer-012] [           main] [                                                 ] o.f.core.internal.command.DbMigrate      : Migrating schema "PUBLIC" to version "1 - starter notes"
2026-10-07T07:28:31.897+09:00  INFO [requestId:] 58395 --- [sc-consumer-012] [           main] [                                                 ] o.f.core.internal.command.DbMigrate      : Migrating schema "PUBLIC" to version "2 - security audit"
2026-10-07T07:28:31.904+09:00  INFO [requestId:] 58395 --- [sc-consumer-012] [           main] [                                                 ] o.f.core.internal.command.DbMigrate      : Successfully applied 2 migrations to schema "PUBLIC", now at version v2 (execution time 00:00.006s)
2026-10-07T07:28:31.936+09:00  INFO [requestId:] 58395 --- [sc-consumer-012] [           main] [                                                 ] o.hibernate.jpa.internal.util.LogHelper  : HHH000204: Processing PersistenceUnitInfo [name: default]
2026-10-07T07:28:31.962+09:00  INFO [requestId:] 58395 --- [sc-consumer-012] [           main] [                                                 ] org.hibernate.Version                    : HHH000412: Hibernate ORM core version 6.6.53.Final
2026-10-07T07:28:31.976+09:00  INFO [requestId:] 58395 --- [sc-consumer-012] [           main] [                                                 ] o.h.c.internal.RegionFactoryInitiator    : HHH000026: Second-level cache disabled
2026-10-07T07:28:32.107+09:00  INFO [requestId:] 58395 --- [sc-consumer-012] [           main] [                                                 ] o.s.o.j.p.SpringPersistenceUnitInfo      : No LoadTimeWeaver setup: ignoring JPA class transformer
2026-10-07T07:28:32.138+09:00  INFO [requestId:] 58395 --- [sc-consumer-012] [           main] [                                                 ] org.hibernate.orm.connections.pooling    : HHH10001005: Database info:
	Database JDBC URL [Connecting through datasource 'HikariDataSource (HikariPool-1)']
	Database driver: undefined/unknown
	Database version: 2.3.232
	Autocommit mode: undefined/unknown
	Isolation level: undefined/unknown
	Minimum pool size: undefined/unknown
	Maximum pool size: undefined/unknown
2026-10-07T07:28:32.476+09:00  INFO [requestId:] 58395 --- [sc-consumer-012] [           main] [                                                 ] o.h.e.t.j.p.i.JtaPlatformInitiator       : HHH000489: No JTA platform available (set 'hibernate.transaction.jta.platform' to enable JTA platform integration)
2026-10-07T07:28:32.485+09:00  INFO [requestId:] 58395 --- [sc-consumer-012] [           main] [                                                 ] j.LocalContainerEntityManagerFactoryBean : Initialized JPA EntityManagerFactory for persistence unit 'default'
2026-10-07T07:28:32.857+09:00  INFO [requestId:] 58395 --- [sc-consumer-012] [           main] [                                                 ] o.s.b.a.w.s.WelcomePageHandlerMapping    : Adding welcome page: class path resource [static/index.html]
2026-10-07T07:28:32.994+09:00  INFO [requestId:] 58395 --- [sc-consumer-012] [           main] [                                                 ] r$InitializeUserDetailsManagerConfigurer : Global AuthenticationManager configured with UserDetailsService bean with name users
2026-10-07T07:28:33.067+09:00  INFO [requestId:] 58395 --- [sc-consumer-012] [           main] [                                                 ] o.s.b.a.e.web.EndpointLinksResolver      : Exposing 1 endpoint beneath base path '/actuator'
2026-10-07T07:28:33.203+09:00  INFO [requestId:] 58395 --- [sc-consumer-012] [           main] [                                                 ] o.s.b.w.embedded.tomcat.TomcatWebServer  : Tomcat started on port 50441 (http) with context path '/'
2026-10-07T07:28:33.214+09:00  INFO [requestId:] 58395 --- [sc-consumer-012] [           main] [                                                 ] d.s.consumer012.GeneratedApplication     : Started GeneratedApplication in 2.8 seconds (process running for 3.046)
2026-10-07T07:28:33.481+09:00  INFO [requestId:] 58395 --- [sc-consumer-012] [1-auto-1-exec-1] [                                                 ] o.a.c.c.C.[Tomcat].[localhost].[/]       : Initializing Spring DispatcherServlet 'dispatcherServlet'
2026-10-07T07:28:33.482+09:00  INFO [requestId:] 58395 --- [sc-consumer-012] [1-auto-1-exec-1] [                                                 ] o.s.web.servlet.DispatcherServlet        : Initializing Servlet 'dispatcherServlet'
2026-10-07T07:28:33.482+09:00  INFO [requestId:] 58395 --- [sc-consumer-012] [1-auto-1-exec-1] [                                                 ] o.s.web.servlet.DispatcherServlet        : Completed initialization in 0 ms
2026-10-07T07:28:33.852+09:00  INFO [requestId:] 58395 --- [sc-consumer-012] [ionShutdownHook] [                                                 ] o.s.b.w.e.tomcat.GracefulShutdown        : Commencing graceful shutdown. Waiting for active requests to complete
2026-10-07T07:28:33.854+09:00  INFO [requestId:] 58395 --- [sc-consumer-012] [tomcat-shutdown] [                                                 ] o.s.b.w.e.tomcat.GracefulShutdown        : Graceful shutdown complete
2026-10-07T07:28:33.857+09:00  INFO [requestId:] 58395 --- [sc-consumer-012] [ionShutdownHook] [                                                 ] j.LocalContainerEntityManagerFactoryBean : Closing JPA EntityManagerFactory for persistence unit 'default'
2026-10-07T07:28:33.859+09:00  INFO [requestId:] 58395 --- [sc-consumer-012] [ionShutdownHook] [                                                 ] com.zaxxer.hikari.HikariDataSource       : HikariPool-1 - Shutdown initiated...
2026-10-07T07:28:33.928+09:00  INFO [requestId:] 58395 --- [sc-consumer-012] [ionShutdownHook] [                                                 ] com.zaxxer.hikari.HikariDataSource       : HikariPool-1 - Shutdown completed.

===== audit / app.log =====
2026-10-07T07:28:30.700+09:00  INFO [requestId:] 58395 --- [sc-consumer-012] [main] [                                                 ] d.s.consumer012.GeneratedApplication     : Starting GeneratedApplication v1.0.0 using Java 21.0.11 with PID 58395 (<generated-app>/backend/target/sc-consumer-012.jar started by dk in <generated-app>)
2026-10-07T07:28:30.702+09:00  INFO [requestId:] 58395 --- [sc-consumer-012] [main] [                                                 ] d.s.consumer012.GeneratedApplication     : The following 1 profile is active: "audit"
2026-10-07T07:28:31.265+09:00  INFO [requestId:] 58395 --- [sc-consumer-012] [main] [                                                 ] .s.d.r.c.RepositoryConfigurationDelegate : Bootstrapping Spring Data JPA repositories in DEFAULT mode.
2026-10-07T07:28:31.326+09:00  INFO [requestId:] 58395 --- [sc-consumer-012] [main] [                                                 ] .s.d.r.c.RepositoryConfigurationDelegate : Finished Spring Data repository scanning in 55 ms. Found 1 JPA repository interface.
2026-10-07T07:28:31.399+09:00  INFO [requestId:] 58395 --- [sc-consumer-012] [main] [                                                 ] o.s.cloud.context.scope.GenericScope     : BeanFactory id=d3416d75-758f-3ccf-a2e5-d706bc75312d
2026-10-07T07:28:31.581+09:00  INFO [requestId:] 58395 --- [sc-consumer-012] [main] [                                                 ] o.s.b.w.embedded.tomcat.TomcatWebServer  : Tomcat initialized with port 0 (http)
2026-10-07T07:28:31.588+09:00  INFO [requestId:] 58395 --- [sc-consumer-012] [main] [                                                 ] o.apache.catalina.core.StandardService   : Starting service [Tomcat]
2026-10-07T07:28:31.588+09:00  INFO [requestId:] 58395 --- [sc-consumer-012] [main] [                                                 ] o.apache.catalina.core.StandardEngine    : Starting Servlet engine: [Apache Tomcat/10.1.55]
2026-10-07T07:28:31.599+09:00  INFO [requestId:] 58395 --- [sc-consumer-012] [main] [                                                 ] o.a.c.c.C.[Tomcat].[localhost].[/]       : Initializing Spring embedded WebApplicationContext
2026-10-07T07:28:31.600+09:00  INFO [requestId:] 58395 --- [sc-consumer-012] [main] [                                                 ] w.s.c.ServletWebServerApplicationContext : Root WebApplicationContext: initialization completed in 875 ms
2026-10-07T07:28:31.746+09:00  INFO [requestId:] 58395 --- [sc-consumer-012] [main] [                                                 ] com.zaxxer.hikari.HikariDataSource       : HikariPool-1 - Starting...
2026-10-07T07:28:31.840+09:00  INFO [requestId:] 58395 --- [sc-consumer-012] [main] [                                                 ] com.zaxxer.hikari.pool.HikariPool        : HikariPool-1 - Added connection conn0: url=jdbc:h2:file:<isolated-fixture>/data/app user=SA
2026-10-07T07:28:31.841+09:00  INFO [requestId:] 58395 --- [sc-consumer-012] [main] [                                                 ] com.zaxxer.hikari.HikariDataSource       : HikariPool-1 - Start completed.
2026-10-07T07:28:31.860+09:00  INFO [requestId:] 58395 --- [sc-consumer-012] [main] [                                                 ] org.flywaydb.core.FlywayExecutor         : Database: jdbc:h2:file:<isolated-fixture>/data/app (H2 2.3)
2026-10-07T07:28:31.871+09:00  INFO [requestId:] 58395 --- [sc-consumer-012] [main] [                                                 ] o.f.c.i.s.JdbcTableSchemaHistory         : Schema history table "PUBLIC"."flyway_schema_history" does not exist yet
2026-10-07T07:28:31.872+09:00  INFO [requestId:] 58395 --- [sc-consumer-012] [main] [                                                 ] o.f.core.internal.command.DbValidate     : Successfully validated 2 migrations (execution time 00:00.005s)
2026-10-07T07:28:31.875+09:00  INFO [requestId:] 58395 --- [sc-consumer-012] [main] [                                                 ] o.f.c.i.s.JdbcTableSchemaHistory         : Creating Schema History table "PUBLIC"."flyway_schema_history" ...
2026-10-07T07:28:31.888+09:00  INFO [requestId:] 58395 --- [sc-consumer-012] [main] [                                                 ] o.f.core.internal.command.DbMigrate      : Current version of schema "PUBLIC": << Empty Schema >>
2026-10-07T07:28:31.891+09:00  INFO [requestId:] 58395 --- [sc-consumer-012] [main] [                                                 ] o.f.core.internal.command.DbMigrate      : Migrating schema "PUBLIC" to version "1 - starter notes"
2026-10-07T07:28:31.897+09:00  INFO [requestId:] 58395 --- [sc-consumer-012] [main] [                                                 ] o.f.core.internal.command.DbMigrate      : Migrating schema "PUBLIC" to version "2 - security audit"
2026-10-07T07:28:31.904+09:00  INFO [requestId:] 58395 --- [sc-consumer-012] [main] [                                                 ] o.f.core.internal.command.DbMigrate      : Successfully applied 2 migrations to schema "PUBLIC", now at version v2 (execution time 00:00.006s)
2026-10-07T07:28:31.936+09:00  INFO [requestId:] 58395 --- [sc-consumer-012] [main] [                                                 ] o.hibernate.jpa.internal.util.LogHelper  : HHH000204: Processing PersistenceUnitInfo [name: default]
2026-10-07T07:28:31.962+09:00  INFO [requestId:] 58395 --- [sc-consumer-012] [main] [                                                 ] org.hibernate.Version                    : HHH000412: Hibernate ORM core version 6.6.53.Final
2026-10-07T07:28:31.976+09:00  INFO [requestId:] 58395 --- [sc-consumer-012] [main] [                                                 ] o.h.c.internal.RegionFactoryInitiator    : HHH000026: Second-level cache disabled
2026-10-07T07:28:32.107+09:00  INFO [requestId:] 58395 --- [sc-consumer-012] [main] [                                                 ] o.s.o.j.p.SpringPersistenceUnitInfo      : No LoadTimeWeaver setup: ignoring JPA class transformer
2026-10-07T07:28:32.138+09:00  INFO [requestId:] 58395 --- [sc-consumer-012] [main] [                                                 ] org.hibernate.orm.connections.pooling    : HHH10001005: Database info:
	Database JDBC URL [Connecting through datasource 'HikariDataSource (HikariPool-1)']
	Database driver: undefined/unknown
	Database version: 2.3.232
	Autocommit mode: undefined/unknown
	Isolation level: undefined/unknown
	Minimum pool size: undefined/unknown
	Maximum pool size: undefined/unknown
2026-10-07T07:28:32.476+09:00  INFO [requestId:] 58395 --- [sc-consumer-012] [main] [                                                 ] o.h.e.t.j.p.i.JtaPlatformInitiator       : HHH000489: No JTA platform available (set 'hibernate.transaction.jta.platform' to enable JTA platform integration)
2026-10-07T07:28:32.485+09:00  INFO [requestId:] 58395 --- [sc-consumer-012] [main] [                                                 ] j.LocalContainerEntityManagerFactoryBean : Initialized JPA EntityManagerFactory for persistence unit 'default'
2026-10-07T07:28:32.857+09:00  INFO [requestId:] 58395 --- [sc-consumer-012] [main] [                                                 ] o.s.b.a.w.s.WelcomePageHandlerMapping    : Adding welcome page: class path resource [static/index.html]
2026-10-07T07:28:32.994+09:00  INFO [requestId:] 58395 --- [sc-consumer-012] [main] [                                                 ] r$InitializeUserDetailsManagerConfigurer : Global AuthenticationManager configured with UserDetailsService bean with name users
2026-10-07T07:28:33.067+09:00  INFO [requestId:] 58395 --- [sc-consumer-012] [main] [                                                 ] o.s.b.a.e.web.EndpointLinksResolver      : Exposing 1 endpoint beneath base path '/actuator'
2026-10-07T07:28:33.203+09:00  INFO [requestId:] 58395 --- [sc-consumer-012] [main] [                                                 ] o.s.b.w.embedded.tomcat.TomcatWebServer  : Tomcat started on port 50441 (http) with context path '/'
2026-10-07T07:28:33.214+09:00  INFO [requestId:] 58395 --- [sc-consumer-012] [main] [                                                 ] d.s.consumer012.GeneratedApplication     : Started GeneratedApplication in 2.8 seconds (process running for 3.046)
2026-10-07T07:28:33.481+09:00  INFO [requestId:] 58395 --- [sc-consumer-012] [http-nio-127.0.0.1-auto-1-exec-1] [                                                 ] o.a.c.c.C.[Tomcat].[localhost].[/]       : Initializing Spring DispatcherServlet 'dispatcherServlet'
2026-10-07T07:28:33.482+09:00  INFO [requestId:] 58395 --- [sc-consumer-012] [http-nio-127.0.0.1-auto-1-exec-1] [                                                 ] o.s.web.servlet.DispatcherServlet        : Initializing Servlet 'dispatcherServlet'
2026-10-07T07:28:33.482+09:00  INFO [requestId:] 58395 --- [sc-consumer-012] [http-nio-127.0.0.1-auto-1-exec-1] [                                                 ] o.s.web.servlet.DispatcherServlet        : Completed initialization in 0 ms
2026-10-07T07:28:33.852+09:00  INFO [requestId:] 58395 --- [sc-consumer-012] [SpringApplicationShutdownHook] [                                                 ] o.s.b.w.e.tomcat.GracefulShutdown        : Commencing graceful shutdown. Waiting for active requests to complete
2026-10-07T07:28:33.854+09:00  INFO [requestId:] 58395 --- [sc-consumer-012] [tomcat-shutdown] [                                                 ] o.s.b.w.e.tomcat.GracefulShutdown        : Graceful shutdown complete
2026-10-07T07:28:33.857+09:00  INFO [requestId:] 58395 --- [sc-consumer-012] [SpringApplicationShutdownHook] [                                                 ] j.LocalContainerEntityManagerFactoryBean : Closing JPA EntityManagerFactory for persistence unit 'default'
2026-10-07T07:28:33.859+09:00  INFO [requestId:] 58395 --- [sc-consumer-012] [SpringApplicationShutdownHook] [                                                 ] com.zaxxer.hikari.HikariDataSource       : HikariPool-1 - Shutdown initiated...
2026-10-07T07:28:33.928+09:00  INFO [requestId:] 58395 --- [sc-consumer-012] [SpringApplicationShutdownHook] [                                                 ] com.zaxxer.hikari.HikariDataSource       : HikariPool-1 - Shutdown completed.
2026-10-07T07:28:34.928+09:00  INFO [requestId:] 58454 --- [sc-consumer-012] [main] [                                                 ] d.s.consumer012.GeneratedApplication     : Starting GeneratedApplication v1.0.0 using Java 21.0.11 with PID 58454 (<generated-app>/backend/target/sc-consumer-012.jar started by dk in <generated-app>)
2026-10-07T07:28:34.930+09:00  INFO [requestId:] 58454 --- [sc-consumer-012] [main] [                                                 ] d.s.consumer012.GeneratedApplication     : The following 1 profile is active: "audit"
2026-10-07T07:28:35.528+09:00  INFO [requestId:] 58454 --- [sc-consumer-012] [main] [                                                 ] .s.d.r.c.RepositoryConfigurationDelegate : Bootstrapping Spring Data JPA repositories in DEFAULT mode.
2026-10-07T07:28:35.597+09:00  INFO [requestId:] 58454 --- [sc-consumer-012] [main] [                                                 ] .s.d.r.c.RepositoryConfigurationDelegate : Finished Spring Data repository scanning in 63 ms. Found 1 JPA repository interface.
2026-10-07T07:28:35.669+09:00  INFO [requestId:] 58454 --- [sc-consumer-012] [main] [                                                 ] o.s.cloud.context.scope.GenericScope     : BeanFactory id=d3416d75-758f-3ccf-a2e5-d706bc75312d
2026-10-07T07:28:35.850+09:00  INFO [requestId:] 58454 --- [sc-consumer-012] [main] [                                                 ] o.s.b.w.embedded.tomcat.TomcatWebServer  : Tomcat initialized with port 0 (http)
2026-10-07T07:28:35.857+09:00  INFO [requestId:] 58454 --- [sc-consumer-012] [main] [                                                 ] o.apache.catalina.core.StandardService   : Starting service [Tomcat]
2026-10-07T07:28:35.857+09:00  INFO [requestId:] 58454 --- [sc-consumer-012] [main] [                                                 ] o.apache.catalina.core.StandardEngine    : Starting Servlet engine: [Apache Tomcat/10.1.55]
2026-10-07T07:28:35.869+09:00  INFO [requestId:] 58454 --- [sc-consumer-012] [main] [                                                 ] o.a.c.c.C.[Tomcat].[localhost].[/]       : Initializing Spring embedded WebApplicationContext
2026-10-07T07:28:35.869+09:00  INFO [requestId:] 58454 --- [sc-consumer-012] [main] [                                                 ] w.s.c.ServletWebServerApplicationContext : Root WebApplicationContext: initialization completed in 915 ms
2026-10-07T07:28:36.014+09:00  INFO [requestId:] 58454 --- [sc-consumer-012] [main] [                                                 ] com.zaxxer.hikari.HikariDataSource       : HikariPool-1 - Starting...
2026-10-07T07:28:36.114+09:00  INFO [requestId:] 58454 --- [sc-consumer-012] [main] [                                                 ] com.zaxxer.hikari.pool.HikariPool        : HikariPool-1 - Added connection conn0: url=jdbc:h2:file:<isolated-fixture>/data/app user=SA
2026-10-07T07:28:36.115+09:00  INFO [requestId:] 58454 --- [sc-consumer-012] [main] [                                                 ] com.zaxxer.hikari.HikariDataSource       : HikariPool-1 - Start completed.
2026-10-07T07:28:36.133+09:00  INFO [requestId:] 58454 --- [sc-consumer-012] [main] [                                                 ] org.flywaydb.core.FlywayExecutor         : Database: jdbc:h2:file:<isolated-fixture>/data/app (H2 2.3)
2026-10-07T07:28:36.148+09:00  INFO [requestId:] 58454 --- [sc-consumer-012] [main] [                                                 ] o.f.core.internal.command.DbValidate     : Successfully validated 2 migrations (execution time 00:00.008s)
2026-10-07T07:28:36.152+09:00  INFO [requestId:] 58454 --- [sc-consumer-012] [main] [                                                 ] o.f.core.internal.command.DbMigrate      : Current version of schema "PUBLIC": 2
2026-10-07T07:28:36.153+09:00  INFO [requestId:] 58454 --- [sc-consumer-012] [main] [                                                 ] o.f.core.internal.command.DbMigrate      : Schema "PUBLIC" is up to date. No migration necessary.
2026-10-07T07:28:36.183+09:00  INFO [requestId:] 58454 --- [sc-consumer-012] [main] [                                                 ] o.hibernate.jpa.internal.util.LogHelper  : HHH000204: Processing PersistenceUnitInfo [name: default]
2026-10-07T07:28:36.208+09:00  INFO [requestId:] 58454 --- [sc-consumer-012] [main] [                                                 ] org.hibernate.Version                    : HHH000412: Hibernate ORM core version 6.6.53.Final
2026-10-07T07:28:36.222+09:00  INFO [requestId:] 58454 --- [sc-consumer-012] [main] [                                                 ] o.h.c.internal.RegionFactoryInitiator    : HHH000026: Second-level cache disabled
2026-10-07T07:28:36.347+09:00  INFO [requestId:] 58454 --- [sc-consumer-012] [main] [                                                 ] o.s.o.j.p.SpringPersistenceUnitInfo      : No LoadTimeWeaver setup: ignoring JPA class transformer
2026-10-07T07:28:36.377+09:00  INFO [requestId:] 58454 --- [sc-consumer-012] [main] [                                                 ] org.hibernate.orm.connections.pooling    : HHH10001005: Database info:
	Database JDBC URL [Connecting through datasource 'HikariDataSource (HikariPool-1)']
	Database driver: undefined/unknown
	Database version: 2.3.232
	Autocommit mode: undefined/unknown
	Isolation level: undefined/unknown
	Minimum pool size: undefined/unknown
	Maximum pool size: undefined/unknown
2026-10-07T07:28:36.695+09:00  INFO [requestId:] 58454 --- [sc-consumer-012] [main] [                                                 ] o.h.e.t.j.p.i.JtaPlatformInitiator       : HHH000489: No JTA platform available (set 'hibernate.transaction.jta.platform' to enable JTA platform integration)
2026-10-07T07:28:36.703+09:00  INFO [requestId:] 58454 --- [sc-consumer-012] [main] [                                                 ] j.LocalContainerEntityManagerFactoryBean : Initialized JPA EntityManagerFactory for persistence unit 'default'
2026-10-07T07:28:37.045+09:00  INFO [requestId:] 58454 --- [sc-consumer-012] [main] [                                                 ] o.s.b.a.w.s.WelcomePageHandlerMapping    : Adding welcome page: class path resource [static/index.html]
2026-10-07T07:28:37.168+09:00  INFO [requestId:] 58454 --- [sc-consumer-012] [main] [                                                 ] r$InitializeUserDetailsManagerConfigurer : Global AuthenticationManager configured with UserDetailsService bean with name users
2026-10-07T07:28:37.233+09:00  INFO [requestId:] 58454 --- [sc-consumer-012] [main] [                                                 ] o.s.b.a.e.web.EndpointLinksResolver      : Exposing 1 endpoint beneath base path '/actuator'
2026-10-07T07:28:37.361+09:00  INFO [requestId:] 58454 --- [sc-consumer-012] [main] [                                                 ] o.s.b.w.embedded.tomcat.TomcatWebServer  : Tomcat started on port 50464 (http) with context path '/'
2026-10-07T07:28:37.371+09:00  INFO [requestId:] 58454 --- [sc-consumer-012] [main] [                                                 ] d.s.consumer012.GeneratedApplication     : Started GeneratedApplication in 2.729 seconds (process running for 2.958)
2026-10-07T07:28:37.719+09:00  INFO [requestId:] 58454 --- [sc-consumer-012] [http-nio-127.0.0.1-auto-1-exec-1] [                                                 ] o.a.c.c.C.[Tomcat].[localhost].[/]       : Initializing Spring DispatcherServlet 'dispatcherServlet'
2026-10-07T07:28:37.720+09:00  INFO [requestId:] 58454 --- [sc-consumer-012] [http-nio-127.0.0.1-auto-1-exec-1] [                                                 ] o.s.web.servlet.DispatcherServlet        : Initializing Servlet 'dispatcherServlet'
2026-10-07T07:28:37.720+09:00  INFO [requestId:] 58454 --- [sc-consumer-012] [http-nio-127.0.0.1-auto-1-exec-1] [                                                 ] o.s.web.servlet.DispatcherServlet        : Completed initialization in 0 ms
2026-10-07T07:28:37.982+09:00  INFO [requestId:] 58454 --- [sc-consumer-012] [SpringApplicationShutdownHook] [                                                 ] o.s.b.w.e.tomcat.GracefulShutdown        : Commencing graceful shutdown. Waiting for active requests to complete
2026-10-07T07:28:37.984+09:00  INFO [requestId:] 58454 --- [sc-consumer-012] [tomcat-shutdown] [                                                 ] o.s.b.w.e.tomcat.GracefulShutdown        : Graceful shutdown complete
2026-10-07T07:28:37.987+09:00  INFO [requestId:] 58454 --- [sc-consumer-012] [SpringApplicationShutdownHook] [                                                 ] j.LocalContainerEntityManagerFactoryBean : Closing JPA EntityManagerFactory for persistence unit 'default'
2026-10-07T07:28:37.989+09:00  INFO [requestId:] 58454 --- [sc-consumer-012] [SpringApplicationShutdownHook] [                                                 ] com.zaxxer.hikari.HikariDataSource       : HikariPool-1 - Shutdown initiated...
2026-10-07T07:28:38.205+09:00  INFO [requestId:] 58454 --- [sc-consumer-012] [SpringApplicationShutdownHook] [                                                 ] com.zaxxer.hikari.HikariDataSource       : HikariPool-1 - Shutdown completed.

===== default-prod / launcher-2.log =====
Bootstrap secret file is ready (value omitted).

  .   ____          _            __ _ _
 /\\ / ___'_ __ _ _(_)_ __  __ _ \ \ \ \
( ( )\___ | '_ | '_| | '_ \/ _` | \ \ \ \
 \\/  ___)| |_)| | | | | || (_| |  ) ) ) )
  '  |____| .__|_| |_|_| |_\__, | / / / /
 =========|_|==============|___/=/_/_/_/

 :: Spring Boot ::               (v3.5.16)

2026-10-07T07:28:27.169+09:00  INFO [requestId:] 58370 --- [sc-consumer-012] [           main] [                                                 ] d.s.consumer012.GeneratedApplication     : Starting GeneratedApplication v1.0.0 using Java 21.0.11 with PID 58370 (<generated-app>/backend/target/sc-consumer-012.jar started by dk in <generated-app>)
2026-10-07T07:28:27.170+09:00  INFO [requestId:] 58370 --- [sc-consumer-012] [           main] [                                                 ] d.s.consumer012.GeneratedApplication     : The following 1 profile is active: "prod"
2026-10-07T07:28:27.719+09:00  INFO [requestId:] 58370 --- [sc-consumer-012] [           main] [                                                 ] .s.d.r.c.RepositoryConfigurationDelegate : Bootstrapping Spring Data JPA repositories in DEFAULT mode.
2026-10-07T07:28:27.778+09:00  INFO [requestId:] 58370 --- [sc-consumer-012] [           main] [                                                 ] .s.d.r.c.RepositoryConfigurationDelegate : Finished Spring Data repository scanning in 54 ms. Found 1 JPA repository interface.
2026-10-07T07:28:27.851+09:00  INFO [requestId:] 58370 --- [sc-consumer-012] [           main] [                                                 ] o.s.cloud.context.scope.GenericScope     : BeanFactory id=8baf818b-8b7e-3701-b4bf-1bd5db6a05aa
2026-10-07T07:28:28.035+09:00  INFO [requestId:] 58370 --- [sc-consumer-012] [           main] [                                                 ] o.s.b.w.embedded.tomcat.TomcatWebServer  : Tomcat initialized with port 0 (http)
2026-10-07T07:28:28.043+09:00  INFO [requestId:] 58370 --- [sc-consumer-012] [           main] [                                                 ] o.apache.catalina.core.StandardService   : Starting service [Tomcat]
2026-10-07T07:28:28.043+09:00  INFO [requestId:] 58370 --- [sc-consumer-012] [           main] [                                                 ] o.apache.catalina.core.StandardEngine    : Starting Servlet engine: [Apache Tomcat/10.1.55]
2026-10-07T07:28:28.055+09:00  INFO [requestId:] 58370 --- [sc-consumer-012] [           main] [                                                 ] o.a.c.c.C.[Tomcat].[localhost].[/]       : Initializing Spring embedded WebApplicationContext
2026-10-07T07:28:28.056+09:00  INFO [requestId:] 58370 --- [sc-consumer-012] [           main] [                                                 ] w.s.c.ServletWebServerApplicationContext : Root WebApplicationContext: initialization completed in 863 ms
2026-10-07T07:28:28.200+09:00  INFO [requestId:] 58370 --- [sc-consumer-012] [           main] [                                                 ] com.zaxxer.hikari.HikariDataSource       : HikariPool-1 - Starting...
2026-10-07T07:28:28.299+09:00  INFO [requestId:] 58370 --- [sc-consumer-012] [           main] [                                                 ] com.zaxxer.hikari.pool.HikariPool        : HikariPool-1 - Added connection conn0: url=jdbc:h2:file:<isolated-fixture>/data/app user=SA
2026-10-07T07:28:28.300+09:00  INFO [requestId:] 58370 --- [sc-consumer-012] [           main] [                                                 ] com.zaxxer.hikari.HikariDataSource       : HikariPool-1 - Start completed.
2026-10-07T07:28:28.317+09:00  INFO [requestId:] 58370 --- [sc-consumer-012] [           main] [                                                 ] org.flywaydb.core.FlywayExecutor         : Database: jdbc:h2:file:<isolated-fixture>/data/app (H2 2.3)
2026-10-07T07:28:28.331+09:00  INFO [requestId:] 58370 --- [sc-consumer-012] [           main] [                                                 ] o.f.core.internal.command.DbValidate     : Successfully validated 1 migration (execution time 00:00.008s)
2026-10-07T07:28:28.335+09:00  INFO [requestId:] 58370 --- [sc-consumer-012] [           main] [                                                 ] o.f.core.internal.command.DbMigrate      : Current version of schema "PUBLIC": 1
2026-10-07T07:28:28.336+09:00  INFO [requestId:] 58370 --- [sc-consumer-012] [           main] [                                                 ] o.f.core.internal.command.DbMigrate      : Schema "PUBLIC" is up to date. No migration necessary.
2026-10-07T07:28:28.368+09:00  INFO [requestId:] 58370 --- [sc-consumer-012] [           main] [                                                 ] o.hibernate.jpa.internal.util.LogHelper  : HHH000204: Processing PersistenceUnitInfo [name: default]
2026-10-07T07:28:28.392+09:00  INFO [requestId:] 58370 --- [sc-consumer-012] [           main] [                                                 ] org.hibernate.Version                    : HHH000412: Hibernate ORM core version 6.6.53.Final
2026-10-07T07:28:28.405+09:00  INFO [requestId:] 58370 --- [sc-consumer-012] [           main] [                                                 ] o.h.c.internal.RegionFactoryInitiator    : HHH000026: Second-level cache disabled
2026-10-07T07:28:28.529+09:00  INFO [requestId:] 58370 --- [sc-consumer-012] [           main] [                                                 ] o.s.o.j.p.SpringPersistenceUnitInfo      : No LoadTimeWeaver setup: ignoring JPA class transformer
2026-10-07T07:28:28.558+09:00  INFO [requestId:] 58370 --- [sc-consumer-012] [           main] [                                                 ] org.hibernate.orm.connections.pooling    : HHH10001005: Database info:
	Database JDBC URL [Connecting through datasource 'HikariDataSource (HikariPool-1)']
	Database driver: undefined/unknown
	Database version: 2.3.232
	Autocommit mode: undefined/unknown
	Isolation level: undefined/unknown
	Minimum pool size: undefined/unknown
	Maximum pool size: undefined/unknown
2026-10-07T07:28:28.876+09:00  INFO [requestId:] 58370 --- [sc-consumer-012] [           main] [                                                 ] o.h.e.t.j.p.i.JtaPlatformInitiator       : HHH000489: No JTA platform available (set 'hibernate.transaction.jta.platform' to enable JTA platform integration)
2026-10-07T07:28:28.884+09:00  INFO [requestId:] 58370 --- [sc-consumer-012] [           main] [                                                 ] j.LocalContainerEntityManagerFactoryBean : Initialized JPA EntityManagerFactory for persistence unit 'default'
2026-10-07T07:28:29.228+09:00  INFO [requestId:] 58370 --- [sc-consumer-012] [           main] [                                                 ] o.s.b.a.w.s.WelcomePageHandlerMapping    : Adding welcome page: class path resource [static/index.html]
2026-10-07T07:28:29.353+09:00  INFO [requestId:] 58370 --- [sc-consumer-012] [           main] [                                                 ] r$InitializeUserDetailsManagerConfigurer : Global AuthenticationManager configured with UserDetailsService bean with name users
2026-10-07T07:28:29.413+09:00  INFO [requestId:] 58370 --- [sc-consumer-012] [           main] [                                                 ] o.s.b.a.e.web.EndpointLinksResolver      : Exposing 1 endpoint beneath base path '/actuator'
2026-10-07T07:28:29.540+09:00  INFO [requestId:] 58370 --- [sc-consumer-012] [           main] [                                                 ] o.s.b.w.embedded.tomcat.TomcatWebServer  : Tomcat started on port 50421 (http) with context path '/'
2026-10-07T07:28:29.552+09:00  INFO [requestId:] 58370 --- [sc-consumer-012] [           main] [                                                 ] d.s.consumer012.GeneratedApplication     : Started GeneratedApplication in 2.671 seconds (process running for 2.898)
2026-10-07T07:28:29.608+09:00  INFO [requestId:] 58370 --- [sc-consumer-012] [1-auto-1-exec-1] [                                                 ] o.a.c.c.C.[Tomcat].[localhost].[/]       : Initializing Spring DispatcherServlet 'dispatcherServlet'
2026-10-07T07:28:29.608+09:00  INFO [requestId:] 58370 --- [sc-consumer-012] [1-auto-1-exec-1] [                                                 ] o.s.web.servlet.DispatcherServlet        : Initializing Servlet 'dispatcherServlet'
2026-10-07T07:28:29.608+09:00  INFO [requestId:] 58370 --- [sc-consumer-012] [1-auto-1-exec-1] [                                                 ] o.s.web.servlet.DispatcherServlet        : Completed initialization in 0 ms
2026-10-07T07:28:29.863+09:00  INFO [requestId:] 58370 --- [sc-consumer-012] [ionShutdownHook] [                                                 ] o.s.b.w.e.tomcat.GracefulShutdown        : Commencing graceful shutdown. Waiting for active requests to complete
2026-10-07T07:28:29.865+09:00  INFO [requestId:] 58370 --- [sc-consumer-012] [tomcat-shutdown] [                                                 ] o.s.b.w.e.tomcat.GracefulShutdown        : Graceful shutdown complete
2026-10-07T07:28:29.868+09:00  INFO [requestId:] 58370 --- [sc-consumer-012] [ionShutdownHook] [                                                 ] j.LocalContainerEntityManagerFactoryBean : Closing JPA EntityManagerFactory for persistence unit 'default'
2026-10-07T07:28:29.869+09:00  INFO [requestId:] 58370 --- [sc-consumer-012] [ionShutdownHook] [                                                 ] com.zaxxer.hikari.HikariDataSource       : HikariPool-1 - Shutdown initiated...
2026-10-07T07:28:29.899+09:00  INFO [requestId:] 58370 --- [sc-consumer-012] [ionShutdownHook] [                                                 ] com.zaxxer.hikari.HikariDataSource       : HikariPool-1 - Shutdown completed.

===== default-prod / launcher-1.log =====
Bootstrap secret file is ready (value omitted).

  .   ____          _            __ _ _
 /\\ / ___'_ __ _ _(_)_ __  __ _ \ \ \ \
( ( )\___ | '_ | '_| | '_ \/ _` | \ \ \ \
 \\/  ___)| |_)| | | | | || (_| |  ) ) ) )
  '  |____| .__|_| |_|_| |_\__, | / / / /
 =========|_|==============|___/=/_/_/_/

 :: Spring Boot ::               (v3.5.16)

2026-10-07T07:28:23.211+09:00  INFO [requestId:] 58336 --- [sc-consumer-012] [           main] [                                                 ] d.s.consumer012.GeneratedApplication     : Starting GeneratedApplication v1.0.0 using Java 21.0.11 with PID 58336 (<generated-app>/backend/target/sc-consumer-012.jar started by dk in <generated-app>)
2026-10-07T07:28:23.213+09:00  INFO [requestId:] 58336 --- [sc-consumer-012] [           main] [                                                 ] d.s.consumer012.GeneratedApplication     : The following 1 profile is active: "prod"
2026-10-07T07:28:23.762+09:00  INFO [requestId:] 58336 --- [sc-consumer-012] [           main] [                                                 ] .s.d.r.c.RepositoryConfigurationDelegate : Bootstrapping Spring Data JPA repositories in DEFAULT mode.
2026-10-07T07:28:23.821+09:00  INFO [requestId:] 58336 --- [sc-consumer-012] [           main] [                                                 ] .s.d.r.c.RepositoryConfigurationDelegate : Finished Spring Data repository scanning in 55 ms. Found 1 JPA repository interface.
2026-10-07T07:28:23.896+09:00  INFO [requestId:] 58336 --- [sc-consumer-012] [           main] [                                                 ] o.s.cloud.context.scope.GenericScope     : BeanFactory id=8baf818b-8b7e-3701-b4bf-1bd5db6a05aa
2026-10-07T07:28:24.090+09:00  INFO [requestId:] 58336 --- [sc-consumer-012] [           main] [                                                 ] o.s.b.w.embedded.tomcat.TomcatWebServer  : Tomcat initialized with port 0 (http)
2026-10-07T07:28:24.098+09:00  INFO [requestId:] 58336 --- [sc-consumer-012] [           main] [                                                 ] o.apache.catalina.core.StandardService   : Starting service [Tomcat]
2026-10-07T07:28:24.098+09:00  INFO [requestId:] 58336 --- [sc-consumer-012] [           main] [                                                 ] o.apache.catalina.core.StandardEngine    : Starting Servlet engine: [Apache Tomcat/10.1.55]
2026-10-07T07:28:24.111+09:00  INFO [requestId:] 58336 --- [sc-consumer-012] [           main] [                                                 ] o.a.c.c.C.[Tomcat].[localhost].[/]       : Initializing Spring embedded WebApplicationContext
2026-10-07T07:28:24.111+09:00  INFO [requestId:] 58336 --- [sc-consumer-012] [           main] [                                                 ] w.s.c.ServletWebServerApplicationContext : Root WebApplicationContext: initialization completed in 875 ms
2026-10-07T07:28:24.262+09:00  INFO [requestId:] 58336 --- [sc-consumer-012] [           main] [                                                 ] com.zaxxer.hikari.HikariDataSource       : HikariPool-1 - Starting...
2026-10-07T07:28:24.355+09:00  INFO [requestId:] 58336 --- [sc-consumer-012] [           main] [                                                 ] com.zaxxer.hikari.pool.HikariPool        : HikariPool-1 - Added connection conn0: url=jdbc:h2:file:<isolated-fixture>/data/app user=SA
2026-10-07T07:28:24.356+09:00  INFO [requestId:] 58336 --- [sc-consumer-012] [           main] [                                                 ] com.zaxxer.hikari.HikariDataSource       : HikariPool-1 - Start completed.
2026-10-07T07:28:24.375+09:00  INFO [requestId:] 58336 --- [sc-consumer-012] [           main] [                                                 ] org.flywaydb.core.FlywayExecutor         : Database: jdbc:h2:file:<isolated-fixture>/data/app (H2 2.3)
2026-10-07T07:28:24.387+09:00  INFO [requestId:] 58336 --- [sc-consumer-012] [           main] [                                                 ] o.f.c.i.s.JdbcTableSchemaHistory         : Schema history table "PUBLIC"."flyway_schema_history" does not exist yet
2026-10-07T07:28:24.388+09:00  INFO [requestId:] 58336 --- [sc-consumer-012] [           main] [                                                 ] o.f.core.internal.command.DbValidate     : Successfully validated 1 migration (execution time 00:00.005s)
2026-10-07T07:28:24.390+09:00  INFO [requestId:] 58336 --- [sc-consumer-012] [           main] [                                                 ] o.f.c.i.s.JdbcTableSchemaHistory         : Creating Schema History table "PUBLIC"."flyway_schema_history" ...
2026-10-07T07:28:24.405+09:00  INFO [requestId:] 58336 --- [sc-consumer-012] [           main] [                                                 ] o.f.core.internal.command.DbMigrate      : Current version of schema "PUBLIC": << Empty Schema >>
2026-10-07T07:28:24.407+09:00  INFO [requestId:] 58336 --- [sc-consumer-012] [           main] [                                                 ] o.f.core.internal.command.DbMigrate      : Migrating schema "PUBLIC" to version "1 - starter notes"
2026-10-07T07:28:24.414+09:00  INFO [requestId:] 58336 --- [sc-consumer-012] [           main] [                                                 ] o.f.core.internal.command.DbMigrate      : Successfully applied 1 migration to schema "PUBLIC", now at version v1 (execution time 00:00.002s)
2026-10-07T07:28:24.446+09:00  INFO [requestId:] 58336 --- [sc-consumer-012] [           main] [                                                 ] o.hibernate.jpa.internal.util.LogHelper  : HHH000204: Processing PersistenceUnitInfo [name: default]
2026-10-07T07:28:24.472+09:00  INFO [requestId:] 58336 --- [sc-consumer-012] [           main] [                                                 ] org.hibernate.Version                    : HHH000412: Hibernate ORM core version 6.6.53.Final
2026-10-07T07:28:24.487+09:00  INFO [requestId:] 58336 --- [sc-consumer-012] [           main] [                                                 ] o.h.c.internal.RegionFactoryInitiator    : HHH000026: Second-level cache disabled
2026-10-07T07:28:24.617+09:00  INFO [requestId:] 58336 --- [sc-consumer-012] [           main] [                                                 ] o.s.o.j.p.SpringPersistenceUnitInfo      : No LoadTimeWeaver setup: ignoring JPA class transformer
2026-10-07T07:28:24.651+09:00  INFO [requestId:] 58336 --- [sc-consumer-012] [           main] [                                                 ] org.hibernate.orm.connections.pooling    : HHH10001005: Database info:
	Database JDBC URL [Connecting through datasource 'HikariDataSource (HikariPool-1)']
	Database driver: undefined/unknown
	Database version: 2.3.232
	Autocommit mode: undefined/unknown
	Isolation level: undefined/unknown
	Minimum pool size: undefined/unknown
	Maximum pool size: undefined/unknown
2026-10-07T07:28:25.040+09:00  INFO [requestId:] 58336 --- [sc-consumer-012] [           main] [                                                 ] o.h.e.t.j.p.i.JtaPlatformInitiator       : HHH000489: No JTA platform available (set 'hibernate.transaction.jta.platform' to enable JTA platform integration)
2026-10-07T07:28:25.048+09:00  INFO [requestId:] 58336 --- [sc-consumer-012] [           main] [                                                 ] j.LocalContainerEntityManagerFactoryBean : Initialized JPA EntityManagerFactory for persistence unit 'default'
2026-10-07T07:28:25.371+09:00  INFO [requestId:] 58336 --- [sc-consumer-012] [           main] [                                                 ] o.s.b.a.w.s.WelcomePageHandlerMapping    : Adding welcome page: class path resource [static/index.html]
2026-10-07T07:28:25.499+09:00  INFO [requestId:] 58336 --- [sc-consumer-012] [           main] [                                                 ] r$InitializeUserDetailsManagerConfigurer : Global AuthenticationManager configured with UserDetailsService bean with name users
2026-10-07T07:28:25.562+09:00  INFO [requestId:] 58336 --- [sc-consumer-012] [           main] [                                                 ] o.s.b.a.e.web.EndpointLinksResolver      : Exposing 1 endpoint beneath base path '/actuator'
2026-10-07T07:28:25.688+09:00  INFO [requestId:] 58336 --- [sc-consumer-012] [           main] [                                                 ] o.s.b.w.embedded.tomcat.TomcatWebServer  : Tomcat started on port 50404 (http) with context path '/'
2026-10-07T07:28:25.699+09:00  INFO [requestId:] 58336 --- [sc-consumer-012] [           main] [                                                 ] d.s.consumer012.GeneratedApplication     : Started GeneratedApplication in 2.778 seconds (process running for 3.01)
2026-10-07T07:28:25.924+09:00  INFO [requestId:] 58336 --- [sc-consumer-012] [1-auto-1-exec-1] [                                                 ] o.a.c.c.C.[Tomcat].[localhost].[/]       : Initializing Spring DispatcherServlet 'dispatcherServlet'
2026-10-07T07:28:25.924+09:00  INFO [requestId:] 58336 --- [sc-consumer-012] [1-auto-1-exec-1] [                                                 ] o.s.web.servlet.DispatcherServlet        : Initializing Servlet 'dispatcherServlet'
2026-10-07T07:28:25.925+09:00  INFO [requestId:] 58336 --- [sc-consumer-012] [1-auto-1-exec-1] [                                                 ] o.s.web.servlet.DispatcherServlet        : Completed initialization in 1 ms
2026-10-07T07:28:26.275+09:00  INFO [requestId:] 58336 --- [sc-consumer-012] [ionShutdownHook] [                                                 ] o.s.b.w.e.tomcat.GracefulShutdown        : Commencing graceful shutdown. Waiting for active requests to complete
2026-10-07T07:28:26.277+09:00  INFO [requestId:] 58336 --- [sc-consumer-012] [tomcat-shutdown] [                                                 ] o.s.b.w.e.tomcat.GracefulShutdown        : Graceful shutdown complete
2026-10-07T07:28:26.280+09:00  INFO [requestId:] 58336 --- [sc-consumer-012] [ionShutdownHook] [                                                 ] j.LocalContainerEntityManagerFactoryBean : Closing JPA EntityManagerFactory for persistence unit 'default'
2026-10-07T07:28:26.281+09:00  INFO [requestId:] 58336 --- [sc-consumer-012] [ionShutdownHook] [                                                 ] com.zaxxer.hikari.HikariDataSource       : HikariPool-1 - Shutdown initiated...
2026-10-07T07:28:26.336+09:00  INFO [requestId:] 58336 --- [sc-consumer-012] [ionShutdownHook] [                                                 ] com.zaxxer.hikari.HikariDataSource       : HikariPool-1 - Shutdown completed.

===== default-prod / app.log =====
2026-10-07T07:28:23.211+09:00  INFO [requestId:] 58336 --- [sc-consumer-012] [main] [                                                 ] d.s.consumer012.GeneratedApplication     : Starting GeneratedApplication v1.0.0 using Java 21.0.11 with PID 58336 (<generated-app>/backend/target/sc-consumer-012.jar started by dk in <generated-app>)
2026-10-07T07:28:23.213+09:00  INFO [requestId:] 58336 --- [sc-consumer-012] [main] [                                                 ] d.s.consumer012.GeneratedApplication     : The following 1 profile is active: "prod"
2026-10-07T07:28:23.762+09:00  INFO [requestId:] 58336 --- [sc-consumer-012] [main] [                                                 ] .s.d.r.c.RepositoryConfigurationDelegate : Bootstrapping Spring Data JPA repositories in DEFAULT mode.
2026-10-07T07:28:23.821+09:00  INFO [requestId:] 58336 --- [sc-consumer-012] [main] [                                                 ] .s.d.r.c.RepositoryConfigurationDelegate : Finished Spring Data repository scanning in 55 ms. Found 1 JPA repository interface.
2026-10-07T07:28:23.896+09:00  INFO [requestId:] 58336 --- [sc-consumer-012] [main] [                                                 ] o.s.cloud.context.scope.GenericScope     : BeanFactory id=8baf818b-8b7e-3701-b4bf-1bd5db6a05aa
2026-10-07T07:28:24.090+09:00  INFO [requestId:] 58336 --- [sc-consumer-012] [main] [                                                 ] o.s.b.w.embedded.tomcat.TomcatWebServer  : Tomcat initialized with port 0 (http)
2026-10-07T07:28:24.098+09:00  INFO [requestId:] 58336 --- [sc-consumer-012] [main] [                                                 ] o.apache.catalina.core.StandardService   : Starting service [Tomcat]
2026-10-07T07:28:24.098+09:00  INFO [requestId:] 58336 --- [sc-consumer-012] [main] [                                                 ] o.apache.catalina.core.StandardEngine    : Starting Servlet engine: [Apache Tomcat/10.1.55]
2026-10-07T07:28:24.111+09:00  INFO [requestId:] 58336 --- [sc-consumer-012] [main] [                                                 ] o.a.c.c.C.[Tomcat].[localhost].[/]       : Initializing Spring embedded WebApplicationContext
2026-10-07T07:28:24.111+09:00  INFO [requestId:] 58336 --- [sc-consumer-012] [main] [                                                 ] w.s.c.ServletWebServerApplicationContext : Root WebApplicationContext: initialization completed in 875 ms
2026-10-07T07:28:24.262+09:00  INFO [requestId:] 58336 --- [sc-consumer-012] [main] [                                                 ] com.zaxxer.hikari.HikariDataSource       : HikariPool-1 - Starting...
2026-10-07T07:28:24.355+09:00  INFO [requestId:] 58336 --- [sc-consumer-012] [main] [                                                 ] com.zaxxer.hikari.pool.HikariPool        : HikariPool-1 - Added connection conn0: url=jdbc:h2:file:<isolated-fixture>/data/app user=SA
2026-10-07T07:28:24.356+09:00  INFO [requestId:] 58336 --- [sc-consumer-012] [main] [                                                 ] com.zaxxer.hikari.HikariDataSource       : HikariPool-1 - Start completed.
2026-10-07T07:28:24.375+09:00  INFO [requestId:] 58336 --- [sc-consumer-012] [main] [                                                 ] org.flywaydb.core.FlywayExecutor         : Database: jdbc:h2:file:<isolated-fixture>/data/app (H2 2.3)
2026-10-07T07:28:24.387+09:00  INFO [requestId:] 58336 --- [sc-consumer-012] [main] [                                                 ] o.f.c.i.s.JdbcTableSchemaHistory         : Schema history table "PUBLIC"."flyway_schema_history" does not exist yet
2026-10-07T07:28:24.388+09:00  INFO [requestId:] 58336 --- [sc-consumer-012] [main] [                                                 ] o.f.core.internal.command.DbValidate     : Successfully validated 1 migration (execution time 00:00.005s)
2026-10-07T07:28:24.390+09:00  INFO [requestId:] 58336 --- [sc-consumer-012] [main] [                                                 ] o.f.c.i.s.JdbcTableSchemaHistory         : Creating Schema History table "PUBLIC"."flyway_schema_history" ...
2026-10-07T07:28:24.405+09:00  INFO [requestId:] 58336 --- [sc-consumer-012] [main] [                                                 ] o.f.core.internal.command.DbMigrate      : Current version of schema "PUBLIC": << Empty Schema >>
2026-10-07T07:28:24.407+09:00  INFO [requestId:] 58336 --- [sc-consumer-012] [main] [                                                 ] o.f.core.internal.command.DbMigrate      : Migrating schema "PUBLIC" to version "1 - starter notes"
2026-10-07T07:28:24.414+09:00  INFO [requestId:] 58336 --- [sc-consumer-012] [main] [                                                 ] o.f.core.internal.command.DbMigrate      : Successfully applied 1 migration to schema "PUBLIC", now at version v1 (execution time 00:00.002s)
2026-10-07T07:28:24.446+09:00  INFO [requestId:] 58336 --- [sc-consumer-012] [main] [                                                 ] o.hibernate.jpa.internal.util.LogHelper  : HHH000204: Processing PersistenceUnitInfo [name: default]
2026-10-07T07:28:24.472+09:00  INFO [requestId:] 58336 --- [sc-consumer-012] [main] [                                                 ] org.hibernate.Version                    : HHH000412: Hibernate ORM core version 6.6.53.Final
2026-10-07T07:28:24.487+09:00  INFO [requestId:] 58336 --- [sc-consumer-012] [main] [                                                 ] o.h.c.internal.RegionFactoryInitiator    : HHH000026: Second-level cache disabled
2026-10-07T07:28:24.617+09:00  INFO [requestId:] 58336 --- [sc-consumer-012] [main] [                                                 ] o.s.o.j.p.SpringPersistenceUnitInfo      : No LoadTimeWeaver setup: ignoring JPA class transformer
2026-10-07T07:28:24.651+09:00  INFO [requestId:] 58336 --- [sc-consumer-012] [main] [                                                 ] org.hibernate.orm.connections.pooling    : HHH10001005: Database info:
	Database JDBC URL [Connecting through datasource 'HikariDataSource (HikariPool-1)']
	Database driver: undefined/unknown
	Database version: 2.3.232
	Autocommit mode: undefined/unknown
	Isolation level: undefined/unknown
	Minimum pool size: undefined/unknown
	Maximum pool size: undefined/unknown
2026-10-07T07:28:25.040+09:00  INFO [requestId:] 58336 --- [sc-consumer-012] [main] [                                                 ] o.h.e.t.j.p.i.JtaPlatformInitiator       : HHH000489: No JTA platform available (set 'hibernate.transaction.jta.platform' to enable JTA platform integration)
2026-10-07T07:28:25.048+09:00  INFO [requestId:] 58336 --- [sc-consumer-012] [main] [                                                 ] j.LocalContainerEntityManagerFactoryBean : Initialized JPA EntityManagerFactory for persistence unit 'default'
2026-10-07T07:28:25.371+09:00  INFO [requestId:] 58336 --- [sc-consumer-012] [main] [                                                 ] o.s.b.a.w.s.WelcomePageHandlerMapping    : Adding welcome page: class path resource [static/index.html]
2026-10-07T07:28:25.499+09:00  INFO [requestId:] 58336 --- [sc-consumer-012] [main] [                                                 ] r$InitializeUserDetailsManagerConfigurer : Global AuthenticationManager configured with UserDetailsService bean with name users
2026-10-07T07:28:25.562+09:00  INFO [requestId:] 58336 --- [sc-consumer-012] [main] [                                                 ] o.s.b.a.e.web.EndpointLinksResolver      : Exposing 1 endpoint beneath base path '/actuator'
2026-10-07T07:28:25.688+09:00  INFO [requestId:] 58336 --- [sc-consumer-012] [main] [                                                 ] o.s.b.w.embedded.tomcat.TomcatWebServer  : Tomcat started on port 50404 (http) with context path '/'
2026-10-07T07:28:25.699+09:00  INFO [requestId:] 58336 --- [sc-consumer-012] [main] [                                                 ] d.s.consumer012.GeneratedApplication     : Started GeneratedApplication in 2.778 seconds (process running for 3.01)
2026-10-07T07:28:25.924+09:00  INFO [requestId:] 58336 --- [sc-consumer-012] [http-nio-127.0.0.1-auto-1-exec-1] [                                                 ] o.a.c.c.C.[Tomcat].[localhost].[/]       : Initializing Spring DispatcherServlet 'dispatcherServlet'
2026-10-07T07:28:25.924+09:00  INFO [requestId:] 58336 --- [sc-consumer-012] [http-nio-127.0.0.1-auto-1-exec-1] [                                                 ] o.s.web.servlet.DispatcherServlet        : Initializing Servlet 'dispatcherServlet'
2026-10-07T07:28:25.925+09:00  INFO [requestId:] 58336 --- [sc-consumer-012] [http-nio-127.0.0.1-auto-1-exec-1] [                                                 ] o.s.web.servlet.DispatcherServlet        : Completed initialization in 1 ms
2026-10-07T07:28:26.275+09:00  INFO [requestId:] 58336 --- [sc-consumer-012] [SpringApplicationShutdownHook] [                                                 ] o.s.b.w.e.tomcat.GracefulShutdown        : Commencing graceful shutdown. Waiting for active requests to complete
2026-10-07T07:28:26.277+09:00  INFO [requestId:] 58336 --- [sc-consumer-012] [tomcat-shutdown] [                                                 ] o.s.b.w.e.tomcat.GracefulShutdown        : Graceful shutdown complete
2026-10-07T07:28:26.280+09:00  INFO [requestId:] 58336 --- [sc-consumer-012] [SpringApplicationShutdownHook] [                                                 ] j.LocalContainerEntityManagerFactoryBean : Closing JPA EntityManagerFactory for persistence unit 'default'
2026-10-07T07:28:26.281+09:00  INFO [requestId:] 58336 --- [sc-consumer-012] [SpringApplicationShutdownHook] [                                                 ] com.zaxxer.hikari.HikariDataSource       : HikariPool-1 - Shutdown initiated...
2026-10-07T07:28:26.336+09:00  INFO [requestId:] 58336 --- [sc-consumer-012] [SpringApplicationShutdownHook] [                                                 ] com.zaxxer.hikari.HikariDataSource       : HikariPool-1 - Shutdown completed.
2026-10-07T07:28:27.169+09:00  INFO [requestId:] 58370 --- [sc-consumer-012] [main] [                                                 ] d.s.consumer012.GeneratedApplication     : Starting GeneratedApplication v1.0.0 using Java 21.0.11 with PID 58370 (<generated-app>/backend/target/sc-consumer-012.jar started by dk in <generated-app>)
2026-10-07T07:28:27.170+09:00  INFO [requestId:] 58370 --- [sc-consumer-012] [main] [                                                 ] d.s.consumer012.GeneratedApplication     : The following 1 profile is active: "prod"
2026-10-07T07:28:27.719+09:00  INFO [requestId:] 58370 --- [sc-consumer-012] [main] [                                                 ] .s.d.r.c.RepositoryConfigurationDelegate : Bootstrapping Spring Data JPA repositories in DEFAULT mode.
2026-10-07T07:28:27.778+09:00  INFO [requestId:] 58370 --- [sc-consumer-012] [main] [                                                 ] .s.d.r.c.RepositoryConfigurationDelegate : Finished Spring Data repository scanning in 54 ms. Found 1 JPA repository interface.
2026-10-07T07:28:27.851+09:00  INFO [requestId:] 58370 --- [sc-consumer-012] [main] [                                                 ] o.s.cloud.context.scope.GenericScope     : BeanFactory id=8baf818b-8b7e-3701-b4bf-1bd5db6a05aa
2026-10-07T07:28:28.035+09:00  INFO [requestId:] 58370 --- [sc-consumer-012] [main] [                                                 ] o.s.b.w.embedded.tomcat.TomcatWebServer  : Tomcat initialized with port 0 (http)
2026-10-07T07:28:28.043+09:00  INFO [requestId:] 58370 --- [sc-consumer-012] [main] [                                                 ] o.apache.catalina.core.StandardService   : Starting service [Tomcat]
2026-10-07T07:28:28.043+09:00  INFO [requestId:] 58370 --- [sc-consumer-012] [main] [                                                 ] o.apache.catalina.core.StandardEngine    : Starting Servlet engine: [Apache Tomcat/10.1.55]
2026-10-07T07:28:28.055+09:00  INFO [requestId:] 58370 --- [sc-consumer-012] [main] [                                                 ] o.a.c.c.C.[Tomcat].[localhost].[/]       : Initializing Spring embedded WebApplicationContext
2026-10-07T07:28:28.056+09:00  INFO [requestId:] 58370 --- [sc-consumer-012] [main] [                                                 ] w.s.c.ServletWebServerApplicationContext : Root WebApplicationContext: initialization completed in 863 ms
2026-10-07T07:28:28.200+09:00  INFO [requestId:] 58370 --- [sc-consumer-012] [main] [                                                 ] com.zaxxer.hikari.HikariDataSource       : HikariPool-1 - Starting...
2026-10-07T07:28:28.299+09:00  INFO [requestId:] 58370 --- [sc-consumer-012] [main] [                                                 ] com.zaxxer.hikari.pool.HikariPool        : HikariPool-1 - Added connection conn0: url=jdbc:h2:file:<isolated-fixture>/data/app user=SA
2026-10-07T07:28:28.300+09:00  INFO [requestId:] 58370 --- [sc-consumer-012] [main] [                                                 ] com.zaxxer.hikari.HikariDataSource       : HikariPool-1 - Start completed.
2026-10-07T07:28:28.317+09:00  INFO [requestId:] 58370 --- [sc-consumer-012] [main] [                                                 ] org.flywaydb.core.FlywayExecutor         : Database: jdbc:h2:file:<isolated-fixture>/data/app (H2 2.3)
2026-10-07T07:28:28.331+09:00  INFO [requestId:] 58370 --- [sc-consumer-012] [main] [                                                 ] o.f.core.internal.command.DbValidate     : Successfully validated 1 migration (execution time 00:00.008s)
2026-10-07T07:28:28.335+09:00  INFO [requestId:] 58370 --- [sc-consumer-012] [main] [                                                 ] o.f.core.internal.command.DbMigrate      : Current version of schema "PUBLIC": 1
2026-10-07T07:28:28.336+09:00  INFO [requestId:] 58370 --- [sc-consumer-012] [main] [                                                 ] o.f.core.internal.command.DbMigrate      : Schema "PUBLIC" is up to date. No migration necessary.
2026-10-07T07:28:28.368+09:00  INFO [requestId:] 58370 --- [sc-consumer-012] [main] [                                                 ] o.hibernate.jpa.internal.util.LogHelper  : HHH000204: Processing PersistenceUnitInfo [name: default]
2026-10-07T07:28:28.392+09:00  INFO [requestId:] 58370 --- [sc-consumer-012] [main] [                                                 ] org.hibernate.Version                    : HHH000412: Hibernate ORM core version 6.6.53.Final
2026-10-07T07:28:28.405+09:00  INFO [requestId:] 58370 --- [sc-consumer-012] [main] [                                                 ] o.h.c.internal.RegionFactoryInitiator    : HHH000026: Second-level cache disabled
2026-10-07T07:28:28.529+09:00  INFO [requestId:] 58370 --- [sc-consumer-012] [main] [                                                 ] o.s.o.j.p.SpringPersistenceUnitInfo      : No LoadTimeWeaver setup: ignoring JPA class transformer
2026-10-07T07:28:28.558+09:00  INFO [requestId:] 58370 --- [sc-consumer-012] [main] [                                                 ] org.hibernate.orm.connections.pooling    : HHH10001005: Database info:
	Database JDBC URL [Connecting through datasource 'HikariDataSource (HikariPool-1)']
	Database driver: undefined/unknown
	Database version: 2.3.232
	Autocommit mode: undefined/unknown
	Isolation level: undefined/unknown
	Minimum pool size: undefined/unknown
	Maximum pool size: undefined/unknown
2026-10-07T07:28:28.876+09:00  INFO [requestId:] 58370 --- [sc-consumer-012] [main] [                                                 ] o.h.e.t.j.p.i.JtaPlatformInitiator       : HHH000489: No JTA platform available (set 'hibernate.transaction.jta.platform' to enable JTA platform integration)
2026-10-07T07:28:28.884+09:00  INFO [requestId:] 58370 --- [sc-consumer-012] [main] [                                                 ] j.LocalContainerEntityManagerFactoryBean : Initialized JPA EntityManagerFactory for persistence unit 'default'
2026-10-07T07:28:29.228+09:00  INFO [requestId:] 58370 --- [sc-consumer-012] [main] [                                                 ] o.s.b.a.w.s.WelcomePageHandlerMapping    : Adding welcome page: class path resource [static/index.html]
2026-10-07T07:28:29.353+09:00  INFO [requestId:] 58370 --- [sc-consumer-012] [main] [                                                 ] r$InitializeUserDetailsManagerConfigurer : Global AuthenticationManager configured with UserDetailsService bean with name users
2026-10-07T07:28:29.413+09:00  INFO [requestId:] 58370 --- [sc-consumer-012] [main] [                                                 ] o.s.b.a.e.web.EndpointLinksResolver      : Exposing 1 endpoint beneath base path '/actuator'
2026-10-07T07:28:29.540+09:00  INFO [requestId:] 58370 --- [sc-consumer-012] [main] [                                                 ] o.s.b.w.embedded.tomcat.TomcatWebServer  : Tomcat started on port 50421 (http) with context path '/'
2026-10-07T07:28:29.552+09:00  INFO [requestId:] 58370 --- [sc-consumer-012] [main] [                                                 ] d.s.consumer012.GeneratedApplication     : Started GeneratedApplication in 2.671 seconds (process running for 2.898)
2026-10-07T07:28:29.608+09:00  INFO [requestId:] 58370 --- [sc-consumer-012] [http-nio-127.0.0.1-auto-1-exec-1] [                                                 ] o.a.c.c.C.[Tomcat].[localhost].[/]       : Initializing Spring DispatcherServlet 'dispatcherServlet'
2026-10-07T07:28:29.608+09:00  INFO [requestId:] 58370 --- [sc-consumer-012] [http-nio-127.0.0.1-auto-1-exec-1] [                                                 ] o.s.web.servlet.DispatcherServlet        : Initializing Servlet 'dispatcherServlet'
2026-10-07T07:28:29.608+09:00  INFO [requestId:] 58370 --- [sc-consumer-012] [http-nio-127.0.0.1-auto-1-exec-1] [                                                 ] o.s.web.servlet.DispatcherServlet        : Completed initialization in 0 ms
2026-10-07T07:28:29.863+09:00  INFO [requestId:] 58370 --- [sc-consumer-012] [SpringApplicationShutdownHook] [                                                 ] o.s.b.w.e.tomcat.GracefulShutdown        : Commencing graceful shutdown. Waiting for active requests to complete
2026-10-07T07:28:29.865+09:00  INFO [requestId:] 58370 --- [sc-consumer-012] [tomcat-shutdown] [                                                 ] o.s.b.w.e.tomcat.GracefulShutdown        : Graceful shutdown complete
2026-10-07T07:28:29.868+09:00  INFO [requestId:] 58370 --- [sc-consumer-012] [SpringApplicationShutdownHook] [                                                 ] j.LocalContainerEntityManagerFactoryBean : Closing JPA EntityManagerFactory for persistence unit 'default'
2026-10-07T07:28:29.869+09:00  INFO [requestId:] 58370 --- [sc-consumer-012] [SpringApplicationShutdownHook] [                                                 ] com.zaxxer.hikari.HikariDataSource       : HikariPool-1 - Shutdown initiated...
2026-10-07T07:28:29.899+09:00  INFO [requestId:] 58370 --- [sc-consumer-012] [SpringApplicationShutdownHook] [                                                 ] com.zaxxer.hikari.HikariDataSource       : HikariPool-1 - Shutdown completed.
