 Image scframework-012-20261007-reference-app Building 
#1 [internal] load local bake definitions
#1 reading from stdin 566B done
#1 DONE 0.0s

#2 [internal] load build definition from Dockerfile
#2 transferring dockerfile: 1.68kB done
#2 DONE 0.0s

#3 [internal] load metadata for docker.io/library/eclipse-temurin:21-jdk-noble@sha256:b468c3fc688b14450571494f588bd939378e7fd542ed5a73f8efc13f17872a87
#3 DONE 1.1s

#4 [internal] load metadata for docker.io/library/node:24.16.0-bookworm-slim@sha256:2c87ef9bd3c6a3bd4b472b4bec2ce9d16354b0c574f736c476489d09f560a203
#4 DONE 1.1s

#5 [internal] load metadata for docker.io/library/eclipse-temurin:21-jre-noble@sha256:000fd431958bc81a24abe1e8e5f0f0fd3ae365a594bd50aadb20696805f9408c
#5 DONE 1.1s

#6 [internal] load .dockerignore
#6 transferring context: 198B done
#6 DONE 0.0s

#7 [frontend-build 1/9] FROM docker.io/library/node:24.16.0-bookworm-slim@sha256:2c87ef9bd3c6a3bd4b472b4bec2ce9d16354b0c574f736c476489d09f560a203
#7 resolve docker.io/library/node:24.16.0-bookworm-slim@sha256:2c87ef9bd3c6a3bd4b472b4bec2ce9d16354b0c574f736c476489d09f560a203 done
#7 DONE 0.0s

#8 [java-build 1/6] FROM docker.io/library/eclipse-temurin:21-jdk-noble@sha256:b468c3fc688b14450571494f588bd939378e7fd542ed5a73f8efc13f17872a87
#8 resolve docker.io/library/eclipse-temurin:21-jdk-noble@sha256:b468c3fc688b14450571494f588bd939378e7fd542ed5a73f8efc13f17872a87 done
#8 DONE 0.0s

#9 [runtime 1/7] FROM docker.io/library/eclipse-temurin:21-jre-noble@sha256:000fd431958bc81a24abe1e8e5f0f0fd3ae365a594bd50aadb20696805f9408c
#9 resolve docker.io/library/eclipse-temurin:21-jre-noble@sha256:000fd431958bc81a24abe1e8e5f0f0fd3ae365a594bd50aadb20696805f9408c done
#9 DONE 0.0s

#10 [internal] load build context
#10 transferring context: 3.54MB 0.0s done
#10 DONE 0.1s

#11 [java-build 2/6] WORKDIR /workspace
#11 CACHED

#12 [java-build 3/6] RUN apt-get update && apt-get install -y --no-install-recommends curl python3 && rm -rf /var/lib/apt/lists/*
#12 CACHED

#13 [frontend-build 2/9] WORKDIR /workspace
#13 CACHED

#14 [frontend-build 3/9] COPY package.json package-lock.json ./
#14 CACHED

#15 [frontend-build 4/9] COPY tsconfig.base.json ./
#15 CACHED

#16 [java-build 4/6] COPY backend ./backend
#16 DONE 0.0s

#17 [frontend-build 5/9] COPY frontend ./frontend
#17 DONE 0.0s

#18 [frontend-build 6/9] COPY scripts ./scripts
#18 DONE 0.0s

#19 [frontend-build 7/9] COPY docs ./docs
#19 DONE 0.0s

#20 [frontend-build 8/9] COPY .prettierrc.json .prettierignore ./
#20 DONE 0.0s

#21 [frontend-build 9/9] RUN npm install --global npm@11.13.0 && npm ci --no-audit --no-fund && npm run build
#21 4.535 
#21 4.535 changed 10 packages in 4s
#21 4.535 
#21 4.535 15 packages are looking for funding
#21 4.535   run `npm fund` for details
#21 5.813 npm warn deprecated rimraf@2.7.1: Rimraf versions prior to v4 are no longer supported
#21 6.038 npm warn deprecated lodash.isequal@4.5.0: This package is deprecated. Use require('node:util').isDeepStrictEqual instead.
#21 6.191 npm warn deprecated inflight@1.0.6: This module is not supported, and leaks memory. Do not use it. Check out lru-cache if you want a good and tested way to coalesce async requests by a key value, which is much more comprehensive and powerful.
#21 6.361 npm warn deprecated fstream@1.0.12: This package is no longer supported.
#21 8.318 npm warn deprecated glob@7.2.3: Old versions of glob are not supported, and contain widely publicized security vulnerabilities, which have been fixed in the current version. Please update. Support for old versions may be purchased (at exorbitant rates) by contacting i@izs.me
#21 8.397 npm warn deprecated vue-i18n@11.1.12: This version is NOT deprecated. Previous deprecation was a mistake.
#21 8.404 npm warn deprecated vue-i18n@11.1.12: This version is NOT deprecated. Previous deprecation was a mistake.
#21 8.425 npm warn deprecated vue-i18n@11.1.12: This version is NOT deprecated. Previous deprecation was a mistake.
#21 8.433 npm warn deprecated glob@7.2.3: Old versions of glob are not supported, and contain widely publicized security vulnerabilities, which have been fixed in the current version. Please update. Support for old versions may be purchased (at exorbitant rates) by contacting i@izs.me
#21 8.455 npm warn deprecated vue-i18n@11.1.12: This version is NOT deprecated. Previous deprecation was a mistake.
#21 8.547 npm warn deprecated glob@7.2.3: Old versions of glob are not supported, and contain widely publicized security vulnerabilities, which have been fixed in the current version. Please update. Support for old versions may be purchased (at exorbitant rates) by contacting i@izs.me
#21 10.17 
#21 10.17 added 708 packages in 6s
#21 10.17 npm notice
#21 10.17 npm notice New major version of npm available! 11.13.0 -> 12.2.0
#21 10.17 npm notice Changelog: https://github.com/npm/cli/releases/tag/v12.2.0
#21 10.17 npm notice To update run: npm install -g npm@12.2.0
#21 10.17 npm notice
#21 10.23 
#21 10.23 > sc-framework@0.3.0 build
#21 10.23 > npm run build --workspace @sc/date && npm run build --workspace @sc/i18n && npm run build --workspace @sc/excel && npm run build --workspace @sc/ui && npm run build --workspace @sc/runtime && npm run build --workspace @sc/reference-app && npm run build --workspace @sc/starter-app
#21 10.23 
#21 10.28 
#21 10.28 > @sc/date@0.3.0 build
#21 10.28 > node ../../../scripts/build-library.mjs .
#21 10.28 
#21 10.51 vite v8.3.1 building client environment for production...
#21 10.52 transforming...
#21 10.53 ✓ 2 modules transformed.
#21 10.53 rendering chunks...
#21 10.54 computing gzip size...
#21 10.54 dist/index.js  5.16 kB │ gzip: 2.01 kB
#21 10.54 
#21 10.54 ✓ built in 36ms
#21 11.02 @sc/date@0.3.0: compiled ESM/declarations/assets ready
#21 11.09 
#21 11.09 > @sc/i18n@0.3.0 build
#21 11.09 > node ../../../scripts/build-library.mjs .
#21 11.09 
#21 11.30 vite v8.3.1 building client environment for production...
#21 11.31 transforming...
#21 11.31 ✓ 3 modules transformed.
#21 11.31 rendering chunks...
#21 11.31 computing gzip size...
#21 11.32 dist/index.js  3.30 kB │ gzip: 1.49 kB
#21 11.32 
#21 11.32 ✓ built in 13ms
#21 13.01 @sc/i18n@0.3.0: compiled ESM/declarations/assets ready
#21 13.07 
#21 13.07 > @sc/excel@0.3.0 build
#21 13.07 > node ../../../scripts/build-library.mjs .
#21 13.07 
#21 13.28 vite v8.3.1 building client environment for production...
#21 13.28 transforming...
#21 13.28 ✓ 2 modules transformed.
#21 13.29 rendering chunks...
#21 13.30 computing gzip size...
#21 13.30 dist/index.js  5.77 kB │ gzip: 2.25 kB
#21 13.30 
#21 13.30 ✓ built in 18ms
#21 14.28 @sc/excel@0.3.0: compiled ESM/declarations/assets ready
#21 14.34 
#21 14.34 > @sc/ui@0.3.0 build
#21 14.34 > node ../../../scripts/build-library.mjs .
#21 14.34 
#21 14.56 Design token CSS matches tokens.ts.
#21 14.61 vite v8.3.1 building client environment for production...
#21 14.62 transforming...
#21 14.80 ✓ 100 modules transformed.
#21 14.83 rendering chunks...
#21 14.85 computing gzip size...
#21 14.86 dist/sc-ui.css                                     33.23 kB │ gzip: 5.01 kB
#21 14.86 dist/__styles.js                                    0.00 kB │ gzip: 0.02 kB
#21 14.86 dist/chunks/_plugin-vue_export-helper-Pzq_nHDg.js   0.98 kB │ gzip: 0.58 kB
#21 14.86 dist/chunks/tokens-Gi1pjZK9.js                      1.67 kB │ gzip: 0.90 kB
#21 14.86 dist/chunks/ScActionButton-DKPA-6Pm.js              2.70 kB │ gzip: 1.16 kB
#21 14.86 dist/charts.js                                      9.28 kB │ gzip: 3.07 kB
#21 14.86 dist/editor.js                                     16.87 kB │ gzip: 5.08 kB
#21 14.86 dist/board.js                                      17.71 kB │ gzip: 4.84 kB
#21 14.86 dist/image.js                                      18.16 kB │ gzip: 5.30 kB
#21 14.86 dist/table.js                                      49.02 kB │ gzip: 9.56 kB
#21 14.86 dist/index.js                                      50.72 kB │ gzip: 9.34 kB
#21 14.86 
#21 14.86 ✓ built in 241ms
#21 18.53 @sc/ui@0.3.0: compiled ESM/declarations/assets ready
#21 18.60 
#21 18.60 > @sc/runtime@0.3.0 build
#21 18.60 > node ../../../scripts/build-library.mjs .
#21 18.60 
#21 18.81 vite v8.3.1 building client environment for production...
#21 18.81 transforming...
#21 18.82 ✓ 5 modules transformed.
#21 18.82 rendering chunks...
#21 18.82 computing gzip size...
#21 18.82 dist/index.js  13.17 kB │ gzip: 4.45 kB
#21 18.82 
#21 18.83 ✓ built in 15ms
#21 20.61 @sc/runtime@0.3.0: compiled ESM/declarations/assets ready
#21 20.67 
#21 20.67 > @sc/reference-app@0.1.0 build
#21 20.67 > vue-tsc --noEmit -p tsconfig.json && vite build
#21 20.67 
#21 25.90 vite v8.3.1 building client environment for production...
#21 25.91 transforming...
#21 26.60 ✓ 1926 modules transformed.
#21 27.29 rendering chunks...
#21 27.38 computing gzip size...
#21 27.39 dist/index.html                                   0.56 kB │ gzip:   0.33 kB
#21 27.39 dist/assets/useImageFile-1hkDtVIH.css             0.06 kB │ gzip:   0.08 kB
#21 27.39 dist/assets/DocumentsPage-CGzgDvdS.css            0.11 kB │ gzip:   0.11 kB
#21 27.39 dist/assets/AdminNavigation-CGsS6gxN.css          0.13 kB │ gzip:   0.13 kB
#21 27.39 dist/assets/BrowserErrorsPage-X5oY8iVF.css        0.15 kB │ gzip:   0.15 kB
#21 27.39 dist/assets/MessagesPage-BCmKWFZt.css             0.15 kB │ gzip:   0.15 kB
#21 27.39 dist/assets/NoticesPage-DsFzkVWS.css              0.21 kB │ gzip:   0.14 kB
#21 27.39 dist/assets/OperationsTable-xRkMfjgk.css          0.37 kB │ gzip:   0.19 kB
#21 27.39 dist/assets/PatternsPage-D9wSiuNv.css             0.59 kB │ gzip:   0.29 kB
#21 27.39 dist/assets/AdminAuditPage-BqQoUJOH.css           0.62 kB │ gzip:   0.31 kB
#21 27.39 dist/assets/RequirementsPage-DHRt7bWb.css         0.83 kB │ gzip:   0.30 kB
#21 27.39 dist/assets/RequirementWorkspace-CFi7C6u6.css     1.28 kB │ gzip:   0.48 kB
#21 27.39 dist/assets/KanbanPage-6zvtfWED.css               1.45 kB │ gzip:   0.48 kB
#21 27.39 dist/assets/RequirementReportPage-BKY-UAMX.css    1.90 kB │ gzip:   0.57 kB
#21 27.39 dist/assets/vue-i18n-Bw7auy6a.css                95.15 kB │ gzip:  13.21 kB
#21 27.39 dist/assets/index-CTX-M5wf.css                  232.17 kB │ gzip:  34.77 kB
#21 27.39 dist/assets/validation-hl21o1zK.js                0.11 kB │ gzip:   0.11 kB
#21 27.39 dist/assets/useDraftGuard-DHBGaPnh.js             0.65 kB │ gzip:   0.40 kB
#21 27.39 dist/assets/query-CPXpQ3J9.js                     1.31 kB │ gzip:   0.59 kB
#21 27.39 dist/assets/AccountPage-clhWHbUk.js               3.37 kB │ gzip:   1.54 kB
#21 27.39 dist/assets/AdminNavigation-CC9yXw0L.js           3.38 kB │ gzip:   1.79 kB
#21 27.39 dist/assets/AdminUsersPage-DqscmddO.js            3.93 kB │ gzip:   1.67 kB
#21 27.39 dist/assets/RequirementsPage-DViCmVAA.js          4.86 kB │ gzip:   1.98 kB
#21 27.39 dist/assets/AdminMenusPage-13iZELzg.js            4.95 kB │ gzip:   2.13 kB
#21 27.39 dist/assets/BrowserErrorsPage-3EXpBKNY.js         5.42 kB │ gzip:   2.08 kB
#21 27.39 dist/assets/MessagesPage-S6Ib909w.js              5.47 kB │ gzip:   2.26 kB
#21 27.39 dist/assets/AdminAuditPage-Csd44St0.js            5.75 kB │ gzip:   2.25 kB
#21 27.39 dist/assets/OperationsTable-Y5XGdzMm.js           8.18 kB │ gzip:   3.56 kB
#21 27.39 dist/assets/MediaWorkspacePage-sXDqo6yD.js       10.77 kB │ gzip:   3.81 kB
#21 27.39 dist/assets/SchedulesPage-APDnMaX-.js            11.54 kB │ gzip:   3.96 kB
#21 27.39 dist/assets/PatternsPage-CIz9G5J5.js             11.82 kB │ gzip:   4.45 kB
#21 27.39 dist/assets/NoticesPage-BmGmeb6P.js              11.83 kB │ gzip:   4.51 kB
#21 27.39 dist/assets/DocumentsPage-CIsKMk61.js            12.27 kB │ gzip:   4.77 kB
#21 27.39 dist/assets/dist-nEO7PU3y.js                     16.09 kB │ gzip:   6.17 kB
#21 27.39 dist/assets/RequirementReportPage-iM7_ylxx.js    16.48 kB │ gzip:   5.47 kB
#21 27.39 dist/assets/RequirementWorkspace-Bw4KyTVG.js     29.51 kB │ gzip:   8.32 kB
#21 27.39 dist/assets/KanbanPage-wvENVTDz.js              148.73 kB │ gzip:  47.88 kB
#21 27.39 dist/assets/useImageFile-jU7-2GCM.js            212.60 kB │ gzip:  66.10 kB
#21 27.39 dist/assets/index-OoMIYUIQ.js                   277.58 kB │ gzip:  85.76 kB
#21 27.39 dist/assets/editor-CWzv_Igk.js                  387.46 kB │ gzip: 122.69 kB
#21 27.39 dist/assets/charts-DZvfRw5H.js                  560.12 kB │ gzip: 191.56 kB
#21 27.39 dist/assets/vue-i18n-BQzf3H0D.js                565.77 kB │ gzip: 195.50 kB
#21 27.39 dist/assets/dist-Bbo5EMju.js                    933.03 kB │ gzip: 258.12 kB
#21 27.39 
#21 27.39 [plugin builtin:vite-reporter] 
#21 27.39 (!) Some chunks are larger than 500 kB after minification. Consider:
#21 27.39 - Using dynamic import() to code-split the application
#21 27.39 - Use build.rolldownOptions.output.codeSplitting to improve chunking: https://rolldown.rs/reference/OutputOptions.codeSplitting
#21 27.39 - Adjust chunk size limit for this warning via build.chunkSizeWarningLimit.
#21 27.39 ✓ built in 1.49s
#21 27.48 
#21 27.48 > @sc/starter-app@0.1.0 build
#21 27.48 > vue-tsc --noEmit -p tsconfig.json && vite build
#21 27.48 
#21 31.69 vite v8.3.1 building client environment for production...
#21 31.69 transforming...
#21 31.93 ✓ 1812 modules transformed.
#21 32.52 rendering chunks...
#21 32.72 computing gzip size...
#21 32.74 dist/index.html                              0.40 kB │ gzip:   0.27 kB
#21 32.74 dist/assets/OperationsPage-DK8xgzrY.css      0.41 kB │ gzip:   0.24 kB
#21 32.74 dist/assets/PatternsPage-DxdglvMl.css        0.92 kB │ gzip:   0.40 kB
#21 32.74 dist/assets/index-CLP9tEG4.css             326.84 kB │ gzip:  46.99 kB
#21 32.74 dist/assets/OperationsPage-CFwB70Sk.js      24.43 kB │ gzip:   7.79 kB
#21 32.74 dist/assets/dist-n2uKtyka.js               216.97 kB │ gzip:  64.80 kB
#21 32.74 dist/assets/index-CgNuW9p7.js              614.28 kB │ gzip: 208.94 kB
#21 32.74 dist/assets/PatternsPage-DC7RGWT0.js     2,217.71 kB │ gzip: 677.80 kB
#21 32.74 
#21 32.74 ✓ built in 1.05s
#21 32.74 [plugin builtin:vite-reporter] 
#21 32.74 (!) Some chunks are larger than 500 kB after minification. Consider:
#21 32.74 - Using dynamic import() to code-split the application
#21 32.74 - Use build.rolldownOptions.output.codeSplitting to improve chunking: https://rolldown.rs/reference/OutputOptions.codeSplitting
#21 32.74 - Adjust chunk size limit for this warning via build.chunkSizeWarningLimit.
#21 DONE 32.8s

#22 [java-build 5/6] COPY --from=frontend-build /workspace/frontend ./frontend
#22 DONE 0.1s

#23 [java-build 6/6] RUN chmod +x backend/mvnw && backend/mvnw -B -f backend/pom.xml clean verify
#23 1.011 [INFO] Scanning for projects...
#23 1.123 [INFO] Downloading from central: https://repo.maven.apache.org/maven2/org/springframework/boot/spring-boot-starter-parent/3.5.16/spring-boot-starter-parent-3.5.16.pom
#23 1.295 [INFO] Downloaded from central: https://repo.maven.apache.org/maven2/org/springframework/boot/spring-boot-starter-parent/3.5.16/spring-boot-starter-parent-3.5.16.pom (13 kB at 77 kB/s)
#23 1.306 [INFO] Downloading from central: https://repo.maven.apache.org/maven2/org/springframework/boot/spring-boot-dependencies/3.5.16/spring-boot-dependencies-3.5.16.pom
#23 1.331 [INFO] Downloaded from central: https://repo.maven.apache.org/maven2/org/springframework/boot/spring-boot-dependencies/3.5.16/spring-boot-dependencies-3.5.16.pom (97 kB at 4.1 MB/s)
#23 1.370 [INFO] Downloading from central: https://repo.maven.apache.org/maven2/org/springframework/cloud/spring-cloud-dependencies/2025.0.3/spring-cloud-dependencies-2025.0.3.pom
#23 1.393 [INFO] Downloaded from central: https://repo.maven.apache.org/maven2/org/springframework/cloud/spring-cloud-dependencies/2025.0.3/spring-cloud-dependencies-2025.0.3.pom (10 kB at 447 kB/s)
#23 1.396 [INFO] Downloading from central: https://repo.maven.apache.org/maven2/org/springframework/cloud/spring-cloud-dependencies-parent/4.3.4/spring-cloud-dependencies-parent-4.3.4.pom
#23 1.417 [INFO] Downloaded from central: https://repo.maven.apache.org/maven2/org/springframework/cloud/spring-cloud-dependencies-parent/4.3.4/spring-cloud-dependencies-parent-4.3.4.pom (7.9 kB at 360 kB/s)
#23 1.420 [INFO] Downloading from central: https://repo.maven.apache.org/maven2/org/springframework/cloud/spring-cloud-commons-dependencies/4.3.3/spring-cloud-commons-dependencies-4.3.3.pom
#23 1.441 [INFO] Downloaded from central: https://repo.maven.apache.org/maven2/org/springframework/cloud/spring-cloud-commons-dependencies/4.3.3/spring-cloud-commons-dependencies-4.3.3.pom (6.9 kB at 344 kB/s)
#23 1.443 [INFO] Downloading from central: https://repo.maven.apache.org/maven2/com/squareup/okhttp3/okhttp-bom/4.12.0/okhttp-bom-4.12.0.pom
#23 1.461 [INFO] Downloaded from central: https://repo.maven.apache.org/maven2/com/squareup/okhttp3/okhttp-bom/4.12.0/okhttp-bom-4.12.0.pom (3.1 kB at 161 kB/s)
#23 1.463 [INFO] Downloading from central: https://repo.maven.apache.org/maven2/org/springframework/cloud/spring-cloud-netflix-dependencies/4.3.3/spring-cloud-netflix-dependencies-4.3.3.pom
#23 1.486 [INFO] Downloaded from central: https://repo.maven.apache.org/maven2/org/springframework/cloud/spring-cloud-netflix-dependencies/4.3.3/spring-cloud-netflix-dependencies-4.3.3.pom (10 kB at 461 kB/s)
#23 1.488 [INFO] Downloading from central: https://repo.maven.apache.org/maven2/org/springframework/cloud/spring-cloud-stream-dependencies/4.3.3/spring-cloud-stream-dependencies-4.3.3.pom
#23 1.506 [INFO] Downloaded from central: https://repo.maven.apache.org/maven2/org/springframework/cloud/spring-cloud-stream-dependencies/4.3.3/spring-cloud-stream-dependencies-4.3.3.pom (8.6 kB at 450 kB/s)
#23 1.509 [INFO] Downloading from central: https://repo.maven.apache.org/maven2/org/springframework/cloud/spring-cloud-task-dependencies/3.3.2/spring-cloud-task-dependencies-3.3.2.pom
#23 1.529 [INFO] Downloaded from central: https://repo.maven.apache.org/maven2/org/springframework/cloud/spring-cloud-task-dependencies/3.3.2/spring-cloud-task-dependencies-3.3.2.pom (5.8 kB at 276 kB/s)
#23 1.532 [INFO] Downloading from central: https://repo.maven.apache.org/maven2/org/springframework/cloud/spring-cloud-circuitbreaker-dependencies/3.3.3/spring-cloud-circuitbreaker-dependencies-3.3.3.pom
#23 1.553 [INFO] Downloaded from central: https://repo.maven.apache.org/maven2/org/springframework/cloud/spring-cloud-circuitbreaker-dependencies/3.3.3/spring-cloud-circuitbreaker-dependencies-3.3.3.pom (6.7 kB at 336 kB/s)
#23 1.555 [INFO] Downloading from central: https://repo.maven.apache.org/maven2/io/github/resilience4j/resilience4j-bom/2.2.0/resilience4j-bom-2.2.0.pom
#23 1.576 [INFO] Downloaded from central: https://repo.maven.apache.org/maven2/io/github/resilience4j/resilience4j-bom/2.2.0/resilience4j-bom-2.2.0.pom (6.4 kB at 304 kB/s)
#23 1.578 [INFO] Downloading from central: https://repo.maven.apache.org/maven2/org/springframework/cloud/spring-cloud-config-dependencies/4.3.4/spring-cloud-config-dependencies-4.3.4.pom
#23 1.597 [INFO] Downloaded from central: https://repo.maven.apache.org/maven2/org/springframework/cloud/spring-cloud-config-dependencies/4.3.4/spring-cloud-config-dependencies-4.3.4.pom (7.7 kB at 407 kB/s)
#23 1.600 [INFO] Downloading from central: https://repo.maven.apache.org/maven2/org/springframework/cloud/spring-cloud-function-dependencies/4.3.4/spring-cloud-function-dependencies-4.3.4.pom
#23 1.618 [INFO] Downloaded from central: https://repo.maven.apache.org/maven2/org/springframework/cloud/spring-cloud-function-dependencies/4.3.4/spring-cloud-function-dependencies-4.3.4.pom (7.0 kB at 389 kB/s)
#23 1.621 [INFO] Downloading from central: https://repo.maven.apache.org/maven2/org/springframework/cloud/spring-cloud-gateway-dependencies/4.3.5/spring-cloud-gateway-dependencies-4.3.5.pom
#23 1.641 [INFO] Downloaded from central: https://repo.maven.apache.org/maven2/org/springframework/cloud/spring-cloud-gateway-dependencies/4.3.5/spring-cloud-gateway-dependencies-4.3.5.pom (7.7 kB at 365 kB/s)
#23 1.644 [INFO] Downloading from central: https://repo.maven.apache.org/maven2/org/springframework/cloud/spring-cloud-consul-dependencies/4.3.3/spring-cloud-consul-dependencies-4.3.3.pom
#23 1.662 [INFO] Downloaded from central: https://repo.maven.apache.org/maven2/org/springframework/cloud/spring-cloud-consul-dependencies/4.3.3/spring-cloud-consul-dependencies-4.3.3.pom (7.5 kB at 393 kB/s)
#23 1.665 [INFO] Downloading from central: https://repo.maven.apache.org/maven2/org/springframework/cloud/spring-cloud-vault-dependencies/4.3.3/spring-cloud-vault-dependencies-4.3.3.pom
#23 1.682 [INFO] Downloaded from central: https://repo.maven.apache.org/maven2/org/springframework/cloud/spring-cloud-vault-dependencies/4.3.3/spring-cloud-vault-dependencies-4.3.3.pom (6.2 kB at 347 kB/s)
#23 1.684 [INFO] Downloading from central: https://repo.maven.apache.org/maven2/org/springframework/cloud/spring-cloud-zookeeper-dependencies/4.3.3/spring-cloud-zookeeper-dependencies-4.3.3.pom
#23 1.703 [INFO] Downloaded from central: https://repo.maven.apache.org/maven2/org/springframework/cloud/spring-cloud-zookeeper-dependencies/4.3.3/spring-cloud-zookeeper-dependencies-4.3.3.pom (8.9 kB at 497 kB/s)
#23 1.705 [INFO] Downloading from central: https://repo.maven.apache.org/maven2/org/springframework/cloud/spring-cloud-bus-dependencies/4.3.2/spring-cloud-bus-dependencies-4.3.2.pom
#23 1.725 [INFO] Downloaded from central: https://repo.maven.apache.org/maven2/org/springframework/cloud/spring-cloud-bus-dependencies/4.3.2/spring-cloud-bus-dependencies-4.3.2.pom (6.1 kB at 307 kB/s)
#23 1.727 [INFO] Downloading from central: https://repo.maven.apache.org/maven2/org/springframework/cloud/spring-cloud-contract-dependencies/4.3.4/spring-cloud-contract-dependencies-4.3.4.pom
#23 1.747 [INFO] Downloaded from central: https://repo.maven.apache.org/maven2/org/springframework/cloud/spring-cloud-contract-dependencies/4.3.4/spring-cloud-contract-dependencies-4.3.4.pom (8.7 kB at 460 kB/s)
#23 1.749 [INFO] Downloading from central: https://repo.maven.apache.org/maven2/org/springframework/cloud/spring-cloud-openfeign-dependencies/4.3.3/spring-cloud-openfeign-dependencies-4.3.3.pom
#23 1.769 [INFO] Downloaded from central: https://repo.maven.apache.org/maven2/org/springframework/cloud/spring-cloud-openfeign-dependencies/4.3.3/spring-cloud-openfeign-dependencies-4.3.3.pom (5.9 kB at 295 kB/s)
#23 1.771 [INFO] Downloading from central: https://repo.maven.apache.org/maven2/io/github/openfeign/feign-bom/13.6.1/feign-bom-13.6.1.pom
#23 1.790 [INFO] Downloaded from central: https://repo.maven.apache.org/maven2/io/github/openfeign/feign-bom/13.6.1/feign-bom-13.6.1.pom (8.3 kB at 436 kB/s)
#23 1.793 [INFO] Downloading from central: https://repo.maven.apache.org/maven2/org/springframework/cloud/spring-cloud-kubernetes-dependencies/3.3.3/spring-cloud-kubernetes-dependencies-3.3.3.pom
#23 1.812 [INFO] Downloaded from central: https://repo.maven.apache.org/maven2/org/springframework/cloud/spring-cloud-kubernetes-dependencies/3.3.3/spring-cloud-kubernetes-dependencies-3.3.3.pom (12 kB at 627 kB/s)
#23 1.815 [INFO] Downloading from central: https://repo.maven.apache.org/maven2/io/fabric8/kubernetes-client-bom/7.3.2/kubernetes-client-bom-7.3.2.pom
#23 1.835 [INFO] Downloaded from central: https://repo.maven.apache.org/maven2/io/fabric8/kubernetes-client-bom/7.3.2/kubernetes-client-bom-7.3.2.pom (19 kB at 898 kB/s)
#23 1.837 [INFO] Downloading from central: https://repo.maven.apache.org/maven2/org/apache/activemq/activemq-bom/6.1.8/activemq-bom-6.1.8.pom
#23 1.858 [INFO] Downloaded from central: https://repo.maven.apache.org/maven2/org/apache/activemq/activemq-bom/6.1.8/activemq-bom-6.1.8.pom (7.9 kB at 375 kB/s)
#23 1.860 [INFO] Downloading from central: https://repo.maven.apache.org/maven2/org/apache/activemq/artemis-bom/2.40.0/artemis-bom-2.40.0.pom
#23 1.878 [INFO] Downloaded from central: https://repo.maven.apache.org/maven2/org/apache/activemq/artemis-bom/2.40.0/artemis-bom-2.40.0.pom (9.6 kB at 534 kB/s)
#23 1.880 [INFO] Downloading from central: https://repo.maven.apache.org/maven2/org/apache/activemq/artemis-project/2.40.0/artemis-project-2.40.0.pom
#23 1.906 [INFO] Downloaded from central: https://repo.maven.apache.org/maven2/org/apache/activemq/artemis-project/2.40.0/artemis-project-2.40.0.pom (56 kB at 2.1 MB/s)
#23 1.910 [INFO] Downloading from central: https://repo.maven.apache.org/maven2/org/apache/apache/33/apache-33.pom
#23 1.930 [INFO] Downloaded from central: https://repo.maven.apache.org/maven2/org/apache/apache/33/apache-33.pom (24 kB at 1.2 MB/s)
#23 1.933 [INFO] Downloading from central: https://repo.maven.apache.org/maven2/org/assertj/assertj-bom/3.27.7/assertj-bom-3.27.7.pom
#23 1.955 [INFO] Downloaded from central: https://repo.maven.apache.org/maven2/org/assertj/assertj-bom/3.27.7/assertj-bom-3.27.7.pom (3.3 kB at 152 kB/s)
#23 1.957 [INFO] Downloading from central: https://repo.maven.apache.org/maven2/io/zipkin/reporter2/zipkin-reporter-bom/3.5.3/zipkin-reporter-bom-3.5.3.pom
#23 1.978 [INFO] Downloaded from central: https://repo.maven.apache.org/maven2/io/zipkin/reporter2/zipkin-reporter-bom/3.5.3/zipkin-reporter-bom-3.5.3.pom (6.1 kB at 290 kB/s)
#23 1.980 [INFO] Downloading from central: https://repo.maven.apache.org/maven2/io/zipkin/brave/brave-bom/6.1.0/brave-bom-6.1.0.pom
#23 2.000 [INFO] Downloaded from central: https://repo.maven.apache.org/maven2/io/zipkin/brave/brave-bom/6.1.0/brave-bom-6.1.0.pom (11 kB at 578 kB/s)
#23 2.002 [INFO] Downloading from central: https://repo.maven.apache.org/maven2/org/apache/cassandra/java-driver-bom/4.19.3/java-driver-bom-4.19.3.pom
#23 2.019 [INFO] Downloaded from central: https://repo.maven.apache.org/maven2/org/apache/cassandra/java-driver-bom/4.19.3/java-driver-bom-4.19.3.pom (5.5 kB at 321 kB/s)
#23 2.020 [INFO] Downloading from central: https://repo.maven.apache.org/maven2/org/glassfish/jaxb/jaxb-bom/4.0.9/jaxb-bom-4.0.9.pom
#23 2.040 [INFO] Downloaded from central: https://repo.maven.apache.org/maven2/org/glassfish/jaxb/jaxb-bom/4.0.9/jaxb-bom-4.0.9.pom (13 kB at 673 kB/s)
#23 2.042 [INFO] Downloading from central: https://repo.maven.apache.org/maven2/org/eclipse/ee4j/project/2.0.4/project-2.0.4.pom
#23 2.066 [INFO] Downloaded from central: https://repo.maven.apache.org/maven2/org/eclipse/ee4j/project/2.0.4/project-2.0.4.pom (27 kB at 1.1 MB/s)
#23 2.069 [INFO] Downloading from central: https://repo.maven.apache.org/maven2/org/apache/groovy/groovy-bom/4.0.32/groovy-bom-4.0.32.pom
#23 2.088 [INFO] Downloaded from central: https://repo.maven.apache.org/maven2/org/apache/groovy/groovy-bom/4.0.32/groovy-bom-4.0.32.pom (27 kB at 1.4 MB/s)
#23 2.091 [INFO] Downloading from central: https://repo.maven.apache.org/maven2/org/infinispan/infinispan-bom/15.2.6.Final/infinispan-bom-15.2.6.Final.pom
#23 2.109 [INFO] Downloaded from central: https://repo.maven.apache.org/maven2/org/infinispan/infinispan-bom/15.2.6.Final/infinispan-bom-15.2.6.Final.pom (17 kB at 917 kB/s)
#23 2.110 [INFO] Downloading from central: https://repo.maven.apache.org/maven2/org/infinispan/infinispan-build-configuration-parent/15.2.6.Final/infinispan-build-configuration-parent-15.2.6.Final.pom
#23 2.129 [INFO] Downloaded from central: https://repo.maven.apache.org/maven2/org/infinispan/infinispan-build-configuration-parent/15.2.6.Final/infinispan-build-configuration-parent-15.2.6.Final.pom (17 kB at 903 kB/s)
#23 2.131 [INFO] Downloading from central: https://repo.maven.apache.org/maven2/com/fasterxml/jackson/jackson-bom/2.21.4/jackson-bom-2.21.4.pom
#23 2.151 [INFO] Downloaded from central: https://repo.maven.apache.org/maven2/com/fasterxml/jackson/jackson-bom/2.21.4/jackson-bom-2.21.4.pom (20 kB at 1.1 MB/s)
#23 2.152 [INFO] Downloading from central: https://repo.maven.apache.org/maven2/com/fasterxml/jackson/jackson-parent/2.21/jackson-parent-2.21.pom
#23 2.172 [INFO] Downloaded from central: https://repo.maven.apache.org/maven2/com/fasterxml/jackson/jackson-parent/2.21/jackson-parent-2.21.pom (6.9 kB at 362 kB/s)
#23 2.173 [INFO] Downloading from central: https://repo.maven.apache.org/maven2/com/fasterxml/oss-parent/75/oss-parent-75.pom
#23 2.192 [INFO] Downloaded from central: https://repo.maven.apache.org/maven2/com/fasterxml/oss-parent/75/oss-parent-75.pom (24 kB at 1.3 MB/s)
#23 2.196 [INFO] Downloading from central: https://repo.maven.apache.org/maven2/org/glassfish/jersey/jersey-bom/3.1.11/jersey-bom-3.1.11.pom
#23 2.214 [INFO] Downloaded from central: https://repo.maven.apache.org/maven2/org/glassfish/jersey/jersey-bom/3.1.11/jersey-bom-3.1.11.pom (21 kB at 1.1 MB/s)
#23 2.216 [INFO] Downloading from central: https://repo.maven.apache.org/maven2/org/eclipse/ee4j/project/1.0.9/project-1.0.9.pom
#23 2.236 [INFO] Downloaded from central: https://repo.maven.apache.org/maven2/org/eclipse/ee4j/project/1.0.9/project-1.0.9.pom (16 kB at 807 kB/s)
#23 2.239 [INFO] Downloading from central: https://repo.maven.apache.org/maven2/org/eclipse/jetty/ee10/jetty-ee10-bom/12.0.36/jetty-ee10-bom-12.0.36.pom
#23 2.259 [INFO] Downloaded from central: https://repo.maven.apache.org/maven2/org/eclipse/jetty/ee10/jetty-ee10-bom/12.0.36/jetty-ee10-bom-12.0.36.pom (9.6 kB at 479 kB/s)
#23 2.269 [INFO] Downloading from central: https://repo.maven.apache.org/maven2/org/eclipse/jetty/jetty-bom/12.0.36/jetty-bom-12.0.36.pom
#23 2.287 [INFO] Downloaded from central: https://repo.maven.apache.org/maven2/org/eclipse/jetty/jetty-bom/12.0.36/jetty-bom-12.0.36.pom (15 kB at 813 kB/s)
#23 2.290 [INFO] Downloading from central: https://repo.maven.apache.org/maven2/org/junit/junit-bom/5.12.2/junit-bom-5.12.2.pom
#23 2.309 [INFO] Downloaded from central: https://repo.maven.apache.org/maven2/org/junit/junit-bom/5.12.2/junit-bom-5.12.2.pom (5.6 kB at 297 kB/s)
#23 2.311 [INFO] Downloading from central: https://repo.maven.apache.org/maven2/org/jetbrains/kotlin/kotlin-bom/1.9.25/kotlin-bom-1.9.25.pom
#23 2.328 [INFO] Downloaded from central: https://repo.maven.apache.org/maven2/org/jetbrains/kotlin/kotlin-bom/1.9.25/kotlin-bom-1.9.25.pom (9.1 kB at 570 kB/s)
#23 2.329 [INFO] Downloading from central: https://repo.maven.apache.org/maven2/org/jetbrains/kotlinx/kotlinx-coroutines-bom/1.8.1/kotlinx-coroutines-bom-1.8.1.pom
#23 2.347 [INFO] Downloaded from central: https://repo.maven.apache.org/maven2/org/jetbrains/kotlinx/kotlinx-coroutines-bom/1.8.1/kotlinx-coroutines-bom-1.8.1.pom (4.3 kB at 238 kB/s)
#23 2.349 [INFO] Downloading from central: https://repo.maven.apache.org/maven2/org/jetbrains/kotlinx/kotlinx-serialization-bom/1.6.3/kotlinx-serialization-bom-1.6.3.pom
#23 2.367 [INFO] Downloaded from central: https://repo.maven.apache.org/maven2/org/jetbrains/kotlinx/kotlinx-serialization-bom/1.6.3/kotlinx-serialization-bom-1.6.3.pom (3.7 kB at 216 kB/s)
#23 2.368 [INFO] Downloading from central: https://repo.maven.apache.org/maven2/org/apache/logging/log4j/log4j-bom/2.24.3/log4j-bom-2.24.3.pom
#23 2.386 [INFO] Downloaded from central: https://repo.maven.apache.org/maven2/org/apache/logging/log4j/log4j-bom/2.24.3/log4j-bom-2.24.3.pom (12 kB at 681 kB/s)
#23 2.388 [INFO] Downloading from central: https://repo.maven.apache.org/maven2/org/apache/logging/logging-parent/11.3.0/logging-parent-11.3.0.pom
#23 2.410 [INFO] Downloaded from central: https://repo.maven.apache.org/maven2/org/apache/logging/logging-parent/11.3.0/logging-parent-11.3.0.pom (53 kB at 2.4 MB/s)
#23 2.416 [INFO] Downloading from central: https://repo.maven.apache.org/maven2/io/micrometer/micrometer-bom/1.15.12/micrometer-bom-1.15.12.pom
#23 2.435 [INFO] Downloaded from central: https://repo.maven.apache.org/maven2/io/micrometer/micrometer-bom/1.15.12/micrometer-bom-1.15.12.pom (8.6 kB at 453 kB/s)
#23 2.437 [INFO] Downloading from central: https://repo.maven.apache.org/maven2/org/mockito/mockito-bom/5.17.0/mockito-bom-5.17.0.pom
#23 2.455 [INFO] Downloaded from central: https://repo.maven.apache.org/maven2/org/mockito/mockito-bom/5.17.0/mockito-bom-5.17.0.pom (3.0 kB at 165 kB/s)
#23 2.457 [INFO] Downloading from central: https://repo.maven.apache.org/maven2/org/mongodb/mongodb-driver-bom/5.5.2/mongodb-driver-bom-5.5.2.pom
#23 2.479 [INFO] Downloaded from central: https://repo.maven.apache.org/maven2/org/mongodb/mongodb-driver-bom/5.5.2/mongodb-driver-bom-5.5.2.pom (4.2 kB at 189 kB/s)
#23 2.480 [INFO] Downloading from central: https://repo.maven.apache.org/maven2/io/netty/netty-bom/4.1.135.Final/netty-bom-4.1.135.Final.pom
#23 2.498 [INFO] Downloaded from central: https://repo.maven.apache.org/maven2/io/netty/netty-bom/4.1.135.Final/netty-bom-4.1.135.Final.pom (15 kB at 819 kB/s)
#23 2.499 [INFO] Downloading from central: https://repo.maven.apache.org/maven2/org/sonatype/oss/oss-parent/7/oss-parent-7.pom
#23 2.522 [INFO] Downloaded from central: https://repo.maven.apache.org/maven2/org/sonatype/oss/oss-parent/7/oss-parent-7.pom (4.8 kB at 210 kB/s)
#23 2.524 [INFO] Downloading from central: https://repo.maven.apache.org/maven2/io/opentelemetry/opentelemetry-bom/1.49.0/opentelemetry-bom-1.49.0.pom
#23 2.542 [INFO] Downloaded from central: https://repo.maven.apache.org/maven2/io/opentelemetry/opentelemetry-bom/1.49.0/opentelemetry-bom-1.49.0.pom (5.9 kB at 326 kB/s)
#23 2.543 [INFO] Downloading from central: https://repo.maven.apache.org/maven2/io/prometheus/prometheus-metrics-bom/1.3.10/prometheus-metrics-bom-1.3.10.pom
#23 2.563 [INFO] Downloaded from central: https://repo.maven.apache.org/maven2/io/prometheus/prometheus-metrics-bom/1.3.10/prometheus-metrics-bom-1.3.10.pom (5.8 kB at 292 kB/s)
#23 2.564 [INFO] Downloading from central: https://repo.maven.apache.org/maven2/io/prometheus/client_java_parent/1.3.10/client_java_parent-1.3.10.pom
#23 2.582 [INFO] Downloaded from central: https://repo.maven.apache.org/maven2/io/prometheus/client_java_parent/1.3.10/client_java_parent-1.3.10.pom (4.4 kB at 242 kB/s)
#23 2.584 [INFO] Downloading from central: https://repo.maven.apache.org/maven2/io/prometheus/simpleclient_bom/0.16.0/simpleclient_bom-0.16.0.pom
#23 2.603 [INFO] Downloaded from central: https://repo.maven.apache.org/maven2/io/prometheus/simpleclient_bom/0.16.0/simpleclient_bom-0.16.0.pom (6.0 kB at 317 kB/s)
#23 2.604 [INFO] Downloading from central: https://repo.maven.apache.org/maven2/io/prometheus/parent/0.16.0/parent-0.16.0.pom
#23 2.622 [INFO] Downloaded from central: https://repo.maven.apache.org/maven2/io/prometheus/parent/0.16.0/parent-0.16.0.pom (13 kB at 695 kB/s)
#23 2.624 [INFO] Downloading from central: https://repo.maven.apache.org/maven2/org/apache/pulsar/pulsar-bom/4.0.11/pulsar-bom-4.0.11.pom
#23 2.644 [INFO] Downloaded from central: https://repo.maven.apache.org/maven2/org/apache/pulsar/pulsar-bom/4.0.11/pulsar-bom-4.0.11.pom (25 kB at 1.3 MB/s)
#23 2.645 [INFO] Downloading from central: https://repo.maven.apache.org/maven2/org/apache/apache/35/apache-35.pom
#23 2.665 [INFO] Downloaded from central: https://repo.maven.apache.org/maven2/org/apache/apache/35/apache-35.pom (24 kB at 1.3 MB/s)
#23 2.667 [INFO] Downloading from central: https://repo.maven.apache.org/maven2/org/apache/pulsar/pulsar-client-reactive-bom/0.6.0/pulsar-client-reactive-bom-0.6.0.pom
#23 2.685 [INFO] Downloaded from central: https://repo.maven.apache.org/maven2/org/apache/pulsar/pulsar-client-reactive-bom/0.6.0/pulsar-client-reactive-bom-0.6.0.pom (2.8 kB at 165 kB/s)
#23 2.687 [INFO] Downloading from central: https://repo.maven.apache.org/maven2/com/querydsl/querydsl-bom/5.1.0/querydsl-bom-5.1.0.pom
#23 2.708 [INFO] Downloaded from central: https://repo.maven.apache.org/maven2/com/querydsl/querydsl-bom/5.1.0/querydsl-bom-5.1.0.pom (7.2 kB at 325 kB/s)
#23 2.713 [INFO] Downloading from central: https://repo.maven.apache.org/maven2/io/projectreactor/reactor-bom/2024.0.18/reactor-bom-2024.0.18.pom
#23 2.733 [INFO] Downloaded from central: https://repo.maven.apache.org/maven2/io/projectreactor/reactor-bom/2024.0.18/reactor-bom-2024.0.18.pom (4.8 kB at 227 kB/s)
#23 2.735 [INFO] Downloading from central: https://repo.maven.apache.org/maven2/io/rest-assured/rest-assured-bom/5.5.7/rest-assured-bom-5.5.7.pom
#23 2.754 [INFO] Downloaded from central: https://repo.maven.apache.org/maven2/io/rest-assured/rest-assured-bom/5.5.7/rest-assured-bom-5.5.7.pom (4.7 kB at 247 kB/s)
#23 2.756 [INFO] Downloading from central: https://repo.maven.apache.org/maven2/io/rsocket/rsocket-bom/1.1.5/rsocket-bom-1.1.5.pom
#23 2.774 [INFO] Downloaded from central: https://repo.maven.apache.org/maven2/io/rsocket/rsocket-bom/1.1.5/rsocket-bom-1.1.5.pom (2.4 kB at 132 kB/s)
#23 2.776 [INFO] Downloading from central: https://repo.maven.apache.org/maven2/org/seleniumhq/selenium/selenium-bom/4.31.0/selenium-bom-4.31.0.pom
#23 2.795 [INFO] Downloaded from central: https://repo.maven.apache.org/maven2/org/seleniumhq/selenium/selenium-bom/4.31.0/selenium-bom-4.31.0.pom (5.8 kB at 307 kB/s)
#23 2.797 [INFO] Downloading from central: https://repo.maven.apache.org/maven2/org/springframework/amqp/spring-amqp-bom/3.2.12/spring-amqp-bom-3.2.12.pom
#23 2.815 [INFO] Downloaded from central: https://repo.maven.apache.org/maven2/org/springframework/amqp/spring-amqp-bom/3.2.12/spring-amqp-bom-3.2.12.pom (3.9 kB at 229 kB/s)
#23 2.816 [INFO] Downloading from central: https://repo.maven.apache.org/maven2/org/springframework/batch/spring-batch-bom/5.2.6/spring-batch-bom-5.2.6.pom
#23 2.836 [INFO] Downloaded from central: https://repo.maven.apache.org/maven2/org/springframework/batch/spring-batch-bom/5.2.6/spring-batch-bom-5.2.6.pom (3.2 kB at 171 kB/s)
#23 2.838 [INFO] Downloading from central: https://repo.maven.apache.org/maven2/org/springframework/data/spring-data-bom/2025.0.13/spring-data-bom-2025.0.13.pom
#23 2.858 [INFO] Downloaded from central: https://repo.maven.apache.org/maven2/org/springframework/data/spring-data-bom/2025.0.13/spring-data-bom-2025.0.13.pom (5.5 kB at 291 kB/s)
#23 2.860 [INFO] Downloading from central: https://repo.maven.apache.org/maven2/org/springframework/spring-framework-bom/6.2.19/spring-framework-bom-6.2.19.pom
#23 2.883 [INFO] Downloaded from central: https://repo.maven.apache.org/maven2/org/springframework/spring-framework-bom/6.2.19/spring-framework-bom-6.2.19.pom (5.8 kB at 254 kB/s)
#23 2.885 [INFO] Downloading from central: https://repo.maven.apache.org/maven2/org/springframework/integration/spring-integration-bom/6.5.10/spring-integration-bom-6.5.10.pom
#23 2.905 [INFO] Downloaded from central: https://repo.maven.apache.org/maven2/org/springframework/integration/spring-integration-bom/6.5.10/spring-integration-bom-6.5.10.pom (10 kB at 515 kB/s)
#23 2.908 [INFO] Downloading from central: https://repo.maven.apache.org/maven2/org/springframework/pulsar/spring-pulsar-bom/1.2.18/spring-pulsar-bom-1.2.18.pom
#23 2.930 [INFO] Downloaded from central: https://repo.maven.apache.org/maven2/org/springframework/pulsar/spring-pulsar-bom/1.2.18/spring-pulsar-bom-1.2.18.pom (2.9 kB at 133 kB/s)
#23 2.933 [INFO] Downloading from central: https://repo.maven.apache.org/maven2/org/springframework/restdocs/spring-restdocs-bom/3.0.6/spring-restdocs-bom-3.0.6.pom
#23 2.953 [INFO] Downloaded from central: https://repo.maven.apache.org/maven2/org/springframework/restdocs/spring-restdocs-bom/3.0.6/spring-restdocs-bom-3.0.6.pom (2.6 kB at 136 kB/s)
#23 2.955 [INFO] Downloading from central: https://repo.maven.apache.org/maven2/org/springframework/security/spring-security-bom/6.5.11/spring-security-bom-6.5.11.pom
#23 2.976 [INFO] Downloaded from central: https://repo.maven.apache.org/maven2/org/springframework/security/spring-security-bom/6.5.11/spring-security-bom-6.5.11.pom (5.3 kB at 255 kB/s)
#23 2.979 [INFO] Downloading from central: https://repo.maven.apache.org/maven2/org/springframework/session/spring-session-bom/3.5.7/spring-session-bom-3.5.7.pom
#23 2.998 [INFO] Downloaded from central: https://repo.maven.apache.org/maven2/org/springframework/session/spring-session-bom/3.5.7/spring-session-bom-3.5.7.pom (2.9 kB at 152 kB/s)
#23 3.000 [INFO] Downloading from central: https://repo.maven.apache.org/maven2/org/springframework/ws/spring-ws-bom/4.1.4/spring-ws-bom-4.1.4.pom
#23 3.023 [INFO] Downloaded from central: https://repo.maven.apache.org/maven2/org/springframework/ws/spring-ws-bom/4.1.4/spring-ws-bom-4.1.4.pom (2.3 kB at 100 kB/s)
#23 3.026 [INFO] Downloading from central: https://repo.maven.apache.org/maven2/org/testcontainers/testcontainers-bom/1.21.4/testcontainers-bom-1.21.4.pom
#23 3.046 [INFO] Downloaded from central: https://repo.maven.apache.org/maven2/org/testcontainers/testcontainers-bom/1.21.4/testcontainers-bom-1.21.4.pom (12 kB at 608 kB/s)
#23 3.062 [INFO] ------------------------------------------------------------------------
#23 3.062 [INFO] Reactor Build Order:
#23 3.062 [INFO] 
#23 3.062 [INFO] ScFramework backend                                                [pom]
#23 3.062 [INFO] ScFramework core contracts                                         [jar]
#23 3.062 [INFO] ScFramework auto configuration                                     [jar]
#23 3.062 [INFO] ScFramework Spring Boot Starter                                    [jar]
#23 3.062 [INFO] ScFramework neutral reference app                                  [jar]
#23 3.062 [INFO] ScFramework minimal consumer app                                   [jar]
#23 3.066 [INFO] 
#23 3.066 [INFO] ----------------< dev.scframework:sc-framework-parent >-----------------
#23 3.066 [INFO] Building ScFramework backend 0.3.0-SNAPSHOT                        [1/6]
#23 3.066 [INFO]   from pom.xml
#23 3.066 [INFO] --------------------------------[ pom ]---------------------------------
#23 3.068 [INFO] Downloading from central: https://repo.maven.apache.org/maven2/org/apache/maven/plugins/maven-clean-plugin/3.4.1/maven-clean-plugin-3.4.1.pom
#23 3.087 [INFO] Downloaded from central: https://repo.maven.apache.org/maven2/org/apache/maven/plugins/maven-clean-plugin/3.4.1/maven-clean-plugin-3.4.1.pom (5.6 kB at 312 kB/s)
#23 3.089 [INFO] Downloading from central: https://repo.maven.apache.org/maven2/org/apache/maven/plugins/maven-plugins/43/maven-plugins-43.pom
#23 3.106 [INFO] Downloaded from central: https://repo.maven.apache.org/maven2/org/apache/maven/plugins/maven-plugins/43/maven-plugins-43.pom (7.5 kB at 439 kB/s)
#23 3.107 [INFO] Downloading from central: https://repo.maven.apache.org/maven2/org/apache/maven/maven-parent/43/maven-parent-43.pom
#23 3.128 [INFO] Downloaded from central: https://repo.maven.apache.org/maven2/org/apache/maven/maven-parent/43/maven-parent-43.pom (50 kB at 2.4 MB/s)
#23 3.137 [INFO] Downloading from central: https://repo.maven.apache.org/maven2/org/junit/junit-bom/5.10.3/junit-bom-5.10.3.pom
#23 3.154 [INFO] Downloaded from central: https://repo.maven.apache.org/maven2/org/junit/junit-bom/5.10.3/junit-bom-5.10.3.pom (5.6 kB at 314 kB/s)
#23 3.157 [INFO] Downloading from central: https://repo.maven.apache.org/maven2/org/apache/maven/plugins/maven-clean-plugin/3.4.1/maven-clean-plugin-3.4.1.jar
#23 3.175 [INFO] Downloaded from central: https://repo.maven.apache.org/maven2/org/apache/maven/plugins/maven-clean-plugin/3.4.1/maven-clean-plugin-3.4.1.jar (36 kB at 2.0 MB/s)
#23 3.179 [INFO] 
#23 3.179 [INFO] --- clean:3.4.1:clean (default-clean) @ sc-framework-parent ---
#23 3.183 [INFO] Downloading from central: https://repo.maven.apache.org/maven2/org/codehaus/plexus/plexus-utils/4.0.1/plexus-utils-4.0.1.pom
#23 3.201 [INFO] Downloaded from central: https://repo.maven.apache.org/maven2/org/codehaus/plexus/plexus-utils/4.0.1/plexus-utils-4.0.1.pom (7.8 kB at 435 kB/s)
#23 3.203 [INFO] Downloading from central: https://repo.maven.apache.org/maven2/org/codehaus/plexus/plexus/17/plexus-17.pom
#23 3.224 [INFO] Downloaded from central: https://repo.maven.apache.org/maven2/org/codehaus/plexus/plexus/17/plexus-17.pom (28 kB at 1.3 MB/s)
#23 3.227 [INFO] Downloading from central: https://repo.maven.apache.org/maven2/org/junit/junit-bom/5.10.2/junit-bom-5.10.2.pom
#23 3.244 [INFO] Downloaded from central: https://repo.maven.apache.org/maven2/org/junit/junit-bom/5.10.2/junit-bom-5.10.2.pom (5.6 kB at 332 kB/s)
#23 3.248 [INFO] Downloading from central: https://repo.maven.apache.org/maven2/org/codehaus/plexus/plexus-utils/4.0.1/plexus-utils-4.0.1.jar
#23 3.274 [INFO] Downloaded from central: https://repo.maven.apache.org/maven2/org/codehaus/plexus/plexus-utils/4.0.1/plexus-utils-4.0.1.jar (193 kB at 7.4 MB/s)
#23 3.293 [INFO] 
#23 3.293 [INFO] -------------------< dev.scframework:framework-core >-------------------
#23 3.293 [INFO] Building ScFramework core contracts 0.3.0-SNAPSHOT                 [2/6]
#23 3.293 [INFO]   from framework-core/pom.xml
#23 3.293 [INFO] --------------------------------[ jar ]---------------------------------
#23 3.293 [INFO] Downloading from central: https://repo.maven.apache.org/maven2/org/apache/maven/plugins/maven-resources-plugin/3.3.1/maven-resources-plugin-3.3.1.pom
#23 3.310 [INFO] Downloaded from central: https://repo.maven.apache.org/maven2/org/apache/maven/plugins/maven-resources-plugin/3.3.1/maven-resources-plugin-3.3.1.pom (8.2 kB at 480 kB/s)
#23 3.311 [INFO] Downloading from central: https://repo.maven.apache.org/maven2/org/apache/maven/plugins/maven-plugins/39/maven-plugins-39.pom
#23 3.328 [INFO] Downloaded from central: https://repo.maven.apache.org/maven2/org/apache/maven/plugins/maven-plugins/39/maven-plugins-39.pom (8.1 kB at 476 kB/s)
#23 3.329 [INFO] Downloading from central: https://repo.maven.apache.org/maven2/org/apache/maven/maven-parent/39/maven-parent-39.pom
#23 3.350 [INFO] Downloaded from central: https://repo.maven.apache.org/maven2/org/apache/maven/maven-parent/39/maven-parent-39.pom (48 kB at 2.3 MB/s)
#23 3.352 [INFO] Downloading from central: https://repo.maven.apache.org/maven2/org/apache/apache/29/apache-29.pom
#23 3.371 [INFO] Downloaded from central: https://repo.maven.apache.org/maven2/org/apache/apache/29/apache-29.pom (21 kB at 1.1 MB/s)
#23 3.373 [INFO] Downloading from central: https://repo.maven.apache.org/maven2/org/apache/maven/plugins/maven-resources-plugin/3.3.1/maven-resources-plugin-3.3.1.jar
#23 3.390 [INFO] Downloaded from central: https://repo.maven.apache.org/maven2/org/apache/maven/plugins/maven-resources-plugin/3.3.1/maven-resources-plugin-3.3.1.jar (31 kB at 1.8 MB/s)
#23 3.393 [INFO] Downloading from central: https://repo.maven.apache.org/maven2/org/apache/maven/plugins/maven-compiler-plugin/3.14.1/maven-compiler-plugin-3.14.1.pom
#23 3.411 [INFO] Downloaded from central: https://repo.maven.apache.org/maven2/org/apache/maven/plugins/maven-compiler-plugin/3.14.1/maven-compiler-plugin-3.14.1.pom (9.9 kB at 520 kB/s)
#23 3.412 [INFO] Downloading from central: https://repo.maven.apache.org/maven2/org/apache/maven/plugins/maven-plugins/45/maven-plugins-45.pom
#23 3.431 [INFO] Downloaded from central: https://repo.maven.apache.org/maven2/org/apache/maven/plugins/maven-plugins/45/maven-plugins-45.pom (8.4 kB at 440 kB/s)
#23 3.432 [INFO] Downloading from central: https://repo.maven.apache.org/maven2/org/apache/maven/maven-parent/45/maven-parent-45.pom
#23 3.452 [INFO] Downloaded from central: https://repo.maven.apache.org/maven2/org/apache/maven/maven-parent/45/maven-parent-45.pom (53 kB at 2.8 MB/s)
#23 3.454 [INFO] Downloading from central: https://repo.maven.apache.org/maven2/org/junit/junit-bom/5.13.1/junit-bom-5.13.1.pom
#23 3.472 [INFO] Downloaded from central: https://repo.maven.apache.org/maven2/org/junit/junit-bom/5.13.1/junit-bom-5.13.1.pom (5.6 kB at 297 kB/s)
#23 3.473 [INFO] Downloading from central: https://repo.maven.apache.org/maven2/org/apache/maven/plugins/maven-compiler-plugin/3.14.1/maven-compiler-plugin-3.14.1.jar
#23 3.490 [INFO] Downloaded from central: https://repo.maven.apache.org/maven2/org/apache/maven/plugins/maven-compiler-plugin/3.14.1/maven-compiler-plugin-3.14.1.jar (84 kB at 4.9 MB/s)
#23 3.492 [INFO] Downloading from central: https://repo.maven.apache.org/maven2/org/apache/maven/plugins/maven-surefire-plugin/3.5.6/maven-surefire-plugin-3.5.6.pom
#23 3.510 [INFO] Downloaded from central: https://repo.maven.apache.org/maven2/org/apache/maven/plugins/maven-surefire-plugin/3.5.6/maven-surefire-plugin-3.5.6.pom (4.9 kB at 287 kB/s)
#23 3.511 [INFO] Downloading from central: https://repo.maven.apache.org/maven2/org/apache/maven/surefire/surefire/3.5.6/surefire-3.5.6.pom
#23 3.529 [INFO] Downloaded from central: https://repo.maven.apache.org/maven2/org/apache/maven/surefire/surefire/3.5.6/surefire-3.5.6.pom (19 kB at 1.1 MB/s)
#23 3.530 [INFO] Downloading from central: https://repo.maven.apache.org/maven2/org/apache/maven/maven-parent/47/maven-parent-47.pom
#23 3.550 [INFO] Downloaded from central: https://repo.maven.apache.org/maven2/org/apache/maven/maven-parent/47/maven-parent-47.pom (54 kB at 2.7 MB/s)
#23 3.551 [INFO] Downloading from central: https://repo.maven.apache.org/maven2/org/apache/apache/37/apache-37.pom
#23 3.570 [INFO] Downloaded from central: https://repo.maven.apache.org/maven2/org/apache/apache/37/apache-37.pom (26 kB at 1.4 MB/s)
#23 3.572 [INFO] Downloading from central: https://repo.maven.apache.org/maven2/org/apache/maven/plugins/maven-surefire-plugin/3.5.6/maven-surefire-plugin-3.5.6.jar
#23 3.590 [INFO] Downloaded from central: https://repo.maven.apache.org/maven2/org/apache/maven/plugins/maven-surefire-plugin/3.5.6/maven-surefire-plugin-3.5.6.jar (47 kB at 2.8 MB/s)
#23 3.593 [INFO] Downloading from central: https://repo.maven.apache.org/maven2/org/apache/maven/plugins/maven-jar-plugin/3.4.2/maven-jar-plugin-3.4.2.pom
#23 3.614 [INFO] Downloaded from central: https://repo.maven.apache.org/maven2/org/apache/maven/plugins/maven-jar-plugin/3.4.2/maven-jar-plugin-3.4.2.pom (7.7 kB at 349 kB/s)
#23 3.616 [INFO] Downloading from central: https://repo.maven.apache.org/maven2/org/apache/maven/plugins/maven-plugins/42/maven-plugins-42.pom
#23 3.632 [INFO] Downloaded from central: https://repo.maven.apache.org/maven2/org/apache/maven/plugins/maven-plugins/42/maven-plugins-42.pom (7.7 kB at 452 kB/s)
#23 3.633 [INFO] Downloading from central: https://repo.maven.apache.org/maven2/org/apache/maven/maven-parent/42/maven-parent-42.pom
#23 3.654 [INFO] Downloaded from central: https://repo.maven.apache.org/maven2/org/apache/maven/maven-parent/42/maven-parent-42.pom (50 kB at 2.4 MB/s)
#23 3.655 [INFO] Downloading from central: https://repo.maven.apache.org/maven2/org/apache/apache/32/apache-32.pom
#23 3.673 [INFO] Downloaded from central: https://repo.maven.apache.org/maven2/org/apache/apache/32/apache-32.pom (24 kB at 1.3 MB/s)
#23 3.675 [INFO] Downloading from central: https://repo.maven.apache.org/maven2/org/apache/maven/plugins/maven-jar-plugin/3.4.2/maven-jar-plugin-3.4.2.jar
#23 3.693 [INFO] Downloaded from central: https://repo.maven.apache.org/maven2/org/apache/maven/plugins/maven-jar-plugin/3.4.2/maven-jar-plugin-3.4.2.jar (34 kB at 1.9 MB/s)
#23 3.700 [INFO] Downloading from central: https://repo.maven.apache.org/maven2/org/junit/jupiter/junit-jupiter/5.12.2/junit-jupiter-5.12.2.pom
#23 3.718 [INFO] Downloaded from central: https://repo.maven.apache.org/maven2/org/junit/jupiter/junit-jupiter/5.12.2/junit-jupiter-5.12.2.pom (3.2 kB at 189 kB/s)
#23 3.720 [INFO] Downloading from central: https://repo.maven.apache.org/maven2/org/junit/jupiter/junit-jupiter-api/5.12.2/junit-jupiter-api-5.12.2.pom
#23 3.737 [INFO] Downloaded from central: https://repo.maven.apache.org/maven2/org/junit/jupiter/junit-jupiter-api/5.12.2/junit-jupiter-api-5.12.2.pom (3.2 kB at 187 kB/s)
#23 3.738 [INFO] Downloading from central: https://repo.maven.apache.org/maven2/org/opentest4j/opentest4j/1.3.0/opentest4j-1.3.0.pom
#23 3.757 [INFO] Downloaded from central: https://repo.maven.apache.org/maven2/org/opentest4j/opentest4j/1.3.0/opentest4j-1.3.0.pom (2.0 kB at 107 kB/s)
#23 3.758 [INFO] Downloading from central: https://repo.maven.apache.org/maven2/org/junit/platform/junit-platform-commons/1.12.2/junit-platform-commons-1.12.2.pom
#23 3.776 [INFO] Downloaded from central: https://repo.maven.apache.org/maven2/org/junit/platform/junit-platform-commons/1.12.2/junit-platform-commons-1.12.2.pom (2.8 kB at 157 kB/s)
#23 3.777 [INFO] Downloading from central: https://repo.maven.apache.org/maven2/org/apiguardian/apiguardian-api/1.1.2/apiguardian-api-1.1.2.pom
#23 3.795 [INFO] Downloaded from central: https://repo.maven.apache.org/maven2/org/apiguardian/apiguardian-api/1.1.2/apiguardian-api-1.1.2.pom (1.5 kB at 85 kB/s)
#23 3.796 [INFO] Downloading from central: https://repo.maven.apache.org/maven2/org/junit/jupiter/junit-jupiter-params/5.12.2/junit-jupiter-params-5.12.2.pom
#23 3.814 [INFO] Downloaded from central: https://repo.maven.apache.org/maven2/org/junit/jupiter/junit-jupiter-params/5.12.2/junit-jupiter-params-5.12.2.pom (3.0 kB at 167 kB/s)
#23 3.816 [INFO] Downloading from central: https://repo.maven.apache.org/maven2/org/junit/jupiter/junit-jupiter-engine/5.12.2/junit-jupiter-engine-5.12.2.pom
#23 3.832 [INFO] Downloaded from central: https://repo.maven.apache.org/maven2/org/junit/jupiter/junit-jupiter-engine/5.12.2/junit-jupiter-engine-5.12.2.pom (3.2 kB at 200 kB/s)
#23 3.833 [INFO] Downloading from central: https://repo.maven.apache.org/maven2/org/junit/platform/junit-platform-engine/1.12.2/junit-platform-engine-1.12.2.pom
#23 3.850 [INFO] Downloaded from central: https://repo.maven.apache.org/maven2/org/junit/platform/junit-platform-engine/1.12.2/junit-platform-engine-1.12.2.pom (3.2 kB at 189 kB/s)
#23 3.853 [INFO] Downloading from central: https://repo.maven.apache.org/maven2/org/junit/jupiter/junit-jupiter/5.12.2/junit-jupiter-5.12.2.jar
#23 3.872 [INFO] Downloaded from central: https://repo.maven.apache.org/maven2/org/junit/jupiter/junit-jupiter/5.12.2/junit-jupiter-5.12.2.jar (6.4 kB at 335 kB/s)
#23 3.873 [INFO] Downloading from central: https://repo.maven.apache.org/maven2/org/junit/jupiter/junit-jupiter-api/5.12.2/junit-jupiter-api-5.12.2.jar
#23 3.874 [INFO] Downloading from central: https://repo.maven.apache.org/maven2/org/opentest4j/opentest4j/1.3.0/opentest4j-1.3.0.jar
#23 3.874 [INFO] Downloading from central: https://repo.maven.apache.org/maven2/org/junit/platform/junit-platform-commons/1.12.2/junit-platform-commons-1.12.2.jar
#23 3.875 [INFO] Downloading from central: https://repo.maven.apache.org/maven2/org/apiguardian/apiguardian-api/1.1.2/apiguardian-api-1.1.2.jar
#23 3.875 [INFO] Downloading from central: https://repo.maven.apache.org/maven2/org/junit/jupiter/junit-jupiter-params/5.12.2/junit-jupiter-params-5.12.2.jar
#23 3.900 [INFO] Downloaded from central: https://repo.maven.apache.org/maven2/org/junit/jupiter/junit-jupiter-api/5.12.2/junit-jupiter-api-5.12.2.jar (233 kB at 8.6 MB/s)
#23 3.900 [INFO] Downloading from central: https://repo.maven.apache.org/maven2/org/junit/jupiter/junit-jupiter-engine/5.12.2/junit-jupiter-engine-5.12.2.jar
#23 3.924 [INFO] Downloaded from central: https://repo.maven.apache.org/maven2/org/junit/jupiter/junit-jupiter-engine/5.12.2/junit-jupiter-engine-5.12.2.jar (292 kB at 5.8 MB/s)
#23 3.924 [INFO] Downloading from central: https://repo.maven.apache.org/maven2/org/junit/platform/junit-platform-engine/1.12.2/junit-platform-engine-1.12.2.jar
#23 3.931 [INFO] Downloaded from central: https://repo.maven.apache.org/maven2/org/opentest4j/opentest4j/1.3.0/opentest4j-1.3.0.jar (14 kB at 247 kB/s)
#23 3.935 [INFO] Downloaded from central: https://repo.maven.apache.org/maven2/org/junit/platform/junit-platform-commons/1.12.2/junit-platform-commons-1.12.2.jar (152 kB at 2.4 MB/s)
#23 3.938 [INFO] Downloaded from central: https://repo.maven.apache.org/maven2/org/apiguardian/apiguardian-api/1.1.2/apiguardian-api-1.1.2.jar (6.8 kB at 108 kB/s)
#23 3.948 [INFO] Downloaded from central: https://repo.maven.apache.org/maven2/org/junit/platform/junit-platform-engine/1.12.2/junit-platform-engine-1.12.2.jar (256 kB at 3.5 MB/s)
#23 3.961 [INFO] Downloaded from central: https://repo.maven.apache.org/maven2/org/junit/jupiter/junit-jupiter-params/5.12.2/junit-jupiter-params-5.12.2.jar (602 kB at 7.0 MB/s)
#23 3.963 [INFO] 
#23 3.963 [INFO] --- clean:3.4.1:clean (default-clean) @ framework-core ---
#23 3.964 [INFO] 
#23 3.964 [INFO] --- resources:3.3.1:resources (default-resources) @ framework-core ---
#23 3.966 [INFO] Downloading from central: https://repo.maven.apache.org/maven2/org/codehaus/plexus/plexus-interpolation/1.26/plexus-interpolation-1.26.pom
#23 3.990 [INFO] Downloaded from central: https://repo.maven.apache.org/maven2/org/codehaus/plexus/plexus-interpolation/1.26/plexus-interpolation-1.26.pom (2.7 kB at 111 kB/s)
#23 3.991 [INFO] Downloading from central: https://repo.maven.apache.org/maven2/org/codehaus/plexus/plexus/5.1/plexus-5.1.pom
#23 4.017 [INFO] Downloaded from central: https://repo.maven.apache.org/maven2/org/codehaus/plexus/plexus/5.1/plexus-5.1.pom (23 kB at 866 kB/s)
#23 4.020 [INFO] Downloading from central: https://repo.maven.apache.org/maven2/org/codehaus/plexus/plexus-utils/3.5.1/plexus-utils-3.5.1.pom
#23 4.043 [INFO] Downloaded from central: https://repo.maven.apache.org/maven2/org/codehaus/plexus/plexus-utils/3.5.1/plexus-utils-3.5.1.pom (8.8 kB at 365 kB/s)
#23 4.045 [INFO] Downloading from central: https://repo.maven.apache.org/maven2/org/codehaus/plexus/plexus/10/plexus-10.pom
#23 4.069 [INFO] Downloaded from central: https://repo.maven.apache.org/maven2/org/codehaus/plexus/plexus/10/plexus-10.pom (25 kB at 1.1 MB/s)
#23 4.070 [INFO] Downloading from central: https://repo.maven.apache.org/maven2/org/apache/maven/shared/maven-filtering/3.3.1/maven-filtering-3.3.1.pom
#23 4.099 [INFO] Downloaded from central: https://repo.maven.apache.org/maven2/org/apache/maven/shared/maven-filtering/3.3.1/maven-filtering-3.3.1.pom (6.0 kB at 216 kB/s)
#23 4.101 [INFO] Downloading from central: https://repo.maven.apache.org/maven2/org/apache/maven/shared/maven-shared-components/39/maven-shared-components-39.pom
#23 4.122 [INFO] Downloaded from central: https://repo.maven.apache.org/maven2/org/apache/maven/shared/maven-shared-components/39/maven-shared-components-39.pom (3.2 kB at 146 kB/s)
#23 4.125 [INFO] Downloading from central: https://repo.maven.apache.org/maven2/javax/inject/javax.inject/1/javax.inject-1.pom
#23 4.148 [INFO] Downloaded from central: https://repo.maven.apache.org/maven2/javax/inject/javax.inject/1/javax.inject-1.pom (612 B at 26 kB/s)
#23 4.150 [INFO] Downloading from central: https://repo.maven.apache.org/maven2/org/slf4j/slf4j-api/1.7.36/slf4j-api-1.7.36.pom
#23 4.172 [INFO] Downloaded from central: https://repo.maven.apache.org/maven2/org/slf4j/slf4j-api/1.7.36/slf4j-api-1.7.36.pom (2.7 kB at 125 kB/s)
#23 4.173 [INFO] Downloading from central: https://repo.maven.apache.org/maven2/org/slf4j/slf4j-parent/1.7.36/slf4j-parent-1.7.36.pom
#23 4.195 [INFO] Downloaded from central: https://repo.maven.apache.org/maven2/org/slf4j/slf4j-parent/1.7.36/slf4j-parent-1.7.36.pom (14 kB at 641 kB/s)
#23 4.197 [INFO] Downloading from central: https://repo.maven.apache.org/maven2/org/sonatype/plexus/plexus-build-api/0.0.7/plexus-build-api-0.0.7.pom
#23 4.220 [INFO] Downloaded from central: https://repo.maven.apache.org/maven2/org/sonatype/plexus/plexus-build-api/0.0.7/plexus-build-api-0.0.7.pom (3.2 kB at 139 kB/s)
#23 4.221 [INFO] Downloading from central: https://repo.maven.apache.org/maven2/org/sonatype/spice/spice-parent/15/spice-parent-15.pom
#23 4.247 [INFO] Downloaded from central: https://repo.maven.apache.org/maven2/org/sonatype/spice/spice-parent/15/spice-parent-15.pom (8.4 kB at 321 kB/s)
#23 4.249 [INFO] Downloading from central: https://repo.maven.apache.org/maven2/org/sonatype/forge/forge-parent/5/forge-parent-5.pom
#23 4.275 [INFO] Downloaded from central: https://repo.maven.apache.org/maven2/org/sonatype/forge/forge-parent/5/forge-parent-5.pom (8.4 kB at 322 kB/s)
#23 4.279 [INFO] Downloading from central: https://repo.maven.apache.org/maven2/org/codehaus/plexus/plexus-utils/3.5.0/plexus-utils-3.5.0.pom
#23 4.300 [INFO] Downloaded from central: https://repo.maven.apache.org/maven2/org/codehaus/plexus/plexus-utils/3.5.0/plexus-utils-3.5.0.pom (8.0 kB at 382 kB/s)
#23 4.302 [INFO] Downloading from central: https://repo.maven.apache.org/maven2/commons-io/commons-io/2.11.0/commons-io-2.11.0.pom
#23 4.330 [INFO] Downloaded from central: https://repo.maven.apache.org/maven2/commons-io/commons-io/2.11.0/commons-io-2.11.0.pom (20 kB at 705 kB/s)
#23 4.331 [INFO] Downloading from central: https://repo.maven.apache.org/maven2/org/apache/commons/commons-parent/52/commons-parent-52.pom
#23 4.364 [INFO] Downloaded from central: https://repo.maven.apache.org/maven2/org/apache/commons/commons-parent/52/commons-parent-52.pom (79 kB at 2.4 MB/s)
#23 4.366 [INFO] Downloading from central: https://repo.maven.apache.org/maven2/org/apache/apache/23/apache-23.pom
#23 4.389 [INFO] Downloaded from central: https://repo.maven.apache.org/maven2/org/apache/apache/23/apache-23.pom (18 kB at 801 kB/s)
#23 4.394 [INFO] Downloading from central: https://repo.maven.apache.org/maven2/org/junit/junit-bom/5.7.2/junit-bom-5.7.2.pom
#23 4.415 [INFO] Downloaded from central: https://repo.maven.apache.org/maven2/org/junit/junit-bom/5.7.2/junit-bom-5.7.2.pom (5.1 kB at 243 kB/s)
#23 4.417 [INFO] Downloading from central: https://repo.maven.apache.org/maven2/org/apache/commons/commons-lang3/3.12.0/commons-lang3-3.12.0.pom
#23 4.447 [INFO] Downloaded from central: https://repo.maven.apache.org/maven2/org/apache/commons/commons-lang3/3.12.0/commons-lang3-3.12.0.pom (31 kB at 1.0 MB/s)
#23 4.452 [INFO] Downloading from central: https://repo.maven.apache.org/maven2/org/junit/junit-bom/5.7.1/junit-bom-5.7.1.pom
#23 4.474 [INFO] Downloaded from central: https://repo.maven.apache.org/maven2/org/junit/junit-bom/5.7.1/junit-bom-5.7.1.pom (5.1 kB at 232 kB/s)
#23 4.476 [INFO] Downloading from central: https://repo.maven.apache.org/maven2/org/codehaus/plexus/plexus-interpolation/1.26/plexus-interpolation-1.26.jar
#23 4.496 [INFO] Downloaded from central: https://repo.maven.apache.org/maven2/org/codehaus/plexus/plexus-interpolation/1.26/plexus-interpolation-1.26.jar (85 kB at 4.1 MB/s)
#23 4.496 [INFO] Downloading from central: https://repo.maven.apache.org/maven2/org/codehaus/plexus/plexus-utils/3.5.1/plexus-utils-3.5.1.jar
#23 4.496 [INFO] Downloading from central: https://repo.maven.apache.org/maven2/org/apache/maven/shared/maven-filtering/3.3.1/maven-filtering-3.3.1.jar
#23 4.497 [INFO] Downloading from central: https://repo.maven.apache.org/maven2/javax/inject/javax.inject/1/javax.inject-1.jar
#23 4.497 [INFO] Downloading from central: https://repo.maven.apache.org/maven2/org/slf4j/slf4j-api/1.7.36/slf4j-api-1.7.36.jar
#23 4.497 [INFO] Downloading from central: https://repo.maven.apache.org/maven2/org/sonatype/plexus/plexus-build-api/0.0.7/plexus-build-api-0.0.7.jar
#23 4.520 [INFO] Downloaded from central: https://repo.maven.apache.org/maven2/org/codehaus/plexus/plexus-utils/3.5.1/plexus-utils-3.5.1.jar (269 kB at 11 MB/s)
#23 4.520 [INFO] Downloading from central: https://repo.maven.apache.org/maven2/commons-io/commons-io/2.11.0/commons-io-2.11.0.jar
#23 4.521 [INFO] Downloaded from central: https://repo.maven.apache.org/maven2/org/slf4j/slf4j-api/1.7.36/slf4j-api-1.7.36.jar (41 kB at 1.6 MB/s)
#23 4.521 [INFO] Downloading from central: https://repo.maven.apache.org/maven2/org/apache/commons/commons-lang3/3.12.0/commons-lang3-3.12.0.jar
#23 4.521 [INFO] Downloaded from central: https://repo.maven.apache.org/maven2/org/apache/maven/shared/maven-filtering/3.3.1/maven-filtering-3.3.1.jar (55 kB at 2.2 MB/s)
#23 4.522 [INFO] Downloaded from central: https://repo.maven.apache.org/maven2/javax/inject/javax.inject/1/javax.inject-1.jar (2.5 kB at 96 kB/s)
#23 4.522 [INFO] Downloaded from central: https://repo.maven.apache.org/maven2/org/sonatype/plexus/plexus-build-api/0.0.7/plexus-build-api-0.0.7.jar (8.5 kB at 339 kB/s)
#23 4.553 [INFO] Downloaded from central: https://repo.maven.apache.org/maven2/commons-io/commons-io/2.11.0/commons-io-2.11.0.jar (327 kB at 5.9 MB/s)
#23 4.556 [INFO] Downloaded from central: https://repo.maven.apache.org/maven2/org/apache/commons/commons-lang3/3.12.0/commons-lang3-3.12.0.jar (587 kB at 10.0 MB/s)
#23 4.574 [INFO] skip non existing resourceDirectory /workspace/backend/framework-core/src/main/resources
#23 4.574 [INFO] skip non existing resourceDirectory /workspace/backend/framework-core/src/main/resources
#23 4.574 [INFO] 
#23 4.574 [INFO] --- compiler:3.14.1:compile (default-compile) @ framework-core ---
#23 4.576 [INFO] Downloading from central: https://repo.maven.apache.org/maven2/org/ow2/asm/asm/9.8/asm-9.8.pom
#23 4.594 [INFO] Downloaded from central: https://repo.maven.apache.org/maven2/org/ow2/asm/asm/9.8/asm-9.8.pom (2.4 kB at 132 kB/s)
#23 4.595 [INFO] Downloading from central: https://repo.maven.apache.org/maven2/org/ow2/ow2/1.5.1/ow2-1.5.1.pom
#23 4.613 [INFO] Downloaded from central: https://repo.maven.apache.org/maven2/org/ow2/ow2/1.5.1/ow2-1.5.1.pom (11 kB at 627 kB/s)
#23 4.614 [INFO] Downloading from central: https://repo.maven.apache.org/maven2/org/apache/maven/shared/maven-shared-utils/3.4.2/maven-shared-utils-3.4.2.pom
#23 4.631 [INFO] Downloaded from central: https://repo.maven.apache.org/maven2/org/apache/maven/shared/maven-shared-utils/3.4.2/maven-shared-utils-3.4.2.pom (5.9 kB at 369 kB/s)
#23 4.632 [INFO] Downloading from central: https://repo.maven.apache.org/maven2/org/apache/maven/shared/maven-shared-incremental/1.1/maven-shared-incremental-1.1.pom
#23 4.649 [INFO] Downloaded from central: https://repo.maven.apache.org/maven2/org/apache/maven/shared/maven-shared-incremental/1.1/maven-shared-incremental-1.1.pom (4.7 kB at 279 kB/s)
#23 4.650 [INFO] Downloading from central: https://repo.maven.apache.org/maven2/org/apache/maven/shared/maven-shared-components/19/maven-shared-components-19.pom
#23 4.669 [INFO] Downloaded from central: https://repo.maven.apache.org/maven2/org/apache/maven/shared/maven-shared-components/19/maven-shared-components-19.pom (6.4 kB at 335 kB/s)
#23 4.670 [INFO] Downloading from central: https://repo.maven.apache.org/maven2/org/apache/maven/maven-parent/23/maven-parent-23.pom
#23 4.688 [INFO] Downloaded from central: https://repo.maven.apache.org/maven2/org/apache/maven/maven-parent/23/maven-parent-23.pom (33 kB at 1.9 MB/s)
#23 4.689 [INFO] Downloading from central: https://repo.maven.apache.org/maven2/org/apache/apache/13/apache-13.pom
#23 4.707 [INFO] Downloaded from central: https://repo.maven.apache.org/maven2/org/apache/apache/13/apache-13.pom (14 kB at 822 kB/s)
#23 4.708 [INFO] Downloading from central: https://repo.maven.apache.org/maven2/org/codehaus/plexus/plexus-java/1.5.0/plexus-java-1.5.0.pom
#23 4.726 [INFO] Downloaded from central: https://repo.maven.apache.org/maven2/org/codehaus/plexus/plexus-java/1.5.0/plexus-java-1.5.0.pom (4.1 kB at 227 kB/s)
#23 4.727 [INFO] Downloading from central: https://repo.maven.apache.org/maven2/org/codehaus/plexus/plexus-languages/1.5.0/plexus-languages-1.5.0.pom
#23 4.750 [INFO] Downloaded from central: https://repo.maven.apache.org/maven2/org/codehaus/plexus/plexus-languages/1.5.0/plexus-languages-1.5.0.pom (3.9 kB at 168 kB/s)
#23 4.751 [INFO] Downloading from central: https://repo.maven.apache.org/maven2/org/codehaus/plexus/plexus/20/plexus-20.pom
#23 4.770 [INFO] Downloaded from central: https://repo.maven.apache.org/maven2/org/codehaus/plexus/plexus/20/plexus-20.pom (29 kB at 1.5 MB/s)
#23 4.771 [INFO] Downloading from central: https://repo.maven.apache.org/maven2/org/junit/junit-bom/5.11.4/junit-bom-5.11.4.pom
#23 4.789 [INFO] Downloaded from central: https://repo.maven.apache.org/maven2/org/junit/junit-bom/5.11.4/junit-bom-5.11.4.pom (5.6 kB at 314 kB/s)
#23 4.792 [INFO] Downloading from central: https://repo.maven.apache.org/maven2/com/thoughtworks/qdox/qdox/2.2.0/qdox-2.2.0.pom
#23 4.815 [INFO] Downloaded from central: https://repo.maven.apache.org/maven2/com/thoughtworks/qdox/qdox/2.2.0/qdox-2.2.0.pom (18 kB at 767 kB/s)
#23 4.821 [INFO] Downloading from central: https://repo.maven.apache.org/maven2/org/sonatype/oss/oss-parent/9/oss-parent-9.pom
#23 4.841 [INFO] Downloaded from central: https://repo.maven.apache.org/maven2/org/sonatype/oss/oss-parent/9/oss-parent-9.pom (6.6 kB at 313 kB/s)
#23 4.847 [INFO] Downloading from central: https://repo.maven.apache.org/maven2/org/codehaus/plexus/plexus-compiler-api/2.15.0/plexus-compiler-api-2.15.0.pom
#23 4.865 [INFO] Downloaded from central: https://repo.maven.apache.org/maven2/org/codehaus/plexus/plexus-compiler-api/2.15.0/plexus-compiler-api-2.15.0.pom (1.4 kB at 80 kB/s)
#23 4.866 [INFO] Downloading from central: https://repo.maven.apache.org/maven2/org/codehaus/plexus/plexus-compiler/2.15.0/plexus-compiler-2.15.0.pom
#23 4.884 [INFO] Downloaded from central: https://repo.maven.apache.org/maven2/org/codehaus/plexus/plexus-compiler/2.15.0/plexus-compiler-2.15.0.pom (7.6 kB at 422 kB/s)
#23 4.886 [INFO] Downloading from central: https://repo.maven.apache.org/maven2/org/codehaus/plexus/plexus-utils/4.0.2/plexus-utils-4.0.2.pom
#23 4.906 [INFO] Downloaded from central: https://repo.maven.apache.org/maven2/org/codehaus/plexus/plexus-utils/4.0.2/plexus-utils-4.0.2.pom (13 kB at 674 kB/s)
#23 4.908 [INFO] Downloading from central: https://repo.maven.apache.org/maven2/org/codehaus/plexus/plexus-compiler-manager/2.15.0/plexus-compiler-manager-2.15.0.pom
#23 4.925 [INFO] Downloaded from central: https://repo.maven.apache.org/maven2/org/codehaus/plexus/plexus-compiler-manager/2.15.0/plexus-compiler-manager-2.15.0.pom (1.3 kB at 79 kB/s)
#23 4.927 [INFO] Downloading from central: https://repo.maven.apache.org/maven2/org/codehaus/plexus/plexus-xml/3.0.1/plexus-xml-3.0.1.pom
#23 4.944 [INFO] Downloaded from central: https://repo.maven.apache.org/maven2/org/codehaus/plexus/plexus-xml/3.0.1/plexus-xml-3.0.1.pom (3.7 kB at 217 kB/s)
#23 4.945 [INFO] Downloading from central: https://repo.maven.apache.org/maven2/org/codehaus/plexus/plexus/18/plexus-18.pom
#23 4.963 [INFO] Downloaded from central: https://repo.maven.apache.org/maven2/org/codehaus/plexus/plexus/18/plexus-18.pom (29 kB at 1.6 MB/s)
#23 4.965 [INFO] Downloading from central: https://repo.maven.apache.org/maven2/org/codehaus/plexus/plexus-compiler-javac/2.15.0/plexus-compiler-javac-2.15.0.pom
#23 4.981 [INFO] Downloaded from central: https://repo.maven.apache.org/maven2/org/codehaus/plexus/plexus-compiler-javac/2.15.0/plexus-compiler-javac-2.15.0.pom (1.3 kB at 81 kB/s)
#23 4.982 [INFO] Downloading from central: https://repo.maven.apache.org/maven2/org/codehaus/plexus/plexus-compilers/2.15.0/plexus-compilers-2.15.0.pom
#23 5.002 [INFO] Downloaded from central: https://repo.maven.apache.org/maven2/org/codehaus/plexus/plexus-compilers/2.15.0/plexus-compilers-2.15.0.pom (1.6 kB at 78 kB/s)
#23 5.005 [INFO] Downloading from central: https://repo.maven.apache.org/maven2/org/ow2/asm/asm/9.8/asm-9.8.jar
#23 5.025 [INFO] Downloaded from central: https://repo.maven.apache.org/maven2/org/ow2/asm/asm/9.8/asm-9.8.jar (126 kB at 6.3 MB/s)
#23 5.026 [INFO] Downloading from central: https://repo.maven.apache.org/maven2/org/apache/maven/shared/maven-shared-utils/3.4.2/maven-shared-utils-3.4.2.jar
#23 5.026 [INFO] Downloading from central: https://repo.maven.apache.org/maven2/org/apache/maven/shared/maven-shared-incremental/1.1/maven-shared-incremental-1.1.jar
#23 5.026 [INFO] Downloading from central: https://repo.maven.apache.org/maven2/org/codehaus/plexus/plexus-java/1.5.0/plexus-java-1.5.0.jar
#23 5.026 [INFO] Downloading from central: https://repo.maven.apache.org/maven2/com/thoughtworks/qdox/qdox/2.2.0/qdox-2.2.0.jar
#23 5.026 [INFO] Downloading from central: https://repo.maven.apache.org/maven2/org/codehaus/plexus/plexus-compiler-api/2.15.0/plexus-compiler-api-2.15.0.jar
#23 5.046 [INFO] Downloaded from central: https://repo.maven.apache.org/maven2/org/apache/maven/shared/maven-shared-utils/3.4.2/maven-shared-utils-3.4.2.jar (151 kB at 7.2 MB/s)
#23 5.046 [INFO] Downloading from central: https://repo.maven.apache.org/maven2/org/codehaus/plexus/plexus-compiler-manager/2.15.0/plexus-compiler-manager-2.15.0.jar
#23 5.052 [INFO] Downloaded from central: https://repo.maven.apache.org/maven2/org/codehaus/plexus/plexus-compiler-api/2.15.0/plexus-compiler-api-2.15.0.jar (29 kB at 1.1 MB/s)
#23 5.052 [INFO] Downloading from central: https://repo.maven.apache.org/maven2/org/codehaus/plexus/plexus-xml/3.0.1/plexus-xml-3.0.1.jar
#23 5.055 [INFO] Downloaded from central: https://repo.maven.apache.org/maven2/org/codehaus/plexus/plexus-java/1.5.0/plexus-java-1.5.0.jar (57 kB at 2.0 MB/s)
#23 5.055 [INFO] Downloading from central: https://repo.maven.apache.org/maven2/org/codehaus/plexus/plexus-compiler-javac/2.15.0/plexus-compiler-javac-2.15.0.jar
#23 5.057 [INFO] Downloaded from central: https://repo.maven.apache.org/maven2/org/apache/maven/shared/maven-shared-incremental/1.1/maven-shared-incremental-1.1.jar (14 kB at 437 kB/s)
#23 5.057 [INFO] Downloading from central: https://repo.maven.apache.org/maven2/org/codehaus/plexus/plexus-utils/4.0.2/plexus-utils-4.0.2.jar
#23 5.061 [INFO] Downloaded from central: https://repo.maven.apache.org/maven2/com/thoughtworks/qdox/qdox/2.2.0/qdox-2.2.0.jar (353 kB at 10 MB/s)
#23 5.063 [INFO] Downloaded from central: https://repo.maven.apache.org/maven2/org/codehaus/plexus/plexus-compiler-manager/2.15.0/plexus-compiler-manager-2.15.0.jar (5.2 kB at 141 kB/s)
#23 5.081 [INFO] Downloaded from central: https://repo.maven.apache.org/maven2/org/codehaus/plexus/plexus-xml/3.0.1/plexus-xml-3.0.1.jar (94 kB at 1.7 MB/s)
#23 5.083 [INFO] Downloaded from central: https://repo.maven.apache.org/maven2/org/codehaus/plexus/plexus-utils/4.0.2/plexus-utils-4.0.2.jar (193 kB at 3.4 MB/s)
#23 5.084 [INFO] Downloaded from central: https://repo.maven.apache.org/maven2/org/codehaus/plexus/plexus-compiler-javac/2.15.0/plexus-compiler-javac-2.15.0.jar (26 kB at 443 kB/s)
#23 5.123 [INFO] Downloading from central: https://repo.maven.apache.org/maven2/io/github/openfeign/querydsl/querydsl-apt/6.12/querydsl-apt-6.12.pom
#23 5.163 [INFO] Downloaded from central: https://repo.maven.apache.org/maven2/io/github/openfeign/querydsl/querydsl-apt/6.12/querydsl-apt-6.12.pom (6.6 kB at 164 kB/s)
#23 5.164 [INFO] Downloading from central: https://repo.maven.apache.org/maven2/io/github/openfeign/querydsl/querydsl-tooling/6.12/querydsl-tooling-6.12.pom
#23 5.192 [INFO] Downloaded from central: https://repo.maven.apache.org/maven2/io/github/openfeign/querydsl/querydsl-tooling/6.12/querydsl-tooling-6.12.pom (901 B at 33 kB/s)
#23 5.193 [INFO] Downloading from central: https://repo.maven.apache.org/maven2/io/github/openfeign/querydsl/querydsl-root/6.12/querydsl-root-6.12.pom
#23 5.222 [INFO] Downloaded from central: https://repo.maven.apache.org/maven2/io/github/openfeign/querydsl/querydsl-root/6.12/querydsl-root-6.12.pom (40 kB at 1.4 MB/s)
#23 5.223 [INFO] Downloading from central: https://repo.maven.apache.org/maven2/org/jetbrains/kotlin/kotlin-bom/2.1.21/kotlin-bom-2.1.21.pom
#23 5.248 [INFO] Downloaded from central: https://repo.maven.apache.org/maven2/org/jetbrains/kotlin/kotlin-bom/2.1.21/kotlin-bom-2.1.21.pom (9.4 kB at 378 kB/s)
#23 5.250 [INFO] Downloading from central: https://repo.maven.apache.org/maven2/org/ow2/asm/asm-bom/9.8/asm-bom-9.8.pom
#23 5.275 [INFO] Downloaded from central: https://repo.maven.apache.org/maven2/org/ow2/asm/asm-bom/9.8/asm-bom-9.8.pom (3.3 kB at 125 kB/s)
#23 5.276 [INFO] Downloading from central: https://repo.maven.apache.org/maven2/io/projectreactor/reactor-bom/2024.0.6/reactor-bom-2024.0.6.pom
#23 5.306 [INFO] Downloaded from central: https://repo.maven.apache.org/maven2/io/projectreactor/reactor-bom/2024.0.6/reactor-bom-2024.0.6.pom (4.8 kB at 159 kB/s)
#23 5.308 [INFO] Downloading from central: https://repo.maven.apache.org/maven2/io/github/openfeign/querydsl/querydsl-codegen/6.12/querydsl-codegen-6.12.pom
#23 5.342 [INFO] Downloaded from central: https://repo.maven.apache.org/maven2/io/github/openfeign/querydsl/querydsl-codegen/6.12/querydsl-codegen-6.12.pom (2.9 kB at 86 kB/s)
#23 5.344 [INFO] Downloading from central: https://repo.maven.apache.org/maven2/io/github/openfeign/querydsl/querydsl-core/6.12/querydsl-core-6.12.pom
#23 5.376 [INFO] Downloaded from central: https://repo.maven.apache.org/maven2/io/github/openfeign/querydsl/querydsl-core/6.12/querydsl-core-6.12.pom (2.9 kB at 87 kB/s)
#23 5.377 [INFO] Downloading from central: https://repo.maven.apache.org/maven2/io/github/openfeign/querydsl/querydsl-libraries/6.12/querydsl-libraries-6.12.pom
#23 5.405 [INFO] Downloaded from central: https://repo.maven.apache.org/maven2/io/github/openfeign/querydsl/querydsl-libraries/6.12/querydsl-libraries-6.12.pom (6.7 kB at 249 kB/s)
#23 5.406 [INFO] Downloading from central: https://repo.maven.apache.org/maven2/com/mysema/commons/mysema-commons-lang/0.2.4/mysema-commons-lang-0.2.4.pom
#23 5.435 [INFO] Downloaded from central: https://repo.maven.apache.org/maven2/com/mysema/commons/mysema-commons-lang/0.2.4/mysema-commons-lang-0.2.4.pom (2.3 kB at 78 kB/s)
#23 5.436 [INFO] Downloading from central: https://repo.maven.apache.org/maven2/com/mysema/home/mysema-source/0.3.0/mysema-source-0.3.0.pom
#23 5.462 [INFO] Downloaded from central: https://repo.maven.apache.org/maven2/com/mysema/home/mysema-source/0.3.0/mysema-source-0.3.0.pom (2.9 kB at 116 kB/s)
#23 5.463 [INFO] Downloading from central: https://repo.maven.apache.org/maven2/io/projectreactor/reactor-core/3.7.19/reactor-core-3.7.19.pom
#23 5.490 [INFO] Downloaded from central: https://repo.maven.apache.org/maven2/io/projectreactor/reactor-core/3.7.19/reactor-core-3.7.19.pom (2.1 kB at 80 kB/s)
#23 5.491 [INFO] Downloading from central: https://repo.maven.apache.org/maven2/org/reactivestreams/reactive-streams/1.0.4/reactive-streams-1.0.4.pom
#23 5.526 [INFO] Downloaded from central: https://repo.maven.apache.org/maven2/org/reactivestreams/reactive-streams/1.0.4/reactive-streams-1.0.4.pom (1.1 kB at 33 kB/s)
#23 5.527 [INFO] Downloading from central: https://repo.maven.apache.org/maven2/io/github/openfeign/querydsl/querydsl-codegen-utils/6.12/querydsl-codegen-utils-6.12.pom
#23 5.555 [INFO] Downloaded from central: https://repo.maven.apache.org/maven2/io/github/openfeign/querydsl/querydsl-codegen-utils/6.12/querydsl-codegen-utils-6.12.pom (1.9 kB at 66 kB/s)
#23 5.558 [INFO] Downloading from central: https://repo.maven.apache.org/maven2/org/eclipse/jdt/ecj/3.33.0/ecj-3.33.0.pom
#23 5.591 [INFO] Downloaded from central: https://repo.maven.apache.org/maven2/org/eclipse/jdt/ecj/3.33.0/ecj-3.33.0.pom (1.3 kB at 40 kB/s)
#23 5.594 [INFO] Downloading from central: https://repo.maven.apache.org/maven2/io/github/classgraph/classgraph/4.8.179/classgraph-4.8.179.pom
#23 5.624 [INFO] Downloaded from central: https://repo.maven.apache.org/maven2/io/github/classgraph/classgraph/4.8.179/classgraph-4.8.179.pom (30 kB at 1.0 MB/s)
#23 5.626 [INFO] Downloading from central: https://repo.maven.apache.org/maven2/jakarta/inject/jakarta.inject-api/2.0.1/jakarta.inject-api-2.0.1.pom
#23 5.654 [INFO] Downloaded from central: https://repo.maven.apache.org/maven2/jakarta/inject/jakarta.inject-api/2.0.1/jakarta.inject-api-2.0.1.pom (5.9 kB at 219 kB/s)
#23 5.656 [INFO] Downloading from central: https://repo.maven.apache.org/maven2/org/eclipse/ee4j/project/1.0.6/project-1.0.6.pom
#23 5.685 [INFO] Downloaded from central: https://repo.maven.apache.org/maven2/org/eclipse/ee4j/project/1.0.6/project-1.0.6.pom (13 kB at 460 kB/s)
#23 5.688 [INFO] Downloading from central: https://repo.maven.apache.org/maven2/jakarta/annotation/jakarta.annotation-api/2.1.1/jakarta.annotation-api-2.1.1.pom
#23 5.719 [INFO] Downloaded from central: https://repo.maven.apache.org/maven2/jakarta/annotation/jakarta.annotation-api/2.1.1/jakarta.annotation-api-2.1.1.pom (16 kB at 510 kB/s)
#23 5.722 [INFO] Downloading from central: https://repo.maven.apache.org/maven2/org/eclipse/ee4j/project/1.0.7/project-1.0.7.pom
#23 5.747 [INFO] Downloaded from central: https://repo.maven.apache.org/maven2/org/eclipse/ee4j/project/1.0.7/project-1.0.7.pom (14 kB at 545 kB/s)
#23 5.751 [INFO] Downloading from central: https://repo.maven.apache.org/maven2/jakarta/persistence/jakarta.persistence-api/3.1.0/jakarta.persistence-api-3.1.0.pom
#23 5.778 [INFO] Downloaded from central: https://repo.maven.apache.org/maven2/jakarta/persistence/jakarta.persistence-api/3.1.0/jakarta.persistence-api-3.1.0.pom (16 kB at 575 kB/s)
#23 5.783 [INFO] Downloading from central: https://repo.maven.apache.org/maven2/org/mapstruct/mapstruct-processor/1.6.3/mapstruct-processor-1.6.3.pom
#23 5.810 [INFO] Downloaded from central: https://repo.maven.apache.org/maven2/org/mapstruct/mapstruct-processor/1.6.3/mapstruct-processor-1.6.3.pom (3.2 kB at 115 kB/s)
#23 5.812 [INFO] Downloading from central: https://repo.maven.apache.org/maven2/org/mapstruct/mapstruct-parent/1.6.3/mapstruct-parent-1.6.3.pom
#23 5.840 [INFO] Downloaded from central: https://repo.maven.apache.org/maven2/org/mapstruct/mapstruct-parent/1.6.3/mapstruct-parent-1.6.3.pom (1.6 kB at 55 kB/s)
#23 5.844 [INFO] Downloading from central: https://repo.maven.apache.org/maven2/org/projectlombok/lombok/1.18.46/lombok-1.18.46.pom
#23 5.869 [INFO] Downloaded from central: https://repo.maven.apache.org/maven2/org/projectlombok/lombok/1.18.46/lombok-1.18.46.pom (1.5 kB at 59 kB/s)
#23 5.873 [INFO] Downloading from central: https://repo.maven.apache.org/maven2/org/projectlombok/lombok-mapstruct-binding/0.2.0/lombok-mapstruct-binding-0.2.0.pom
#23 5.900 [INFO] Downloaded from central: https://repo.maven.apache.org/maven2/org/projectlombok/lombok-mapstruct-binding/0.2.0/lombok-mapstruct-binding-0.2.0.pom (1.4 kB at 52 kB/s)
#23 5.902 [INFO] Downloading from central: https://repo.maven.apache.org/maven2/org/springframework/boot/spring-boot-configuration-processor/3.5.16/spring-boot-configuration-processor-3.5.16.pom
#23 5.931 [INFO] Downloaded from central: https://repo.maven.apache.org/maven2/org/springframework/boot/spring-boot-configuration-processor/3.5.16/spring-boot-configuration-processor-3.5.16.pom (1.9 kB at 67 kB/s)
#23 5.936 [INFO] Downloading from central: https://repo.maven.apache.org/maven2/io/github/openfeign/querydsl/querydsl-apt/6.12/querydsl-apt-6.12-jpa.jar
#23 5.960 [INFO] Downloaded from central: https://repo.maven.apache.org/maven2/io/github/openfeign/querydsl/querydsl-apt/6.12/querydsl-apt-6.12-jpa.jar (64 kB at 2.7 MB/s)
#23 5.961 [INFO] Downloading from central: https://repo.maven.apache.org/maven2/io/github/openfeign/querydsl/querydsl-codegen/6.12/querydsl-codegen-6.12.jar
#23 5.962 [INFO] Downloading from central: https://repo.maven.apache.org/maven2/io/github/openfeign/querydsl/querydsl-core/6.12/querydsl-core-6.12.jar
#23 5.962 [INFO] Downloading from central: https://repo.maven.apache.org/maven2/com/mysema/commons/mysema-commons-lang/0.2.4/mysema-commons-lang-0.2.4.jar
#23 5.962 [INFO] Downloading from central: https://repo.maven.apache.org/maven2/io/projectreactor/reactor-core/3.7.19/reactor-core-3.7.19.jar
#23 5.962 [INFO] Downloading from central: https://repo.maven.apache.org/maven2/org/reactivestreams/reactive-streams/1.0.4/reactive-streams-1.0.4.jar
#23 5.983 [INFO] Downloaded from central: https://repo.maven.apache.org/maven2/org/reactivestreams/reactive-streams/1.0.4/reactive-streams-1.0.4.jar (12 kB at 554 kB/s)
#23 5.983 [INFO] Downloading from central: https://repo.maven.apache.org/maven2/io/github/openfeign/querydsl/querydsl-codegen-utils/6.12/querydsl-codegen-utils-6.12.jar
#23 5.987 [INFO] Downloaded from central: https://repo.maven.apache.org/maven2/io/github/openfeign/querydsl/querydsl-codegen/6.12/querydsl-codegen-6.12.jar (90 kB at 3.3 MB/s)
#23 5.987 [INFO] Downloaded from central: https://repo.maven.apache.org/maven2/com/mysema/commons/mysema-commons-lang/0.2.4/mysema-commons-lang-0.2.4.jar (12 kB at 463 kB/s)
#23 5.987 [INFO] Downloading from central: https://repo.maven.apache.org/maven2/org/eclipse/jdt/ecj/3.33.0/ecj-3.33.0.jar
#23 5.987 [INFO] Downloading from central: https://repo.maven.apache.org/maven2/jakarta/inject/jakarta.inject-api/2.0.1/jakarta.inject-api-2.0.1.jar
#23 5.998 [INFO] Downloaded from central: https://repo.maven.apache.org/maven2/io/github/openfeign/querydsl/querydsl-core/6.12/querydsl-core-6.12.jar (491 kB at 13 MB/s)
#23 5.998 [INFO] Downloading from central: https://repo.maven.apache.org/maven2/io/github/classgraph/classgraph/4.8.179/classgraph-4.8.179.jar
#23 6.004 [INFO] Downloaded from central: https://repo.maven.apache.org/maven2/io/github/openfeign/querydsl/querydsl-codegen-utils/6.12/querydsl-codegen-utils-6.12.jar (76 kB at 1.8 MB/s)
#23 6.004 [INFO] Downloading from central: https://repo.maven.apache.org/maven2/jakarta/persistence/jakarta.persistence-api/3.1.0/jakarta.persistence-api-3.1.0.jar
#23 6.023 [INFO] Downloaded from central: https://repo.maven.apache.org/maven2/jakarta/inject/jakarta.inject-api/2.0.1/jakarta.inject-api-2.0.1.jar (11 kB at 175 kB/s)
#23 6.023 [INFO] Downloading from central: https://repo.maven.apache.org/maven2/jakarta/annotation/jakarta.annotation-api/2.1.1/jakarta.annotation-api-2.1.1.jar
#23 6.054 [INFO] Downloaded from central: https://repo.maven.apache.org/maven2/jakarta/annotation/jakarta.annotation-api/2.1.1/jakarta.annotation-api-2.1.1.jar (26 kB at 284 kB/s)
#23 6.054 [INFO] Downloading from central: https://repo.maven.apache.org/maven2/org/mapstruct/mapstruct-processor/1.6.3/mapstruct-processor-1.6.3.jar
#23 6.079 [INFO] Downloaded from central: https://repo.maven.apache.org/maven2/jakarta/persistence/jakarta.persistence-api/3.1.0/jakarta.persistence-api-3.1.0.jar (165 kB at 1.4 MB/s)
#23 6.079 [INFO] Downloading from central: https://repo.maven.apache.org/maven2/org/projectlombok/lombok/1.18.46/lombok-1.18.46.jar
#23 6.081 [INFO] Downloaded from central: https://repo.maven.apache.org/maven2/io/github/classgraph/classgraph/4.8.179/classgraph-4.8.179.jar (576 kB at 4.8 MB/s)
#23 6.081 [INFO] Downloading from central: https://repo.maven.apache.org/maven2/org/projectlombok/lombok-mapstruct-binding/0.2.0/lombok-mapstruct-binding-0.2.0.jar
#23 6.084 [INFO] Downloaded from central: https://repo.maven.apache.org/maven2/io/projectreactor/reactor-core/3.7.19/reactor-core-3.7.19.jar (1.9 MB at 16 MB/s)
#23 6.084 [INFO] Downloading from central: https://repo.maven.apache.org/maven2/org/springframework/boot/spring-boot-configuration-processor/3.5.16/spring-boot-configuration-processor-3.5.16.jar
#23 6.107 [INFO] Downloaded from central: https://repo.maven.apache.org/maven2/org/eclipse/jdt/ecj/3.33.0/ecj-3.33.0.jar (3.2 MB at 22 MB/s)
#23 6.112 [INFO] Downloaded from central: https://repo.maven.apache.org/maven2/org/projectlombok/lombok-mapstruct-binding/0.2.0/lombok-mapstruct-binding-0.2.0.jar (2.4 kB at 16 kB/s)
#23 6.118 [INFO] Downloaded from central: https://repo.maven.apache.org/maven2/org/springframework/boot/spring-boot-configuration-processor/3.5.16/spring-boot-configuration-processor-3.5.16.jar (136 kB at 869 kB/s)
#23 6.142 [INFO] Downloaded from central: https://repo.maven.apache.org/maven2/org/mapstruct/mapstruct-processor/1.6.3/mapstruct-processor-1.6.3.jar (2.5 MB at 14 MB/s)
#23 6.394 [INFO] Downloaded from central: https://repo.maven.apache.org/maven2/org/projectlombok/lombok/1.18.46/lombok-1.18.46.jar (2.0 MB at 4.7 MB/s)
#23 6.401 [INFO] Recompiling the module because of changed source code.
#23 6.405 [INFO] Compiling 18 source files with javac [debug parameters release 21] to target/classes
#23 6.846 [INFO] 
#23 6.846 [INFO] --- resources:3.3.1:testResources (default-testResources) @ framework-core ---
#23 6.849 [INFO] skip non existing resourceDirectory /workspace/backend/framework-core/src/test/resources
#23 6.849 [INFO] 
#23 6.849 [INFO] --- compiler:3.14.1:testCompile (default-testCompile) @ framework-core ---
#23 6.857 [INFO] Recompiling the module because of changed dependency.
#23 6.857 [INFO] Compiling 2 source files with javac [debug parameters release 21] to target/test-classes
#23 7.017 [INFO] 
#23 7.017 [INFO] --- surefire:3.5.6:test (default-test) @ framework-core ---
#23 7.020 [INFO] Downloading from central: https://repo.maven.apache.org/maven2/org/apache/maven/surefire/surefire-api/3.5.6/surefire-api-3.5.6.pom
#23 7.040 [INFO] Downloaded from central: https://repo.maven.apache.org/maven2/org/apache/maven/surefire/surefire-api/3.5.6/surefire-api-3.5.6.pom (3.7 kB at 185 kB/s)
#23 7.042 [INFO] Downloading from central: https://repo.maven.apache.org/maven2/org/apache/maven/surefire/surefire-logger-api/3.5.6/surefire-logger-api-3.5.6.pom
#23 7.060 [INFO] Downloaded from central: https://repo.maven.apache.org/maven2/org/apache/maven/surefire/surefire-logger-api/3.5.6/surefire-logger-api-3.5.6.pom (3.5 kB at 194 kB/s)
#23 7.062 [INFO] Downloading from central: https://repo.maven.apache.org/maven2/org/apache/maven/surefire/surefire-shared-utils/3.5.6/surefire-shared-utils-3.5.6.pom
#23 7.080 [INFO] Downloaded from central: https://repo.maven.apache.org/maven2/org/apache/maven/surefire/surefire-shared-utils/3.5.6/surefire-shared-utils-3.5.6.pom (4.0 kB at 220 kB/s)
#23 7.082 [INFO] Downloading from central: https://repo.maven.apache.org/maven2/org/apache/maven/surefire/surefire-extensions-api/3.5.6/surefire-extensions-api-3.5.6.pom
#23 7.101 [INFO] Downloaded from central: https://repo.maven.apache.org/maven2/org/apache/maven/surefire/surefire-extensions-api/3.5.6/surefire-extensions-api-3.5.6.pom (3.6 kB at 188 kB/s)
#23 7.104 [INFO] Downloading from central: https://repo.maven.apache.org/maven2/org/apache/maven/surefire/maven-surefire-common/3.5.6/maven-surefire-common-3.5.6.pom
#23 7.122 [INFO] Downloaded from central: https://repo.maven.apache.org/maven2/org/apache/maven/surefire/maven-surefire-common/3.5.6/maven-surefire-common-3.5.6.pom (7.3 kB at 383 kB/s)
#23 7.124 [INFO] Downloading from central: https://repo.maven.apache.org/maven2/org/apache/maven/surefire/surefire-booter/3.5.6/surefire-booter-3.5.6.pom
#23 7.141 [INFO] Downloaded from central: https://repo.maven.apache.org/maven2/org/apache/maven/surefire/surefire-booter/3.5.6/surefire-booter-3.5.6.pom (5.1 kB at 301 kB/s)
#23 7.143 [INFO] Downloading from central: https://repo.maven.apache.org/maven2/org/apache/maven/surefire/surefire-extensions-spi/3.5.6/surefire-extensions-spi-3.5.6.pom
#23 7.161 [INFO] Downloaded from central: https://repo.maven.apache.org/maven2/org/apache/maven/surefire/surefire-extensions-spi/3.5.6/surefire-extensions-spi-3.5.6.pom (1.7 kB at 95 kB/s)
#23 7.163 [INFO] Downloading from central: https://repo.maven.apache.org/maven2/org/apache/maven/resolver/maven-resolver-util/1.4.1/maven-resolver-util-1.4.1.pom
#23 7.182 [INFO] Downloaded from central: https://repo.maven.apache.org/maven2/org/apache/maven/resolver/maven-resolver-util/1.4.1/maven-resolver-util-1.4.1.pom (2.8 kB at 148 kB/s)
#23 7.183 [INFO] Downloading from central: https://repo.maven.apache.org/maven2/org/apache/maven/resolver/maven-resolver/1.4.1/maven-resolver-1.4.1.pom
#23 7.211 [INFO] Downloaded from central: https://repo.maven.apache.org/maven2/org/apache/maven/resolver/maven-resolver/1.4.1/maven-resolver-1.4.1.pom (18 kB at 673 kB/s)
#23 7.212 [INFO] Downloading from central: https://repo.maven.apache.org/maven2/org/apache/maven/maven-parent/33/maven-parent-33.pom
#23 7.233 [INFO] Downloaded from central: https://repo.maven.apache.org/maven2/org/apache/maven/maven-parent/33/maven-parent-33.pom (44 kB at 2.1 MB/s)
#23 7.234 [INFO] Downloading from central: https://repo.maven.apache.org/maven2/org/apache/apache/21/apache-21.pom
#23 7.251 [INFO] Downloaded from central: https://repo.maven.apache.org/maven2/org/apache/apache/21/apache-21.pom (17 kB at 1.0 MB/s)
#23 7.253 [INFO] Downloading from central: https://repo.maven.apache.org/maven2/org/apache/maven/resolver/maven-resolver-api/1.4.1/maven-resolver-api-1.4.1.pom
#23 7.271 [INFO] Downloaded from central: https://repo.maven.apache.org/maven2/org/apache/maven/resolver/maven-resolver-api/1.4.1/maven-resolver-api-1.4.1.pom (2.6 kB at 146 kB/s)
#23 7.273 [INFO] Downloading from central: https://repo.maven.apache.org/maven2/org/apache/maven/shared/maven-common-artifact-filters/3.4.0/maven-common-artifact-filters-3.4.0.pom
#23 7.317 [INFO] Downloaded from central: https://repo.maven.apache.org/maven2/org/apache/maven/shared/maven-common-artifact-filters/3.4.0/maven-common-artifact-filters-3.4.0.pom (5.4 kB at 125 kB/s)
#23 7.318 [INFO] Downloading from central: https://repo.maven.apache.org/maven2/org/apache/maven/shared/maven-shared-components/42/maven-shared-components-42.pom
#23 7.355 [INFO] Downloaded from central: https://repo.maven.apache.org/maven2/org/apache/maven/shared/maven-shared-components/42/maven-shared-components-42.pom (3.8 kB at 105 kB/s)
#23 7.356 [INFO] Downloading from central: https://repo.maven.apache.org/maven2/org/codehaus/plexus/plexus-java/1.5.2/plexus-java-1.5.2.pom
#23 7.373 [INFO] Downloaded from central: https://repo.maven.apache.org/maven2/org/codehaus/plexus/plexus-java/1.5.2/plexus-java-1.5.2.pom (4.1 kB at 240 kB/s)
#23 7.375 [INFO] Downloading from central: https://repo.maven.apache.org/maven2/org/codehaus/plexus/plexus-languages/1.5.2/plexus-languages-1.5.2.pom
#23 7.391 [INFO] Downloaded from central: https://repo.maven.apache.org/maven2/org/codehaus/plexus/plexus-languages/1.5.2/plexus-languages-1.5.2.pom (3.9 kB at 241 kB/s)
#23 7.392 [INFO] Downloading from central: https://repo.maven.apache.org/maven2/org/codehaus/plexus/plexus/24/plexus-24.pom
#23 7.412 [INFO] Downloaded from central: https://repo.maven.apache.org/maven2/org/codehaus/plexus/plexus/24/plexus-24.pom (31 kB at 1.5 MB/s)
#23 7.413 [INFO] Downloading from central: https://repo.maven.apache.org/maven2/org/junit/junit-bom/5.13.4/junit-bom-5.13.4.pom
#23 7.434 [INFO] Downloaded from central: https://repo.maven.apache.org/maven2/org/junit/junit-bom/5.13.4/junit-bom-5.13.4.pom (5.7 kB at 270 kB/s)
#23 7.435 [INFO] Downloading from central: https://repo.maven.apache.org/maven2/org/ow2/asm/asm/9.9.1/asm-9.9.1.pom
#23 7.451 [INFO] Downloaded from central: https://repo.maven.apache.org/maven2/org/ow2/asm/asm/9.9.1/asm-9.9.1.pom (2.4 kB at 148 kB/s)
#23 7.453 [INFO] Downloading from central: https://repo.maven.apache.org/maven2/org/apache/maven/surefire/surefire-api/3.5.6/surefire-api-3.5.6.jar
#23 7.486 [INFO] Downloaded from central: https://repo.maven.apache.org/maven2/org/apache/maven/surefire/surefire-api/3.5.6/surefire-api-3.5.6.jar (174 kB at 5.3 MB/s)
#23 7.486 [INFO] Downloading from central: https://repo.maven.apache.org/maven2/org/apache/maven/surefire/surefire-logger-api/3.5.6/surefire-logger-api-3.5.6.jar
#23 7.487 [INFO] Downloading from central: https://repo.maven.apache.org/maven2/org/apache/maven/surefire/surefire-shared-utils/3.5.6/surefire-shared-utils-3.5.6.jar
#23 7.487 [INFO] Downloading from central: https://repo.maven.apache.org/maven2/org/apache/maven/surefire/surefire-extensions-api/3.5.6/surefire-extensions-api-3.5.6.jar
#23 7.487 [INFO] Downloading from central: https://repo.maven.apache.org/maven2/org/apache/maven/surefire/maven-surefire-common/3.5.6/maven-surefire-common-3.5.6.jar
#23 7.487 [INFO] Downloading from central: https://repo.maven.apache.org/maven2/org/apache/maven/surefire/surefire-booter/3.5.6/surefire-booter-3.5.6.jar
#23 7.512 [INFO] Downloaded from central: https://repo.maven.apache.org/maven2/org/apache/maven/surefire/surefire-logger-api/3.5.6/surefire-logger-api-3.5.6.jar (14 kB at 522 kB/s)
#23 7.512 [INFO] Downloading from central: https://repo.maven.apache.org/maven2/org/apache/maven/surefire/surefire-extensions-spi/3.5.6/surefire-extensions-spi-3.5.6.jar
#23 7.514 [INFO] Downloaded from central: https://repo.maven.apache.org/maven2/org/apache/maven/surefire/surefire-extensions-api/3.5.6/surefire-extensions-api-3.5.6.jar (26 kB at 921 kB/s)
#23 7.514 [INFO] Downloading from central: https://repo.maven.apache.org/maven2/org/apache/maven/resolver/maven-resolver-util/1.4.1/maven-resolver-util-1.4.1.jar
#23 7.522 [INFO] Downloaded from central: https://repo.maven.apache.org/maven2/org/apache/maven/surefire/maven-surefire-common/3.5.6/maven-surefire-common-3.5.6.jar (317 kB at 9.1 MB/s)
#23 7.522 [INFO] Downloading from central: https://repo.maven.apache.org/maven2/org/apache/maven/resolver/maven-resolver-api/1.4.1/maven-resolver-api-1.4.1.jar
#23 7.522 [INFO] Downloaded from central: https://repo.maven.apache.org/maven2/org/apache/maven/surefire/surefire-booter/3.5.6/surefire-booter-3.5.6.jar (123 kB at 3.5 MB/s)
#23 7.522 [INFO] Downloading from central: https://repo.maven.apache.org/maven2/org/apache/maven/shared/maven-common-artifact-filters/3.4.0/maven-common-artifact-filters-3.4.0.jar
#23 7.535 [INFO] Downloaded from central: https://repo.maven.apache.org/maven2/org/apache/maven/surefire/surefire-extensions-spi/3.5.6/surefire-extensions-spi-3.5.6.jar (8.2 kB at 174 kB/s)
#23 7.535 [INFO] Downloading from central: https://repo.maven.apache.org/maven2/org/codehaus/plexus/plexus-java/1.5.2/plexus-java-1.5.2.jar
#23 7.542 [INFO] Downloaded from central: https://repo.maven.apache.org/maven2/org/apache/maven/resolver/maven-resolver-util/1.4.1/maven-resolver-util-1.4.1.jar (168 kB at 3.0 MB/s)
#23 7.542 [INFO] Downloading from central: https://repo.maven.apache.org/maven2/org/ow2/asm/asm/9.9.1/asm-9.9.1.jar
#23 7.546 [INFO] Downloaded from central: https://repo.maven.apache.org/maven2/org/apache/maven/shared/maven-common-artifact-filters/3.4.0/maven-common-artifact-filters-3.4.0.jar (58 kB at 991 kB/s)
#23 7.550 [INFO] Downloaded from central: https://repo.maven.apache.org/maven2/org/apache/maven/resolver/maven-resolver-api/1.4.1/maven-resolver-api-1.4.1.jar (149 kB at 2.4 MB/s)
#23 7.560 [INFO] Downloaded from central: https://repo.maven.apache.org/maven2/org/codehaus/plexus/plexus-java/1.5.2/plexus-java-1.5.2.jar (57 kB at 786 kB/s)
#23 7.567 [INFO] Downloaded from central: https://repo.maven.apache.org/maven2/org/ow2/asm/asm/9.9.1/asm-9.9.1.jar (126 kB at 1.6 MB/s)
#23 7.684 [INFO] Downloaded from central: https://repo.maven.apache.org/maven2/org/apache/maven/surefire/surefire-shared-utils/3.5.6/surefire-shared-utils-3.5.6.jar (3.0 MB at 15 MB/s)
#23 7.726 [INFO] Using auto detected provider org.apache.maven.surefire.junitplatform.JUnitPlatformProvider
#23 7.732 [INFO] Downloading from central: https://repo.maven.apache.org/maven2/org/apache/maven/surefire/surefire-junit-platform/3.5.6/surefire-junit-platform-3.5.6.pom
#23 7.751 [INFO] Downloaded from central: https://repo.maven.apache.org/maven2/org/apache/maven/surefire/surefire-junit-platform/3.5.6/surefire-junit-platform-3.5.6.pom (5.2 kB at 287 kB/s)
#23 7.752 [INFO] Downloading from central: https://repo.maven.apache.org/maven2/org/apache/maven/surefire/surefire-providers/3.5.6/surefire-providers-3.5.6.pom
#23 7.770 [INFO] Downloaded from central: https://repo.maven.apache.org/maven2/org/apache/maven/surefire/surefire-providers/3.5.6/surefire-providers-3.5.6.pom (2.5 kB at 134 kB/s)
#23 7.772 [INFO] Downloading from central: https://repo.maven.apache.org/maven2/org/apache/maven/surefire/common-java5/3.5.6/common-java5-3.5.6.pom
#23 7.790 [INFO] Downloaded from central: https://repo.maven.apache.org/maven2/org/apache/maven/surefire/common-java5/3.5.6/common-java5-3.5.6.pom (3.1 kB at 170 kB/s)
#23 7.792 [INFO] Downloading from central: https://repo.maven.apache.org/maven2/org/junit/platform/junit-platform-launcher/1.12.2/junit-platform-launcher-1.12.2.pom
#23 7.810 [INFO] Downloaded from central: https://repo.maven.apache.org/maven2/org/junit/platform/junit-platform-launcher/1.12.2/junit-platform-launcher-1.12.2.pom (3.0 kB at 178 kB/s)
#23 7.812 [INFO] Downloading from central: https://repo.maven.apache.org/maven2/org/apache/maven/surefire/surefire-junit-platform/3.5.6/surefire-junit-platform-3.5.6.jar
#23 7.830 [INFO] Downloaded from central: https://repo.maven.apache.org/maven2/org/apache/maven/surefire/surefire-junit-platform/3.5.6/surefire-junit-platform-3.5.6.jar (35 kB at 2.0 MB/s)
#23 7.830 [INFO] Downloading from central: https://repo.maven.apache.org/maven2/org/apache/maven/surefire/common-java5/3.5.6/common-java5-3.5.6.jar
#23 7.830 [INFO] Downloading from central: https://repo.maven.apache.org/maven2/org/junit/platform/junit-platform-launcher/1.12.2/junit-platform-launcher-1.12.2.jar
#23 7.847 [INFO] Downloaded from central: https://repo.maven.apache.org/maven2/org/apache/maven/surefire/common-java5/3.5.6/common-java5-3.5.6.jar (18 kB at 979 kB/s)
#23 7.860 [INFO] Downloaded from central: https://repo.maven.apache.org/maven2/org/junit/platform/junit-platform-launcher/1.12.2/junit-platform-launcher-1.12.2.jar (208 kB at 6.9 MB/s)
#23 7.866 [INFO] 
#23 7.866 [INFO] -------------------------------------------------------
#23 7.866 [INFO]  T E S T S
#23 7.866 [INFO] -------------------------------------------------------
#23 8.037 [INFO] Running dev.scframework.core.audit.SecurityAuditEventTest
#23 8.063 [INFO] Tests run: 2, Failures: 0, Errors: 0, Skipped: 0, Time elapsed: 0.023 s -- in dev.scframework.core.audit.SecurityAuditEventTest
#23 8.063 [INFO] Running dev.scframework.core.ApiErrorTest
#23 8.065 [INFO] Tests run: 1, Failures: 0, Errors: 0, Skipped: 0, Time elapsed: 0.002 s -- in dev.scframework.core.ApiErrorTest
#23 8.071 [INFO] 
#23 8.071 [INFO] Results:
#23 8.071 [INFO] 
#23 8.071 [INFO] Tests run: 3, Failures: 0, Errors: 0, Skipped: 0
#23 8.071 [INFO] 
#23 8.072 [INFO] 
#23 8.072 [INFO] --- jar:3.4.2:jar (default-jar) @ framework-core ---
#23 8.076 [INFO] Downloading from central: https://repo.maven.apache.org/maven2/org/apache/maven/shared/file-management/3.1.0/file-management-3.1.0.pom
#23 8.100 [INFO] Downloaded from central: https://repo.maven.apache.org/maven2/org/apache/maven/shared/file-management/3.1.0/file-management-3.1.0.pom (4.5 kB at 179 kB/s)
#23 8.101 [INFO] Downloading from central: https://repo.maven.apache.org/maven2/org/apache/maven/shared/maven-shared-components/36/maven-shared-components-36.pom
#23 8.122 [INFO] Downloaded from central: https://repo.maven.apache.org/maven2/org/apache/maven/shared/maven-shared-components/36/maven-shared-components-36.pom (4.9 kB at 233 kB/s)
#23 8.123 [INFO] Downloading from central: https://repo.maven.apache.org/maven2/org/apache/maven/maven-parent/36/maven-parent-36.pom
#23 8.148 [INFO] Downloaded from central: https://repo.maven.apache.org/maven2/org/apache/maven/maven-parent/36/maven-parent-36.pom (45 kB at 1.7 MB/s)
#23 8.150 [INFO] Downloading from central: https://repo.maven.apache.org/maven2/org/apache/apache/26/apache-26.pom
#23 8.173 [INFO] Downloaded from central: https://repo.maven.apache.org/maven2/org/apache/apache/26/apache-26.pom (21 kB at 893 kB/s)
#23 8.174 [INFO] Downloading from central: https://repo.maven.apache.org/maven2/commons-io/commons-io/2.16.1/commons-io-2.16.1.pom
#23 8.195 [INFO] Downloaded from central: https://repo.maven.apache.org/maven2/commons-io/commons-io/2.16.1/commons-io-2.16.1.pom (20 kB at 934 kB/s)
#23 8.196 [INFO] Downloading from central: https://repo.maven.apache.org/maven2/org/apache/commons/commons-parent/69/commons-parent-69.pom
#23 8.223 [INFO] Downloaded from central: https://repo.maven.apache.org/maven2/org/apache/commons/commons-parent/69/commons-parent-69.pom (77 kB at 2.9 MB/s)
#23 8.225 [INFO] Downloading from central: https://repo.maven.apache.org/maven2/org/apache/apache/31/apache-31.pom
#23 8.250 [INFO] Downloaded from central: https://repo.maven.apache.org/maven2/org/apache/apache/31/apache-31.pom (24 kB at 905 kB/s)
#23 8.254 [INFO] Downloading from central: https://repo.maven.apache.org/maven2/org/apache/maven/maven-archiver/3.6.2/maven-archiver-3.6.2.pom
#23 8.278 [INFO] Downloaded from central: https://repo.maven.apache.org/maven2/org/apache/maven/maven-archiver/3.6.2/maven-archiver-3.6.2.pom (4.4 kB at 183 kB/s)
#23 8.279 [INFO] Downloading from central: https://repo.maven.apache.org/maven2/org/apache/maven/shared/maven-shared-components/41/maven-shared-components-41.pom
#23 8.298 [INFO] Downloaded from central: https://repo.maven.apache.org/maven2/org/apache/maven/shared/maven-shared-components/41/maven-shared-components-41.pom (3.2 kB at 159 kB/s)
#23 8.299 [INFO] Downloading from central: https://repo.maven.apache.org/maven2/org/apache/maven/maven-parent/41/maven-parent-41.pom
#23 8.326 [INFO] Downloaded from central: https://repo.maven.apache.org/maven2/org/apache/maven/maven-parent/41/maven-parent-41.pom (50 kB at 1.9 MB/s)
#23 8.328 [INFO] Downloading from central: https://repo.maven.apache.org/maven2/org/codehaus/plexus/plexus-archiver/4.9.2/plexus-archiver-4.9.2.pom
#23 8.352 [INFO] Downloaded from central: https://repo.maven.apache.org/maven2/org/codehaus/plexus/plexus-archiver/4.9.2/plexus-archiver-4.9.2.pom (6.0 kB at 260 kB/s)
#23 8.353 [INFO] Downloading from central: https://repo.maven.apache.org/maven2/org/codehaus/plexus/plexus-io/3.4.2/plexus-io-3.4.2.pom
#23 8.377 [INFO] Downloaded from central: https://repo.maven.apache.org/maven2/org/codehaus/plexus/plexus-io/3.4.2/plexus-io-3.4.2.pom (3.9 kB at 161 kB/s)
#23 8.378 [INFO] Downloading from central: https://repo.maven.apache.org/maven2/org/codehaus/plexus/plexus/16/plexus-16.pom
#23 8.404 [INFO] Downloaded from central: https://repo.maven.apache.org/maven2/org/codehaus/plexus/plexus/16/plexus-16.pom (28 kB at 1.1 MB/s)
#23 8.405 [INFO] Downloading from central: https://repo.maven.apache.org/maven2/org/junit/junit-bom/5.10.1/junit-bom-5.10.1.pom
#23 8.428 [INFO] Downloaded from central: https://repo.maven.apache.org/maven2/org/junit/junit-bom/5.10.1/junit-bom-5.10.1.pom (5.6 kB at 246 kB/s)
#23 8.429 [INFO] Downloading from central: https://repo.maven.apache.org/maven2/org/apache/commons/commons-compress/1.26.1/commons-compress-1.26.1.pom
#23 8.453 [INFO] Downloaded from central: https://repo.maven.apache.org/maven2/org/apache/commons/commons-compress/1.26.1/commons-compress-1.26.1.pom (22 kB at 932 kB/s)
#23 8.454 [INFO] Downloading from central: https://repo.maven.apache.org/maven2/org/apache/commons/commons-parent/66/commons-parent-66.pom
#23 8.488 [INFO] Downloaded from central: https://repo.maven.apache.org/maven2/org/apache/commons/commons-parent/66/commons-parent-66.pom (77 kB at 2.3 MB/s)
#23 8.493 [INFO] Downloading from central: https://repo.maven.apache.org/maven2/commons-codec/commons-codec/1.16.1/commons-codec-1.16.1.pom
#23 8.519 [INFO] Downloaded from central: https://repo.maven.apache.org/maven2/commons-codec/commons-codec/1.16.1/commons-codec-1.16.1.pom (16 kB at 603 kB/s)
#23 8.521 [INFO] Downloading from central: https://repo.maven.apache.org/maven2/org/apache/commons/commons-lang3/3.14.0/commons-lang3-3.14.0.pom
#23 8.548 [INFO] Downloaded from central: https://repo.maven.apache.org/maven2/org/apache/commons/commons-lang3/3.14.0/commons-lang3-3.14.0.pom (31 kB at 1.1 MB/s)
#23 8.550 [INFO] Downloading from central: https://repo.maven.apache.org/maven2/org/apache/commons/commons-parent/64/commons-parent-64.pom
#23 8.586 [INFO] Downloaded from central: https://repo.maven.apache.org/maven2/org/apache/commons/commons-parent/64/commons-parent-64.pom (78 kB at 2.2 MB/s)
#23 8.590 [INFO] Downloading from central: https://repo.maven.apache.org/maven2/org/apache/apache/30/apache-30.pom
#23 8.616 [INFO] Downloaded from central: https://repo.maven.apache.org/maven2/org/apache/apache/30/apache-30.pom (23 kB at 861 kB/s)
#23 8.618 [INFO] Downloading from central: https://repo.maven.apache.org/maven2/org/junit/junit-bom/5.10.0/junit-bom-5.10.0.pom
#23 8.642 [INFO] Downloaded from central: https://repo.maven.apache.org/maven2/org/junit/junit-bom/5.10.0/junit-bom-5.10.0.pom (5.6 kB at 246 kB/s)
#23 8.643 [INFO] Downloading from central: https://repo.maven.apache.org/maven2/org/iq80/snappy/snappy/0.4/snappy-0.4.pom
#23 8.669 [INFO] Downloaded from central: https://repo.maven.apache.org/maven2/org/iq80/snappy/snappy/0.4/snappy-0.4.pom (15 kB at 559 kB/s)
#23 8.670 [INFO] Downloading from central: https://repo.maven.apache.org/maven2/org/tukaani/xz/1.9/xz-1.9.pom
#23 8.693 [INFO] Downloaded from central: https://repo.maven.apache.org/maven2/org/tukaani/xz/1.9/xz-1.9.pom (2.0 kB at 89 kB/s)
#23 8.694 [INFO] Downloading from central: https://repo.maven.apache.org/maven2/com/github/luben/zstd-jni/1.5.5-11/zstd-jni-1.5.5-11.pom
#23 8.719 [INFO] Downloaded from central: https://repo.maven.apache.org/maven2/com/github/luben/zstd-jni/1.5.5-11/zstd-jni-1.5.5-11.pom (2.0 kB at 80 kB/s)
#23 8.720 [INFO] Downloading from central: https://repo.maven.apache.org/maven2/org/codehaus/plexus/plexus-interpolation/1.27/plexus-interpolation-1.27.pom
#23 8.742 [INFO] Downloaded from central: https://repo.maven.apache.org/maven2/org/codehaus/plexus/plexus-interpolation/1.27/plexus-interpolation-1.27.pom (3.0 kB at 137 kB/s)
#23 8.745 [INFO] Downloading from central: https://repo.maven.apache.org/maven2/org/apache/maven/shared/file-management/3.1.0/file-management-3.1.0.jar
#23 8.768 [INFO] Downloaded from central: https://repo.maven.apache.org/maven2/org/apache/maven/shared/file-management/3.1.0/file-management-3.1.0.jar (36 kB at 1.6 MB/s)
#23 8.768 [INFO] Downloading from central: https://repo.maven.apache.org/maven2/commons-io/commons-io/2.16.1/commons-io-2.16.1.jar
#23 8.768 [INFO] Downloading from central: https://repo.maven.apache.org/maven2/org/apache/maven/maven-archiver/3.6.2/maven-archiver-3.6.2.jar
#23 8.768 [INFO] Downloading from central: https://repo.maven.apache.org/maven2/org/codehaus/plexus/plexus-interpolation/1.27/plexus-interpolation-1.27.jar
#23 8.769 [INFO] Downloading from central: https://repo.maven.apache.org/maven2/org/codehaus/plexus/plexus-archiver/4.9.2/plexus-archiver-4.9.2.jar
#23 8.769 [INFO] Downloading from central: https://repo.maven.apache.org/maven2/org/codehaus/plexus/plexus-io/3.4.2/plexus-io-3.4.2.jar
#23 8.788 [INFO] Downloaded from central: https://repo.maven.apache.org/maven2/org/apache/maven/maven-archiver/3.6.2/maven-archiver-3.6.2.jar (27 kB at 1.3 MB/s)
#23 8.788 [INFO] Downloading from central: https://repo.maven.apache.org/maven2/org/apache/commons/commons-compress/1.26.1/commons-compress-1.26.1.jar
#23 8.795 [INFO] Downloaded from central: https://repo.maven.apache.org/maven2/org/codehaus/plexus/plexus-interpolation/1.27/plexus-interpolation-1.27.jar (86 kB at 3.2 MB/s)
#23 8.795 [INFO] Downloading from central: https://repo.maven.apache.org/maven2/org/apache/commons/commons-lang3/3.14.0/commons-lang3-3.14.0.jar
#23 8.798 [INFO] Downloaded from central: https://repo.maven.apache.org/maven2/org/codehaus/plexus/plexus-io/3.4.2/plexus-io-3.4.2.jar (79 kB at 2.6 MB/s)
#23 8.798 [INFO] Downloading from central: https://repo.maven.apache.org/maven2/commons-codec/commons-codec/1.16.1/commons-codec-1.16.1.jar
#23 8.805 [INFO] Downloaded from central: https://repo.maven.apache.org/maven2/commons-io/commons-io/2.16.1/commons-io-2.16.1.jar (509 kB at 14 MB/s)
#23 8.805 [INFO] Downloaded from central: https://repo.maven.apache.org/maven2/org/codehaus/plexus/plexus-archiver/4.9.2/plexus-archiver-4.9.2.jar (225 kB at 6.1 MB/s)
#23 8.805 [INFO] Downloading from central: https://repo.maven.apache.org/maven2/org/iq80/snappy/snappy/0.4/snappy-0.4.jar
#23 8.805 [INFO] Downloading from central: https://repo.maven.apache.org/maven2/org/tukaani/xz/1.9/xz-1.9.jar
#23 8.851 [INFO] Downloaded from central: https://repo.maven.apache.org/maven2/commons-codec/commons-codec/1.16.1/commons-codec-1.16.1.jar (365 kB at 4.5 MB/s)
#23 8.851 [INFO] Downloading from central: https://repo.maven.apache.org/maven2/com/github/luben/zstd-jni/1.5.5-11/zstd-jni-1.5.5-11.jar
#23 8.851 [INFO] Downloaded from central: https://repo.maven.apache.org/maven2/org/iq80/snappy/snappy/0.4/snappy-0.4.jar (58 kB at 707 kB/s)
#23 8.854 [INFO] Downloaded from central: https://repo.maven.apache.org/maven2/org/tukaani/xz/1.9/xz-1.9.jar (116 kB at 1.4 MB/s)
#23 8.862 [INFO] Downloaded from central: https://repo.maven.apache.org/maven2/org/apache/commons/commons-compress/1.26.1/commons-compress-1.26.1.jar (1.1 MB at 12 MB/s)
#23 8.888 [INFO] Downloaded from central: https://repo.maven.apache.org/maven2/org/apache/commons/commons-lang3/3.14.0/commons-lang3-3.14.0.jar (658 kB at 5.5 MB/s)
#23 9.009 [INFO] Downloaded from central: https://repo.maven.apache.org/maven2/com/github/luben/zstd-jni/1.5.5-11/zstd-jni-1.5.5-11.jar (6.8 MB at 28 MB/s)
#23 9.071 [INFO] Building jar: /workspace/backend/framework-core/target/framework-core-0.3.0-SNAPSHOT.jar
#23 9.085 [INFO] 
#23 9.085 [INFO] --------------< dev.scframework:framework-autoconfigure >---------------
#23 9.085 [INFO] Building ScFramework auto configuration 0.3.0-SNAPSHOT             [3/6]
#23 9.085 [INFO]   from framework-autoconfigure/pom.xml
#23 9.085 [INFO] --------------------------------[ jar ]---------------------------------
#23 9.090 [INFO] Downloading from central: https://repo.maven.apache.org/maven2/org/springframework/boot/spring-boot-starter-web/3.5.16/spring-boot-starter-web-3.5.16.pom
#23 9.115 [INFO] Downloaded from central: https://repo.maven.apache.org/maven2/org/springframework/boot/spring-boot-starter-web/3.5.16/spring-boot-starter-web-3.5.16.pom (2.9 kB at 117 kB/s)
#23 9.117 [INFO] Downloading from central: https://repo.maven.apache.org/maven2/org/springframework/boot/spring-boot-starter/3.5.16/spring-boot-starter-3.5.16.pom
#23 9.140 [INFO] Downloaded from central: https://repo.maven.apache.org/maven2/org/springframework/boot/spring-boot-starter/3.5.16/spring-boot-starter-3.5.16.pom (3.0 kB at 132 kB/s)
#23 9.142 [INFO] Downloading from central: https://repo.maven.apache.org/maven2/org/springframework/boot/spring-boot/3.5.16/spring-boot-3.5.16.pom
#23 9.164 [INFO] Downloaded from central: https://repo.maven.apache.org/maven2/org/springframework/boot/spring-boot/3.5.16/spring-boot-3.5.16.pom (2.2 kB at 100 kB/s)
#23 9.166 [INFO] Downloading from central: https://repo.maven.apache.org/maven2/org/springframework/spring-core/6.2.19/spring-core-6.2.19.pom
#23 9.188 [INFO] Downloaded from central: https://repo.maven.apache.org/maven2/org/springframework/spring-core/6.2.19/spring-core-6.2.19.pom (2.0 kB at 88 kB/s)
#23 9.189 [INFO] Downloading from central: https://repo.maven.apache.org/maven2/org/springframework/spring-jcl/6.2.19/spring-jcl-6.2.19.pom
#23 9.210 [INFO] Downloaded from central: https://repo.maven.apache.org/maven2/org/springframework/spring-jcl/6.2.19/spring-jcl-6.2.19.pom (1.8 kB at 88 kB/s)
#23 9.211 [INFO] Downloading from central: https://repo.maven.apache.org/maven2/org/springframework/spring-context/6.2.19/spring-context-6.2.19.pom
#23 9.234 [INFO] Downloaded from central: https://repo.maven.apache.org/maven2/org/springframework/spring-context/6.2.19/spring-context-6.2.19.pom (2.8 kB at 121 kB/s)
#23 9.235 [INFO] Downloading from central: https://repo.maven.apache.org/maven2/org/springframework/spring-aop/6.2.19/spring-aop-6.2.19.pom
#23 9.259 [INFO] Downloaded from central: https://repo.maven.apache.org/maven2/org/springframework/spring-aop/6.2.19/spring-aop-6.2.19.pom (2.2 kB at 92 kB/s)
#23 9.260 [INFO] Downloading from central: https://repo.maven.apache.org/maven2/org/springframework/spring-beans/6.2.19/spring-beans-6.2.19.pom
#23 9.286 [INFO] Downloaded from central: https://repo.maven.apache.org/maven2/org/springframework/spring-beans/6.2.19/spring-beans-6.2.19.pom (2.0 kB at 78 kB/s)
#23 9.287 [INFO] Downloading from central: https://repo.maven.apache.org/maven2/org/springframework/spring-expression/6.2.19/spring-expression-6.2.19.pom
#23 9.310 [INFO] Downloaded from central: https://repo.maven.apache.org/maven2/org/springframework/spring-expression/6.2.19/spring-expression-6.2.19.pom (2.1 kB at 94 kB/s)
#23 9.311 [INFO] Downloading from central: https://repo.maven.apache.org/maven2/io/micrometer/micrometer-observation/1.15.12/micrometer-observation-1.15.12.pom
#23 9.332 [INFO] Downloaded from central: https://repo.maven.apache.org/maven2/io/micrometer/micrometer-observation/1.15.12/micrometer-observation-1.15.12.pom (3.8 kB at 175 kB/s)
#23 9.333 [INFO] Downloading from central: https://repo.maven.apache.org/maven2/io/micrometer/micrometer-commons/1.15.12/micrometer-commons-1.15.12.pom
#23 9.356 [INFO] Downloaded from central: https://repo.maven.apache.org/maven2/io/micrometer/micrometer-commons/1.15.12/micrometer-commons-1.15.12.pom (3.4 kB at 148 kB/s)
#23 9.357 [INFO] Downloading from central: https://repo.maven.apache.org/maven2/org/springframework/boot/spring-boot-autoconfigure/3.5.16/spring-boot-autoconfigure-3.5.16.pom
#23 9.380 [INFO] Downloaded from central: https://repo.maven.apache.org/maven2/org/springframework/boot/spring-boot-autoconfigure/3.5.16/spring-boot-autoconfigure-3.5.16.pom (2.1 kB at 90 kB/s)
#23 9.381 [INFO] Downloading from central: https://repo.maven.apache.org/maven2/org/springframework/boot/spring-boot-starter-logging/3.5.16/spring-boot-starter-logging-3.5.16.pom
#23 9.404 [INFO] Downloaded from central: https://repo.maven.apache.org/maven2/org/springframework/boot/spring-boot-starter-logging/3.5.16/spring-boot-starter-logging-3.5.16.pom (2.5 kB at 107 kB/s)
#23 9.406 [INFO] Downloading from central: https://repo.maven.apache.org/maven2/ch/qos/logback/logback-classic/1.5.34/logback-classic-1.5.34.pom
#23 9.432 [INFO] Downloaded from central: https://repo.maven.apache.org/maven2/ch/qos/logback/logback-classic/1.5.34/logback-classic-1.5.34.pom (16 kB at 611 kB/s)
#23 9.434 [INFO] Downloading from central: https://repo.maven.apache.org/maven2/ch/qos/logback/logback-parent/1.5.34/logback-parent-1.5.34.pom
#23 9.468 [INFO] Downloaded from central: https://repo.maven.apache.org/maven2/ch/qos/logback/logback-parent/1.5.34/logback-parent-1.5.34.pom (20 kB at 607 kB/s)
#23 9.471 [INFO] Downloading from central: https://repo.maven.apache.org/maven2/ch/qos/logback/logback-core/1.5.34/logback-core-1.5.34.pom
#23 9.494 [INFO] Downloaded from central: https://repo.maven.apache.org/maven2/ch/qos/logback/logback-core/1.5.34/logback-core-1.5.34.pom (9.4 kB at 428 kB/s)
#23 9.498 [INFO] Downloading from central: https://repo.maven.apache.org/maven2/org/slf4j/slf4j-api/2.0.18/slf4j-api-2.0.18.pom
#23 9.518 [INFO] Downloaded from central: https://repo.maven.apache.org/maven2/org/slf4j/slf4j-api/2.0.18/slf4j-api-2.0.18.pom (2.8 kB at 135 kB/s)
#23 9.519 [INFO] Downloading from central: https://repo.maven.apache.org/maven2/org/slf4j/slf4j-parent/2.0.18/slf4j-parent-2.0.18.pom
#23 9.541 [INFO] Downloaded from central: https://repo.maven.apache.org/maven2/org/slf4j/slf4j-parent/2.0.18/slf4j-parent-2.0.18.pom (13 kB at 608 kB/s)
#23 9.542 [INFO] Downloading from central: https://repo.maven.apache.org/maven2/org/slf4j/slf4j-bom/2.0.18/slf4j-bom-2.0.18.pom
#23 9.563 [INFO] Downloaded from central: https://repo.maven.apache.org/maven2/org/slf4j/slf4j-bom/2.0.18/slf4j-bom-2.0.18.pom (7.9 kB at 375 kB/s)
#23 9.564 [INFO] Downloading from central: https://repo.maven.apache.org/maven2/org/apache/logging/log4j/log4j-to-slf4j/2.24.3/log4j-to-slf4j-2.24.3.pom
#23 9.589 [INFO] Downloaded from central: https://repo.maven.apache.org/maven2/org/apache/logging/log4j/log4j-to-slf4j/2.24.3/log4j-to-slf4j-2.24.3.pom (5.0 kB at 201 kB/s)
#23 9.590 [INFO] Downloading from central: https://repo.maven.apache.org/maven2/org/apache/logging/log4j/log4j/2.24.3/log4j-2.24.3.pom
#23 9.614 [INFO] Downloaded from central: https://repo.maven.apache.org/maven2/org/apache/logging/log4j/log4j/2.24.3/log4j-2.24.3.pom (35 kB at 1.5 MB/s)
#23 9.617 [INFO] Downloading from central: https://repo.maven.apache.org/maven2/org/apache/groovy/groovy-bom/4.0.22/groovy-bom-4.0.22.pom
#23 9.641 [INFO] Downloaded from central: https://repo.maven.apache.org/maven2/org/apache/groovy/groovy-bom/4.0.22/groovy-bom-4.0.22.pom (27 kB at 1.1 MB/s)
#23 9.642 [INFO] Downloading from central: https://repo.maven.apache.org/maven2/com/fasterxml/jackson/jackson-bom/2.17.2/jackson-bom-2.17.2.pom
#23 9.663 [INFO] Downloaded from central: https://repo.maven.apache.org/maven2/com/fasterxml/jackson/jackson-bom/2.17.2/jackson-bom-2.17.2.pom (19 kB at 890 kB/s)
#23 9.664 [INFO] Downloading from central: https://repo.maven.apache.org/maven2/com/fasterxml/jackson/jackson-parent/2.17/jackson-parent-2.17.pom
#23 9.687 [INFO] Downloaded from central: https://repo.maven.apache.org/maven2/com/fasterxml/jackson/jackson-parent/2.17/jackson-parent-2.17.pom (6.5 kB at 296 kB/s)
#23 9.687 [INFO] Downloading from central: https://repo.maven.apache.org/maven2/com/fasterxml/oss-parent/58/oss-parent-58.pom
#23 9.714 [INFO] Downloaded from central: https://repo.maven.apache.org/maven2/com/fasterxml/oss-parent/58/oss-parent-58.pom (24 kB at 876 kB/s)
#23 9.715 [INFO] Downloading from central: https://repo.maven.apache.org/maven2/jakarta/platform/jakarta.jakartaee-bom/9.1.0/jakarta.jakartaee-bom-9.1.0.pom
#23 9.741 [INFO] Downloaded from central: https://repo.maven.apache.org/maven2/jakarta/platform/jakarta.jakartaee-bom/9.1.0/jakarta.jakartaee-bom-9.1.0.pom (9.6 kB at 382 kB/s)
#23 9.741 [INFO] Downloading from central: https://repo.maven.apache.org/maven2/jakarta/platform/jakartaee-api-parent/9.1.0/jakartaee-api-parent-9.1.0.pom
#23 9.768 [INFO] Downloaded from central: https://repo.maven.apache.org/maven2/jakarta/platform/jakartaee-api-parent/9.1.0/jakartaee-api-parent-9.1.0.pom (15 kB at 550 kB/s)
#23 9.769 [INFO] Downloading from central: https://repo.maven.apache.org/maven2/org/mockito/mockito-bom/4.11.0/mockito-bom-4.11.0.pom
#23 9.792 [INFO] Downloaded from central: https://repo.maven.apache.org/maven2/org/mockito/mockito-bom/4.11.0/mockito-bom-4.11.0.pom (3.2 kB at 137 kB/s)
#23 9.793 [INFO] Downloading from central: https://repo.maven.apache.org/maven2/org/springframework/spring-framework-bom/5.3.39/spring-framework-bom-5.3.39.pom
#23 9.813 [INFO] Downloaded from central: https://repo.maven.apache.org/maven2/org/springframework/spring-framework-bom/5.3.39/spring-framework-bom-5.3.39.pom (5.7 kB at 283 kB/s)
#23 9.814 [INFO] Downloading from central: https://repo.maven.apache.org/maven2/org/apache/logging/log4j/log4j-api/2.24.3/log4j-api-2.24.3.pom
#23 9.836 [INFO] Downloaded from central: https://repo.maven.apache.org/maven2/org/apache/logging/log4j/log4j-api/2.24.3/log4j-api-2.24.3.pom (4.4 kB at 200 kB/s)
#23 9.841 [INFO] Downloading from central: https://repo.maven.apache.org/maven2/org/slf4j/jul-to-slf4j/2.0.18/jul-to-slf4j-2.0.18.pom
#23 9.863 [INFO] Downloaded from central: https://repo.maven.apache.org/maven2/org/slf4j/jul-to-slf4j/2.0.18/jul-to-slf4j-2.0.18.pom (1.1 kB at 50 kB/s)
#23 9.864 [INFO] Downloading from central: https://repo.maven.apache.org/maven2/org/yaml/snakeyaml/2.4/snakeyaml-2.4.pom
#23 9.892 [INFO] Downloaded from central: https://repo.maven.apache.org/maven2/org/yaml/snakeyaml/2.4/snakeyaml-2.4.pom (22 kB at 791 kB/s)
#23 9.893 [INFO] Downloading from central: https://repo.maven.apache.org/maven2/org/springframework/boot/spring-boot-starter-json/3.5.16/spring-boot-starter-json-3.5.16.pom
#23 9.915 [INFO] Downloaded from central: https://repo.maven.apache.org/maven2/org/springframework/boot/spring-boot-starter-json/3.5.16/spring-boot-starter-json-3.5.16.pom (3.1 kB at 140 kB/s)
#23 9.916 [INFO] Downloading from central: https://repo.maven.apache.org/maven2/org/springframework/spring-web/6.2.19/spring-web-6.2.19.pom
#23 9.938 [INFO] Downloaded from central: https://repo.maven.apache.org/maven2/org/springframework/spring-web/6.2.19/spring-web-6.2.19.pom (2.4 kB at 109 kB/s)
#23 9.939 [INFO] Downloading from central: https://repo.maven.apache.org/maven2/com/fasterxml/jackson/core/jackson-databind/2.21.4/jackson-databind-2.21.4.pom
#23 9.964 [INFO] Downloaded from central: https://repo.maven.apache.org/maven2/com/fasterxml/jackson/core/jackson-databind/2.21.4/jackson-databind-2.21.4.pom (23 kB at 921 kB/s)
#23 9.965 [INFO] Downloading from central: https://repo.maven.apache.org/maven2/com/fasterxml/jackson/jackson-base/2.21.4/jackson-base-2.21.4.pom
#23 9.988 [INFO] Downloaded from central: https://repo.maven.apache.org/maven2/com/fasterxml/jackson/jackson-base/2.21.4/jackson-base-2.21.4.pom (13 kB at 607 kB/s)
#23 9.989 [INFO] Downloading from central: https://repo.maven.apache.org/maven2/org/junit/junit-bom/5.14.1/junit-bom-5.14.1.pom
#23 10.01 [INFO] Downloaded from central: https://repo.maven.apache.org/maven2/org/junit/junit-bom/5.14.1/junit-bom-5.14.1.pom (5.7 kB at 236 kB/s)
#23 10.01 [INFO] Downloading from central: https://repo.maven.apache.org/maven2/com/fasterxml/jackson/core/jackson-annotations/2.21/jackson-annotations-2.21.pom
#23 10.04 [INFO] Downloaded from central: https://repo.maven.apache.org/maven2/com/fasterxml/jackson/core/jackson-annotations/2.21/jackson-annotations-2.21.pom (7.4 kB at 336 kB/s)
#23 10.04 [INFO] Downloading from central: https://repo.maven.apache.org/maven2/com/fasterxml/jackson/core/jackson-core/2.21.4/jackson-core-2.21.4.pom
#23 10.06 [INFO] Downloaded from central: https://repo.maven.apache.org/maven2/com/fasterxml/jackson/core/jackson-core/2.21.4/jackson-core-2.21.4.pom (9.7 kB at 404 kB/s)
#23 10.06 [INFO] Downloading from central: https://repo.maven.apache.org/maven2/com/fasterxml/jackson/datatype/jackson-datatype-jdk8/2.21.4/jackson-datatype-jdk8-2.21.4.pom
#23 10.09 [INFO] Downloaded from central: https://repo.maven.apache.org/maven2/com/fasterxml/jackson/datatype/jackson-datatype-jdk8/2.21.4/jackson-datatype-jdk8-2.21.4.pom (2.8 kB at 115 kB/s)
#23 10.09 [INFO] Downloading from central: https://repo.maven.apache.org/maven2/com/fasterxml/jackson/module/jackson-modules-java8/2.21.4/jackson-modules-java8-2.21.4.pom
#23 10.11 [INFO] Downloaded from central: https://repo.maven.apache.org/maven2/com/fasterxml/jackson/module/jackson-modules-java8/2.21.4/jackson-modules-java8-2.21.4.pom (3.1 kB at 146 kB/s)
#23 10.11 [INFO] Downloading from central: https://repo.maven.apache.org/maven2/com/fasterxml/jackson/datatype/jackson-datatype-jsr310/2.21.4/jackson-datatype-jsr310-2.21.4.pom
#23 10.13 [INFO] Downloaded from central: https://repo.maven.apache.org/maven2/com/fasterxml/jackson/datatype/jackson-datatype-jsr310/2.21.4/jackson-datatype-jsr310-2.21.4.pom (5.3 kB at 223 kB/s)
#23 10.14 [INFO] Downloading from central: https://repo.maven.apache.org/maven2/com/fasterxml/jackson/module/jackson-module-parameter-names/2.21.4/jackson-module-parameter-names-2.21.4.pom
#23 10.16 [INFO] Downloaded from central: https://repo.maven.apache.org/maven2/com/fasterxml/jackson/module/jackson-module-parameter-names/2.21.4/jackson-module-parameter-names-2.21.4.pom (4.2 kB at 209 kB/s)
#23 10.16 [INFO] Downloading from central: https://repo.maven.apache.org/maven2/org/springframework/boot/spring-boot-starter-tomcat/3.5.16/spring-boot-starter-tomcat-3.5.16.pom
#23 10.18 [INFO] Downloaded from central: https://repo.maven.apache.org/maven2/org/springframework/boot/spring-boot-starter-tomcat/3.5.16/spring-boot-starter-tomcat-3.5.16.pom (3.1 kB at 142 kB/s)
#23 10.18 [INFO] Downloading from central: https://repo.maven.apache.org/maven2/org/apache/tomcat/embed/tomcat-embed-core/10.1.55/tomcat-embed-core-10.1.55.pom
#23 10.20 [INFO] Downloaded from central: https://repo.maven.apache.org/maven2/org/apache/tomcat/embed/tomcat-embed-core/10.1.55/tomcat-embed-core-10.1.55.pom (1.7 kB at 76 kB/s)
#23 10.21 [INFO] Downloading from central: https://repo.maven.apache.org/maven2/org/apache/tomcat/embed/tomcat-embed-el/10.1.55/tomcat-embed-el-10.1.55.pom
#23 10.23 [INFO] Downloaded from central: https://repo.maven.apache.org/maven2/org/apache/tomcat/embed/tomcat-embed-el/10.1.55/tomcat-embed-el-10.1.55.pom (1.5 kB at 63 kB/s)
#23 10.23 [INFO] Downloading from central: https://repo.maven.apache.org/maven2/org/apache/tomcat/embed/tomcat-embed-websocket/10.1.55/tomcat-embed-websocket-10.1.55.pom
#23 10.25 [INFO] Downloaded from central: https://repo.maven.apache.org/maven2/org/apache/tomcat/embed/tomcat-embed-websocket/10.1.55/tomcat-embed-websocket-10.1.55.pom (1.7 kB at 76 kB/s)
#23 10.25 [INFO] Downloading from central: https://repo.maven.apache.org/maven2/org/springframework/spring-webmvc/6.2.19/spring-webmvc-6.2.19.pom
#23 10.28 [INFO] Downloaded from central: https://repo.maven.apache.org/maven2/org/springframework/spring-webmvc/6.2.19/spring-webmvc-6.2.19.pom (3.0 kB at 135 kB/s)
#23 10.28 [INFO] Downloading from central: https://repo.maven.apache.org/maven2/org/springframework/boot/spring-boot-starter-security/3.5.16/spring-boot-starter-security-3.5.16.pom
#23 10.30 [INFO] Downloaded from central: https://repo.maven.apache.org/maven2/org/springframework/boot/spring-boot-starter-security/3.5.16/spring-boot-starter-security-3.5.16.pom (2.7 kB at 121 kB/s)
#23 10.30 [INFO] Downloading from central: https://repo.maven.apache.org/maven2/org/springframework/security/spring-security-config/6.5.11/spring-security-config-6.5.11.pom
#23 10.32 [INFO] Downloaded from central: https://repo.maven.apache.org/maven2/org/springframework/security/spring-security-config/6.5.11/spring-security-config-6.5.11.pom (2.8 kB at 124 kB/s)
#23 10.32 [INFO] Downloading from central: https://repo.maven.apache.org/maven2/org/springframework/security/spring-security-core/6.5.11/spring-security-core-6.5.11.pom
#23 10.35 [INFO] Downloaded from central: https://repo.maven.apache.org/maven2/org/springframework/security/spring-security-core/6.5.11/spring-security-core-6.5.11.pom (3.2 kB at 146 kB/s)
#23 10.35 [INFO] Downloading from central: https://repo.maven.apache.org/maven2/org/springframework/security/spring-security-crypto/6.5.11/spring-security-crypto-6.5.11.pom
#23 10.37 [INFO] Downloaded from central: https://repo.maven.apache.org/maven2/org/springframework/security/spring-security-crypto/6.5.11/spring-security-crypto-6.5.11.pom (2.1 kB at 88 kB/s)
#23 10.37 [INFO] Downloading from central: https://repo.maven.apache.org/maven2/org/springframework/security/spring-security-web/6.5.11/spring-security-web-6.5.11.pom
#23 10.39 [INFO] Downloaded from central: https://repo.maven.apache.org/maven2/org/springframework/security/spring-security-web/6.5.11/spring-security-web-6.5.11.pom (3.2 kB at 153 kB/s)
#23 10.40 [INFO] Downloading from central: https://repo.maven.apache.org/maven2/org/springframework/boot/spring-boot-starter-validation/3.5.16/spring-boot-starter-validation-3.5.16.pom
#23 10.42 [INFO] Downloaded from central: https://repo.maven.apache.org/maven2/org/springframework/boot/spring-boot-starter-validation/3.5.16/spring-boot-starter-validation-3.5.16.pom (2.5 kB at 114 kB/s)
#23 10.42 [INFO] Downloading from central: https://repo.maven.apache.org/maven2/org/hibernate/validator/hibernate-validator/8.0.3.Final/hibernate-validator-8.0.3.Final.pom
#23 10.44 [INFO] Downloaded from central: https://repo.maven.apache.org/maven2/org/hibernate/validator/hibernate-validator/8.0.3.Final/hibernate-validator-8.0.3.Final.pom (5.3 kB at 231 kB/s)
#23 10.44 [INFO] Downloading from central: https://repo.maven.apache.org/maven2/jakarta/validation/jakarta.validation-api/3.0.2/jakarta.validation-api-3.0.2.pom
#23 10.47 [INFO] Downloaded from central: https://repo.maven.apache.org/maven2/jakarta/validation/jakarta.validation-api/3.0.2/jakarta.validation-api-3.0.2.pom (11 kB at 499 kB/s)
#23 10.47 [INFO] Downloading from central: https://repo.maven.apache.org/maven2/org/jboss/logging/jboss-logging/3.6.3.Final/jboss-logging-3.6.3.Final.pom
#23 10.49 [INFO] Downloaded from central: https://repo.maven.apache.org/maven2/org/jboss/logging/jboss-logging/3.6.3.Final/jboss-logging-3.6.3.Final.pom (23 kB at 871 kB/s)
#23 10.49 [INFO] Downloading from central: https://repo.maven.apache.org/maven2/org/jboss/jboss-parent/52/jboss-parent-52.pom
#23 10.52 [INFO] Downloaded from central: https://repo.maven.apache.org/maven2/org/jboss/jboss-parent/52/jboss-parent-52.pom (102 kB at 4.1 MB/s)
#23 10.52 [INFO] Downloading from central: https://repo.maven.apache.org/maven2/com/fasterxml/classmate/1.7.3/classmate-1.7.3.pom
#23 10.54 [INFO] Downloaded from central: https://repo.maven.apache.org/maven2/com/fasterxml/classmate/1.7.3/classmate-1.7.3.pom (6.5 kB at 283 kB/s)
#23 10.54 [INFO] Downloading from central: https://repo.maven.apache.org/maven2/com/fasterxml/oss-parent/74/oss-parent-74.pom
#23 10.57 [INFO] Downloaded from central: https://repo.maven.apache.org/maven2/com/fasterxml/oss-parent/74/oss-parent-74.pom (24 kB at 1.0 MB/s)
#23 10.57 [INFO] Downloading from central: https://repo.maven.apache.org/maven2/org/springframework/boot/spring-boot-starter-amqp/3.5.16/spring-boot-starter-amqp-3.5.16.pom
#23 10.59 [INFO] Downloaded from central: https://repo.maven.apache.org/maven2/org/springframework/boot/spring-boot-starter-amqp/3.5.16/spring-boot-starter-amqp-3.5.16.pom (2.5 kB at 103 kB/s)
#23 10.59 [INFO] Downloading from central: https://repo.maven.apache.org/maven2/org/springframework/spring-messaging/6.2.19/spring-messaging-6.2.19.pom
#23 10.62 [INFO] Downloaded from central: https://repo.maven.apache.org/maven2/org/springframework/spring-messaging/6.2.19/spring-messaging-6.2.19.pom (2.2 kB at 97 kB/s)
#23 10.62 [INFO] Downloading from central: https://repo.maven.apache.org/maven2/org/springframework/amqp/spring-rabbit/3.2.12/spring-rabbit-3.2.12.pom
#23 10.64 [INFO] Downloaded from central: https://repo.maven.apache.org/maven2/org/springframework/amqp/spring-rabbit/3.2.12/spring-rabbit-3.2.12.pom (7.0 kB at 293 kB/s)
#23 10.64 [INFO] Downloading from central: https://repo.maven.apache.org/maven2/org/springframework/amqp/spring-amqp/3.2.12/spring-amqp-3.2.12.pom
#23 10.66 [INFO] Downloaded from central: https://repo.maven.apache.org/maven2/org/springframework/amqp/spring-amqp/3.2.12/spring-amqp-3.2.12.pom (7.1 kB at 338 kB/s)
#23 10.67 [INFO] Downloading from central: https://repo.maven.apache.org/maven2/org/springframework/retry/spring-retry/2.0.13/spring-retry-2.0.13.pom
#23 10.69 [INFO] Downloaded from central: https://repo.maven.apache.org/maven2/org/springframework/retry/spring-retry/2.0.13/spring-retry-2.0.13.pom (2.5 kB at 101 kB/s)
#23 10.69 [INFO] Downloading from central: https://repo.maven.apache.org/maven2/com/rabbitmq/amqp-client/5.25.0/amqp-client-5.25.0.pom
#23 10.72 [INFO] Downloaded from central: https://repo.maven.apache.org/maven2/com/rabbitmq/amqp-client/5.25.0/amqp-client-5.25.0.pom (36 kB at 1.4 MB/s)
#23 10.72 [INFO] Downloading from central: https://repo.maven.apache.org/maven2/org/springframework/spring-tx/6.2.19/spring-tx-6.2.19.pom
#23 10.74 [INFO] Downloaded from central: https://repo.maven.apache.org/maven2/org/springframework/spring-tx/6.2.19/spring-tx-6.2.19.pom (2.2 kB at 111 kB/s)
#23 10.74 [INFO] Downloading from central: https://repo.maven.apache.org/maven2/org/springframework/boot/spring-boot-starter-quartz/3.5.16/spring-boot-starter-quartz-3.5.16.pom
#23 10.76 [INFO] Downloaded from central: https://repo.maven.apache.org/maven2/org/springframework/boot/spring-boot-starter-quartz/3.5.16/spring-boot-starter-quartz-3.5.16.pom (2.6 kB at 139 kB/s)
#23 10.76 [INFO] Downloading from central: https://repo.maven.apache.org/maven2/org/springframework/spring-context-support/6.2.19/spring-context-support-6.2.19.pom
#23 10.78 [INFO] Downloaded from central: https://repo.maven.apache.org/maven2/org/springframework/spring-context-support/6.2.19/spring-context-support-6.2.19.pom (2.4 kB at 111 kB/s)
#23 10.78 [INFO] Downloading from central: https://repo.maven.apache.org/maven2/org/quartz-scheduler/quartz/2.5.2/quartz-2.5.2.pom
#23 10.81 [INFO] Downloaded from central: https://repo.maven.apache.org/maven2/org/quartz-scheduler/quartz/2.5.2/quartz-2.5.2.pom (2.1 kB at 82 kB/s)
#23 10.81 [INFO] Downloading from central: https://repo.maven.apache.org/maven2/jakarta/xml/bind/jakarta.xml.bind-api/4.0.5/jakarta.xml.bind-api-4.0.5.pom
#23 10.84 [INFO] Downloaded from central: https://repo.maven.apache.org/maven2/jakarta/xml/bind/jakarta.xml.bind-api/4.0.5/jakarta.xml.bind-api-4.0.5.pom (13 kB at 489 kB/s)
#23 10.85 [INFO] Downloading from central: https://repo.maven.apache.org/maven2/jakarta/xml/bind/jakarta.xml.bind-api-parent/4.0.5/jakarta.xml.bind-api-parent-4.0.5.pom
#23 10.87 [INFO] Downloaded from central: https://repo.maven.apache.org/maven2/jakarta/xml/bind/jakarta.xml.bind-api-parent/4.0.5/jakarta.xml.bind-api-parent-4.0.5.pom (9.1 kB at 416 kB/s)
#23 10.87 [INFO] Downloading from central: https://repo.maven.apache.org/maven2/jakarta/activation/jakarta.activation-api/2.1.4/jakarta.activation-api-2.1.4.pom
#23 10.89 [INFO] Downloaded from central: https://repo.maven.apache.org/maven2/jakarta/activation/jakarta.activation-api/2.1.4/jakarta.activation-api-2.1.4.pom (19 kB at 805 kB/s)
#23 10.89 [INFO] Downloading from central: https://repo.maven.apache.org/maven2/org/springframework/boot/spring-boot-starter-actuator/3.5.16/spring-boot-starter-actuator-3.5.16.pom
#23 10.92 [INFO] Downloaded from central: https://repo.maven.apache.org/maven2/org/springframework/boot/spring-boot-starter-actuator/3.5.16/spring-boot-starter-actuator-3.5.16.pom (2.8 kB at 132 kB/s)
#23 10.92 [INFO] Downloading from central: https://repo.maven.apache.org/maven2/org/springframework/boot/spring-boot-actuator-autoconfigure/3.5.16/spring-boot-actuator-autoconfigure-3.5.16.pom
#23 10.94 [INFO] Downloaded from central: https://repo.maven.apache.org/maven2/org/springframework/boot/spring-boot-actuator-autoconfigure/3.5.16/spring-boot-actuator-autoconfigure-3.5.16.pom (2.9 kB at 126 kB/s)
#23 10.94 [INFO] Downloading from central: https://repo.maven.apache.org/maven2/org/springframework/boot/spring-boot-actuator/3.5.16/spring-boot-actuator-3.5.16.pom
#23 10.96 [INFO] Downloaded from central: https://repo.maven.apache.org/maven2/org/springframework/boot/spring-boot-actuator/3.5.16/spring-boot-actuator-3.5.16.pom (2.0 kB at 97 kB/s)
#23 10.96 [INFO] Downloading from central: https://repo.maven.apache.org/maven2/io/micrometer/micrometer-jakarta9/1.15.12/micrometer-jakarta9-1.15.12.pom
#23 10.98 [INFO] Downloaded from central: https://repo.maven.apache.org/maven2/io/micrometer/micrometer-jakarta9/1.15.12/micrometer-jakarta9-1.15.12.pom (3.8 kB at 180 kB/s)
#23 10.98 [INFO] Downloading from central: https://repo.maven.apache.org/maven2/io/micrometer/micrometer-core/1.15.12/micrometer-core-1.15.12.pom
#23 11.01 [INFO] Downloaded from central: https://repo.maven.apache.org/maven2/io/micrometer/micrometer-core/1.15.12/micrometer-core-1.15.12.pom (11 kB at 477 kB/s)
#23 11.01 [INFO] Downloading from central: https://repo.maven.apache.org/maven2/org/hdrhistogram/HdrHistogram/2.2.2/HdrHistogram-2.2.2.pom
#23 11.03 [INFO] Downloaded from central: https://repo.maven.apache.org/maven2/org/hdrhistogram/HdrHistogram/2.2.2/HdrHistogram-2.2.2.pom (13 kB at 507 kB/s)
#23 11.04 [INFO] Downloading from central: https://repo.maven.apache.org/maven2/org/latencyutils/LatencyUtils/2.0.3/LatencyUtils-2.0.3.pom
#23 11.06 [INFO] Downloaded from central: https://repo.maven.apache.org/maven2/org/latencyutils/LatencyUtils/2.0.3/LatencyUtils-2.0.3.pom (7.2 kB at 279 kB/s)
#23 11.06 [INFO] Downloading from central: https://repo.maven.apache.org/maven2/io/micrometer/micrometer-registry-prometheus/1.15.12/micrometer-registry-prometheus-1.15.12.pom
#23 11.09 [INFO] Downloaded from central: https://repo.maven.apache.org/maven2/io/micrometer/micrometer-registry-prometheus/1.15.12/micrometer-registry-prometheus-1.15.12.pom (4.3 kB at 185 kB/s)
#23 11.09 [INFO] Downloading from central: https://repo.maven.apache.org/maven2/io/prometheus/prometheus-metrics-core/1.3.10/prometheus-metrics-core-1.3.10.pom
#23 11.12 [INFO] Downloaded from central: https://repo.maven.apache.org/maven2/io/prometheus/prometheus-metrics-core/1.3.10/prometheus-metrics-core-1.3.10.pom (1.7 kB at 69 kB/s)
#23 11.12 [INFO] Downloading from central: https://repo.maven.apache.org/maven2/io/prometheus/client_java/1.3.10/client_java-1.3.10.pom
#23 11.15 [INFO] Downloaded from central: https://repo.maven.apache.org/maven2/io/prometheus/client_java/1.3.10/client_java-1.3.10.pom (16 kB at 590 kB/s)
#23 11.15 [INFO] Downloading from central: https://repo.maven.apache.org/maven2/org/junit/junit-bom/5.13.3/junit-bom-5.13.3.pom
#23 11.17 [INFO] Downloaded from central: https://repo.maven.apache.org/maven2/org/junit/junit-bom/5.13.3/junit-bom-5.13.3.pom (5.7 kB at 236 kB/s)
#23 11.17 [INFO] Downloading from central: https://repo.maven.apache.org/maven2/io/opentelemetry/instrumentation/opentelemetry-instrumentation-bom-alpha/2.16.0-alpha/opentelemetry-instrumentation-bom-alpha-2.16.0-alpha.pom
#23 11.20 [INFO] Downloaded from central: https://repo.maven.apache.org/maven2/io/opentelemetry/instrumentation/opentelemetry-instrumentation-bom-alpha/2.16.0-alpha/opentelemetry-instrumentation-bom-alpha-2.16.0-alpha.pom (83 kB at 3.1 MB/s)
#23 11.20 [INFO] Downloading from central: https://repo.maven.apache.org/maven2/io/opentelemetry/opentelemetry-bom/1.50.0/opentelemetry-bom-1.50.0.pom
#23 11.22 [INFO] Downloaded from central: https://repo.maven.apache.org/maven2/io/opentelemetry/opentelemetry-bom/1.50.0/opentelemetry-bom-1.50.0.pom (5.9 kB at 280 kB/s)
#23 11.22 [INFO] Downloading from central: https://repo.maven.apache.org/maven2/io/opentelemetry/opentelemetry-bom-alpha/1.50.0-alpha/opentelemetry-bom-alpha-1.50.0-alpha.pom
#23 11.25 [INFO] Downloaded from central: https://repo.maven.apache.org/maven2/io/opentelemetry/opentelemetry-bom-alpha/1.50.0-alpha/opentelemetry-bom-alpha-1.50.0-alpha.pom (2.7 kB at 117 kB/s)
#23 11.25 [INFO] Downloading from central: https://repo.maven.apache.org/maven2/io/opentelemetry/instrumentation/opentelemetry-instrumentation-bom/2.16.0/opentelemetry-instrumentation-bom-2.16.0.pom
#23 11.27 [INFO] Downloaded from central: https://repo.maven.apache.org/maven2/io/opentelemetry/instrumentation/opentelemetry-instrumentation-bom/2.16.0/opentelemetry-instrumentation-bom-2.16.0.pom (3.3 kB at 148 kB/s)
#23 11.27 [INFO] Downloading from central: https://repo.maven.apache.org/maven2/io/prometheus/prometheus-metrics-model/1.3.10/prometheus-metrics-model-1.3.10.pom
#23 11.29 [INFO] Downloaded from central: https://repo.maven.apache.org/maven2/io/prometheus/prometheus-metrics-model/1.3.10/prometheus-metrics-model-1.3.10.pom (773 B at 34 kB/s)
#23 11.29 [INFO] Downloading from central: https://repo.maven.apache.org/maven2/io/prometheus/prometheus-metrics-config/1.3.10/prometheus-metrics-config-1.3.10.pom
#23 11.31 [INFO] Downloaded from central: https://repo.maven.apache.org/maven2/io/prometheus/prometheus-metrics-config/1.3.10/prometheus-metrics-config-1.3.10.pom (772 B at 39 kB/s)
#23 11.32 [INFO] Downloading from central: https://repo.maven.apache.org/maven2/io/prometheus/prometheus-metrics-tracer-common/1.3.10/prometheus-metrics-tracer-common-1.3.10.pom
#23 11.34 [INFO] Downloaded from central: https://repo.maven.apache.org/maven2/io/prometheus/prometheus-metrics-tracer-common/1.3.10/prometheus-metrics-tracer-common-1.3.10.pom (824 B at 39 kB/s)
#23 11.34 [INFO] Downloading from central: https://repo.maven.apache.org/maven2/io/prometheus/prometheus-metrics-tracer/1.3.10/prometheus-metrics-tracer-1.3.10.pom
#23 11.36 [INFO] Downloaded from central: https://repo.maven.apache.org/maven2/io/prometheus/prometheus-metrics-tracer/1.3.10/prometheus-metrics-tracer-1.3.10.pom (1.3 kB at 62 kB/s)
#23 11.36 [INFO] Downloading from central: https://repo.maven.apache.org/maven2/io/prometheus/prometheus-metrics-exposition-formats/1.3.10/prometheus-metrics-exposition-formats-1.3.10.pom
#23 11.38 [INFO] Downloaded from central: https://repo.maven.apache.org/maven2/io/prometheus/prometheus-metrics-exposition-formats/1.3.10/prometheus-metrics-exposition-formats-1.3.10.pom (6.1 kB at 275 kB/s)
#23 11.38 [INFO] Downloading from central: https://repo.maven.apache.org/maven2/io/prometheus/prometheus-metrics-exposition-textformats/1.3.10/prometheus-metrics-exposition-textformats-1.3.10.pom
#23 11.40 [INFO] Downloaded from central: https://repo.maven.apache.org/maven2/io/prometheus/prometheus-metrics-exposition-textformats/1.3.10/prometheus-metrics-exposition-textformats-1.3.10.pom (1.6 kB at 74 kB/s)
#23 11.41 [INFO] Downloading from central: https://repo.maven.apache.org/maven2/io/micrometer/micrometer-tracing-bridge-otel/1.5.12/micrometer-tracing-bridge-otel-1.5.12.pom
#23 11.43 [INFO] Downloaded from central: https://repo.maven.apache.org/maven2/io/micrometer/micrometer-tracing-bridge-otel/1.5.12/micrometer-tracing-bridge-otel-1.5.12.pom (5.4 kB at 269 kB/s)
#23 11.43 [INFO] Downloading from central: https://repo.maven.apache.org/maven2/io/micrometer/micrometer-tracing/1.5.12/micrometer-tracing-1.5.12.pom
#23 11.45 [INFO] Downloaded from central: https://repo.maven.apache.org/maven2/io/micrometer/micrometer-tracing/1.5.12/micrometer-tracing-1.5.12.pom (5.0 kB at 237 kB/s)
#23 11.45 [INFO] Downloading from central: https://repo.maven.apache.org/maven2/io/micrometer/context-propagation/1.1.4/context-propagation-1.1.4.pom
#23 11.47 [INFO] Downloaded from central: https://repo.maven.apache.org/maven2/io/micrometer/context-propagation/1.1.4/context-propagation-1.1.4.pom (3.5 kB at 159 kB/s)
#23 11.47 [INFO] Downloading from central: https://repo.maven.apache.org/maven2/aopalliance/aopalliance/1.0/aopalliance-1.0.pom
#23 11.50 [INFO] Downloaded from central: https://repo.maven.apache.org/maven2/aopalliance/aopalliance/1.0/aopalliance-1.0.pom (363 B at 15 kB/s)
#23 11.50 [INFO] Downloading from central: https://repo.maven.apache.org/maven2/io/opentelemetry/opentelemetry-api/1.49.0/opentelemetry-api-1.49.0.pom
#23 11.52 [INFO] Downloaded from central: https://repo.maven.apache.org/maven2/io/opentelemetry/opentelemetry-api/1.49.0/opentelemetry-api-1.49.0.pom (1.8 kB at 68 kB/s)
#23 11.53 [INFO] Downloading from central: https://repo.maven.apache.org/maven2/io/opentelemetry/opentelemetry-context/1.49.0/opentelemetry-context-1.49.0.pom
#23 11.55 [INFO] Downloaded from central: https://repo.maven.apache.org/maven2/io/opentelemetry/opentelemetry-context/1.49.0/opentelemetry-context-1.49.0.pom (1.6 kB at 68 kB/s)
#23 11.55 [INFO] Downloading from central: https://repo.maven.apache.org/maven2/io/opentelemetry/semconv/opentelemetry-semconv/1.32.0/opentelemetry-semconv-1.32.0.pom
#23 11.58 [INFO] Downloaded from central: https://repo.maven.apache.org/maven2/io/opentelemetry/semconv/opentelemetry-semconv/1.32.0/opentelemetry-semconv-1.32.0.pom (1.7 kB at 62 kB/s)
#23 11.58 [INFO] Downloading from central: https://repo.maven.apache.org/maven2/io/opentelemetry/opentelemetry-sdk-common/1.49.0/opentelemetry-sdk-common-1.49.0.pom
#23 11.61 [INFO] Downloaded from central: https://repo.maven.apache.org/maven2/io/opentelemetry/opentelemetry-sdk-common/1.49.0/opentelemetry-sdk-common-1.49.0.pom (1.8 kB at 69 kB/s)
#23 11.61 [INFO] Downloading from central: https://repo.maven.apache.org/maven2/io/opentelemetry/opentelemetry-sdk-trace/1.49.0/opentelemetry-sdk-trace-1.49.0.pom
#23 11.63 [INFO] Downloaded from central: https://repo.maven.apache.org/maven2/io/opentelemetry/opentelemetry-sdk-trace/1.49.0/opentelemetry-sdk-trace-1.49.0.pom (2.0 kB at 95 kB/s)
#23 11.63 [INFO] Downloading from central: https://repo.maven.apache.org/maven2/io/opentelemetry/opentelemetry-sdk/1.49.0/opentelemetry-sdk-1.49.0.pom
#23 11.65 [INFO] Downloaded from central: https://repo.maven.apache.org/maven2/io/opentelemetry/opentelemetry-sdk/1.49.0/opentelemetry-sdk-1.49.0.pom (2.5 kB at 116 kB/s)
#23 11.65 [INFO] Downloading from central: https://repo.maven.apache.org/maven2/io/opentelemetry/opentelemetry-sdk-metrics/1.49.0/opentelemetry-sdk-metrics-1.49.0.pom
#23 11.67 [INFO] Downloaded from central: https://repo.maven.apache.org/maven2/io/opentelemetry/opentelemetry-sdk-metrics/1.49.0/opentelemetry-sdk-metrics-1.49.0.pom (2.0 kB at 90 kB/s)
#23 11.68 [INFO] Downloading from central: https://repo.maven.apache.org/maven2/io/opentelemetry/opentelemetry-sdk-logs/1.49.0/opentelemetry-sdk-logs-1.49.0.pom
#23 11.70 [INFO] Downloaded from central: https://repo.maven.apache.org/maven2/io/opentelemetry/opentelemetry-sdk-logs/1.49.0/opentelemetry-sdk-logs-1.49.0.pom (2.0 kB at 82 kB/s)
#23 11.70 [INFO] Downloading from central: https://repo.maven.apache.org/maven2/io/opentelemetry/opentelemetry-extension-trace-propagators/1.49.0/opentelemetry-extension-trace-propagators-1.49.0.pom
#23 11.73 [INFO] Downloaded from central: https://repo.maven.apache.org/maven2/io/opentelemetry/opentelemetry-extension-trace-propagators/1.49.0/opentelemetry-extension-trace-propagators-1.49.0.pom (1.8 kB at 83 kB/s)
#23 11.73 [INFO] Downloading from central: https://repo.maven.apache.org/maven2/io/opentelemetry/opentelemetry-exporter-otlp/1.49.0/opentelemetry-exporter-otlp-1.49.0.pom
#23 11.75 [INFO] Downloaded from central: https://repo.maven.apache.org/maven2/io/opentelemetry/opentelemetry-exporter-otlp/1.49.0/opentelemetry-exporter-otlp-1.49.0.pom (2.8 kB at 123 kB/s)
#23 11.75 [INFO] Downloading from central: https://repo.maven.apache.org/maven2/io/opentelemetry/opentelemetry-exporter-otlp-common/1.49.0/opentelemetry-exporter-otlp-common-1.49.0.pom
#23 11.78 [INFO] Downloaded from central: https://repo.maven.apache.org/maven2/io/opentelemetry/opentelemetry-exporter-otlp-common/1.49.0/opentelemetry-exporter-otlp-common-1.49.0.pom (1.8 kB at 76 kB/s)
#23 11.78 [INFO] Downloading from central: https://repo.maven.apache.org/maven2/io/opentelemetry/opentelemetry-exporter-common/1.49.0/opentelemetry-exporter-common-1.49.0.pom
#23 11.81 [INFO] Downloaded from central: https://repo.maven.apache.org/maven2/io/opentelemetry/opentelemetry-exporter-common/1.49.0/opentelemetry-exporter-common-1.49.0.pom (2.0 kB at 77 kB/s)
#23 11.81 [INFO] Downloading from central: https://repo.maven.apache.org/maven2/io/opentelemetry/opentelemetry-sdk-extension-autoconfigure-spi/1.49.0/opentelemetry-sdk-extension-autoconfigure-spi-1.49.0.pom
#23 11.84 [INFO] Downloaded from central: https://repo.maven.apache.org/maven2/io/opentelemetry/opentelemetry-sdk-extension-autoconfigure-spi/1.49.0/opentelemetry-sdk-extension-autoconfigure-spi-1.49.0.pom (1.8 kB at 70 kB/s)
#23 11.84 [INFO] Downloading from central: https://repo.maven.apache.org/maven2/io/opentelemetry/opentelemetry-exporter-sender-okhttp/1.49.0/opentelemetry-exporter-sender-okhttp-1.49.0.pom
#23 11.86 [INFO] Downloaded from central: https://repo.maven.apache.org/maven2/io/opentelemetry/opentelemetry-exporter-sender-okhttp/1.49.0/opentelemetry-exporter-sender-okhttp-1.49.0.pom (2.2 kB at 81 kB/s)
#23 11.87 [INFO] Downloading from central: https://repo.maven.apache.org/maven2/com/squareup/okhttp3/okhttp/4.12.0/okhttp-4.12.0.pom
#23 11.89 [INFO] Downloaded from central: https://repo.maven.apache.org/maven2/com/squareup/okhttp3/okhttp/4.12.0/okhttp-4.12.0.pom (1.8 kB at 70 kB/s)
#23 11.89 [INFO] Downloading from central: https://repo.maven.apache.org/maven2/com/squareup/okio/okio/3.6.0/okio-3.6.0.pom
#23 11.92 [INFO] Downloaded from central: https://repo.maven.apache.org/maven2/com/squareup/okio/okio/3.6.0/okio-3.6.0.pom (1.7 kB at 67 kB/s)
#23 11.92 [INFO] Downloading from central: https://repo.maven.apache.org/maven2/com/squareup/okio/okio-jvm/3.6.0/okio-jvm-3.6.0.pom
#23 11.95 [INFO] Downloaded from central: https://repo.maven.apache.org/maven2/com/squareup/okio/okio-jvm/3.6.0/okio-jvm-3.6.0.pom (1.9 kB at 86 kB/s)
#23 11.95 [INFO] Downloading from central: https://repo.maven.apache.org/maven2/org/jetbrains/kotlin/kotlin-stdlib-jdk8/1.9.25/kotlin-stdlib-jdk8-1.9.25.pom
#23 11.97 [INFO] Downloaded from central: https://repo.maven.apache.org/maven2/org/jetbrains/kotlin/kotlin-stdlib-jdk8/1.9.25/kotlin-stdlib-jdk8-1.9.25.pom (1.6 kB at 69 kB/s)
#23 11.97 [INFO] Downloading from central: https://repo.maven.apache.org/maven2/org/jetbrains/kotlin/kotlin-stdlib/1.9.25/kotlin-stdlib-1.9.25.pom
#23 12.00 [INFO] Downloaded from central: https://repo.maven.apache.org/maven2/org/jetbrains/kotlin/kotlin-stdlib/1.9.25/kotlin-stdlib-1.9.25.pom (2.8 kB at 119 kB/s)
#23 12.00 [INFO] Downloading from central: https://repo.maven.apache.org/maven2/org/jetbrains/annotations/13.0/annotations-13.0.pom
#23 12.02 [INFO] Downloaded from central: https://repo.maven.apache.org/maven2/org/jetbrains/annotations/13.0/annotations-13.0.pom (4.9 kB at 197 kB/s)
#23 12.03 [INFO] Downloading from central: https://repo.maven.apache.org/maven2/org/jetbrains/kotlin/kotlin-stdlib-jdk7/1.9.25/kotlin-stdlib-jdk7-1.9.25.pom
#23 12.05 [INFO] Downloaded from central: https://repo.maven.apache.org/maven2/org/jetbrains/kotlin/kotlin-stdlib-jdk7/1.9.25/kotlin-stdlib-jdk7-1.9.25.pom (1.4 kB at 60 kB/s)
#23 12.05 [INFO] Downloading from central: https://repo.maven.apache.org/maven2/org/jetbrains/kotlin/kotlin-stdlib-common/1.9.25/kotlin-stdlib-common-1.9.25.pom
#23 12.08 [INFO] Downloaded from central: https://repo.maven.apache.org/maven2/org/jetbrains/kotlin/kotlin-stdlib-common/1.9.25/kotlin-stdlib-common-1.9.25.pom (1.8 kB at 79 kB/s)
#23 12.08 [INFO] Downloading from central: https://repo.maven.apache.org/maven2/io/github/openfeign/feign-micrometer/13.6.1/feign-micrometer-13.6.1.pom
#23 12.10 [INFO] Downloaded from central: https://repo.maven.apache.org/maven2/io/github/openfeign/feign-micrometer/13.6.1/feign-micrometer-13.6.1.pom (2.6 kB at 119 kB/s)
#23 12.10 [INFO] Downloading from central: https://repo.maven.apache.org/maven2/io/github/openfeign/parent/13.6.1/parent-13.6.1.pom
#23 12.13 [INFO] Downloaded from central: https://repo.maven.apache.org/maven2/io/github/openfeign/parent/13.6.1/parent-13.6.1.pom (38 kB at 1.5 MB/s)
#23 12.13 [INFO] Downloading from central: https://repo.maven.apache.org/maven2/io/github/openfeign/feign-core/13.6.1/feign-core-13.6.1.pom
#23 12.16 [INFO] Downloaded from central: https://repo.maven.apache.org/maven2/io/github/openfeign/feign-core/13.6.1/feign-core-13.6.1.pom (3.9 kB at 186 kB/s)
#23 12.16 [INFO] Downloading from central: https://repo.maven.apache.org/maven2/org/springframework/spring-jdbc/6.2.19/spring-jdbc-6.2.19.pom
#23 12.18 [INFO] Downloaded from central: https://repo.maven.apache.org/maven2/org/springframework/spring-jdbc/6.2.19/spring-jdbc-6.2.19.pom (2.4 kB at 109 kB/s)
#23 12.18 [INFO] Downloading from central: https://repo.maven.apache.org/maven2/org/springframework/spring-orm/6.2.19/spring-orm-6.2.19.pom
#23 12.20 [INFO] Downloaded from central: https://repo.maven.apache.org/maven2/org/springframework/spring-orm/6.2.19/spring-orm-6.2.19.pom (2.6 kB at 119 kB/s)
#23 12.20 [INFO] Downloading from central: https://repo.maven.apache.org/maven2/io/github/openfeign/querydsl/querydsl-jpa/6.12/querydsl-jpa-6.12.pom
#23 12.23 [INFO] Downloaded from central: https://repo.maven.apache.org/maven2/io/github/openfeign/querydsl/querydsl-jpa/6.12/querydsl-jpa-6.12.pom (10 kB at 472 kB/s)
#23 12.23 [INFO] Downloading from central: https://repo.maven.apache.org/maven2/org/springframework/cloud/spring-cloud-starter-openfeign/4.3.3/spring-cloud-starter-openfeign-4.3.3.pom
#23 12.25 [INFO] Downloaded from central: https://repo.maven.apache.org/maven2/org/springframework/cloud/spring-cloud-starter-openfeign/4.3.3/spring-cloud-starter-openfeign-4.3.3.pom (4.5 kB at 202 kB/s)
#23 12.25 [INFO] Downloading from central: https://repo.maven.apache.org/maven2/org/springframework/cloud/spring-cloud-openfeign/4.3.3/spring-cloud-openfeign-4.3.3.pom
#23 12.28 [INFO] Downloaded from central: https://repo.maven.apache.org/maven2/org/springframework/cloud/spring-cloud-openfeign/4.3.3/spring-cloud-openfeign-4.3.3.pom (3.9 kB at 171 kB/s)
#23 12.28 [INFO] Downloading from central: https://repo.maven.apache.org/maven2/org/springframework/cloud/spring-cloud-build/4.3.4/spring-cloud-build-4.3.4.pom
#23 12.31 [INFO] Downloaded from central: https://repo.maven.apache.org/maven2/org/springframework/cloud/spring-cloud-build/4.3.4/spring-cloud-build-4.3.4.pom (53 kB at 1.7 MB/s)
#23 12.32 [INFO] Downloading from central: https://repo.maven.apache.org/maven2/org/springframework/cloud/spring-cloud-build-dependencies/4.3.4/spring-cloud-build-dependencies-4.3.4.pom
#23 12.34 [INFO] Downloaded from central: https://repo.maven.apache.org/maven2/org/springframework/cloud/spring-cloud-build-dependencies/4.3.4/spring-cloud-build-dependencies-4.3.4.pom (3.4 kB at 156 kB/s)
#23 12.34 [INFO] Downloading from central: https://repo.maven.apache.org/maven2/org/springframework/boot/spring-boot-dependencies/3.5.15/spring-boot-dependencies-3.5.15.pom
#23 12.36 [INFO] Downloaded from central: https://repo.maven.apache.org/maven2/org/springframework/boot/spring-boot-dependencies/3.5.15/spring-boot-dependencies-3.5.15.pom (97 kB at 3.9 MB/s)
#23 12.37 [INFO] Downloading from central: https://repo.maven.apache.org/maven2/org/springframework/amqp/spring-amqp-bom/3.2.11/spring-amqp-bom-3.2.11.pom
#23 12.39 [INFO] Downloaded from central: https://repo.maven.apache.org/maven2/org/springframework/amqp/spring-amqp-bom/3.2.11/spring-amqp-bom-3.2.11.pom (3.9 kB at 177 kB/s)
#23 12.39 [INFO] Downloading from central: https://repo.maven.apache.org/maven2/org/springframework/data/spring-data-bom/2025.0.12/spring-data-bom-2025.0.12.pom
#23 12.41 [INFO] Downloaded from central: https://repo.maven.apache.org/maven2/org/springframework/data/spring-data-bom/2025.0.12/spring-data-bom-2025.0.12.pom (5.5 kB at 251 kB/s)
#23 12.41 [INFO] Downloading from central: https://repo.maven.apache.org/maven2/org/springframework/integration/spring-integration-bom/6.5.9/spring-integration-bom-6.5.9.pom
#23 12.43 [INFO] Downloaded from central: https://repo.maven.apache.org/maven2/org/springframework/integration/spring-integration-bom/6.5.9/spring-integration-bom-6.5.9.pom (10 kB at 513 kB/s)
#23 12.44 [INFO] Downloading from central: https://repo.maven.apache.org/maven2/org/springframework/cloud/spring-cloud-starter/4.3.3/spring-cloud-starter-4.3.3.pom
#23 12.46 [INFO] Downloaded from central: https://repo.maven.apache.org/maven2/org/springframework/cloud/spring-cloud-starter/4.3.3/spring-cloud-starter-4.3.3.pom (3.8 kB at 179 kB/s)
#23 12.46 [INFO] Downloading from central: https://repo.maven.apache.org/maven2/org/springframework/cloud/spring-cloud-commons-parent/4.3.3/spring-cloud-commons-parent-4.3.3.pom
#23 12.48 [INFO] Downloaded from central: https://repo.maven.apache.org/maven2/org/springframework/cloud/spring-cloud-commons-parent/4.3.3/spring-cloud-commons-parent-4.3.3.pom (3.9 kB at 167 kB/s)
#23 12.48 [INFO] Downloading from central: https://repo.maven.apache.org/maven2/org/springframework/cloud/spring-cloud-context/4.3.3/spring-cloud-context-4.3.3.pom
#23 12.51 [INFO] Downloaded from central: https://repo.maven.apache.org/maven2/org/springframework/cloud/spring-cloud-context/4.3.3/spring-cloud-context-4.3.3.pom (5.3 kB at 203 kB/s)
#23 12.51 [INFO] Downloading from central: https://repo.maven.apache.org/maven2/org/springframework/cloud/spring-cloud-commons/4.3.3/spring-cloud-commons-4.3.3.pom
#23 12.53 [INFO] Downloaded from central: https://repo.maven.apache.org/maven2/org/springframework/cloud/spring-cloud-commons/4.3.3/spring-cloud-commons-4.3.3.pom (6.6 kB at 313 kB/s)
#23 12.53 [INFO] Downloading from central: https://repo.maven.apache.org/maven2/org/bouncycastle/bcprov-jdk18on/1.80.2/bcprov-jdk18on-1.80.2.pom
#23 12.56 [INFO] Downloaded from central: https://repo.maven.apache.org/maven2/org/bouncycastle/bcprov-jdk18on/1.80.2/bcprov-jdk18on-1.80.2.pom (1.2 kB at 48 kB/s)
#23 12.56 [INFO] Downloading from central: https://repo.maven.apache.org/maven2/org/springframework/cloud/spring-cloud-openfeign-core/4.3.3/spring-cloud-openfeign-core-4.3.3.pom
#23 12.58 [INFO] Downloaded from central: https://repo.maven.apache.org/maven2/org/springframework/cloud/spring-cloud-openfeign-core/4.3.3/spring-cloud-openfeign-core-4.3.3.pom (9.1 kB at 432 kB/s)
#23 12.58 [INFO] Downloading from central: https://repo.maven.apache.org/maven2/io/github/openfeign/feign-form-spring/13.6.1/feign-form-spring-13.6.1.pom
#23 12.61 [INFO] Downloaded from central: https://repo.maven.apache.org/maven2/io/github/openfeign/feign-form-spring/13.6.1/feign-form-spring-13.6.1.pom (4.5 kB at 187 kB/s)
#23 12.61 [INFO] Downloading from central: https://repo.maven.apache.org/maven2/org/apache/commons/commons-text/1.13.0/commons-text-1.13.0.pom
#23 12.63 [INFO] Downloaded from central: https://repo.maven.apache.org/maven2/org/apache/commons/commons-text/1.13.0/commons-text-1.13.0.pom (23 kB at 972 kB/s)
#23 12.63 [INFO] Downloading from central: https://repo.maven.apache.org/maven2/org/apache/commons/commons-parent/78/commons-parent-78.pom
#23 12.66 [INFO] Downloaded from central: https://repo.maven.apache.org/maven2/org/apache/commons/commons-parent/78/commons-parent-78.pom (78 kB at 2.8 MB/s)
#23 12.66 [INFO] Downloading from central: https://repo.maven.apache.org/maven2/org/junit/junit-bom/5.11.2/junit-bom-5.11.2.pom
#23 12.68 [INFO] Downloaded from central: https://repo.maven.apache.org/maven2/org/junit/junit-bom/5.11.2/junit-bom-5.11.2.pom (5.6 kB at 269 kB/s)
#23 12.68 [INFO] Downloading from central: https://repo.maven.apache.org/maven2/org/apache/commons/commons-lang3/3.17.0/commons-lang3-3.17.0.pom
#23 12.71 [INFO] Downloaded from central: https://repo.maven.apache.org/maven2/org/apache/commons/commons-lang3/3.17.0/commons-lang3-3.17.0.pom (31 kB at 1.4 MB/s)
#23 12.71 [INFO] Downloading from central: https://repo.maven.apache.org/maven2/org/apache/commons/commons-parent/73/commons-parent-73.pom
#23 12.74 [INFO] Downloaded from central: https://repo.maven.apache.org/maven2/org/apache/commons/commons-parent/73/commons-parent-73.pom (78 kB at 2.9 MB/s)
#23 12.74 [INFO] Downloading from central: https://repo.maven.apache.org/maven2/org/junit/junit-bom/5.11.0/junit-bom-5.11.0.pom
#23 12.76 [INFO] Downloaded from central: https://repo.maven.apache.org/maven2/org/junit/junit-bom/5.11.0/junit-bom-5.11.0.pom (5.6 kB at 257 kB/s)
#23 12.76 [INFO] Downloading from central: https://repo.maven.apache.org/maven2/io/github/openfeign/feign-form/13.6.1/feign-form-13.6.1.pom
#23 12.78 [INFO] Downloaded from central: https://repo.maven.apache.org/maven2/io/github/openfeign/feign-form/13.6.1/feign-form-13.6.1.pom (3.8 kB at 173 kB/s)
#23 12.79 [INFO] Downloading from central: https://repo.maven.apache.org/maven2/commons-fileupload/commons-fileupload/1.6.0/commons-fileupload-1.6.0.pom
#23 12.81 [INFO] Downloaded from central: https://repo.maven.apache.org/maven2/commons-fileupload/commons-fileupload/1.6.0/commons-fileupload-1.6.0.pom (17 kB at 637 kB/s)
#23 12.81 [INFO] Downloading from central: https://repo.maven.apache.org/maven2/org/apache/commons/commons-parent/84/commons-parent-84.pom
#23 12.84 [INFO] Downloaded from central: https://repo.maven.apache.org/maven2/org/apache/commons/commons-parent/84/commons-parent-84.pom (78 kB at 2.7 MB/s)
#23 12.84 [INFO] Downloading from central: https://repo.maven.apache.org/maven2/org/apache/apache/34/apache-34.pom
#23 12.87 [INFO] Downloaded from central: https://repo.maven.apache.org/maven2/org/apache/apache/34/apache-34.pom (24 kB at 866 kB/s)
#23 12.87 [INFO] Downloading from central: https://repo.maven.apache.org/maven2/io/github/openfeign/feign-slf4j/13.6.1/feign-slf4j-13.6.1.pom
#23 12.89 [INFO] Downloaded from central: https://repo.maven.apache.org/maven2/io/github/openfeign/feign-slf4j/13.6.1/feign-slf4j-13.6.1.pom (1.8 kB at 84 kB/s)
#23 12.90 [INFO] Downloading from central: https://repo.maven.apache.org/maven2/org/springdoc/springdoc-openapi-starter-webmvc-ui/2.9.1/springdoc-openapi-starter-webmvc-ui-2.9.1.pom
#23 12.92 [INFO] Downloaded from central: https://repo.maven.apache.org/maven2/org/springdoc/springdoc-openapi-starter-webmvc-ui/2.9.1/springdoc-openapi-starter-webmvc-ui-2.9.1.pom (2.0 kB at 74 kB/s)
#23 12.92 [INFO] Downloading from central: https://repo.maven.apache.org/maven2/org/springdoc/springdoc-openapi/2.9.1/springdoc-openapi-2.9.1.pom
#23 12.96 [INFO] Downloaded from central: https://repo.maven.apache.org/maven2/org/springdoc/springdoc-openapi/2.9.1/springdoc-openapi-2.9.1.pom (9.0 kB at 280 kB/s)
#23 12.96 [INFO] Downloading from central: https://repo.maven.apache.org/maven2/org/springframework/cloud/spring-cloud-function-dependencies/4.2.2/spring-cloud-function-dependencies-4.2.2.pom
#23 12.99 [INFO] Downloaded from central: https://repo.maven.apache.org/maven2/org/springframework/cloud/spring-cloud-function-dependencies/4.2.2/spring-cloud-function-dependencies-4.2.2.pom (6.8 kB at 251 kB/s)
#23 12.99 [INFO] Downloading from central: https://repo.maven.apache.org/maven2/org/springframework/cloud/spring-cloud-dependencies-parent/4.2.1/spring-cloud-dependencies-parent-4.2.1.pom
#23 13.01 [INFO] Downloaded from central: https://repo.maven.apache.org/maven2/org/springframework/cloud/spring-cloud-dependencies-parent/4.2.1/spring-cloud-dependencies-parent-4.2.1.pom (7.6 kB at 291 kB/s)
#23 13.02 [INFO] Downloading from central: https://repo.maven.apache.org/maven2/org/springdoc/springdoc-openapi-starter-webmvc-api/2.9.1/springdoc-openapi-starter-webmvc-api-2.9.1.pom
#23 13.05 [INFO] Downloaded from central: https://repo.maven.apache.org/maven2/org/springdoc/springdoc-openapi-starter-webmvc-api/2.9.1/springdoc-openapi-starter-webmvc-api-2.9.1.pom (2.0 kB at 64 kB/s)
#23 13.06 [INFO] Downloading from central: https://repo.maven.apache.org/maven2/org/springdoc/springdoc-openapi-starter-common/2.9.1/springdoc-openapi-starter-common-2.9.1.pom
#23 13.08 [INFO] Downloaded from central: https://repo.maven.apache.org/maven2/org/springdoc/springdoc-openapi-starter-common/2.9.1/springdoc-openapi-starter-common-2.9.1.pom (5.2 kB at 207 kB/s)
#23 13.09 [INFO] Downloading from central: https://repo.maven.apache.org/maven2/io/swagger/core/v3/swagger-core-jakarta/2.2.55/swagger-core-jakarta-2.2.55.pom
#23 13.11 [INFO] Downloaded from central: https://repo.maven.apache.org/maven2/io/swagger/core/v3/swagger-core-jakarta/2.2.55/swagger-core-jakarta-2.2.55.pom (5.6 kB at 214 kB/s)
#23 13.11 [INFO] Downloading from central: https://repo.maven.apache.org/maven2/io/swagger/core/v3/swagger-project-jakarta/2.2.55/swagger-project-jakarta-2.2.55.pom
#23 13.14 [INFO] Downloaded from central: https://repo.maven.apache.org/maven2/io/swagger/core/v3/swagger-project-jakarta/2.2.55/swagger-project-jakarta-2.2.55.pom (22 kB at 854 kB/s)
#23 13.14 [INFO] Downloading from central: https://repo.maven.apache.org/maven2/io/swagger/core/v3/swagger-annotations-jakarta/2.2.55/swagger-annotations-jakarta-2.2.55.pom
#23 13.17 [INFO] Downloaded from central: https://repo.maven.apache.org/maven2/io/swagger/core/v3/swagger-annotations-jakarta/2.2.55/swagger-annotations-jakarta-2.2.55.pom (3.3 kB at 137 kB/s)
#23 13.17 [INFO] Downloading from central: https://repo.maven.apache.org/maven2/io/swagger/core/v3/swagger-models-jakarta/2.2.55/swagger-models-jakarta-2.2.55.pom
#23 13.19 [INFO] Downloaded from central: https://repo.maven.apache.org/maven2/io/swagger/core/v3/swagger-models-jakarta/2.2.55/swagger-models-jakarta-2.2.55.pom (3.4 kB at 148 kB/s)
#23 13.20 [INFO] Downloading from central: https://repo.maven.apache.org/maven2/com/fasterxml/jackson/dataformat/jackson-dataformat-yaml/2.21.4/jackson-dataformat-yaml-2.21.4.pom
#23 13.22 [INFO] Downloaded from central: https://repo.maven.apache.org/maven2/com/fasterxml/jackson/dataformat/jackson-dataformat-yaml/2.21.4/jackson-dataformat-yaml-2.21.4.pom (3.0 kB at 119 kB/s)
#23 13.22 [INFO] Downloading from central: https://repo.maven.apache.org/maven2/com/fasterxml/jackson/dataformat/jackson-dataformats-text/2.21.4/jackson-dataformats-text-2.21.4.pom
#23 13.25 [INFO] Downloaded from central: https://repo.maven.apache.org/maven2/com/fasterxml/jackson/dataformat/jackson-dataformats-text/2.21.4/jackson-dataformats-text-2.21.4.pom (3.5 kB at 145 kB/s)
#23 13.25 [INFO] Downloading from central: https://repo.maven.apache.org/maven2/org/webjars/swagger-ui/5.32.14/swagger-ui-5.32.14.pom
#23 13.28 [INFO] Downloaded from central: https://repo.maven.apache.org/maven2/org/webjars/swagger-ui/5.32.14/swagger-ui-5.32.14.pom (1.4 kB at 61 kB/s)
#23 13.28 [INFO] Downloading from central: https://repo.maven.apache.org/maven2/org/webjars/webjars-locator-lite/1.1.3/webjars-locator-lite-1.1.3.pom
#23 13.30 [INFO] Downloaded from central: https://repo.maven.apache.org/maven2/org/webjars/webjars-locator-lite/1.1.3/webjars-locator-lite-1.1.3.pom (6.9 kB at 326 kB/s)
#23 13.30 [INFO] Downloading from central: https://repo.maven.apache.org/maven2/org/junit/junit-bom/5.13.2/junit-bom-5.13.2.pom
#23 13.32 [INFO] Downloaded from central: https://repo.maven.apache.org/maven2/org/junit/junit-bom/5.13.2/junit-bom-5.13.2.pom (5.7 kB at 283 kB/s)
#23 13.32 [INFO] Downloading from central: https://repo.maven.apache.org/maven2/org/jspecify/jspecify/1.0.0/jspecify-1.0.0.pom
#23 13.35 [INFO] Downloaded from central: https://repo.maven.apache.org/maven2/org/jspecify/jspecify/1.0.0/jspecify-1.0.0.pom (1.5 kB at 66 kB/s)
#23 13.35 [INFO] Downloading from central: https://repo.maven.apache.org/maven2/org/springframework/boot/spring-boot-starter-test/3.5.16/spring-boot-starter-test-3.5.16.pom
#23 13.37 [INFO] Downloaded from central: https://repo.maven.apache.org/maven2/org/springframework/boot/spring-boot-starter-test/3.5.16/spring-boot-starter-test-3.5.16.pom (4.9 kB at 222 kB/s)
#23 13.37 [INFO] Downloading from central: https://repo.maven.apache.org/maven2/org/springframework/boot/spring-boot-test/3.5.16/spring-boot-test-3.5.16.pom
#23 13.39 [INFO] Downloaded from central: https://repo.maven.apache.org/maven2/org/springframework/boot/spring-boot-test/3.5.16/spring-boot-test-3.5.16.pom (2.2 kB at 111 kB/s)
#23 13.39 [INFO] Downloading from central: https://repo.maven.apache.org/maven2/org/springframework/spring-test/6.2.19/spring-test-6.2.19.pom
#23 13.41 [INFO] Downloaded from central: https://repo.maven.apache.org/maven2/org/springframework/spring-test/6.2.19/spring-test-6.2.19.pom (2.1 kB at 103 kB/s)
#23 13.41 [INFO] Downloading from central: https://repo.maven.apache.org/maven2/org/springframework/boot/spring-boot-test-autoconfigure/3.5.16/spring-boot-test-autoconfigure-3.5.16.pom
#23 13.43 [INFO] Downloaded from central: https://repo.maven.apache.org/maven2/org/springframework/boot/spring-boot-test-autoconfigure/3.5.16/spring-boot-test-autoconfigure-3.5.16.pom (2.5 kB at 130 kB/s)
#23 13.43 [INFO] Downloading from central: https://repo.maven.apache.org/maven2/com/jayway/jsonpath/json-path/2.9.0/json-path-2.9.0.pom
#23 13.45 [INFO] Downloaded from central: https://repo.maven.apache.org/maven2/com/jayway/jsonpath/json-path/2.9.0/json-path-2.9.0.pom (1.9 kB at 80 kB/s)
#23 13.46 [INFO] Downloading from central: https://repo.maven.apache.org/maven2/net/minidev/json-smart/2.5.2/json-smart-2.5.2.pom
#23 13.56 [INFO] Downloaded from central: https://repo.maven.apache.org/maven2/net/minidev/json-smart/2.5.2/json-smart-2.5.2.pom (10 kB at 93 kB/s)
#23 13.57 [INFO] Downloading from central: https://repo.maven.apache.org/maven2/net/minidev/accessors-smart/2.5.2/accessors-smart-2.5.2.pom
#23 13.59 [INFO] Downloaded from central: https://repo.maven.apache.org/maven2/net/minidev/accessors-smart/2.5.2/accessors-smart-2.5.2.pom (12 kB at 494 kB/s)
#23 13.59 [INFO] Downloading from central: https://repo.maven.apache.org/maven2/org/ow2/asm/asm/9.7.1/asm-9.7.1.pom
#23 13.61 [INFO] Downloaded from central: https://repo.maven.apache.org/maven2/org/ow2/asm/asm/9.7.1/asm-9.7.1.pom (2.4 kB at 119 kB/s)
#23 13.61 [INFO] Downloading from central: https://repo.maven.apache.org/maven2/org/assertj/assertj-core/3.27.7/assertj-core-3.27.7.pom
#23 13.63 [INFO] Downloaded from central: https://repo.maven.apache.org/maven2/org/assertj/assertj-core/3.27.7/assertj-core-3.27.7.pom (3.8 kB at 165 kB/s)
#23 13.64 [INFO] Downloading from central: https://repo.maven.apache.org/maven2/net/bytebuddy/byte-buddy/1.17.8/byte-buddy-1.17.8.pom
#23 13.66 [INFO] Downloaded from central: https://repo.maven.apache.org/maven2/net/bytebuddy/byte-buddy/1.17.8/byte-buddy-1.17.8.pom (19 kB at 718 kB/s)
#23 13.66 [INFO] Downloading from central: https://repo.maven.apache.org/maven2/net/bytebuddy/byte-buddy-parent/1.17.8/byte-buddy-parent-1.17.8.pom
#23 13.69 [INFO] Downloaded from central: https://repo.maven.apache.org/maven2/net/bytebuddy/byte-buddy-parent/1.17.8/byte-buddy-parent-1.17.8.pom (66 kB at 2.5 MB/s)
#23 13.69 [INFO] Downloading from central: https://repo.maven.apache.org/maven2/org/awaitility/awaitility/4.2.2/awaitility-4.2.2.pom
#23 13.71 [INFO] Downloaded from central: https://repo.maven.apache.org/maven2/org/awaitility/awaitility/4.2.2/awaitility-4.2.2.pom (3.5 kB at 169 kB/s)
#23 13.71 [INFO] Downloading from central: https://repo.maven.apache.org/maven2/org/awaitility/awaitility-parent/4.2.2/awaitility-parent-4.2.2.pom
#23 13.73 [INFO] Downloaded from central: https://repo.maven.apache.org/maven2/org/awaitility/awaitility-parent/4.2.2/awaitility-parent-4.2.2.pom (11 kB at 493 kB/s)
#23 13.74 [INFO] Downloading from central: https://repo.maven.apache.org/maven2/org/hamcrest/hamcrest/3.0/hamcrest-3.0.pom
#23 13.76 [INFO] Downloaded from central: https://repo.maven.apache.org/maven2/org/hamcrest/hamcrest/3.0/hamcrest-3.0.pom (1.6 kB at 68 kB/s)
#23 13.76 [INFO] Downloading from central: https://repo.maven.apache.org/maven2/org/mockito/mockito-core/5.17.0/mockito-core-5.17.0.pom
#23 13.79 [INFO] Downloaded from central: https://repo.maven.apache.org/maven2/org/mockito/mockito-core/5.17.0/mockito-core-5.17.0.pom (2.5 kB at 103 kB/s)
#23 13.79 [INFO] Downloading from central: https://repo.maven.apache.org/maven2/net/bytebuddy/byte-buddy-agent/1.17.8/byte-buddy-agent-1.17.8.pom
#23 13.81 [INFO] Downloaded from central: https://repo.maven.apache.org/maven2/net/bytebuddy/byte-buddy-agent/1.17.8/byte-buddy-agent-1.17.8.pom (14 kB at 575 kB/s)
#23 13.82 [INFO] Downloading from central: https://repo.maven.apache.org/maven2/org/objenesis/objenesis/3.3/objenesis-3.3.pom
#23 13.85 [INFO] Downloaded from central: https://repo.maven.apache.org/maven2/org/objenesis/objenesis/3.3/objenesis-3.3.pom (3.0 kB at 100 kB/s)
#23 13.85 [INFO] Downloading from central: https://repo.maven.apache.org/maven2/org/objenesis/objenesis-parent/3.3/objenesis-parent-3.3.pom
#23 13.87 [INFO] Downloaded from central: https://repo.maven.apache.org/maven2/org/objenesis/objenesis-parent/3.3/objenesis-parent-3.3.pom (19 kB at 737 kB/s)
#23 13.88 [INFO] Downloading from central: https://repo.maven.apache.org/maven2/org/mockito/mockito-junit-jupiter/5.17.0/mockito-junit-jupiter-5.17.0.pom
#23 13.90 [INFO] Downloaded from central: https://repo.maven.apache.org/maven2/org/mockito/mockito-junit-jupiter/5.17.0/mockito-junit-jupiter-5.17.0.pom (2.3 kB at 88 kB/s)
#23 13.91 [INFO] Downloading from central: https://repo.maven.apache.org/maven2/org/skyscreamer/jsonassert/1.5.3/jsonassert-1.5.3.pom
#23 13.93 [INFO] Downloaded from central: https://repo.maven.apache.org/maven2/org/skyscreamer/jsonassert/1.5.3/jsonassert-1.5.3.pom (7.0 kB at 304 kB/s)
#23 13.93 [INFO] Downloading from central: https://repo.maven.apache.org/maven2/com/vaadin/external/google/android-json/0.0.20131108.vaadin1/android-json-0.0.20131108.vaadin1.pom
#23 13.96 [INFO] Downloaded from central: https://repo.maven.apache.org/maven2/com/vaadin/external/google/android-json/0.0.20131108.vaadin1/android-json-0.0.20131108.vaadin1.pom (2.8 kB at 107 kB/s)
#23 13.96 [INFO] Downloading from central: https://repo.maven.apache.org/maven2/org/xmlunit/xmlunit-core/2.10.4/xmlunit-core-2.10.4.pom
#23 13.99 [INFO] Downloaded from central: https://repo.maven.apache.org/maven2/org/xmlunit/xmlunit-core/2.10.4/xmlunit-core-2.10.4.pom (2.8 kB at 108 kB/s)
#23 13.99 [INFO] Downloading from central: https://repo.maven.apache.org/maven2/org/xmlunit/xmlunit-parent/2.10.4/xmlunit-parent-2.10.4.pom
#23 14.01 [INFO] Downloaded from central: https://repo.maven.apache.org/maven2/org/xmlunit/xmlunit-parent/2.10.4/xmlunit-parent-2.10.4.pom (23 kB at 932 kB/s)
#23 14.02 [INFO] Downloading from central: https://repo.maven.apache.org/maven2/org/springframework/security/spring-security-test/6.5.11/spring-security-test-6.5.11.pom
#23 14.04 [INFO] Downloaded from central: https://repo.maven.apache.org/maven2/org/springframework/security/spring-security-test/6.5.11/spring-security-test-6.5.11.pom (2.7 kB at 127 kB/s)
#23 14.04 [INFO] Downloading from central: https://repo.maven.apache.org/maven2/com/h2database/h2/2.3.232/h2-2.3.232.pom
#23 14.06 [INFO] Downloaded from central: https://repo.maven.apache.org/maven2/com/h2database/h2/2.3.232/h2-2.3.232.pom (1.1 kB at 51 kB/s)
#23 14.07 [INFO] Downloading from central: https://repo.maven.apache.org/maven2/org/springframework/boot/spring-boot-starter-web/3.5.16/spring-boot-starter-web-3.5.16.jar
#23 14.09 [INFO] Downloaded from central: https://repo.maven.apache.org/maven2/org/springframework/boot/spring-boot-starter-web/3.5.16/spring-boot-starter-web-3.5.16.jar (4.8 kB at 229 kB/s)
#23 14.09 [INFO] Downloading from central: https://repo.maven.apache.org/maven2/org/springframework/boot/spring-boot-starter/3.5.16/spring-boot-starter-3.5.16.jar
#23 14.09 [INFO] Downloading from central: https://repo.maven.apache.org/maven2/org/springframework/boot/spring-boot/3.5.16/spring-boot-3.5.16.jar
#23 14.09 [INFO] Downloading from central: https://repo.maven.apache.org/maven2/org/springframework/boot/spring-boot-autoconfigure/3.5.16/spring-boot-autoconfigure-3.5.16.jar
#23 14.09 [INFO] Downloading from central: https://repo.maven.apache.org/maven2/org/springframework/boot/spring-boot-starter-logging/3.5.16/spring-boot-starter-logging-3.5.16.jar
#23 14.09 [INFO] Downloading from central: https://repo.maven.apache.org/maven2/ch/qos/logback/logback-classic/1.5.34/logback-classic-1.5.34.jar
#23 14.11 [INFO] Downloaded from central: https://repo.maven.apache.org/maven2/org/springframework/boot/spring-boot-starter/3.5.16/spring-boot-starter-3.5.16.jar (4.8 kB at 227 kB/s)
#23 14.11 [INFO] Downloading from central: https://repo.maven.apache.org/maven2/ch/qos/logback/logback-core/1.5.34/logback-core-1.5.34.jar
#23 14.13 [INFO] Downloaded from central: https://repo.maven.apache.org/maven2/org/springframework/boot/spring-boot-starter-logging/3.5.16/spring-boot-starter-logging-3.5.16.jar (4.8 kB at 125 kB/s)
#23 14.13 [INFO] Downloading from central: https://repo.maven.apache.org/maven2/org/apache/logging/log4j/log4j-to-slf4j/2.24.3/log4j-to-slf4j-2.24.3.jar
#23 14.16 [INFO] Downloaded from central: https://repo.maven.apache.org/maven2/org/apache/logging/log4j/log4j-to-slf4j/2.24.3/log4j-to-slf4j-2.24.3.jar (24 kB at 340 kB/s)
#23 14.16 [INFO] Downloading from central: https://repo.maven.apache.org/maven2/org/apache/logging/log4j/log4j-api/2.24.3/log4j-api-2.24.3.jar
#23 14.17 [INFO] Downloaded from central: https://repo.maven.apache.org/maven2/ch/qos/logback/logback-classic/1.5.34/logback-classic-1.5.34.jar (287 kB at 3.7 MB/s)
#23 14.17 [INFO] Downloading from central: https://repo.maven.apache.org/maven2/org/slf4j/jul-to-slf4j/2.0.18/jul-to-slf4j-2.0.18.jar
#23 14.17 [INFO] Downloaded from central: https://repo.maven.apache.org/maven2/ch/qos/logback/logback-core/1.5.34/logback-core-1.5.34.jar (645 kB at 7.9 MB/s)
#23 14.17 [INFO] Downloading from central: https://repo.maven.apache.org/maven2/org/yaml/snakeyaml/2.4/snakeyaml-2.4.jar
#23 14.18 [INFO] Downloaded from central: https://repo.maven.apache.org/maven2/org/springframework/boot/spring-boot/3.5.16/spring-boot-3.5.16.jar (1.9 MB at 22 MB/s)
#23 14.18 [INFO] Downloading from central: https://repo.maven.apache.org/maven2/org/springframework/boot/spring-boot-starter-json/3.5.16/spring-boot-starter-json-3.5.16.jar
#23 14.20 [INFO] Downloaded from central: https://repo.maven.apache.org/maven2/org/slf4j/jul-to-slf4j/2.0.18/jul-to-slf4j-2.0.18.jar (6.3 kB at 58 kB/s)
#23 14.20 [INFO] Downloading from central: https://repo.maven.apache.org/maven2/com/fasterxml/jackson/core/jackson-databind/2.21.4/jackson-databind-2.21.4.jar
#23 14.20 [INFO] Downloaded from central: https://repo.maven.apache.org/maven2/org/apache/logging/log4j/log4j-api/2.24.3/log4j-api-2.24.3.jar (349 kB at 3.1 MB/s)
#23 14.20 [INFO] Downloaded from central: https://repo.maven.apache.org/maven2/org/springframework/boot/spring-boot-starter-json/3.5.16/spring-boot-starter-json-3.5.16.jar (4.7 kB at 43 kB/s)
#23 14.20 [INFO] Downloading from central: https://repo.maven.apache.org/maven2/com/fasterxml/jackson/core/jackson-annotations/2.21/jackson-annotations-2.21.jar
#23 14.20 [INFO] Downloading from central: https://repo.maven.apache.org/maven2/com/fasterxml/jackson/core/jackson-core/2.21.4/jackson-core-2.21.4.jar
#23 14.21 [INFO] Downloaded from central: https://repo.maven.apache.org/maven2/org/yaml/snakeyaml/2.4/snakeyaml-2.4.jar (340 kB at 2.8 MB/s)
#23 14.21 [INFO] Downloading from central: https://repo.maven.apache.org/maven2/com/fasterxml/jackson/datatype/jackson-datatype-jdk8/2.21.4/jackson-datatype-jdk8-2.21.4.jar
#23 14.22 [INFO] Downloaded from central: https://repo.maven.apache.org/maven2/org/springframework/boot/spring-boot-autoconfigure/3.5.16/spring-boot-autoconfigure-3.5.16.jar (2.1 MB at 17 MB/s)
#23 14.22 [INFO] Downloading from central: https://repo.maven.apache.org/maven2/com/fasterxml/jackson/datatype/jackson-datatype-jsr310/2.21.4/jackson-datatype-jsr310-2.21.4.jar
#23 14.23 [INFO] Downloaded from central: https://repo.maven.apache.org/maven2/com/fasterxml/jackson/core/jackson-annotations/2.21/jackson-annotations-2.21.jar (82 kB at 599 kB/s)
#23 14.23 [INFO] Downloading from central: https://repo.maven.apache.org/maven2/com/fasterxml/jackson/module/jackson-module-parameter-names/2.21.4/jackson-module-parameter-names-2.21.4.jar
#23 14.23 [INFO] Downloaded from central: https://repo.maven.apache.org/maven2/com/fasterxml/jackson/datatype/jackson-datatype-jdk8/2.21.4/jackson-datatype-jdk8-2.21.4.jar (36 kB at 256 kB/s)
#23 14.23 [INFO] Downloading from central: https://repo.maven.apache.org/maven2/org/springframework/boot/spring-boot-starter-tomcat/3.5.16/spring-boot-starter-tomcat-3.5.16.jar
#23 14.24 [INFO] Downloaded from central: https://repo.maven.apache.org/maven2/com/fasterxml/jackson/datatype/jackson-datatype-jsr310/2.21.4/jackson-datatype-jsr310-2.21.4.jar (137 kB at 929 kB/s)
#23 14.24 [INFO] Downloading from central: https://repo.maven.apache.org/maven2/org/apache/tomcat/embed/tomcat-embed-core/10.1.55/tomcat-embed-core-10.1.55.jar
#23 14.25 [INFO] Downloaded from central: https://repo.maven.apache.org/maven2/com/fasterxml/jackson/core/jackson-core/2.21.4/jackson-core-2.21.4.jar (594 kB at 3.8 MB/s)
#23 14.25 [INFO] Downloading from central: https://repo.maven.apache.org/maven2/org/apache/tomcat/embed/tomcat-embed-websocket/10.1.55/tomcat-embed-websocket-10.1.55.jar
#23 14.25 [INFO] Downloaded from central: https://repo.maven.apache.org/maven2/org/springframework/boot/spring-boot-starter-tomcat/3.5.16/spring-boot-starter-tomcat-3.5.16.jar (4.8 kB at 30 kB/s)
#23 14.25 [INFO] Downloading from central: https://repo.maven.apache.org/maven2/org/springframework/spring-web/6.2.19/spring-web-6.2.19.jar
#23 14.26 [INFO] Downloaded from central: https://repo.maven.apache.org/maven2/com/fasterxml/jackson/module/jackson-module-parameter-names/2.21.4/jackson-module-parameter-names-2.21.4.jar (10 kB at 61 kB/s)
#23 14.26 [INFO] Downloading from central: https://repo.maven.apache.org/maven2/org/springframework/spring-webmvc/6.2.19/spring-webmvc-6.2.19.jar
#23 14.34 [INFO] Downloaded from central: https://repo.maven.apache.org/maven2/org/springframework/spring-webmvc/6.2.19/spring-webmvc-6.2.19.jar (1.1 MB at 4.5 MB/s)
#23 14.34 [INFO] Downloading from central: https://repo.maven.apache.org/maven2/org/springframework/spring-context/6.2.19/spring-context-6.2.19.jar
#23 14.34 [INFO] Downloaded from central: https://repo.maven.apache.org/maven2/org/apache/tomcat/embed/tomcat-embed-websocket/10.1.55/tomcat-embed-websocket-10.1.55.jar (284 kB at 1.1 MB/s)
#23 14.34 [INFO] Downloading from central: https://repo.maven.apache.org/maven2/org/springframework/spring-expression/6.2.19/spring-expression-6.2.19.jar
#23 14.42 [INFO] Downloaded from central: https://repo.maven.apache.org/maven2/org/springframework/spring-expression/6.2.19/spring-expression-6.2.19.jar (321 kB at 982 kB/s)
#23 14.42 [INFO] Downloading from central: https://repo.maven.apache.org/maven2/org/springframework/boot/spring-boot-starter-security/3.5.16/spring-boot-starter-security-3.5.16.jar
#23 14.43 [INFO] Downloaded from central: https://repo.maven.apache.org/maven2/org/apache/tomcat/embed/tomcat-embed-core/10.1.55/tomcat-embed-core-10.1.55.jar (3.7 MB at 11 MB/s)
#23 14.43 [INFO] Downloading from central: https://repo.maven.apache.org/maven2/org/springframework/spring-aop/6.2.19/spring-aop-6.2.19.jar
#23 14.43 [INFO] Downloaded from central: https://repo.maven.apache.org/maven2/org/springframework/spring-context/6.2.19/spring-context-6.2.19.jar (1.4 MB at 4.0 MB/s)
#23 14.43 [INFO] Downloading from central: https://repo.maven.apache.org/maven2/org/springframework/security/spring-security-config/6.5.11/spring-security-config-6.5.11.jar
#23 14.43 [INFO] Downloaded from central: https://repo.maven.apache.org/maven2/org/springframework/spring-web/6.2.19/spring-web-6.2.19.jar (2.1 MB at 6.2 MB/s)
#23 14.43 [INFO] Downloading from central: https://repo.maven.apache.org/maven2/org/springframework/security/spring-security-web/6.5.11/spring-security-web-6.5.11.jar
#23 14.44 [INFO] Downloaded from central: https://repo.maven.apache.org/maven2/org/springframework/boot/spring-boot-starter-security/3.5.16/spring-boot-starter-security-3.5.16.jar (4.7 kB at 14 kB/s)
#23 14.44 [INFO] Downloading from central: https://repo.maven.apache.org/maven2/org/springframework/boot/spring-boot-starter-validation/3.5.16/spring-boot-starter-validation-3.5.16.jar
#23 14.46 [INFO] Downloaded from central: https://repo.maven.apache.org/maven2/org/springframework/spring-aop/6.2.19/spring-aop-6.2.19.jar (420 kB at 1.1 MB/s)
#23 14.46 [INFO] Downloading from central: https://repo.maven.apache.org/maven2/org/apache/tomcat/embed/tomcat-embed-el/10.1.55/tomcat-embed-el-10.1.55.jar
#23 14.47 [INFO] Downloaded from central: https://repo.maven.apache.org/maven2/org/springframework/boot/spring-boot-starter-validation/3.5.16/spring-boot-starter-validation-3.5.16.jar (4.8 kB at 13 kB/s)
#23 14.47 [INFO] Downloading from central: https://repo.maven.apache.org/maven2/org/hibernate/validator/hibernate-validator/8.0.3.Final/hibernate-validator-8.0.3.Final.jar
#23 14.49 [INFO] Downloaded from central: https://repo.maven.apache.org/maven2/org/apache/tomcat/embed/tomcat-embed-el/10.1.55/tomcat-embed-el-10.1.55.jar (264 kB at 669 kB/s)
#23 14.49 [INFO] Downloading from central: https://repo.maven.apache.org/maven2/jakarta/validation/jakarta.validation-api/3.0.2/jakarta.validation-api-3.0.2.jar
#23 14.52 [INFO] Downloaded from central: https://repo.maven.apache.org/maven2/jakarta/validation/jakarta.validation-api/3.0.2/jakarta.validation-api-3.0.2.jar (93 kB at 220 kB/s)
#23 14.52 [INFO] Downloading from central: https://repo.maven.apache.org/maven2/org/jboss/logging/jboss-logging/3.6.3.Final/jboss-logging-3.6.3.Final.jar
#23 14.53 [INFO] Downloaded from central: https://repo.maven.apache.org/maven2/org/springframework/security/spring-security-web/6.5.11/spring-security-web-6.5.11.jar (1.1 MB at 2.4 MB/s)
#23 14.53 [INFO] Downloading from central: https://repo.maven.apache.org/maven2/com/fasterxml/classmate/1.7.3/classmate-1.7.3.jar
#23 14.54 [INFO] Downloaded from central: https://repo.maven.apache.org/maven2/org/jboss/logging/jboss-logging/3.6.3.Final/jboss-logging-3.6.3.Final.jar (63 kB at 141 kB/s)
#23 14.54 [INFO] Downloading from central: https://repo.maven.apache.org/maven2/org/springframework/boot/spring-boot-starter-amqp/3.5.16/spring-boot-starter-amqp-3.5.16.jar
#23 14.54 [INFO] Downloaded from central: https://repo.maven.apache.org/maven2/org/springframework/security/spring-security-config/6.5.11/spring-security-config-6.5.11.jar (2.1 MB at 4.7 MB/s)
#23 14.54 [INFO] Downloading from central: https://repo.maven.apache.org/maven2/org/springframework/spring-messaging/6.2.19/spring-messaging-6.2.19.jar
#23 14.55 [INFO] Downloaded from central: https://repo.maven.apache.org/maven2/org/hibernate/validator/hibernate-validator/8.0.3.Final/hibernate-validator-8.0.3.Final.jar (1.3 MB at 2.9 MB/s)
#23 14.55 [INFO] Downloading from central: https://repo.maven.apache.org/maven2/org/springframework/amqp/spring-rabbit/3.2.12/spring-rabbit-3.2.12.jar
#23 14.55 [INFO] Downloaded from central: https://repo.maven.apache.org/maven2/com/fasterxml/classmate/1.7.3/classmate-1.7.3.jar (68 kB at 148 kB/s)
#23 14.55 [INFO] Downloading from central: https://repo.maven.apache.org/maven2/org/springframework/amqp/spring-amqp/3.2.12/spring-amqp-3.2.12.jar
#23 14.55 [INFO] Downloaded from central: https://repo.maven.apache.org/maven2/org/springframework/boot/spring-boot-starter-amqp/3.5.16/spring-boot-starter-amqp-3.5.16.jar (4.8 kB at 10 kB/s)
#23 14.55 [INFO] Downloading from central: https://repo.maven.apache.org/maven2/org/springframework/retry/spring-retry/2.0.13/spring-retry-2.0.13.jar
#23 14.58 [INFO] Downloaded from central: https://repo.maven.apache.org/maven2/org/springframework/amqp/spring-amqp/3.2.12/spring-amqp-3.2.12.jar (163 kB at 334 kB/s)
#23 14.58 [INFO] Downloading from central: https://repo.maven.apache.org/maven2/com/rabbitmq/amqp-client/5.25.0/amqp-client-5.25.0.jar
#23 14.58 [INFO] Downloaded from central: https://repo.maven.apache.org/maven2/org/springframework/spring-messaging/6.2.19/spring-messaging-6.2.19.jar (619 kB at 1.3 MB/s)
#23 14.58 [INFO] Downloading from central: https://repo.maven.apache.org/maven2/org/springframework/boot/spring-boot-starter-quartz/3.5.16/spring-boot-starter-quartz-3.5.16.jar
#23 14.59 [INFO] Downloaded from central: https://repo.maven.apache.org/maven2/org/springframework/retry/spring-retry/2.0.13/spring-retry-2.0.13.jar (161 kB at 327 kB/s)
#23 14.59 [INFO] Downloading from central: https://repo.maven.apache.org/maven2/org/springframework/spring-context-support/6.2.19/spring-context-support-6.2.19.jar
#23 14.60 [INFO] Downloaded from central: https://repo.maven.apache.org/maven2/org/springframework/amqp/spring-rabbit/3.2.12/spring-rabbit-3.2.12.jar (631 kB at 1.3 MB/s)
#23 14.60 [INFO] Downloading from central: https://repo.maven.apache.org/maven2/org/springframework/spring-tx/6.2.19/spring-tx-6.2.19.jar
#23 14.61 [INFO] Downloaded from central: https://repo.maven.apache.org/maven2/org/springframework/boot/spring-boot-starter-quartz/3.5.16/spring-boot-starter-quartz-3.5.16.jar (4.8 kB at 9.2 kB/s)
#23 14.61 [INFO] Downloading from central: https://repo.maven.apache.org/maven2/org/quartz-scheduler/quartz/2.5.2/quartz-2.5.2.jar
#23 14.62 [INFO] Downloaded from central: https://repo.maven.apache.org/maven2/org/springframework/spring-context-support/6.2.19/spring-context-support-6.2.19.jar (175 kB at 335 kB/s)
#23 14.62 [INFO] Downloading from central: https://repo.maven.apache.org/maven2/org/springframework/boot/spring-boot-starter-actuator/3.5.16/spring-boot-starter-actuator-3.5.16.jar
#23 14.62 [INFO] Downloaded from central: https://repo.maven.apache.org/maven2/com/rabbitmq/amqp-client/5.25.0/amqp-client-5.25.0.jar (699 kB at 1.3 MB/s)
#23 14.62 [INFO] Downloading from central: https://repo.maven.apache.org/maven2/org/springframework/boot/spring-boot-actuator-autoconfigure/3.5.16/spring-boot-actuator-autoconfigure-3.5.16.jar
#23 14.63 [INFO] Downloaded from central: https://repo.maven.apache.org/maven2/org/springframework/spring-tx/6.2.19/spring-tx-6.2.19.jar (290 kB at 539 kB/s)
#23 14.63 [INFO] Downloading from central: https://repo.maven.apache.org/maven2/org/springframework/boot/spring-boot-actuator/3.5.16/spring-boot-actuator-3.5.16.jar
#23 14.63 [INFO] Downloaded from central: https://repo.maven.apache.org/maven2/com/fasterxml/jackson/core/jackson-databind/2.21.4/jackson-databind-2.21.4.jar (1.7 MB at 3.2 MB/s)
#23 14.63 [INFO] Downloading from central: https://repo.maven.apache.org/maven2/io/micrometer/micrometer-observation/1.15.12/micrometer-observation-1.15.12.jar
#23 14.63 [INFO] Downloaded from central: https://repo.maven.apache.org/maven2/org/springframework/boot/spring-boot-starter-actuator/3.5.16/spring-boot-starter-actuator-3.5.16.jar (4.8 kB at 8.9 kB/s)
#23 14.63 [INFO] Downloading from central: https://repo.maven.apache.org/maven2/io/micrometer/micrometer-commons/1.15.12/micrometer-commons-1.15.12.jar
#23 14.65 [INFO] Downloaded from central: https://repo.maven.apache.org/maven2/org/quartz-scheduler/quartz/2.5.2/quartz-2.5.2.jar (627 kB at 1.1 MB/s)
#23 14.65 [INFO] Downloading from central: https://repo.maven.apache.org/maven2/io/micrometer/micrometer-jakarta9/1.15.12/micrometer-jakarta9-1.15.12.jar
#23 14.66 [INFO] Downloaded from central: https://repo.maven.apache.org/maven2/io/micrometer/micrometer-observation/1.15.12/micrometer-observation-1.15.12.jar (76 kB at 135 kB/s)
#23 14.66 [INFO] Downloaded from central: https://repo.maven.apache.org/maven2/io/micrometer/micrometer-commons/1.15.12/micrometer-commons-1.15.12.jar (49 kB at 87 kB/s)
#23 14.66 [INFO] Downloading from central: https://repo.maven.apache.org/maven2/io/micrometer/micrometer-registry-prometheus/1.15.12/micrometer-registry-prometheus-1.15.12.jar
#23 14.66 [INFO] Downloading from central: https://repo.maven.apache.org/maven2/io/micrometer/micrometer-core/1.15.12/micrometer-core-1.15.12.jar
#23 14.68 [INFO] Downloaded from central: https://repo.maven.apache.org/maven2/io/micrometer/micrometer-jakarta9/1.15.12/micrometer-jakarta9-1.15.12.jar (33 kB at 56 kB/s)
#23 14.68 [INFO] Downloading from central: https://repo.maven.apache.org/maven2/org/hdrhistogram/HdrHistogram/2.2.2/HdrHistogram-2.2.2.jar
#23 14.68 [INFO] Downloaded from central: https://repo.maven.apache.org/maven2/org/springframework/boot/spring-boot-actuator-autoconfigure/3.5.16/spring-boot-actuator-autoconfigure-3.5.16.jar (843 kB at 1.4 MB/s)
#23 14.68 [INFO] Downloading from central: https://repo.maven.apache.org/maven2/org/latencyutils/LatencyUtils/2.0.3/LatencyUtils-2.0.3.jar
#23 14.68 [INFO] Downloaded from central: https://repo.maven.apache.org/maven2/io/micrometer/micrometer-registry-prometheus/1.15.12/micrometer-registry-prometheus-1.15.12.jar (42 kB at 72 kB/s)
#23 14.68 [INFO] Downloading from central: https://repo.maven.apache.org/maven2/io/prometheus/prometheus-metrics-core/1.3.10/prometheus-metrics-core-1.3.10.jar
#23 14.70 [INFO] Downloaded from central: https://repo.maven.apache.org/maven2/org/springframework/boot/spring-boot-actuator/3.5.16/spring-boot-actuator-3.5.16.jar (708 kB at 1.2 MB/s)
#23 14.70 [INFO] Downloaded from central: https://repo.maven.apache.org/maven2/io/micrometer/micrometer-core/1.15.12/micrometer-core-1.15.12.jar (867 kB at 1.4 MB/s)
#23 14.70 [INFO] Downloading from central: https://repo.maven.apache.org/maven2/io/prometheus/prometheus-metrics-model/1.3.10/prometheus-metrics-model-1.3.10.jar
#23 14.70 [INFO] Downloading from central: https://repo.maven.apache.org/maven2/io/prometheus/prometheus-metrics-config/1.3.10/prometheus-metrics-config-1.3.10.jar
#23 14.70 [INFO] Downloaded from central: https://repo.maven.apache.org/maven2/org/latencyutils/LatencyUtils/2.0.3/LatencyUtils-2.0.3.jar (30 kB at 49 kB/s)
#23 14.70 [INFO] Downloading from central: https://repo.maven.apache.org/maven2/io/prometheus/prometheus-metrics-tracer-common/1.3.10/prometheus-metrics-tracer-common-1.3.10.jar
#23 14.71 [INFO] Downloaded from central: https://repo.maven.apache.org/maven2/io/prometheus/prometheus-metrics-core/1.3.10/prometheus-metrics-core-1.3.10.jar (96 kB at 156 kB/s)
#23 14.71 [INFO] Downloaded from central: https://repo.maven.apache.org/maven2/org/hdrhistogram/HdrHistogram/2.2.2/HdrHistogram-2.2.2.jar (177 kB at 286 kB/s)
#23 14.71 [INFO] Downloading from central: https://repo.maven.apache.org/maven2/io/prometheus/prometheus-metrics-exposition-formats/1.3.10/prometheus-metrics-exposition-formats-1.3.10.jar
#23 14.71 [INFO] Downloading from central: https://repo.maven.apache.org/maven2/io/prometheus/prometheus-metrics-exposition-textformats/1.3.10/prometheus-metrics-exposition-textformats-1.3.10.jar
#23 14.72 [INFO] Downloaded from central: https://repo.maven.apache.org/maven2/io/prometheus/prometheus-metrics-model/1.3.10/prometheus-metrics-model-1.3.10.jar (91 kB at 145 kB/s)
#23 14.72 [INFO] Downloading from central: https://repo.maven.apache.org/maven2/io/micrometer/micrometer-tracing-bridge-otel/1.5.12/micrometer-tracing-bridge-otel-1.5.12.jar
#23 14.72 [INFO] Downloaded from central: https://repo.maven.apache.org/maven2/io/prometheus/prometheus-metrics-config/1.3.10/prometheus-metrics-config-1.3.10.jar (33 kB at 53 kB/s)
#23 14.72 [INFO] Downloading from central: https://repo.maven.apache.org/maven2/io/micrometer/micrometer-tracing/1.5.12/micrometer-tracing-1.5.12.jar
#23 14.73 [INFO] Downloaded from central: https://repo.maven.apache.org/maven2/io/prometheus/prometheus-metrics-tracer-common/1.3.10/prometheus-metrics-tracer-common-1.3.10.jar (3.3 kB at 5.2 kB/s)
#23 14.73 [INFO] Downloading from central: https://repo.maven.apache.org/maven2/io/micrometer/context-propagation/1.1.4/context-propagation-1.1.4.jar
#23 14.73 [INFO] Downloaded from central: https://repo.maven.apache.org/maven2/io/prometheus/prometheus-metrics-exposition-textformats/1.3.10/prometheus-metrics-exposition-textformats-1.3.10.jar (23 kB at 36 kB/s)
#23 14.73 [INFO] Downloading from central: https://repo.maven.apache.org/maven2/aopalliance/aopalliance/1.0/aopalliance-1.0.jar
#23 14.74 [INFO] Downloaded from central: https://repo.maven.apache.org/maven2/io/micrometer/micrometer-tracing-bridge-otel/1.5.12/micrometer-tracing-bridge-otel-1.5.12.jar (80 kB at 124 kB/s)
#23 14.74 [INFO] Downloading from central: https://repo.maven.apache.org/maven2/org/slf4j/slf4j-api/2.0.18/slf4j-api-2.0.18.jar
#23 14.75 [INFO] Downloaded from central: https://repo.maven.apache.org/maven2/io/micrometer/context-propagation/1.1.4/context-propagation-1.1.4.jar (36 kB at 54 kB/s)
#23 14.75 [INFO] Downloading from central: https://repo.maven.apache.org/maven2/io/opentelemetry/opentelemetry-api/1.49.0/opentelemetry-api-1.49.0.jar
#23 14.76 [INFO] Downloaded from central: https://repo.maven.apache.org/maven2/org/slf4j/slf4j-api/2.0.18/slf4j-api-2.0.18.jar (70 kB at 106 kB/s)
#23 14.76 [INFO] Downloading from central: https://repo.maven.apache.org/maven2/io/opentelemetry/opentelemetry-context/1.49.0/opentelemetry-context-1.49.0.jar
#23 14.76 [INFO] Downloaded from central: https://repo.maven.apache.org/maven2/io/micrometer/micrometer-tracing/1.5.12/micrometer-tracing-1.5.12.jar (103 kB at 155 kB/s)
#23 14.76 [INFO] Downloading from central: https://repo.maven.apache.org/maven2/io/opentelemetry/semconv/opentelemetry-semconv/1.32.0/opentelemetry-semconv-1.32.0.jar
#23 14.76 [INFO] Downloaded from central: https://repo.maven.apache.org/maven2/aopalliance/aopalliance/1.0/aopalliance-1.0.jar (4.5 kB at 6.7 kB/s)
#23 14.76 [INFO] Downloading from central: https://repo.maven.apache.org/maven2/io/opentelemetry/opentelemetry-sdk-common/1.49.0/opentelemetry-sdk-common-1.49.0.jar
#23 14.77 [INFO] Downloaded from central: https://repo.maven.apache.org/maven2/io/opentelemetry/opentelemetry-context/1.49.0/opentelemetry-context-1.49.0.jar (49 kB at 72 kB/s)
#23 14.77 [INFO] Downloading from central: https://repo.maven.apache.org/maven2/io/opentelemetry/opentelemetry-sdk-trace/1.49.0/opentelemetry-sdk-trace-1.49.0.jar
#23 14.78 [INFO] Downloaded from central: https://repo.maven.apache.org/maven2/io/opentelemetry/opentelemetry-api/1.49.0/opentelemetry-api-1.49.0.jar (159 kB at 232 kB/s)
#23 14.78 [INFO] Downloading from central: https://repo.maven.apache.org/maven2/io/opentelemetry/opentelemetry-sdk/1.49.0/opentelemetry-sdk-1.49.0.jar
#23 14.78 [INFO] Downloaded from central: https://repo.maven.apache.org/maven2/io/opentelemetry/opentelemetry-sdk-common/1.49.0/opentelemetry-sdk-common-1.49.0.jar (55 kB at 80 kB/s)
#23 14.78 [INFO] Downloading from central: https://repo.maven.apache.org/maven2/io/opentelemetry/opentelemetry-extension-trace-propagators/1.49.0/opentelemetry-extension-trace-propagators-1.49.0.jar
#23 14.78 [INFO] Downloaded from central: https://repo.maven.apache.org/maven2/io/opentelemetry/semconv/opentelemetry-semconv/1.32.0/opentelemetry-semconv-1.32.0.jar (16 kB at 23 kB/s)
#23 14.78 [INFO] Downloading from central: https://repo.maven.apache.org/maven2/io/opentelemetry/opentelemetry-exporter-otlp/1.49.0/opentelemetry-exporter-otlp-1.49.0.jar
#23 14.79 [INFO] Downloaded from central: https://repo.maven.apache.org/maven2/io/prometheus/prometheus-metrics-exposition-formats/1.3.10/prometheus-metrics-exposition-formats-1.3.10.jar (2.1 MB at 3.0 MB/s)
#23 14.79 [INFO] Downloading from central: https://repo.maven.apache.org/maven2/io/opentelemetry/opentelemetry-sdk-metrics/1.49.0/opentelemetry-sdk-metrics-1.49.0.jar
#23 14.79 [INFO] Downloaded from central: https://repo.maven.apache.org/maven2/io/opentelemetry/opentelemetry-sdk-trace/1.49.0/opentelemetry-sdk-trace-1.49.0.jar (133 kB at 189 kB/s)
#23 14.79 [INFO] Downloading from central: https://repo.maven.apache.org/maven2/io/opentelemetry/opentelemetry-sdk-logs/1.49.0/opentelemetry-sdk-logs-1.49.0.jar
#23 14.80 [INFO] Downloaded from central: https://repo.maven.apache.org/maven2/io/opentelemetry/opentelemetry-sdk/1.49.0/opentelemetry-sdk-1.49.0.jar (6.8 kB at 9.6 kB/s)
#23 14.80 [INFO] Downloading from central: https://repo.maven.apache.org/maven2/io/opentelemetry/opentelemetry-exporter-otlp-common/1.49.0/opentelemetry-exporter-otlp-common-1.49.0.jar
#23 14.81 [INFO] Downloaded from central: https://repo.maven.apache.org/maven2/io/opentelemetry/opentelemetry-extension-trace-propagators/1.49.0/opentelemetry-extension-trace-propagators-1.49.0.jar (29 kB at 41 kB/s)
#23 14.81 [INFO] Downloading from central: https://repo.maven.apache.org/maven2/io/opentelemetry/opentelemetry-exporter-common/1.49.0/opentelemetry-exporter-common-1.49.0.jar
#23 14.81 [INFO] Downloaded from central: https://repo.maven.apache.org/maven2/io/opentelemetry/opentelemetry-exporter-otlp/1.49.0/opentelemetry-exporter-otlp-1.49.0.jar (78 kB at 110 kB/s)
#23 14.81 [INFO] Downloading from central: https://repo.maven.apache.org/maven2/io/opentelemetry/opentelemetry-exporter-sender-okhttp/1.49.0/opentelemetry-exporter-sender-okhttp-1.49.0.jar
#23 14.81 [INFO] Downloaded from central: https://repo.maven.apache.org/maven2/io/opentelemetry/opentelemetry-sdk-logs/1.49.0/opentelemetry-sdk-logs-1.49.0.jar (54 kB at 76 kB/s)
#23 14.81 [INFO] Downloading from central: https://repo.maven.apache.org/maven2/com/squareup/okhttp3/okhttp/4.12.0/okhttp-4.12.0.jar
#23 14.83 [INFO] Downloaded from central: https://repo.maven.apache.org/maven2/io/opentelemetry/opentelemetry-sdk-metrics/1.49.0/opentelemetry-sdk-metrics-1.49.0.jar (329 kB at 449 kB/s)
#23 14.83 [INFO] Downloading from central: https://repo.maven.apache.org/maven2/com/squareup/okio/okio/3.6.0/okio-3.6.0.jar
#23 14.83 [INFO] Downloaded from central: https://repo.maven.apache.org/maven2/io/opentelemetry/opentelemetry-exporter-sender-okhttp/1.49.0/opentelemetry-exporter-sender-okhttp-1.49.0.jar (27 kB at 36 kB/s)
#23 14.83 [INFO] Downloading from central: https://repo.maven.apache.org/maven2/com/squareup/okio/okio-jvm/3.6.0/okio-jvm-3.6.0.jar
#23 14.84 [INFO] Downloaded from central: https://repo.maven.apache.org/maven2/io/opentelemetry/opentelemetry-exporter-otlp-common/1.49.0/opentelemetry-exporter-otlp-common-1.49.0.jar (210 kB at 283 kB/s)
#23 14.84 [INFO] Downloading from central: https://repo.maven.apache.org/maven2/org/jetbrains/kotlin/kotlin-stdlib-common/1.9.25/kotlin-stdlib-common-1.9.25.jar
#23 14.84 [INFO] Downloaded from central: https://repo.maven.apache.org/maven2/io/opentelemetry/opentelemetry-exporter-common/1.49.0/opentelemetry-exporter-common-1.49.0.jar (119 kB at 159 kB/s)
#23 14.84 [INFO] Downloading from central: https://repo.maven.apache.org/maven2/org/jetbrains/kotlin/kotlin-stdlib-jdk8/1.9.25/kotlin-stdlib-jdk8-1.9.25.jar
#23 14.85 [INFO] Downloaded from central: https://repo.maven.apache.org/maven2/com/squareup/okhttp3/okhttp/4.12.0/okhttp-4.12.0.jar (790 kB at 1.0 MB/s)
#23 14.85 [INFO] Downloaded from central: https://repo.maven.apache.org/maven2/com/squareup/okio/okio/3.6.0/okio-3.6.0.jar (26 kB at 34 kB/s)
#23 14.85 [INFO] Downloading from central: https://repo.maven.apache.org/maven2/org/jetbrains/annotations/13.0/annotations-13.0.jar
#23 14.85 [INFO] Downloading from central: https://repo.maven.apache.org/maven2/org/jetbrains/kotlin/kotlin-stdlib/1.9.25/kotlin-stdlib-1.9.25.jar
#23 14.86 [INFO] Downloaded from central: https://repo.maven.apache.org/maven2/org/jetbrains/kotlin/kotlin-stdlib-jdk8/1.9.25/kotlin-stdlib-jdk8-1.9.25.jar (967 B at 1.3 kB/s)
#23 14.86 [INFO] Downloading from central: https://repo.maven.apache.org/maven2/org/jetbrains/kotlin/kotlin-stdlib-jdk7/1.9.25/kotlin-stdlib-jdk7-1.9.25.jar
#23 14.87 [INFO] Downloaded from central: https://repo.maven.apache.org/maven2/org/jetbrains/kotlin/kotlin-stdlib-common/1.9.25/kotlin-stdlib-common-1.9.25.jar (227 kB at 294 kB/s)
#23 14.87 [INFO] Downloading from central: https://repo.maven.apache.org/maven2/io/opentelemetry/opentelemetry-sdk-extension-autoconfigure-spi/1.49.0/opentelemetry-sdk-extension-autoconfigure-spi-1.49.0.jar
#23 14.87 [INFO] Downloaded from central: https://repo.maven.apache.org/maven2/org/jetbrains/annotations/13.0/annotations-13.0.jar (18 kB at 23 kB/s)
#23 14.87 [INFO] Downloading from central: https://repo.maven.apache.org/maven2/io/github/openfeign/feign-micrometer/13.6.1/feign-micrometer-13.6.1.jar
#23 14.87 [INFO] Downloaded from central: https://repo.maven.apache.org/maven2/com/squareup/okio/okio-jvm/3.6.0/okio-jvm-3.6.0.jar (360 kB at 460 kB/s)
#23 14.87 [INFO] Downloading from central: https://repo.maven.apache.org/maven2/io/github/openfeign/feign-core/13.6.1/feign-core-13.6.1.jar
#23 14.89 [INFO] Downloaded from central: https://repo.maven.apache.org/maven2/org/jetbrains/kotlin/kotlin-stdlib-jdk7/1.9.25/kotlin-stdlib-jdk7-1.9.25.jar (961 B at 1.2 kB/s)
#23 14.89 [INFO] Downloading from central: https://repo.maven.apache.org/maven2/org/springframework/spring-jdbc/6.2.19/spring-jdbc-6.2.19.jar
#23 14.89 [INFO] Downloaded from central: https://repo.maven.apache.org/maven2/io/opentelemetry/opentelemetry-sdk-extension-autoconfigure-spi/1.49.0/opentelemetry-sdk-extension-autoconfigure-spi-1.49.0.jar (18 kB at 23 kB/s)
#23 14.89 [INFO] Downloaded from central: https://repo.maven.apache.org/maven2/io/github/openfeign/feign-micrometer/13.6.1/feign-micrometer-13.6.1.jar (36 kB at 45 kB/s)
#23 14.89 [INFO] Downloading from central: https://repo.maven.apache.org/maven2/org/springframework/spring-beans/6.2.19/spring-beans-6.2.19.jar
#23 14.89 [INFO] Downloading from central: https://repo.maven.apache.org/maven2/org/springframework/spring-core/6.2.19/spring-core-6.2.19.jar
#23 14.91 [INFO] Downloaded from central: https://repo.maven.apache.org/maven2/io/github/openfeign/feign-core/13.6.1/feign-core-13.6.1.jar (224 kB at 276 kB/s)
#23 14.91 [INFO] Downloading from central: https://repo.maven.apache.org/maven2/org/springframework/spring-jcl/6.2.19/spring-jcl-6.2.19.jar
#23 14.92 [INFO] Downloaded from central: https://repo.maven.apache.org/maven2/org/jetbrains/kotlin/kotlin-stdlib/1.9.25/kotlin-stdlib-1.9.25.jar (1.7 MB at 2.1 MB/s)
#23 14.92 [INFO] Downloading from central: https://repo.maven.apache.org/maven2/org/springframework/spring-orm/6.2.19/spring-orm-6.2.19.jar
#23 14.93 [INFO] Downloaded from central: https://repo.maven.apache.org/maven2/org/springframework/spring-jdbc/6.2.19/spring-jdbc-6.2.19.jar (476 kB at 568 kB/s)
#23 14.93 [INFO] Downloading from central: https://repo.maven.apache.org/maven2/io/github/openfeign/querydsl/querydsl-jpa/6.12/querydsl-jpa-6.12.jar
#23 14.94 [INFO] Downloaded from central: https://repo.maven.apache.org/maven2/org/springframework/spring-jcl/6.2.19/spring-jcl-6.2.19.jar (24 kB at 29 kB/s)
#23 14.94 [INFO] Downloading from central: https://repo.maven.apache.org/maven2/org/springframework/cloud/spring-cloud-starter-openfeign/4.3.3/spring-cloud-starter-openfeign-4.3.3.jar
#23 14.95 [INFO] Downloaded from central: https://repo.maven.apache.org/maven2/org/springframework/spring-orm/6.2.19/spring-orm-6.2.19.jar (235 kB at 274 kB/s)
#23 14.95 [INFO] Downloading from central: https://repo.maven.apache.org/maven2/org/springframework/cloud/spring-cloud-starter/4.3.3/spring-cloud-starter-4.3.3.jar
#23 14.95 [INFO] Downloaded from central: https://repo.maven.apache.org/maven2/io/github/openfeign/querydsl/querydsl-jpa/6.12/querydsl-jpa-6.12.jar (138 kB at 161 kB/s)
#23 14.95 [INFO] Downloading from central: https://repo.maven.apache.org/maven2/org/springframework/cloud/spring-cloud-context/4.3.3/spring-cloud-context-4.3.3.jar
#23 14.96 [INFO] Downloaded from central: https://repo.maven.apache.org/maven2/org/springframework/spring-beans/6.2.19/spring-beans-6.2.19.jar (892 kB at 1.0 MB/s)
#23 14.96 [INFO] Downloading from central: https://repo.maven.apache.org/maven2/org/bouncycastle/bcprov-jdk18on/1.80.2/bcprov-jdk18on-1.80.2.jar
#23 14.96 [INFO] Downloaded from central: https://repo.maven.apache.org/maven2/org/springframework/cloud/spring-cloud-starter-openfeign/4.3.3/spring-cloud-starter-openfeign-4.3.3.jar (2.3 kB at 2.7 kB/s)
#23 14.96 [INFO] Downloading from central: https://repo.maven.apache.org/maven2/org/springframework/cloud/spring-cloud-openfeign-core/4.3.3/spring-cloud-openfeign-core-4.3.3.jar
#23 14.97 [INFO] Downloaded from central: https://repo.maven.apache.org/maven2/org/springframework/cloud/spring-cloud-context/4.3.3/spring-cloud-context-4.3.3.jar (192 kB at 218 kB/s)
#23 14.97 [INFO] Downloading from central: https://repo.maven.apache.org/maven2/io/github/openfeign/feign-form-spring/13.6.1/feign-form-spring-13.6.1.jar
#23 14.98 [INFO] Downloaded from central: https://repo.maven.apache.org/maven2/org/springframework/cloud/spring-cloud-starter/4.3.3/spring-cloud-starter-4.3.3.jar (2.2 kB at 2.5 kB/s)
#23 14.98 [INFO] Downloading from central: https://repo.maven.apache.org/maven2/org/apache/commons/commons-text/1.13.0/commons-text-1.13.0.jar
#23 14.99 [INFO] Downloaded from central: https://repo.maven.apache.org/maven2/org/springframework/cloud/spring-cloud-openfeign-core/4.3.3/spring-cloud-openfeign-core-4.3.3.jar (226 kB at 251 kB/s)
#23 14.99 [INFO] Downloading from central: https://repo.maven.apache.org/maven2/io/github/openfeign/feign-form/13.6.1/feign-form-13.6.1.jar
#23 14.99 [INFO] Downloaded from central: https://repo.maven.apache.org/maven2/io/github/openfeign/feign-form-spring/13.6.1/feign-form-spring-13.6.1.jar (14 kB at 16 kB/s)
#23 14.99 [INFO] Downloading from central: https://repo.maven.apache.org/maven2/commons-fileupload/commons-fileupload/1.6.0/commons-fileupload-1.6.0.jar
#23 15.01 [INFO] Downloaded from central: https://repo.maven.apache.org/maven2/org/apache/commons/commons-text/1.13.0/commons-text-1.13.0.jar (258 kB at 281 kB/s)
#23 15.01 [INFO] Downloading from central: https://repo.maven.apache.org/maven2/org/springframework/cloud/spring-cloud-commons/4.3.3/spring-cloud-commons-4.3.3.jar
#23 15.02 [INFO] Downloaded from central: https://repo.maven.apache.org/maven2/commons-fileupload/commons-fileupload/1.6.0/commons-fileupload-1.6.0.jar (77 kB at 83 kB/s)
#23 15.02 [INFO] Downloading from central: https://repo.maven.apache.org/maven2/org/springframework/security/spring-security-crypto/6.5.11/spring-security-crypto-6.5.11.jar
#23 15.02 [INFO] Downloaded from central: https://repo.maven.apache.org/maven2/io/github/openfeign/feign-form/13.6.1/feign-form-13.6.1.jar (29 kB at 31 kB/s)
#23 15.02 [INFO] Downloading from central: https://repo.maven.apache.org/maven2/io/github/openfeign/feign-slf4j/13.6.1/feign-slf4j-13.6.1.jar
#23 15.03 [INFO] Downloaded from central: https://repo.maven.apache.org/maven2/org/springframework/spring-core/6.2.19/spring-core-6.2.19.jar (2.0 MB at 2.1 MB/s)
#23 15.03 [INFO] Downloading from central: https://repo.maven.apache.org/maven2/org/springdoc/springdoc-openapi-starter-webmvc-ui/2.9.1/springdoc-openapi-starter-webmvc-ui-2.9.1.jar
#23 15.04 [INFO] Downloaded from central: https://repo.maven.apache.org/maven2/org/springframework/security/spring-security-crypto/6.5.11/spring-security-crypto-6.5.11.jar (105 kB at 111 kB/s)
#23 15.04 [INFO] Downloading from central: https://repo.maven.apache.org/maven2/org/springdoc/springdoc-openapi-starter-webmvc-api/2.9.1/springdoc-openapi-starter-webmvc-api-2.9.1.jar
#23 15.04 [INFO] Downloaded from central: https://repo.maven.apache.org/maven2/io/github/openfeign/feign-slf4j/13.6.1/feign-slf4j-13.6.1.jar (4.1 kB at 4.3 kB/s)
#23 15.04 [INFO] Downloaded from central: https://repo.maven.apache.org/maven2/org/springframework/cloud/spring-cloud-commons/4.3.3/spring-cloud-commons-4.3.3.jar (267 kB at 282 kB/s)
#23 15.04 [INFO] Downloading from central: https://repo.maven.apache.org/maven2/org/springdoc/springdoc-openapi-starter-common/2.9.1/springdoc-openapi-starter-common-2.9.1.jar
#23 15.04 [INFO] Downloading from central: https://repo.maven.apache.org/maven2/org/apache/commons/commons-lang3/3.17.0/commons-lang3-3.17.0.jar
#23 15.05 [INFO] Downloaded from central: https://repo.maven.apache.org/maven2/org/springdoc/springdoc-openapi-starter-webmvc-ui/2.9.1/springdoc-openapi-starter-webmvc-ui-2.9.1.jar (25 kB at 26 kB/s)
#23 15.05 [INFO] Downloading from central: https://repo.maven.apache.org/maven2/io/swagger/core/v3/swagger-core-jakarta/2.2.55/swagger-core-jakarta-2.2.55.jar
#23 15.06 [INFO] Downloaded from central: https://repo.maven.apache.org/maven2/org/springdoc/springdoc-openapi-starter-webmvc-api/2.9.1/springdoc-openapi-starter-webmvc-api-2.9.1.jar (41 kB at 43 kB/s)
#23 15.06 [INFO] Downloading from central: https://repo.maven.apache.org/maven2/io/swagger/core/v3/swagger-annotations-jakarta/2.2.55/swagger-annotations-jakarta-2.2.55.jar
#23 15.10 [INFO] Downloaded from central: https://repo.maven.apache.org/maven2/org/apache/commons/commons-lang3/3.17.0/commons-lang3-3.17.0.jar (674 kB at 668 kB/s)
#23 15.10 [INFO] Downloading from central: https://repo.maven.apache.org/maven2/io/swagger/core/v3/swagger-models-jakarta/2.2.55/swagger-models-jakarta-2.2.55.jar
#23 15.10 [INFO] Downloaded from central: https://repo.maven.apache.org/maven2/org/springdoc/springdoc-openapi-starter-common/2.9.1/springdoc-openapi-starter-common-2.9.1.jar (577 kB at 571 kB/s)
#23 15.10 [INFO] Downloading from central: https://repo.maven.apache.org/maven2/com/fasterxml/jackson/dataformat/jackson-dataformat-yaml/2.21.4/jackson-dataformat-yaml-2.21.4.jar
#23 15.10 [INFO] Downloaded from central: https://repo.maven.apache.org/maven2/io/swagger/core/v3/swagger-core-jakarta/2.2.55/swagger-core-jakarta-2.2.55.jar (273 kB at 270 kB/s)
#23 15.10 [INFO] Downloading from central: https://repo.maven.apache.org/maven2/org/webjars/swagger-ui/5.32.14/swagger-ui-5.32.14.jar
#23 15.11 [INFO] Downloaded from central: https://repo.maven.apache.org/maven2/io/swagger/core/v3/swagger-annotations-jakarta/2.2.55/swagger-annotations-jakarta-2.2.55.jar (51 kB at 50 kB/s)
#23 15.11 [INFO] Downloading from central: https://repo.maven.apache.org/maven2/org/webjars/webjars-locator-lite/1.1.3/webjars-locator-lite-1.1.3.jar
#23 15.13 [INFO] Downloaded from central: https://repo.maven.apache.org/maven2/com/fasterxml/jackson/dataformat/jackson-dataformat-yaml/2.21.4/jackson-dataformat-yaml-2.21.4.jar (61 kB at 58 kB/s)
#23 15.13 [INFO] Downloading from central: https://repo.maven.apache.org/maven2/org/jspecify/jspecify/1.0.0/jspecify-1.0.0.jar
#23 15.13 [INFO] Downloaded from central: https://repo.maven.apache.org/maven2/io/swagger/core/v3/swagger-models-jakarta/2.2.55/swagger-models-jakarta-2.2.55.jar (147 kB at 141 kB/s)
#23 15.13 [INFO] Downloading from central: https://repo.maven.apache.org/maven2/org/springframework/boot/spring-boot-starter-test/3.5.16/spring-boot-starter-test-3.5.16.jar
#23 15.14 [INFO] Downloaded from central: https://repo.maven.apache.org/maven2/org/webjars/webjars-locator-lite/1.1.3/webjars-locator-lite-1.1.3.jar (8.7 kB at 8.3 kB/s)
#23 15.14 [INFO] Downloading from central: https://repo.maven.apache.org/maven2/org/springframework/boot/spring-boot-test/3.5.16/spring-boot-test-3.5.16.jar
#23 15.15 [INFO] Downloaded from central: https://repo.maven.apache.org/maven2/org/jspecify/jspecify/1.0.0/jspecify-1.0.0.jar (3.8 kB at 3.6 kB/s)
#23 15.15 [INFO] Downloading from central: https://repo.maven.apache.org/maven2/org/springframework/boot/spring-boot-test-autoconfigure/3.5.16/spring-boot-test-autoconfigure-3.5.16.jar
#23 15.16 [INFO] Downloaded from central: https://repo.maven.apache.org/maven2/org/springframework/boot/spring-boot-starter-test/3.5.16/spring-boot-starter-test-3.5.16.jar (4.8 kB at 4.5 kB/s)
#23 15.16 [INFO] Downloading from central: https://repo.maven.apache.org/maven2/com/jayway/jsonpath/json-path/2.9.0/json-path-2.9.0.jar
#23 15.18 [INFO] Downloaded from central: https://repo.maven.apache.org/maven2/org/webjars/swagger-ui/5.32.14/swagger-ui-5.32.14.jar (1.2 MB at 1.1 MB/s)
#23 15.18 [INFO] Downloading from central: https://repo.maven.apache.org/maven2/jakarta/xml/bind/jakarta.xml.bind-api/4.0.5/jakarta.xml.bind-api-4.0.5.jar
#23 15.18 [INFO] Downloaded from central: https://repo.maven.apache.org/maven2/org/springframework/boot/spring-boot-test-autoconfigure/3.5.16/spring-boot-test-autoconfigure-3.5.16.jar (230 kB at 211 kB/s)
#23 15.18 [INFO] Downloading from central: https://repo.maven.apache.org/maven2/jakarta/activation/jakarta.activation-api/2.1.4/jakarta.activation-api-2.1.4.jar
#23 15.19 [INFO] Downloaded from central: https://repo.maven.apache.org/maven2/com/jayway/jsonpath/json-path/2.9.0/json-path-2.9.0.jar (277 kB at 251 kB/s)
#23 15.19 [INFO] Downloading from central: https://repo.maven.apache.org/maven2/net/minidev/json-smart/2.5.2/json-smart-2.5.2.jar
#23 15.21 [INFO] Downloaded from central: https://repo.maven.apache.org/maven2/jakarta/xml/bind/jakarta.xml.bind-api/4.0.5/jakarta.xml.bind-api-4.0.5.jar (131 kB at 117 kB/s)
#23 15.21 [INFO] Downloading from central: https://repo.maven.apache.org/maven2/net/minidev/accessors-smart/2.5.2/accessors-smart-2.5.2.jar
#23 15.21 [INFO] Downloaded from central: https://repo.maven.apache.org/maven2/jakarta/activation/jakarta.activation-api/2.1.4/jakarta.activation-api-2.1.4.jar (67 kB at 60 kB/s)
#23 15.21 [INFO] Downloading from central: https://repo.maven.apache.org/maven2/org/ow2/asm/asm/9.7.1/asm-9.7.1.jar
#23 15.22 [INFO] Downloaded from central: https://repo.maven.apache.org/maven2/net/minidev/json-smart/2.5.2/json-smart-2.5.2.jar (122 kB at 108 kB/s)
#23 15.22 [INFO] Downloading from central: https://repo.maven.apache.org/maven2/org/assertj/assertj-core/3.27.7/assertj-core-3.27.7.jar
#23 15.24 [INFO] Downloaded from central: https://repo.maven.apache.org/maven2/net/minidev/accessors-smart/2.5.2/accessors-smart-2.5.2.jar (30 kB at 27 kB/s)
#23 15.24 [INFO] Downloading from central: https://repo.maven.apache.org/maven2/net/bytebuddy/byte-buddy/1.17.8/byte-buddy-1.17.8.jar
#23 15.24 [INFO] Downloaded from central: https://repo.maven.apache.org/maven2/org/ow2/asm/asm/9.7.1/asm-9.7.1.jar (126 kB at 110 kB/s)
#23 15.24 [INFO] Downloading from central: https://repo.maven.apache.org/maven2/org/awaitility/awaitility/4.2.2/awaitility-4.2.2.jar
#23 15.30 [INFO] Downloaded from central: https://repo.maven.apache.org/maven2/org/awaitility/awaitility/4.2.2/awaitility-4.2.2.jar (97 kB at 80 kB/s)
#23 15.30 [INFO] Downloading from central: https://repo.maven.apache.org/maven2/org/hamcrest/hamcrest/3.0/hamcrest-3.0.jar
#23 15.31 [INFO] Downloaded from central: https://repo.maven.apache.org/maven2/org/assertj/assertj-core/3.27.7/assertj-core-3.27.7.jar (1.4 MB at 1.2 MB/s)
#23 15.31 [INFO] Downloading from central: https://repo.maven.apache.org/maven2/org/mockito/mockito-core/5.17.0/mockito-core-5.17.0.jar
#23 15.31 [INFO] Downloaded from central: https://repo.maven.apache.org/maven2/org/bouncycastle/bcprov-jdk18on/1.80.2/bcprov-jdk18on-1.80.2.jar (8.7 MB at 7.1 MB/s)
#23 15.31 [INFO] Downloading from central: https://repo.maven.apache.org/maven2/net/bytebuddy/byte-buddy-agent/1.17.8/byte-buddy-agent-1.17.8.jar
#23 15.32 [INFO] Downloaded from central: https://repo.maven.apache.org/maven2/org/springframework/boot/spring-boot-test/3.5.16/spring-boot-test-3.5.16.jar (258 kB at 211 kB/s)
#23 15.32 [INFO] Downloading from central: https://repo.maven.apache.org/maven2/org/objenesis/objenesis/3.3/objenesis-3.3.jar
#23 15.34 [INFO] Downloaded from central: https://repo.maven.apache.org/maven2/org/hamcrest/hamcrest/3.0/hamcrest-3.0.jar (126 kB at 102 kB/s)
#23 15.34 [INFO] Downloading from central: https://repo.maven.apache.org/maven2/org/mockito/mockito-junit-jupiter/5.17.0/mockito-junit-jupiter-5.17.0.jar
#23 15.35 [INFO] Downloaded from central: https://repo.maven.apache.org/maven2/net/bytebuddy/byte-buddy-agent/1.17.8/byte-buddy-agent-1.17.8.jar (367 kB at 293 kB/s)
#23 15.35 [INFO] Downloading from central: https://repo.maven.apache.org/maven2/org/skyscreamer/jsonassert/1.5.3/jsonassert-1.5.3.jar
#23 15.36 [INFO] Downloaded from central: https://repo.maven.apache.org/maven2/org/objenesis/objenesis/3.3/objenesis-3.3.jar (49 kB at 39 kB/s)
#23 15.36 [INFO] Downloading from central: https://repo.maven.apache.org/maven2/com/vaadin/external/google/android-json/0.0.20131108.vaadin1/android-json-0.0.20131108.vaadin1.jar
#23 15.36 [INFO] Downloaded from central: https://repo.maven.apache.org/maven2/org/mockito/mockito-junit-jupiter/5.17.0/mockito-junit-jupiter-5.17.0.jar (9.4 kB at 7.4 kB/s)
#23 15.36 [INFO] Downloading from central: https://repo.maven.apache.org/maven2/org/springframework/spring-test/6.2.19/spring-test-6.2.19.jar
#23 15.36 [INFO] Downloaded from central: https://repo.maven.apache.org/maven2/org/mockito/mockito-core/5.17.0/mockito-core-5.17.0.jar (709 kB at 558 kB/s)
#23 15.36 [INFO] Downloading from central: https://repo.maven.apache.org/maven2/org/xmlunit/xmlunit-core/2.10.4/xmlunit-core-2.10.4.jar
#23 15.37 [INFO] Downloaded from central: https://repo.maven.apache.org/maven2/org/skyscreamer/jsonassert/1.5.3/jsonassert-1.5.3.jar (31 kB at 24 kB/s)
#23 15.37 [INFO] Downloading from central: https://repo.maven.apache.org/maven2/org/springframework/security/spring-security-test/6.5.11/spring-security-test-6.5.11.jar
#23 15.38 [INFO] Downloaded from central: https://repo.maven.apache.org/maven2/com/vaadin/external/google/android-json/0.0.20131108.vaadin1/android-json-0.0.20131108.vaadin1.jar (18 kB at 14 kB/s)
#23 15.38 [INFO] Downloading from central: https://repo.maven.apache.org/maven2/org/springframework/security/spring-security-core/6.5.11/spring-security-core-6.5.11.jar
#23 15.39 [INFO] Downloaded from central: https://repo.maven.apache.org/maven2/org/springframework/security/spring-security-test/6.5.11/spring-security-test-6.5.11.jar (136 kB at 105 kB/s)
#23 15.39 [INFO] Downloading from central: https://repo.maven.apache.org/maven2/com/h2database/h2/2.3.232/h2-2.3.232.jar
#23 15.40 [INFO] Downloaded from central: https://repo.maven.apache.org/maven2/org/xmlunit/xmlunit-core/2.10.4/xmlunit-core-2.10.4.jar (178 kB at 136 kB/s)
#23 15.47 [INFO] Downloaded from central: https://repo.maven.apache.org/maven2/org/springframework/spring-test/6.2.19/spring-test-6.2.19.jar (1.0 MB at 747 kB/s)
#23 15.52 [INFO] Downloaded from central: https://repo.maven.apache.org/maven2/com/h2database/h2/2.3.232/h2-2.3.232.jar (2.7 MB at 1.9 MB/s)
#23 15.57 [INFO] Downloaded from central: https://repo.maven.apache.org/maven2/net/bytebuddy/byte-buddy/1.17.8/byte-buddy-1.17.8.jar (9.0 MB at 6.1 MB/s)
#23 15.61 [INFO] Downloaded from central: https://repo.maven.apache.org/maven2/org/springframework/security/spring-security-core/6.5.11/spring-security-core-6.5.11.jar (623 kB at 412 kB/s)
#23 15.62 [INFO] 
#23 15.62 [INFO] --- clean:3.4.1:clean (default-clean) @ framework-autoconfigure ---
#23 15.62 [INFO] 
#23 15.62 [INFO] --- resources:3.3.1:resources (default-resources) @ framework-autoconfigure ---
#23 15.65 [INFO] Copying 0 resource from src/main/resources to target/classes
#23 15.65 [INFO] Copying 2 resources from src/main/resources to target/classes
#23 15.65 [INFO] 
#23 15.65 [INFO] --- compiler:3.14.1:compile (default-compile) @ framework-autoconfigure ---
#23 15.66 [INFO] Recompiling the module because of changed dependency.
#23 15.66 [INFO] Compiling 64 source files with javac [debug parameters release 21] to target/classes
#23 16.50 [INFO] /workspace/backend/framework-autoconfigure/src/main/java/dev/scframework/autoconfigure/ScOpenApiAutoConfiguration.java: /workspace/backend/framework-autoconfigure/src/main/java/dev/scframework/autoconfigure/ScOpenApiAutoConfiguration.java uses unchecked or unsafe operations.
#23 16.50 [INFO] /workspace/backend/framework-autoconfigure/src/main/java/dev/scframework/autoconfigure/ScOpenApiAutoConfiguration.java: Recompile with -Xlint:unchecked for details.
#23 16.50 [INFO] 
#23 16.50 [INFO] --- resources:3.3.1:testResources (default-testResources) @ framework-autoconfigure ---
#23 16.50 [INFO] skip non existing resourceDirectory /workspace/backend/framework-autoconfigure/src/test/resources
#23 16.50 [INFO] 
#23 16.50 [INFO] --- compiler:3.14.1:testCompile (default-testCompile) @ framework-autoconfigure ---
#23 16.50 [INFO] Recompiling the module because of changed dependency.
#23 16.50 [INFO] Compiling 20 source files with javac [debug parameters release 21] to target/test-classes
#23 16.97 [INFO] 
#23 16.97 [INFO] --- surefire:3.5.6:test (default-test) @ framework-autoconfigure ---
#23 16.97 [INFO] Using auto detected provider org.apache.maven.surefire.junitplatform.JUnitPlatformProvider
#23 16.98 [INFO] 
#23 16.98 [INFO] -------------------------------------------------------
#23 16.98 [INFO]  T E S T S
#23 16.98 [INFO] -------------------------------------------------------
#23 17.26 [INFO] Running dev.scframework.autoconfigure.SafeSpanExporterTest
#23 17.31 [INFO] Tests run: 2, Failures: 0, Errors: 0, Skipped: 0, Time elapsed: 0.052 s -- in dev.scframework.autoconfigure.SafeSpanExporterTest
#23 17.31 [INFO] Running dev.scframework.autoconfigure.FileStorageTest
#23 17.46 22:47:09.123 [main] WARN dev.scframework.autoconfigure.storage.FileStorageTransactions -- File storage cleanup failed; operational counter incremented
#23 17.63 [INFO] Tests run: 7, Failures: 0, Errors: 0, Skipped: 0, Time elapsed: 0.319 s -- in dev.scframework.autoconfigure.FileStorageTest
#23 17.63 [INFO] Running dev.scframework.autoconfigure.MessageCrashBoundaryTest
#23 17.64 [WARNING] Tests run: 2, Failures: 0, Errors: 0, Skipped: 2, Time elapsed: 0 s -- in dev.scframework.autoconfigure.MessageCrashBoundaryTest
#23 17.64 [INFO] Running dev.scframework.autoconfigure.storage.StorageRecoveryTest
#23 17.65 [INFO] Tests run: 3, Failures: 0, Errors: 0, Skipped: 0, Time elapsed: 0.018 s -- in dev.scframework.autoconfigure.storage.StorageRecoveryTest
#23 17.65 [INFO] Running dev.scframework.autoconfigure.operations.RuntimeMaintenanceLockTest
#23 17.68 [INFO] Tests run: 1, Failures: 0, Errors: 0, Skipped: 0, Time elapsed: 0.020 s -- in dev.scframework.autoconfigure.operations.RuntimeMaintenanceLockTest
#23 17.68 [INFO] Running dev.scframework.autoconfigure.SecretFileUsersTest
#23 17.81 [INFO] Tests run: 2, Failures: 0, Errors: 0, Skipped: 0, Time elapsed: 0.133 s -- in dev.scframework.autoconfigure.SecretFileUsersTest
#23 17.81 [INFO] Running dev.scframework.autoconfigure.RequestIdFilterTest
#23 17.82 [INFO] Tests run: 2, Failures: 0, Errors: 0, Skipped: 0, Time elapsed: 0.010 s -- in dev.scframework.autoconfigure.RequestIdFilterTest
#23 17.82 [INFO] Running dev.scframework.autoconfigure.audit.DurableAuditPublisherTest
#23 17.91 22:47:09.568 [main] WARN dev.scframework.autoconfigure.audit.AuditWriteDiagnostics -- Security audit write failed; reasonCode=AUDIT_SINK_FAILURE
#23 17.91 [INFO] Tests run: 2, Failures: 0, Errors: 0, Skipped: 0, Time elapsed: 0.088 s -- in dev.scframework.autoconfigure.audit.DurableAuditPublisherTest
#23 17.91 [INFO] Running dev.scframework.autoconfigure.HealthReadinessTest
#23 18.08 OpenJDK 64-Bit Server VM warning: Sharing is only supported for boot loader classes because bootstrap classpath has been appended
#23 18.09 Mockito is currently self-attaching to enable the inline-mock-maker. This will no longer work in future releases of the JDK. Please add Mockito as an agent to your build as described in Mockito's documentation: https://javadoc.io/doc/org.mockito/mockito-core/latest/org.mockito/org/mockito/Mockito.html#0.3
#23 18.09 WARNING: A Java agent has been loaded dynamically (/root/.m2/repository/net/bytebuddy/byte-buddy-agent/1.17.8/byte-buddy-agent-1.17.8.jar)
#23 18.09 WARNING: If a serviceability tool is in use, please run with -XX:+EnableDynamicAgentLoading to hide this warning
#23 18.09 WARNING: If a serviceability tool is not in use, please run with -Djdk.instrument.traceUsage for more information
#23 18.09 WARNING: Dynamic loading of agents will be disallowed by default in a future release
#23 18.31 [INFO] Tests run: 1, Failures: 0, Errors: 0, Skipped: 0, Time elapsed: 0.395 s -- in dev.scframework.autoconfigure.HealthReadinessTest
#23 18.31 [INFO] Running dev.scframework.autoconfigure.RegisteredTaskRegistryTest
#23 18.32 [INFO] Tests run: 2, Failures: 0, Errors: 0, Skipped: 0, Time elapsed: 0.007 s -- in dev.scframework.autoconfigure.RegisteredTaskRegistryTest
#23 18.32 [INFO] Running dev.scframework.autoconfigure.SafeOperationalEventSinkTest
#23 18.37 [INFO] Tests run: 3, Failures: 0, Errors: 0, Skipped: 0, Time elapsed: 0.054 s -- in dev.scframework.autoconfigure.SafeOperationalEventSinkTest
#23 18.37 [INFO] Running dev.scframework.autoconfigure.QuerydslAutoConfigurationTest
#23 18.50 [INFO] Tests run: 4, Failures: 0, Errors: 0, Skipped: 0, Time elapsed: 0.124 s -- in dev.scframework.autoconfigure.QuerydslAutoConfigurationTest
#23 18.50 [INFO] Running dev.scframework.autoconfigure.ScOptionalInfrastructureFilterTest
#23 18.50 [INFO] Tests run: 2, Failures: 0, Errors: 0, Skipped: 0, Time elapsed: 0.003 s -- in dev.scframework.autoconfigure.ScOptionalInfrastructureFilterTest
#23 18.50 [INFO] Running dev.scframework.autoconfigure.AuditAutoConfigurationTest
#23 18.58 22:47:10.241 [main] WARN org.springframework.context.annotation.AnnotationConfigApplicationContext -- Exception encountered during context initialization - cancelling refresh attempt: org.springframework.beans.factory.UnsatisfiedDependencyException: Error creating bean with name 'scSecurityAuditPublisher' defined in dev.scframework.autoconfigure.ScAuditAutoConfiguration: Unsatisfied dependency expressed through method 'scSecurityAuditPublisher' parameter 0: No qualifying bean of type 'dev.scframework.core.audit.SecurityAuditSink' available: expected at least 1 bean which qualifies as autowire candidate. Dependency annotations: {}
#23 18.62 [INFO] Tests run: 4, Failures: 0, Errors: 0, Skipped: 0, Time elapsed: 0.118 s -- in dev.scframework.autoconfigure.AuditAutoConfigurationTest
#23 18.62 [INFO] Running dev.scframework.autoconfigure.messaging.DurableMessagingTest
#23 18.75 22:47:10.400 [main] WARN dev.scframework.autoconfigure.messaging.MessageDiagnostics -- Operational message failure; reasonCode=MESSAGE_OPERATION_FAILURE
#23 18.75 22:47:10.402 [main] WARN dev.scframework.autoconfigure.messaging.MessageDiagnostics -- Operational message failure; reasonCode=MESSAGE_OPERATION_FAILURE
#23 18.75 22:47:10.404 [main] WARN dev.scframework.autoconfigure.messaging.MessageDiagnostics -- Operational message failure; reasonCode=MESSAGE_OPERATION_FAILURE
#23 18.75 22:47:10.407 [main] WARN dev.scframework.autoconfigure.messaging.MessageDiagnostics -- Operational message failure; reasonCode=MESSAGE_OPERATION_FAILURE
#23 18.75 22:47:10.408 [main] WARN dev.scframework.autoconfigure.messaging.MessageDiagnostics -- Operational message failure; reasonCode=MESSAGE_OPERATION_FAILURE
#23 18.76 22:47:10.422 [main] WARN dev.scframework.autoconfigure.messaging.MessageDiagnostics -- Operational message failure; reasonCode=MESSAGE_OPERATION_FAILURE
#23 18.76 [INFO] Tests run: 6, Failures: 0, Errors: 0, Skipped: 0, Time elapsed: 0.142 s -- in dev.scframework.autoconfigure.messaging.DurableMessagingTest
#23 18.76 [INFO] Running dev.scframework.autoconfigure.messaging.RabbitDurableIntegrationTest
#23 18.76 [WARNING] Tests run: 1, Failures: 0, Errors: 0, Skipped: 1, Time elapsed: 0 s -- in dev.scframework.autoconfigure.messaging.RabbitDurableIntegrationTest
#23 18.76 [INFO] Running dev.scframework.autoconfigure.SecurityAuditTransactionTest
#23 18.77 22:47:10.428 [main] WARN dev.scframework.autoconfigure.audit.AuditWriteDiagnostics -- Security audit write failed; reasonCode=AUDIT_SINK_FAILURE
#23 18.78 [INFO] Tests run: 3, Failures: 0, Errors: 0, Skipped: 0, Time elapsed: 0.019 s -- in dev.scframework.autoconfigure.SecurityAuditTransactionTest
#23 18.78 [INFO] Running dev.scframework.autoconfigure.FeignConsumerConfigurationTest
#23 18.79 [INFO] Tests run: 2, Failures: 0, Errors: 0, Skipped: 0, Time elapsed: 0.009 s -- in dev.scframework.autoconfigure.FeignConsumerConfigurationTest
#23 18.79 [INFO] Running dev.scframework.autoconfigure.SecurityOverrideTest
#23 18.85 22:47:10.515 [main] WARN org.springframework.boot.web.servlet.context.AnnotationConfigServletWebApplicationContext -- Exception encountered during context initialization - cancelling refresh attempt: org.springframework.beans.factory.BeanCreationException: Error creating bean with name 'scRequiredUserDetailsService' defined in dev.scframework.autoconfigure.ScSecurityAutoConfiguration: Failed to instantiate [org.springframework.security.core.userdetails.UserDetailsService]: Factory method 'scRequiredUserDetailsService' threw exception with message: Supply a UserDetailsService; generated/default passwords are disabled
#23 18.85 [INFO] Tests run: 2, Failures: 0, Errors: 0, Skipped: 0, Time elapsed: 0.061 s -- in dev.scframework.autoconfigure.SecurityOverrideTest
#23 18.85 [INFO] Running dev.scframework.autoconfigure.BrowserErrorBoundaryTest
#23 18.92 [INFO] Tests run: 4, Failures: 0, Errors: 0, Skipped: 0, Time elapsed: 0.069 s -- in dev.scframework.autoconfigure.BrowserErrorBoundaryTest
#23 18.93 [INFO] 
#23 18.93 [INFO] Results:
#23 18.93 [INFO] 
#23 18.93 [INFO] Tests run: 55, Failures: 0, Errors: 0, Skipped: 3
#23 18.93 [INFO] 
#23 18.93 [INFO] 
#23 18.93 [INFO] --- jar:3.4.2:jar (default-jar) @ framework-autoconfigure ---
#23 18.94 [INFO] Building jar: /workspace/backend/framework-autoconfigure/target/framework-autoconfigure-0.3.0-SNAPSHOT.jar
#23 18.95 [INFO] 
#23 18.95 [INFO] -----------< dev.scframework:framework-spring-boot-starter >------------
#23 18.95 [INFO] Building ScFramework Spring Boot Starter 0.3.0-SNAPSHOT            [4/6]
#23 18.95 [INFO]   from framework-spring-boot-starter/pom.xml
#23 18.95 [INFO] --------------------------------[ jar ]---------------------------------
#23 18.95 [INFO] Downloading from central: https://repo.maven.apache.org/maven2/org/springframework/boot/spring-boot-starter-data-jpa/3.5.16/spring-boot-starter-data-jpa-3.5.16.pom
#23 18.97 [INFO] Downloaded from central: https://repo.maven.apache.org/maven2/org/springframework/boot/spring-boot-starter-data-jpa/3.5.16/spring-boot-starter-data-jpa-3.5.16.pom (2.9 kB at 144 kB/s)
#23 18.97 [INFO] Downloading from central: https://repo.maven.apache.org/maven2/org/springframework/boot/spring-boot-starter-jdbc/3.5.16/spring-boot-starter-jdbc-3.5.16.pom
#23 18.99 [INFO] Downloaded from central: https://repo.maven.apache.org/maven2/org/springframework/boot/spring-boot-starter-jdbc/3.5.16/spring-boot-starter-jdbc-3.5.16.pom (2.5 kB at 153 kB/s)
#23 18.99 [INFO] Downloading from central: https://repo.maven.apache.org/maven2/com/zaxxer/HikariCP/6.3.3/HikariCP-6.3.3.pom
#23 19.01 [INFO] Downloaded from central: https://repo.maven.apache.org/maven2/com/zaxxer/HikariCP/6.3.3/HikariCP-6.3.3.pom (29 kB at 1.4 MB/s)
#23 19.01 [INFO] Downloading from central: https://repo.maven.apache.org/maven2/org/hibernate/orm/hibernate-core/6.6.53.Final/hibernate-core-6.6.53.Final.pom
#23 19.03 [INFO] Downloaded from central: https://repo.maven.apache.org/maven2/org/hibernate/orm/hibernate-core/6.6.53.Final/hibernate-core-6.6.53.Final.pom (5.8 kB at 274 kB/s)
#23 19.03 [INFO] Downloading from central: https://repo.maven.apache.org/maven2/jakarta/transaction/jakarta.transaction-api/2.0.1/jakarta.transaction-api-2.0.1.pom
#23 19.05 [INFO] Downloaded from central: https://repo.maven.apache.org/maven2/jakarta/transaction/jakarta.transaction-api/2.0.1/jakarta.transaction-api-2.0.1.pom (14 kB at 682 kB/s)
#23 19.05 [INFO] Downloading from central: https://repo.maven.apache.org/maven2/org/hibernate/common/hibernate-commons-annotations/7.0.3.Final/hibernate-commons-annotations-7.0.3.Final.pom
#23 19.07 [INFO] Downloaded from central: https://repo.maven.apache.org/maven2/org/hibernate/common/hibernate-commons-annotations/7.0.3.Final/hibernate-commons-annotations-7.0.3.Final.pom (2.0 kB at 113 kB/s)
#23 19.07 [INFO] Downloading from central: https://repo.maven.apache.org/maven2/io/smallrye/jandex/3.2.0/jandex-3.2.0.pom
#23 19.09 [INFO] Downloaded from central: https://repo.maven.apache.org/maven2/io/smallrye/jandex/3.2.0/jandex-3.2.0.pom (7.0 kB at 387 kB/s)
#23 19.09 [INFO] Downloading from central: https://repo.maven.apache.org/maven2/io/smallrye/jandex-parent/3.2.0/jandex-parent-3.2.0.pom
#23 19.15 [INFO] Downloaded from central: https://repo.maven.apache.org/maven2/io/smallrye/jandex-parent/3.2.0/jandex-parent-3.2.0.pom (7.2 kB at 133 kB/s)
#23 19.15 [INFO] Downloading from central: https://repo.maven.apache.org/maven2/io/smallrye/smallrye-build-parent/42/smallrye-build-parent-42.pom
#23 19.17 [INFO] Downloaded from central: https://repo.maven.apache.org/maven2/io/smallrye/smallrye-build-parent/42/smallrye-build-parent-42.pom (39 kB at 2.0 MB/s)
#23 19.17 [INFO] Downloading from central: https://repo.maven.apache.org/maven2/org/glassfish/jaxb/jaxb-runtime/4.0.9/jaxb-runtime-4.0.9.pom
#23 19.19 [INFO] Downloaded from central: https://repo.maven.apache.org/maven2/org/glassfish/jaxb/jaxb-runtime/4.0.9/jaxb-runtime-4.0.9.pom (11 kB at 682 kB/s)
#23 19.19 [INFO] Downloading from central: https://repo.maven.apache.org/maven2/org/glassfish/jaxb/jaxb-runtime-parent/4.0.9/jaxb-runtime-parent-4.0.9.pom
#23 19.20 [INFO] Downloaded from central: https://repo.maven.apache.org/maven2/org/glassfish/jaxb/jaxb-runtime-parent/4.0.9/jaxb-runtime-parent-4.0.9.pom (1.3 kB at 71 kB/s)
#23 19.20 [INFO] Downloading from central: https://repo.maven.apache.org/maven2/org/glassfish/jaxb/jaxb-parent/4.0.9/jaxb-parent-4.0.9.pom
#23 19.23 [INFO] Downloaded from central: https://repo.maven.apache.org/maven2/org/glassfish/jaxb/jaxb-parent/4.0.9/jaxb-parent-4.0.9.pom (35 kB at 1.7 MB/s)
#23 19.23 [INFO] Downloading from central: https://repo.maven.apache.org/maven2/org/glassfish/jaxb/jaxb-bom-ext/4.0.9/jaxb-bom-ext-4.0.9.pom
#23 19.24 [INFO] Downloaded from central: https://repo.maven.apache.org/maven2/org/glassfish/jaxb/jaxb-bom-ext/4.0.9/jaxb-bom-ext-4.0.9.pom (3.6 kB at 209 kB/s)
#23 19.25 [INFO] Downloading from central: https://repo.maven.apache.org/maven2/org/glassfish/jaxb/jaxb-core/4.0.9/jaxb-core-4.0.9.pom
#23 19.27 [INFO] Downloaded from central: https://repo.maven.apache.org/maven2/org/glassfish/jaxb/jaxb-core/4.0.9/jaxb-core-4.0.9.pom (3.8 kB at 174 kB/s)
#23 19.27 [INFO] Downloading from central: https://repo.maven.apache.org/maven2/org/eclipse/angus/angus-activation/2.0.3/angus-activation-2.0.3.pom
#23 19.29 [INFO] Downloaded from central: https://repo.maven.apache.org/maven2/org/eclipse/angus/angus-activation/2.0.3/angus-activation-2.0.3.pom (4.0 kB at 200 kB/s)
#23 19.29 [INFO] Downloading from central: https://repo.maven.apache.org/maven2/org/eclipse/angus/angus-activation-project/2.0.3/angus-activation-project-2.0.3.pom
#23 19.31 [INFO] Downloaded from central: https://repo.maven.apache.org/maven2/org/eclipse/angus/angus-activation-project/2.0.3/angus-activation-project-2.0.3.pom (21 kB at 1.0 MB/s)
#23 19.32 [INFO] Downloading from central: https://repo.maven.apache.org/maven2/org/glassfish/jaxb/txw2/4.0.9/txw2-4.0.9.pom
#23 19.34 [INFO] Downloaded from central: https://repo.maven.apache.org/maven2/org/glassfish/jaxb/txw2/4.0.9/txw2-4.0.9.pom (1.9 kB at 93 kB/s)
#23 19.34 [INFO] Downloading from central: https://repo.maven.apache.org/maven2/org/glassfish/jaxb/jaxb-txw-parent/4.0.9/jaxb-txw-parent-4.0.9.pom
#23 19.36 [INFO] Downloaded from central: https://repo.maven.apache.org/maven2/org/glassfish/jaxb/jaxb-txw-parent/4.0.9/jaxb-txw-parent-4.0.9.pom (1.3 kB at 75 kB/s)
#23 19.36 [INFO] Downloading from central: https://repo.maven.apache.org/maven2/com/sun/istack/istack-commons-runtime/4.1.2/istack-commons-runtime-4.1.2.pom
#23 19.38 [INFO] Downloaded from central: https://repo.maven.apache.org/maven2/com/sun/istack/istack-commons-runtime/4.1.2/istack-commons-runtime-4.1.2.pom (1.6 kB at 89 kB/s)
#23 19.38 [INFO] Downloading from central: https://repo.maven.apache.org/maven2/com/sun/istack/istack-commons/4.1.2/istack-commons-4.1.2.pom
#23 19.40 [INFO] Downloaded from central: https://repo.maven.apache.org/maven2/com/sun/istack/istack-commons/4.1.2/istack-commons-4.1.2.pom (26 kB at 1.3 MB/s)
#23 19.40 [INFO] Downloading from central: https://repo.maven.apache.org/maven2/org/antlr/antlr4-runtime/4.13.2/antlr4-runtime-4.13.2.pom
#23 19.42 [INFO] Downloaded from central: https://repo.maven.apache.org/maven2/org/antlr/antlr4-runtime/4.13.2/antlr4-runtime-4.13.2.pom (3.6 kB at 222 kB/s)
#23 19.42 [INFO] Downloading from central: https://repo.maven.apache.org/maven2/org/antlr/antlr4-master/4.13.2/antlr4-master-4.13.2.pom
#23 19.43 [INFO] Downloaded from central: https://repo.maven.apache.org/maven2/org/antlr/antlr4-master/4.13.2/antlr4-master-4.13.2.pom (4.8 kB at 283 kB/s)
#23 19.44 [INFO] Downloading from central: https://repo.maven.apache.org/maven2/org/springframework/data/spring-data-jpa/3.5.13/spring-data-jpa-3.5.13.pom
#23 19.45 [INFO] Downloaded from central: https://repo.maven.apache.org/maven2/org/springframework/data/spring-data-jpa/3.5.13/spring-data-jpa-3.5.13.pom (13 kB at 699 kB/s)
#23 19.46 [INFO] Downloading from central: https://repo.maven.apache.org/maven2/org/springframework/data/spring-data-jpa-parent/3.5.13/spring-data-jpa-parent-3.5.13.pom
#23 19.47 [INFO] Downloaded from central: https://repo.maven.apache.org/maven2/org/springframework/data/spring-data-jpa-parent/3.5.13/spring-data-jpa-parent-3.5.13.pom (5.3 kB at 293 kB/s)
#23 19.47 [INFO] Downloading from central: https://repo.maven.apache.org/maven2/org/springframework/data/build/spring-data-parent/3.5.13/spring-data-parent-3.5.13.pom
#23 19.50 [INFO] Downloaded from central: https://repo.maven.apache.org/maven2/org/springframework/data/build/spring-data-parent/3.5.13/spring-data-parent-3.5.13.pom (44 kB at 1.9 MB/s)
#23 19.50 [INFO] Downloading from central: https://repo.maven.apache.org/maven2/org/springframework/data/build/spring-data-build/3.5.13/spring-data-build-3.5.13.pom
#23 19.52 [INFO] Downloaded from central: https://repo.maven.apache.org/maven2/org/springframework/data/build/spring-data-build/3.5.13/spring-data-build-3.5.13.pom (7.2 kB at 377 kB/s)
#23 19.52 [INFO] Downloading from central: https://repo.maven.apache.org/maven2/org/testcontainers/testcontainers-bom/1.20.6/testcontainers-bom-1.20.6.pom
#23 19.54 [INFO] Downloaded from central: https://repo.maven.apache.org/maven2/org/testcontainers/testcontainers-bom/1.20.6/testcontainers-bom-1.20.6.pom (12 kB at 577 kB/s)
#23 19.54 [INFO] Downloading from central: https://repo.maven.apache.org/maven2/io/micrometer/micrometer-tracing-bom/1.5.12/micrometer-tracing-bom-1.5.12.pom
#23 19.56 [INFO] Downloaded from central: https://repo.maven.apache.org/maven2/io/micrometer/micrometer-tracing-bom/1.5.12/micrometer-tracing-bom-1.5.12.pom (4.4 kB at 274 kB/s)
#23 19.56 [INFO] Downloading from central: https://repo.maven.apache.org/maven2/org/jetbrains/kotlinx/kotlinx-coroutines-bom/1.9.0/kotlinx-coroutines-bom-1.9.0.pom
#23 19.58 [INFO] Downloaded from central: https://repo.maven.apache.org/maven2/org/jetbrains/kotlinx/kotlinx-coroutines-bom/1.9.0/kotlinx-coroutines-bom-1.9.0.pom (4.3 kB at 268 kB/s)
#23 19.58 [INFO] Downloading from central: https://repo.maven.apache.org/maven2/com/fasterxml/jackson/jackson-bom/2.19.4/jackson-bom-2.19.4.pom
#23 19.59 [INFO] Downloaded from central: https://repo.maven.apache.org/maven2/com/fasterxml/jackson/jackson-bom/2.19.4/jackson-bom-2.19.4.pom (20 kB at 1.2 MB/s)
#23 19.60 [INFO] Downloading from central: https://repo.maven.apache.org/maven2/com/fasterxml/jackson/jackson-parent/2.19.3/jackson-parent-2.19.3.pom
#23 19.61 [INFO] Downloaded from central: https://repo.maven.apache.org/maven2/com/fasterxml/jackson/jackson-parent/2.19.3/jackson-parent-2.19.3.pom (7.2 kB at 449 kB/s)
#23 19.61 [INFO] Downloading from central: https://repo.maven.apache.org/maven2/com/fasterxml/oss-parent/69/oss-parent-69.pom
#23 19.63 [INFO] Downloaded from central: https://repo.maven.apache.org/maven2/com/fasterxml/oss-parent/69/oss-parent-69.pom (24 kB at 1.2 MB/s)
#23 19.63 [INFO] Downloading from central: https://repo.maven.apache.org/maven2/org/springframework/data/spring-data-commons/3.5.13/spring-data-commons-3.5.13.pom
#23 19.65 [INFO] Downloaded from central: https://repo.maven.apache.org/maven2/org/springframework/data/spring-data-commons/3.5.13/spring-data-commons-3.5.13.pom (10 kB at 631 kB/s)
#23 19.65 [INFO] Downloading from central: https://repo.maven.apache.org/maven2/org/springframework/spring-aspects/6.2.19/spring-aspects-6.2.19.pom
#23 19.67 [INFO] Downloaded from central: https://repo.maven.apache.org/maven2/org/springframework/spring-aspects/6.2.19/spring-aspects-6.2.19.pom (2.0 kB at 120 kB/s)
#23 19.67 [INFO] Downloading from central: https://repo.maven.apache.org/maven2/org/aspectj/aspectjweaver/1.9.25.1/aspectjweaver-1.9.25.1.pom
#23 19.68 [INFO] Downloaded from central: https://repo.maven.apache.org/maven2/org/aspectj/aspectjweaver/1.9.25.1/aspectjweaver-1.9.25.1.pom (1.7 kB at 119 kB/s)
#23 19.68 [INFO] Downloading from central: https://repo.maven.apache.org/maven2/org/mybatis/spring/boot/mybatis-spring-boot-starter/3.0.5/mybatis-spring-boot-starter-3.0.5.pom
#23 19.70 [INFO] Downloaded from central: https://repo.maven.apache.org/maven2/org/mybatis/spring/boot/mybatis-spring-boot-starter/3.0.5/mybatis-spring-boot-starter-3.0.5.pom (2.6 kB at 139 kB/s)
#23 19.70 [INFO] Downloading from central: https://repo.maven.apache.org/maven2/org/mybatis/spring/boot/mybatis-spring-boot/3.0.5/mybatis-spring-boot-3.0.5.pom
#23 19.72 [INFO] Downloaded from central: https://repo.maven.apache.org/maven2/org/mybatis/spring/boot/mybatis-spring-boot/3.0.5/mybatis-spring-boot-3.0.5.pom (9.7 kB at 510 kB/s)
#23 19.72 [INFO] Downloading from central: https://repo.maven.apache.org/maven2/org/mybatis/mybatis-parent/50/mybatis-parent-50.pom
#23 19.74 [INFO] Downloaded from central: https://repo.maven.apache.org/maven2/org/mybatis/mybatis-parent/50/mybatis-parent-50.pom (50 kB at 2.5 MB/s)
#23 19.75 [INFO] Downloading from central: https://repo.maven.apache.org/maven2/org/springframework/boot/spring-boot-dependencies/3.5.0/spring-boot-dependencies-3.5.0.pom
#23 19.76 [INFO] Downloaded from central: https://repo.maven.apache.org/maven2/org/springframework/boot/spring-boot-dependencies/3.5.0/spring-boot-dependencies-3.5.0.pom (96 kB at 5.1 MB/s)
#23 19.77 [INFO] Downloading from sonatype-oss-snapshots: https://oss.sonatype.org/content/repositories/snapshots/org/apache/activemq/activemq-bom/6.1.6/activemq-bom-6.1.6.pom
#23 20.25 [INFO] Downloading from spring-milestone: https://repo.spring.io/milestone/org/apache/activemq/activemq-bom/6.1.6/activemq-bom-6.1.6.pom
#23 21.09 [INFO] Downloading from spring-snapshot: https://repo.spring.io/snapshot/org/apache/activemq/activemq-bom/6.1.6/activemq-bom-6.1.6.pom
#23 21.29 [INFO] Downloading from central: https://repo.maven.apache.org/maven2/org/apache/activemq/activemq-bom/6.1.6/activemq-bom-6.1.6.pom
#23 21.31 [INFO] Downloaded from central: https://repo.maven.apache.org/maven2/org/apache/activemq/activemq-bom/6.1.6/activemq-bom-6.1.6.pom (7.9 kB at 464 kB/s)
#23 21.31 [INFO] Downloading from sonatype-oss-snapshots: https://oss.sonatype.org/content/repositories/snapshots/org/assertj/assertj-bom/3.27.3/assertj-bom-3.27.3.pom
#23 21.50 [INFO] Downloading from spring-milestone: https://repo.spring.io/milestone/org/assertj/assertj-bom/3.27.3/assertj-bom-3.27.3.pom
#23 21.70 [INFO] Downloading from spring-snapshot: https://repo.spring.io/snapshot/org/assertj/assertj-bom/3.27.3/assertj-bom-3.27.3.pom
#23 21.91 [INFO] Downloading from central: https://repo.maven.apache.org/maven2/org/assertj/assertj-bom/3.27.3/assertj-bom-3.27.3.pom
#23 21.92 [INFO] Downloaded from central: https://repo.maven.apache.org/maven2/org/assertj/assertj-bom/3.27.3/assertj-bom-3.27.3.pom (3.7 kB at 184 kB/s)
#23 21.93 [INFO] Downloading from sonatype-oss-snapshots: https://oss.sonatype.org/content/repositories/snapshots/io/zipkin/reporter2/zipkin-reporter-bom/3.5.0/zipkin-reporter-bom-3.5.0.pom
#23 22.12 [INFO] Downloading from spring-milestone: https://repo.spring.io/milestone/io/zipkin/reporter2/zipkin-reporter-bom/3.5.0/zipkin-reporter-bom-3.5.0.pom
#23 22.33 [INFO] Downloading from spring-snapshot: https://repo.spring.io/snapshot/io/zipkin/reporter2/zipkin-reporter-bom/3.5.0/zipkin-reporter-bom-3.5.0.pom
#23 22.53 [INFO] Downloading from central: https://repo.maven.apache.org/maven2/io/zipkin/reporter2/zipkin-reporter-bom/3.5.0/zipkin-reporter-bom-3.5.0.pom
#23 22.54 [INFO] Downloaded from central: https://repo.maven.apache.org/maven2/io/zipkin/reporter2/zipkin-reporter-bom/3.5.0/zipkin-reporter-bom-3.5.0.pom (6.3 kB at 392 kB/s)
#23 22.54 [INFO] Downloading from sonatype-oss-snapshots: https://oss.sonatype.org/content/repositories/snapshots/org/apache/cassandra/java-driver-bom/4.19.0/java-driver-bom-4.19.0.pom
#23 22.73 [INFO] Downloading from spring-milestone: https://repo.spring.io/milestone/org/apache/cassandra/java-driver-bom/4.19.0/java-driver-bom-4.19.0.pom
#23 22.94 [INFO] Downloading from spring-snapshot: https://repo.spring.io/snapshot/org/apache/cassandra/java-driver-bom/4.19.0/java-driver-bom-4.19.0.pom
#23 23.14 [INFO] Downloading from central: https://repo.maven.apache.org/maven2/org/apache/cassandra/java-driver-bom/4.19.0/java-driver-bom-4.19.0.pom
#23 23.16 [INFO] Downloaded from central: https://repo.maven.apache.org/maven2/org/apache/cassandra/java-driver-bom/4.19.0/java-driver-bom-4.19.0.pom (5.5 kB at 248 kB/s)
#23 23.16 [INFO] Downloading from sonatype-oss-snapshots: https://oss.sonatype.org/content/repositories/snapshots/org/glassfish/jaxb/jaxb-bom/4.0.5/jaxb-bom-4.0.5.pom
#23 23.35 [INFO] Downloading from spring-milestone: https://repo.spring.io/milestone/org/glassfish/jaxb/jaxb-bom/4.0.5/jaxb-bom-4.0.5.pom
#23 23.56 [INFO] Downloading from spring-snapshot: https://repo.spring.io/snapshot/org/glassfish/jaxb/jaxb-bom/4.0.5/jaxb-bom-4.0.5.pom
#23 23.76 [INFO] Downloading from central: https://repo.maven.apache.org/maven2/org/glassfish/jaxb/jaxb-bom/4.0.5/jaxb-bom-4.0.5.pom
#23 23.78 [INFO] Downloaded from central: https://repo.maven.apache.org/maven2/org/glassfish/jaxb/jaxb-bom/4.0.5/jaxb-bom-4.0.5.pom (12 kB at 555 kB/s)
#23 23.78 [INFO] Downloading from sonatype-oss-snapshots: https://oss.sonatype.org/content/repositories/snapshots/org/apache/groovy/groovy-bom/4.0.26/groovy-bom-4.0.26.pom
#23 23.98 [INFO] Downloading from spring-milestone: https://repo.spring.io/milestone/org/apache/groovy/groovy-bom/4.0.26/groovy-bom-4.0.26.pom
#23 24.18 [INFO] Downloading from spring-snapshot: https://repo.spring.io/snapshot/org/apache/groovy/groovy-bom/4.0.26/groovy-bom-4.0.26.pom
#23 24.38 [INFO] Downloading from central: https://repo.maven.apache.org/maven2/org/apache/groovy/groovy-bom/4.0.26/groovy-bom-4.0.26.pom
#23 24.40 [INFO] Downloaded from central: https://repo.maven.apache.org/maven2/org/apache/groovy/groovy-bom/4.0.26/groovy-bom-4.0.26.pom (27 kB at 1.3 MB/s)
#23 24.40 [INFO] Downloading from sonatype-oss-snapshots: https://oss.sonatype.org/content/repositories/snapshots/org/infinispan/infinispan-bom/15.2.1.Final/infinispan-bom-15.2.1.Final.pom
#23 24.59 [INFO] Downloading from spring-milestone: https://repo.spring.io/milestone/org/infinispan/infinispan-bom/15.2.1.Final/infinispan-bom-15.2.1.Final.pom
#23 24.79 [INFO] Downloading from spring-snapshot: https://repo.spring.io/snapshot/org/infinispan/infinispan-bom/15.2.1.Final/infinispan-bom-15.2.1.Final.pom
#23 24.99 [INFO] Downloading from central: https://repo.maven.apache.org/maven2/org/infinispan/infinispan-bom/15.2.1.Final/infinispan-bom-15.2.1.Final.pom
#23 25.01 [INFO] Downloaded from central: https://repo.maven.apache.org/maven2/org/infinispan/infinispan-bom/15.2.1.Final/infinispan-bom-15.2.1.Final.pom (17 kB at 917 kB/s)
#23 25.01 [INFO] Downloading from sonatype-oss-snapshots: https://oss.sonatype.org/content/repositories/snapshots/org/infinispan/infinispan-build-configuration-parent/15.2.1.Final/infinispan-build-configuration-parent-15.2.1.Final.pom
#23 25.20 [INFO] Downloading from spring-milestone: https://repo.spring.io/milestone/org/infinispan/infinispan-build-configuration-parent/15.2.1.Final/infinispan-build-configuration-parent-15.2.1.Final.pom
#23 25.41 [INFO] Downloading from spring-snapshot: https://repo.spring.io/snapshot/org/infinispan/infinispan-build-configuration-parent/15.2.1.Final/infinispan-build-configuration-parent-15.2.1.Final.pom
#23 25.61 [INFO] Downloading from central: https://repo.maven.apache.org/maven2/org/infinispan/infinispan-build-configuration-parent/15.2.1.Final/infinispan-build-configuration-parent-15.2.1.Final.pom
#23 25.63 [INFO] Downloaded from central: https://repo.maven.apache.org/maven2/org/infinispan/infinispan-build-configuration-parent/15.2.1.Final/infinispan-build-configuration-parent-15.2.1.Final.pom (18 kB at 870 kB/s)
#23 25.63 [INFO] Downloading from sonatype-oss-snapshots: https://oss.sonatype.org/content/repositories/snapshots/com/fasterxml/jackson/jackson-bom/2.19.0/jackson-bom-2.19.0.pom
#23 25.82 [INFO] Downloading from spring-milestone: https://repo.spring.io/milestone/com/fasterxml/jackson/jackson-bom/2.19.0/jackson-bom-2.19.0.pom
#23 26.03 [INFO] Downloading from spring-snapshot: https://repo.spring.io/snapshot/com/fasterxml/jackson/jackson-bom/2.19.0/jackson-bom-2.19.0.pom
#23 26.23 [INFO] Downloading from central: https://repo.maven.apache.org/maven2/com/fasterxml/jackson/jackson-bom/2.19.0/jackson-bom-2.19.0.pom
#23 26.25 [INFO] Downloaded from central: https://repo.maven.apache.org/maven2/com/fasterxml/jackson/jackson-bom/2.19.0/jackson-bom-2.19.0.pom (20 kB at 1.0 MB/s)
#23 26.25 [INFO] Downloading from sonatype-oss-snapshots: https://oss.sonatype.org/content/repositories/snapshots/com/fasterxml/jackson/jackson-parent/2.19/jackson-parent-2.19.pom
#23 26.44 [INFO] Downloading from spring-milestone: https://repo.spring.io/milestone/com/fasterxml/jackson/jackson-parent/2.19/jackson-parent-2.19.pom
#23 26.64 [INFO] Downloading from spring-snapshot: https://repo.spring.io/snapshot/com/fasterxml/jackson/jackson-parent/2.19/jackson-parent-2.19.pom
#23 26.84 [INFO] Downloading from central: https://repo.maven.apache.org/maven2/com/fasterxml/jackson/jackson-parent/2.19/jackson-parent-2.19.pom
#23 26.86 [INFO] Downloaded from central: https://repo.maven.apache.org/maven2/com/fasterxml/jackson/jackson-parent/2.19/jackson-parent-2.19.pom (6.7 kB at 318 kB/s)
#23 26.87 [INFO] Downloading from sonatype-oss-snapshots: https://oss.sonatype.org/content/repositories/snapshots/com/fasterxml/oss-parent/65/oss-parent-65.pom
#23 27.06 [INFO] Downloading from spring-milestone: https://repo.spring.io/milestone/com/fasterxml/oss-parent/65/oss-parent-65.pom
#23 27.26 [INFO] Downloading from spring-snapshot: https://repo.spring.io/snapshot/com/fasterxml/oss-parent/65/oss-parent-65.pom
#23 27.46 [INFO] Downloading from central: https://repo.maven.apache.org/maven2/com/fasterxml/oss-parent/65/oss-parent-65.pom
#23 27.48 [INFO] Downloaded from central: https://repo.maven.apache.org/maven2/com/fasterxml/oss-parent/65/oss-parent-65.pom (23 kB at 1.1 MB/s)
#23 27.48 [INFO] Downloading from sonatype-oss-snapshots: https://oss.sonatype.org/content/repositories/snapshots/org/glassfish/jersey/jersey-bom/3.1.10/jersey-bom-3.1.10.pom
#23 27.67 [INFO] Downloading from spring-milestone: https://repo.spring.io/milestone/org/glassfish/jersey/jersey-bom/3.1.10/jersey-bom-3.1.10.pom
#23 27.87 [INFO] Downloading from spring-snapshot: https://repo.spring.io/snapshot/org/glassfish/jersey/jersey-bom/3.1.10/jersey-bom-3.1.10.pom
#23 28.07 [INFO] Downloading from central: https://repo.maven.apache.org/maven2/org/glassfish/jersey/jersey-bom/3.1.10/jersey-bom-3.1.10.pom
#23 28.10 [INFO] Downloaded from central: https://repo.maven.apache.org/maven2/org/glassfish/jersey/jersey-bom/3.1.10/jersey-bom-3.1.10.pom (21 kB at 945 kB/s)
#23 28.10 [INFO] Downloading from sonatype-oss-snapshots: https://oss.sonatype.org/content/repositories/snapshots/org/eclipse/jetty/ee10/jetty-ee10-bom/12.0.21/jetty-ee10-bom-12.0.21.pom
#23 28.29 [INFO] Downloading from spring-milestone: https://repo.spring.io/milestone/org/eclipse/jetty/ee10/jetty-ee10-bom/12.0.21/jetty-ee10-bom-12.0.21.pom
#23 28.49 [INFO] Downloading from spring-snapshot: https://repo.spring.io/snapshot/org/eclipse/jetty/ee10/jetty-ee10-bom/12.0.21/jetty-ee10-bom-12.0.21.pom
#23 28.70 [INFO] Downloading from central: https://repo.maven.apache.org/maven2/org/eclipse/jetty/ee10/jetty-ee10-bom/12.0.21/jetty-ee10-bom-12.0.21.pom
#23 28.71 [INFO] Downloaded from central: https://repo.maven.apache.org/maven2/org/eclipse/jetty/ee10/jetty-ee10-bom/12.0.21/jetty-ee10-bom-12.0.21.pom (9.6 kB at 531 kB/s)
#23 28.72 [INFO] Downloading from sonatype-oss-snapshots: https://oss.sonatype.org/content/repositories/snapshots/org/eclipse/jetty/jetty-bom/12.0.21/jetty-bom-12.0.21.pom
#23 28.91 [INFO] Downloading from spring-milestone: https://repo.spring.io/milestone/org/eclipse/jetty/jetty-bom/12.0.21/jetty-bom-12.0.21.pom
#23 29.11 [INFO] Downloading from spring-snapshot: https://repo.spring.io/snapshot/org/eclipse/jetty/jetty-bom/12.0.21/jetty-bom-12.0.21.pom
#23 29.31 [INFO] Downloading from central: https://repo.maven.apache.org/maven2/org/eclipse/jetty/jetty-bom/12.0.21/jetty-bom-12.0.21.pom
#23 29.33 [INFO] Downloaded from central: https://repo.maven.apache.org/maven2/org/eclipse/jetty/jetty-bom/12.0.21/jetty-bom-12.0.21.pom (15 kB at 859 kB/s)
#23 29.33 [INFO] Downloading from sonatype-oss-snapshots: https://oss.sonatype.org/content/repositories/snapshots/io/micrometer/micrometer-bom/1.15.0/micrometer-bom-1.15.0.pom
#23 29.52 [INFO] Downloading from spring-milestone: https://repo.spring.io/milestone/io/micrometer/micrometer-bom/1.15.0/micrometer-bom-1.15.0.pom
#23 29.73 [INFO] Downloading from spring-snapshot: https://repo.spring.io/snapshot/io/micrometer/micrometer-bom/1.15.0/micrometer-bom-1.15.0.pom
#23 29.93 [INFO] Downloading from central: https://repo.maven.apache.org/maven2/io/micrometer/micrometer-bom/1.15.0/micrometer-bom-1.15.0.pom
#23 29.95 [INFO] Downloaded from central: https://repo.maven.apache.org/maven2/io/micrometer/micrometer-bom/1.15.0/micrometer-bom-1.15.0.pom (8.6 kB at 476 kB/s)
#23 29.95 [INFO] Downloading from sonatype-oss-snapshots: https://oss.sonatype.org/content/repositories/snapshots/io/micrometer/micrometer-tracing-bom/1.5.0/micrometer-tracing-bom-1.5.0.pom
#23 30.14 [INFO] Downloading from spring-milestone: https://repo.spring.io/milestone/io/micrometer/micrometer-tracing-bom/1.5.0/micrometer-tracing-bom-1.5.0.pom
#23 30.34 [INFO] Downloading from spring-snapshot: https://repo.spring.io/snapshot/io/micrometer/micrometer-tracing-bom/1.5.0/micrometer-tracing-bom-1.5.0.pom
#23 30.54 [INFO] Downloading from central: https://repo.maven.apache.org/maven2/io/micrometer/micrometer-tracing-bom/1.5.0/micrometer-tracing-bom-1.5.0.pom
#23 30.56 [INFO] Downloaded from central: https://repo.maven.apache.org/maven2/io/micrometer/micrometer-tracing-bom/1.5.0/micrometer-tracing-bom-1.5.0.pom (4.5 kB at 266 kB/s)
#23 30.56 [INFO] Downloading from sonatype-oss-snapshots: https://oss.sonatype.org/content/repositories/snapshots/org/mongodb/mongodb-driver-bom/5.4.0/mongodb-driver-bom-5.4.0.pom
#23 30.75 [INFO] Downloading from spring-milestone: https://repo.spring.io/milestone/org/mongodb/mongodb-driver-bom/5.4.0/mongodb-driver-bom-5.4.0.pom
#23 30.96 [INFO] Downloading from spring-snapshot: https://repo.spring.io/snapshot/org/mongodb/mongodb-driver-bom/5.4.0/mongodb-driver-bom-5.4.0.pom
#23 31.16 [INFO] Downloading from central: https://repo.maven.apache.org/maven2/org/mongodb/mongodb-driver-bom/5.4.0/mongodb-driver-bom-5.4.0.pom
#23 31.17 [INFO] Downloaded from central: https://repo.maven.apache.org/maven2/org/mongodb/mongodb-driver-bom/5.4.0/mongodb-driver-bom-5.4.0.pom (4.0 kB at 234 kB/s)
#23 31.17 [INFO] Downloading from sonatype-oss-snapshots: https://oss.sonatype.org/content/repositories/snapshots/io/netty/netty-bom/4.1.121.Final/netty-bom-4.1.121.Final.pom
#23 31.36 [INFO] Downloading from spring-milestone: https://repo.spring.io/milestone/io/netty/netty-bom/4.1.121.Final/netty-bom-4.1.121.Final.pom
#23 31.57 [INFO] Downloading from spring-snapshot: https://repo.spring.io/snapshot/io/netty/netty-bom/4.1.121.Final/netty-bom-4.1.121.Final.pom
#23 31.77 [INFO] Downloading from central: https://repo.maven.apache.org/maven2/io/netty/netty-bom/4.1.121.Final/netty-bom-4.1.121.Final.pom
#23 31.79 [INFO] Downloaded from central: https://repo.maven.apache.org/maven2/io/netty/netty-bom/4.1.121.Final/netty-bom-4.1.121.Final.pom (14 kB at 859 kB/s)
#23 31.79 [INFO] Downloading from sonatype-oss-snapshots: https://oss.sonatype.org/content/repositories/snapshots/io/prometheus/prometheus-metrics-bom/1.3.6/prometheus-metrics-bom-1.3.6.pom
#23 31.98 [INFO] Downloading from spring-milestone: https://repo.spring.io/milestone/io/prometheus/prometheus-metrics-bom/1.3.6/prometheus-metrics-bom-1.3.6.pom
#23 32.18 [INFO] Downloading from spring-snapshot: https://repo.spring.io/snapshot/io/prometheus/prometheus-metrics-bom/1.3.6/prometheus-metrics-bom-1.3.6.pom
#23 32.38 [INFO] Downloading from central: https://repo.maven.apache.org/maven2/io/prometheus/prometheus-metrics-bom/1.3.6/prometheus-metrics-bom-1.3.6.pom
#23 32.40 [INFO] Downloaded from central: https://repo.maven.apache.org/maven2/io/prometheus/prometheus-metrics-bom/1.3.6/prometheus-metrics-bom-1.3.6.pom (5.8 kB at 289 kB/s)
#23 32.40 [INFO] Downloading from sonatype-oss-snapshots: https://oss.sonatype.org/content/repositories/snapshots/io/prometheus/client_java/1.3.6/client_java-1.3.6.pom
#23 32.59 [INFO] Downloading from spring-milestone: https://repo.spring.io/milestone/io/prometheus/client_java/1.3.6/client_java-1.3.6.pom
#23 32.80 [INFO] Downloading from spring-snapshot: https://repo.spring.io/snapshot/io/prometheus/client_java/1.3.6/client_java-1.3.6.pom
#23 32.99 [INFO] Downloading from central: https://repo.maven.apache.org/maven2/io/prometheus/client_java/1.3.6/client_java-1.3.6.pom
#23 33.01 [INFO] Downloaded from central: https://repo.maven.apache.org/maven2/io/prometheus/client_java/1.3.6/client_java-1.3.6.pom (22 kB at 1.2 MB/s)
#23 33.02 [INFO] Downloading from sonatype-oss-snapshots: https://oss.sonatype.org/content/repositories/snapshots/org/apache/pulsar/pulsar-bom/4.0.4/pulsar-bom-4.0.4.pom
#23 33.21 [INFO] Downloading from spring-milestone: https://repo.spring.io/milestone/org/apache/pulsar/pulsar-bom/4.0.4/pulsar-bom-4.0.4.pom
#23 33.41 [INFO] Downloading from spring-snapshot: https://repo.spring.io/snapshot/org/apache/pulsar/pulsar-bom/4.0.4/pulsar-bom-4.0.4.pom
#23 33.61 [INFO] Downloading from central: https://repo.maven.apache.org/maven2/org/apache/pulsar/pulsar-bom/4.0.4/pulsar-bom-4.0.4.pom
#23 33.63 [INFO] Downloaded from central: https://repo.maven.apache.org/maven2/org/apache/pulsar/pulsar-bom/4.0.4/pulsar-bom-4.0.4.pom (25 kB at 1.3 MB/s)
#23 33.63 [INFO] Downloading from sonatype-oss-snapshots: https://oss.sonatype.org/content/repositories/snapshots/io/rest-assured/rest-assured-bom/5.5.2/rest-assured-bom-5.5.2.pom
#23 33.83 [INFO] Downloading from spring-milestone: https://repo.spring.io/milestone/io/rest-assured/rest-assured-bom/5.5.2/rest-assured-bom-5.5.2.pom
#23 34.03 [INFO] Downloading from spring-snapshot: https://repo.spring.io/snapshot/io/rest-assured/rest-assured-bom/5.5.2/rest-assured-bom-5.5.2.pom
#23 34.23 [INFO] Downloading from central: https://repo.maven.apache.org/maven2/io/rest-assured/rest-assured-bom/5.5.2/rest-assured-bom-5.5.2.pom
#23 34.25 [INFO] Downloaded from central: https://repo.maven.apache.org/maven2/io/rest-assured/rest-assured-bom/5.5.2/rest-assured-bom-5.5.2.pom (5.0 kB at 239 kB/s)
#23 34.25 [INFO] Downloading from sonatype-oss-snapshots: https://oss.sonatype.org/content/repositories/snapshots/org/springframework/amqp/spring-amqp-bom/3.2.5/spring-amqp-bom-3.2.5.pom
#23 34.44 [INFO] Downloading from spring-milestone: https://repo.spring.io/milestone/org/springframework/amqp/spring-amqp-bom/3.2.5/spring-amqp-bom-3.2.5.pom
#23 34.64 [INFO] Downloading from spring-snapshot: https://repo.spring.io/snapshot/org/springframework/amqp/spring-amqp-bom/3.2.5/spring-amqp-bom-3.2.5.pom
#23 34.85 [INFO] Downloading from central: https://repo.maven.apache.org/maven2/org/springframework/amqp/spring-amqp-bom/3.2.5/spring-amqp-bom-3.2.5.pom
#23 34.86 [INFO] Downloaded from central: https://repo.maven.apache.org/maven2/org/springframework/amqp/spring-amqp-bom/3.2.5/spring-amqp-bom-3.2.5.pom (3.9 kB at 204 kB/s)
#23 34.87 [INFO] Downloading from sonatype-oss-snapshots: https://oss.sonatype.org/content/repositories/snapshots/org/springframework/batch/spring-batch-bom/5.2.2/spring-batch-bom-5.2.2.pom
#23 35.06 [INFO] Downloading from spring-milestone: https://repo.spring.io/milestone/org/springframework/batch/spring-batch-bom/5.2.2/spring-batch-bom-5.2.2.pom
#23 35.26 [INFO] Downloading from spring-snapshot: https://repo.spring.io/snapshot/org/springframework/batch/spring-batch-bom/5.2.2/spring-batch-bom-5.2.2.pom
#23 35.46 [INFO] Downloading from central: https://repo.maven.apache.org/maven2/org/springframework/batch/spring-batch-bom/5.2.2/spring-batch-bom-5.2.2.pom
#23 35.48 [INFO] Downloaded from central: https://repo.maven.apache.org/maven2/org/springframework/batch/spring-batch-bom/5.2.2/spring-batch-bom-5.2.2.pom (3.2 kB at 180 kB/s)
#23 35.48 [INFO] Downloading from sonatype-oss-snapshots: https://oss.sonatype.org/content/repositories/snapshots/org/springframework/data/spring-data-bom/2025.0.0/spring-data-bom-2025.0.0.pom
#23 35.70 [INFO] Downloading from spring-milestone: https://repo.spring.io/milestone/org/springframework/data/spring-data-bom/2025.0.0/spring-data-bom-2025.0.0.pom
#23 35.90 [INFO] Downloading from spring-snapshot: https://repo.spring.io/snapshot/org/springframework/data/spring-data-bom/2025.0.0/spring-data-bom-2025.0.0.pom
#23 36.10 [INFO] Downloading from central: https://repo.maven.apache.org/maven2/org/springframework/data/spring-data-bom/2025.0.0/spring-data-bom-2025.0.0.pom
#23 36.12 [INFO] Downloaded from central: https://repo.maven.apache.org/maven2/org/springframework/data/spring-data-bom/2025.0.0/spring-data-bom-2025.0.0.pom (5.5 kB at 275 kB/s)
#23 36.13 [INFO] Downloading from sonatype-oss-snapshots: https://oss.sonatype.org/content/repositories/snapshots/org/springframework/spring-framework-bom/6.2.7/spring-framework-bom-6.2.7.pom
#23 36.32 [INFO] Downloading from spring-milestone: https://repo.spring.io/milestone/org/springframework/spring-framework-bom/6.2.7/spring-framework-bom-6.2.7.pom
#23 36.52 [INFO] Downloading from spring-snapshot: https://repo.spring.io/snapshot/org/springframework/spring-framework-bom/6.2.7/spring-framework-bom-6.2.7.pom
#23 36.72 [INFO] Downloading from central: https://repo.maven.apache.org/maven2/org/springframework/spring-framework-bom/6.2.7/spring-framework-bom-6.2.7.pom
#23 36.74 [INFO] Downloaded from central: https://repo.maven.apache.org/maven2/org/springframework/spring-framework-bom/6.2.7/spring-framework-bom-6.2.7.pom (5.8 kB at 342 kB/s)
#23 36.74 [INFO] Downloading from sonatype-oss-snapshots: https://oss.sonatype.org/content/repositories/snapshots/org/springframework/integration/spring-integration-bom/6.5.0/spring-integration-bom-6.5.0.pom
#23 36.93 [INFO] Downloading from spring-milestone: https://repo.spring.io/milestone/org/springframework/integration/spring-integration-bom/6.5.0/spring-integration-bom-6.5.0.pom
#23 37.13 [INFO] Downloading from spring-snapshot: https://repo.spring.io/snapshot/org/springframework/integration/spring-integration-bom/6.5.0/spring-integration-bom-6.5.0.pom
#23 37.33 [INFO] Downloading from central: https://repo.maven.apache.org/maven2/org/springframework/integration/spring-integration-bom/6.5.0/spring-integration-bom-6.5.0.pom
#23 37.35 [INFO] Downloaded from central: https://repo.maven.apache.org/maven2/org/springframework/integration/spring-integration-bom/6.5.0/spring-integration-bom-6.5.0.pom (10 kB at 571 kB/s)
#23 37.35 [INFO] Downloading from sonatype-oss-snapshots: https://oss.sonatype.org/content/repositories/snapshots/org/springframework/pulsar/spring-pulsar-bom/1.2.6/spring-pulsar-bom-1.2.6.pom
#23 37.54 [INFO] Downloading from spring-milestone: https://repo.spring.io/milestone/org/springframework/pulsar/spring-pulsar-bom/1.2.6/spring-pulsar-bom-1.2.6.pom
#23 37.74 [INFO] Downloading from spring-snapshot: https://repo.spring.io/snapshot/org/springframework/pulsar/spring-pulsar-bom/1.2.6/spring-pulsar-bom-1.2.6.pom
#23 37.94 [INFO] Downloading from central: https://repo.maven.apache.org/maven2/org/springframework/pulsar/spring-pulsar-bom/1.2.6/spring-pulsar-bom-1.2.6.pom
#23 37.96 [INFO] Downloaded from central: https://repo.maven.apache.org/maven2/org/springframework/pulsar/spring-pulsar-bom/1.2.6/spring-pulsar-bom-1.2.6.pom (2.9 kB at 172 kB/s)
#23 37.96 [INFO] Downloading from sonatype-oss-snapshots: https://oss.sonatype.org/content/repositories/snapshots/org/springframework/restdocs/spring-restdocs-bom/3.0.3/spring-restdocs-bom-3.0.3.pom
#23 38.15 [INFO] Downloading from spring-milestone: https://repo.spring.io/milestone/org/springframework/restdocs/spring-restdocs-bom/3.0.3/spring-restdocs-bom-3.0.3.pom
#23 38.35 [INFO] Downloading from spring-snapshot: https://repo.spring.io/snapshot/org/springframework/restdocs/spring-restdocs-bom/3.0.3/spring-restdocs-bom-3.0.3.pom
#23 38.55 [INFO] Downloading from central: https://repo.maven.apache.org/maven2/org/springframework/restdocs/spring-restdocs-bom/3.0.3/spring-restdocs-bom-3.0.3.pom
#23 38.57 [INFO] Downloaded from central: https://repo.maven.apache.org/maven2/org/springframework/restdocs/spring-restdocs-bom/3.0.3/spring-restdocs-bom-3.0.3.pom (2.6 kB at 143 kB/s)
#23 38.57 [INFO] Downloading from sonatype-oss-snapshots: https://oss.sonatype.org/content/repositories/snapshots/org/springframework/security/spring-security-bom/6.5.0/spring-security-bom-6.5.0.pom
#23 38.76 [INFO] Downloading from spring-milestone: https://repo.spring.io/milestone/org/springframework/security/spring-security-bom/6.5.0/spring-security-bom-6.5.0.pom
#23 38.97 [INFO] Downloading from spring-snapshot: https://repo.spring.io/snapshot/org/springframework/security/spring-security-bom/6.5.0/spring-security-bom-6.5.0.pom
#23 39.17 [INFO] Downloading from central: https://repo.maven.apache.org/maven2/org/springframework/security/spring-security-bom/6.5.0/spring-security-bom-6.5.0.pom
#23 39.19 [INFO] Downloaded from central: https://repo.maven.apache.org/maven2/org/springframework/security/spring-security-bom/6.5.0/spring-security-bom-6.5.0.pom (5.3 kB at 296 kB/s)
#23 39.19 [INFO] Downloading from sonatype-oss-snapshots: https://oss.sonatype.org/content/repositories/snapshots/org/springframework/session/spring-session-bom/3.5.0/spring-session-bom-3.5.0.pom
#23 39.38 [INFO] Downloading from spring-milestone: https://repo.spring.io/milestone/org/springframework/session/spring-session-bom/3.5.0/spring-session-bom-3.5.0.pom
#23 39.58 [INFO] Downloading from spring-snapshot: https://repo.spring.io/snapshot/org/springframework/session/spring-session-bom/3.5.0/spring-session-bom-3.5.0.pom
#23 39.78 [INFO] Downloading from central: https://repo.maven.apache.org/maven2/org/springframework/session/spring-session-bom/3.5.0/spring-session-bom-3.5.0.pom
#23 39.80 [INFO] Downloaded from central: https://repo.maven.apache.org/maven2/org/springframework/session/spring-session-bom/3.5.0/spring-session-bom-3.5.0.pom (2.9 kB at 145 kB/s)
#23 39.80 [INFO] Downloading from sonatype-oss-snapshots: https://oss.sonatype.org/content/repositories/snapshots/org/springframework/ws/spring-ws-bom/4.1.0/spring-ws-bom-4.1.0.pom
#23 39.99 [INFO] Downloading from spring-milestone: https://repo.spring.io/milestone/org/springframework/ws/spring-ws-bom/4.1.0/spring-ws-bom-4.1.0.pom
#23 40.20 [INFO] Downloading from spring-snapshot: https://repo.spring.io/snapshot/org/springframework/ws/spring-ws-bom/4.1.0/spring-ws-bom-4.1.0.pom
#23 40.40 [INFO] Downloading from central: https://repo.maven.apache.org/maven2/org/springframework/ws/spring-ws-bom/4.1.0/spring-ws-bom-4.1.0.pom
#23 40.42 [INFO] Downloaded from central: https://repo.maven.apache.org/maven2/org/springframework/ws/spring-ws-bom/4.1.0/spring-ws-bom-4.1.0.pom (2.3 kB at 136 kB/s)
#23 40.42 [INFO] Downloading from sonatype-oss-snapshots: https://oss.sonatype.org/content/repositories/snapshots/org/testcontainers/testcontainers-bom/1.21.0/testcontainers-bom-1.21.0.pom
#23 40.61 [INFO] Downloading from spring-milestone: https://repo.spring.io/milestone/org/testcontainers/testcontainers-bom/1.21.0/testcontainers-bom-1.21.0.pom
#23 40.81 [INFO] Downloading from spring-snapshot: https://repo.spring.io/snapshot/org/testcontainers/testcontainers-bom/1.21.0/testcontainers-bom-1.21.0.pom
#23 41.02 [INFO] Downloading from central: https://repo.maven.apache.org/maven2/org/testcontainers/testcontainers-bom/1.21.0/testcontainers-bom-1.21.0.pom
#23 41.03 [INFO] Downloaded from central: https://repo.maven.apache.org/maven2/org/testcontainers/testcontainers-bom/1.21.0/testcontainers-bom-1.21.0.pom (12 kB at 641 kB/s)
#23 41.04 [INFO] Downloading from central: https://repo.maven.apache.org/maven2/org/mybatis/spring/boot/mybatis-spring-boot-autoconfigure/3.0.5/mybatis-spring-boot-autoconfigure-3.0.5.pom
#23 41.06 [INFO] Downloaded from central: https://repo.maven.apache.org/maven2/org/mybatis/spring/boot/mybatis-spring-boot-autoconfigure/3.0.5/mybatis-spring-boot-autoconfigure-3.0.5.pom (4.1 kB at 216 kB/s)
#23 41.06 [INFO] Downloading from central: https://repo.maven.apache.org/maven2/org/mybatis/mybatis/3.5.19/mybatis-3.5.19.pom
#23 41.08 [INFO] Downloaded from central: https://repo.maven.apache.org/maven2/org/mybatis/mybatis/3.5.19/mybatis-3.5.19.pom (16 kB at 824 kB/s)
#23 41.08 [INFO] Downloading from central: https://repo.maven.apache.org/maven2/org/mybatis/mybatis-parent/48/mybatis-parent-48.pom
#23 41.10 [INFO] Downloaded from central: https://repo.maven.apache.org/maven2/org/mybatis/mybatis-parent/48/mybatis-parent-48.pom (50 kB at 2.3 MB/s)
#23 41.10 [INFO] Downloading from central: https://repo.maven.apache.org/maven2/org/mybatis/mybatis-spring/3.0.5/mybatis-spring-3.0.5.pom
#23 41.12 [INFO] Downloaded from central: https://repo.maven.apache.org/maven2/org/mybatis/mybatis-spring/3.0.5/mybatis-spring-3.0.5.pom (15 kB at 769 kB/s)
#23 41.12 [INFO] Downloading from central: https://repo.maven.apache.org/maven2/org/flywaydb/flyway-core/11.7.2/flyway-core-11.7.2.pom
#23 41.14 [INFO] Downloaded from central: https://repo.maven.apache.org/maven2/org/flywaydb/flyway-core/11.7.2/flyway-core-11.7.2.pom (5.6 kB at 313 kB/s)
#23 41.14 [INFO] Downloading from central: https://repo.maven.apache.org/maven2/org/flywaydb/flyway-parent/11.7.2/flyway-parent-11.7.2.pom
#23 41.16 [INFO] Downloaded from central: https://repo.maven.apache.org/maven2/org/flywaydb/flyway-parent/11.7.2/flyway-parent-11.7.2.pom (36 kB at 1.9 MB/s)
#23 41.16 [INFO] Downloading from central: https://repo.maven.apache.org/maven2/com/fasterxml/jackson/dataformat/jackson-dataformat-toml/2.21.4/jackson-dataformat-toml-2.21.4.pom
#23 41.18 [INFO] Downloaded from central: https://repo.maven.apache.org/maven2/com/fasterxml/jackson/dataformat/jackson-dataformat-toml/2.21.4/jackson-dataformat-toml-2.21.4.pom (3.8 kB at 225 kB/s)
#23 41.19 [INFO] Downloading from central: https://repo.maven.apache.org/maven2/org/springframework/boot/spring-boot-starter-data-jpa/3.5.16/spring-boot-starter-data-jpa-3.5.16.jar
#23 41.20 [INFO] Downloaded from central: https://repo.maven.apache.org/maven2/org/springframework/boot/spring-boot-starter-data-jpa/3.5.16/spring-boot-starter-data-jpa-3.5.16.jar (4.8 kB at 265 kB/s)
#23 41.20 [INFO] Downloading from central: https://repo.maven.apache.org/maven2/org/springframework/boot/spring-boot-starter-jdbc/3.5.16/spring-boot-starter-jdbc-3.5.16.jar
#23 41.20 [INFO] Downloading from central: https://repo.maven.apache.org/maven2/com/zaxxer/HikariCP/6.3.3/HikariCP-6.3.3.jar
#23 41.20 [INFO] Downloading from central: https://repo.maven.apache.org/maven2/org/hibernate/orm/hibernate-core/6.6.53.Final/hibernate-core-6.6.53.Final.jar
#23 41.20 [INFO] Downloading from central: https://repo.maven.apache.org/maven2/jakarta/transaction/jakarta.transaction-api/2.0.1/jakarta.transaction-api-2.0.1.jar
#23 41.20 [INFO] Downloading from central: https://repo.maven.apache.org/maven2/org/hibernate/common/hibernate-commons-annotations/7.0.3.Final/hibernate-commons-annotations-7.0.3.Final.jar
#23 41.22 [INFO] Downloaded from central: https://repo.maven.apache.org/maven2/org/springframework/boot/spring-boot-starter-jdbc/3.5.16/spring-boot-starter-jdbc-3.5.16.jar (4.8 kB at 251 kB/s)
#23 41.22 [INFO] Downloading from central: https://repo.maven.apache.org/maven2/io/smallrye/jandex/3.2.0/jandex-3.2.0.jar
#23 41.23 [INFO] Downloaded from central: https://repo.maven.apache.org/maven2/jakarta/transaction/jakarta.transaction-api/2.0.1/jakarta.transaction-api-2.0.1.jar (29 kB at 1.1 MB/s)
#23 41.23 [INFO] Downloading from central: https://repo.maven.apache.org/maven2/org/glassfish/jaxb/jaxb-runtime/4.0.9/jaxb-runtime-4.0.9.jar
#23 41.23 [INFO] Downloaded from central: https://repo.maven.apache.org/maven2/com/zaxxer/HikariCP/6.3.3/HikariCP-6.3.3.jar (172 kB at 5.7 MB/s)
#23 41.23 [INFO] Downloading from central: https://repo.maven.apache.org/maven2/org/glassfish/jaxb/jaxb-core/4.0.9/jaxb-core-4.0.9.jar
#23 41.24 [INFO] Downloaded from central: https://repo.maven.apache.org/maven2/org/hibernate/common/hibernate-commons-annotations/7.0.3.Final/hibernate-commons-annotations-7.0.3.Final.jar (68 kB at 2.0 MB/s)
#23 41.24 [INFO] Downloading from central: https://repo.maven.apache.org/maven2/org/eclipse/angus/angus-activation/2.0.3/angus-activation-2.0.3.jar
#23 41.26 [INFO] Downloaded from central: https://repo.maven.apache.org/maven2/org/eclipse/angus/angus-activation/2.0.3/angus-activation-2.0.3.jar (27 kB at 461 kB/s)
#23 41.26 [INFO] Downloading from central: https://repo.maven.apache.org/maven2/org/glassfish/jaxb/txw2/4.0.9/txw2-4.0.9.jar
#23 41.27 [INFO] Downloaded from central: https://repo.maven.apache.org/maven2/org/glassfish/jaxb/jaxb-core/4.0.9/jaxb-core-4.0.9.jar (139 kB at 2.2 MB/s)
#23 41.27 [INFO] Downloading from central: https://repo.maven.apache.org/maven2/com/sun/istack/istack-commons-runtime/4.1.2/istack-commons-runtime-4.1.2.jar
#23 41.29 [INFO] Downloaded from central: https://repo.maven.apache.org/maven2/org/glassfish/jaxb/txw2/4.0.9/txw2-4.0.9.jar (73 kB at 842 kB/s)
#23 41.29 [INFO] Downloading from central: https://repo.maven.apache.org/maven2/org/antlr/antlr4-runtime/4.13.2/antlr4-runtime-4.13.2.jar
#23 41.29 [INFO] Downloaded from central: https://repo.maven.apache.org/maven2/com/sun/istack/istack-commons-runtime/4.1.2/istack-commons-runtime-4.1.2.jar (26 kB at 287 kB/s)
#23 41.29 [INFO] Downloading from central: https://repo.maven.apache.org/maven2/org/springframework/data/spring-data-jpa/3.5.13/spring-data-jpa-3.5.13.jar
#23 41.30 [INFO] Downloaded from central: https://repo.maven.apache.org/maven2/org/glassfish/jaxb/jaxb-runtime/4.0.9/jaxb-runtime-4.0.9.jar (922 kB at 9.6 MB/s)
#23 41.30 [INFO] Downloading from central: https://repo.maven.apache.org/maven2/org/springframework/data/spring-data-commons/3.5.13/spring-data-commons-3.5.13.jar
#23 41.31 [INFO] Downloaded from central: https://repo.maven.apache.org/maven2/io/smallrye/jandex/3.2.0/jandex-3.2.0.jar (375 kB at 3.6 MB/s)
#23 41.31 [INFO] Downloading from central: https://repo.maven.apache.org/maven2/org/springframework/spring-aspects/6.2.19/spring-aspects-6.2.19.jar
#23 41.38 [INFO] Downloaded from central: https://repo.maven.apache.org/maven2/org/springframework/spring-aspects/6.2.19/spring-aspects-6.2.19.jar (50 kB at 291 kB/s)
#23 41.38 [INFO] Downloading from central: https://repo.maven.apache.org/maven2/org/aspectj/aspectjweaver/1.9.25.1/aspectjweaver-1.9.25.1.jar
#23 41.44 [INFO] Downloaded from central: https://repo.maven.apache.org/maven2/org/springframework/data/spring-data-commons/3.5.13/spring-data-commons-3.5.13.jar (1.5 MB at 6.6 MB/s)
#23 41.44 [INFO] Downloading from central: https://repo.maven.apache.org/maven2/org/mybatis/spring/boot/mybatis-spring-boot-starter/3.0.5/mybatis-spring-boot-starter-3.0.5.jar
#23 41.44 [INFO] Downloaded from central: https://repo.maven.apache.org/maven2/org/springframework/data/spring-data-jpa/3.5.13/spring-data-jpa-3.5.13.jar (1.8 MB at 7.9 MB/s)
#23 41.44 [INFO] Downloading from central: https://repo.maven.apache.org/maven2/org/mybatis/spring/boot/mybatis-spring-boot-autoconfigure/3.0.5/mybatis-spring-boot-autoconfigure-3.0.5.jar
#23 41.47 [INFO] Downloaded from central: https://repo.maven.apache.org/maven2/org/mybatis/spring/boot/mybatis-spring-boot-autoconfigure/3.0.5/mybatis-spring-boot-autoconfigure-3.0.5.jar (37 kB at 143 kB/s)
#23 41.47 [INFO] Downloading from central: https://repo.maven.apache.org/maven2/org/mybatis/mybatis/3.5.19/mybatis-3.5.19.jar
#23 41.47 [INFO] Downloaded from central: https://repo.maven.apache.org/maven2/org/mybatis/spring/boot/mybatis-spring-boot-starter/3.0.5/mybatis-spring-boot-starter-3.0.5.jar (3.7 kB at 14 kB/s)
#23 41.47 [INFO] Downloading from central: https://repo.maven.apache.org/maven2/org/mybatis/mybatis-spring/3.0.5/mybatis-spring-3.0.5.jar
#23 41.50 [INFO] Downloaded from central: https://repo.maven.apache.org/maven2/org/mybatis/mybatis-spring/3.0.5/mybatis-spring-3.0.5.jar (83 kB at 277 kB/s)
#23 41.50 [INFO] Downloading from central: https://repo.maven.apache.org/maven2/org/flywaydb/flyway-core/11.7.2/flyway-core-11.7.2.jar
#23 41.59 [INFO] Downloaded from central: https://repo.maven.apache.org/maven2/org/mybatis/mybatis/3.5.19/mybatis-3.5.19.jar (1.8 MB at 4.7 MB/s)
#23 41.59 [INFO] Downloading from central: https://repo.maven.apache.org/maven2/com/fasterxml/jackson/dataformat/jackson-dataformat-toml/2.21.4/jackson-dataformat-toml-2.21.4.jar
#23 41.59 [INFO] Downloaded from central: https://repo.maven.apache.org/maven2/org/flywaydb/flyway-core/11.7.2/flyway-core-11.7.2.jar (698 kB at 1.8 MB/s)
#23 41.61 [INFO] Downloaded from central: https://repo.maven.apache.org/maven2/org/antlr/antlr4-runtime/4.13.2/antlr4-runtime-4.13.2.jar (326 kB at 802 kB/s)
#23 41.61 [INFO] Downloaded from central: https://repo.maven.apache.org/maven2/org/hibernate/orm/hibernate-core/6.6.53.Final/hibernate-core-6.6.53.Final.jar (12 MB at 30 MB/s)
#23 41.61 [INFO] Downloaded from central: https://repo.maven.apache.org/maven2/com/fasterxml/jackson/dataformat/jackson-dataformat-toml/2.21.4/jackson-dataformat-toml-2.21.4.jar (58 kB at 141 kB/s)
#23 41.74 [INFO] Downloaded from central: https://repo.maven.apache.org/maven2/org/aspectj/aspectjweaver/1.9.25.1/aspectjweaver-1.9.25.1.jar (2.2 MB at 4.1 MB/s)
#23 41.75 [INFO] 
#23 41.75 [INFO] --- clean:3.4.1:clean (default-clean) @ framework-spring-boot-starter ---
#23 41.75 [INFO] 
#23 41.75 [INFO] --- resources:3.3.1:resources (default-resources) @ framework-spring-boot-starter ---
#23 41.75 [INFO] skip non existing resourceDirectory /workspace/backend/framework-spring-boot-starter/src/main/resources
#23 41.75 [INFO] skip non existing resourceDirectory /workspace/backend/framework-spring-boot-starter/src/main/resources
#23 41.75 [INFO] 
#23 41.75 [INFO] --- compiler:3.14.1:compile (default-compile) @ framework-spring-boot-starter ---
#23 41.75 [INFO] No sources to compile
#23 41.75 [INFO] 
#23 41.75 [INFO] --- resources:3.3.1:testResources (default-testResources) @ framework-spring-boot-starter ---
#23 41.75 [INFO] skip non existing resourceDirectory /workspace/backend/framework-spring-boot-starter/src/test/resources
#23 41.75 [INFO] 
#23 41.75 [INFO] --- compiler:3.14.1:testCompile (default-testCompile) @ framework-spring-boot-starter ---
#23 41.75 [INFO] No sources to compile
#23 41.75 [INFO] 
#23 41.75 [INFO] --- surefire:3.5.6:test (default-test) @ framework-spring-boot-starter ---
#23 41.75 [INFO] No tests to run.
#23 41.75 [INFO] 
#23 41.75 [INFO] --- jar:3.4.2:jar (default-jar) @ framework-spring-boot-starter ---
#23 41.75 [WARNING] JAR will be empty - no content was marked for inclusion!
#23 41.76 [INFO] Building jar: /workspace/backend/framework-spring-boot-starter/target/framework-spring-boot-starter-0.3.0-SNAPSHOT.jar
#23 41.76 [INFO] 
#23 41.76 [INFO] ------------------< dev.scframework:sc-reference-app >------------------
#23 41.76 [INFO] Building ScFramework neutral reference app 0.3.0-SNAPSHOT          [5/6]
#23 41.76 [INFO]   from reference-app/pom.xml
#23 41.76 [INFO] --------------------------------[ jar ]---------------------------------
#23 41.76 [INFO] Downloading from central: https://repo.maven.apache.org/maven2/org/springframework/boot/spring-boot-maven-plugin/3.5.16/spring-boot-maven-plugin-3.5.16.pom
#23 41.78 [INFO] Downloaded from central: https://repo.maven.apache.org/maven2/org/springframework/boot/spring-boot-maven-plugin/3.5.16/spring-boot-maven-plugin-3.5.16.pom (4.0 kB at 201 kB/s)
#23 41.78 [INFO] Downloading from central: https://repo.maven.apache.org/maven2/org/springframework/boot/spring-boot-maven-plugin/3.5.16/spring-boot-maven-plugin-3.5.16.jar
#23 41.81 [INFO] Downloaded from central: https://repo.maven.apache.org/maven2/org/springframework/boot/spring-boot-maven-plugin/3.5.16/spring-boot-maven-plugin-3.5.16.jar (138 kB at 4.6 MB/s)
#23 41.82 [INFO] Downloading from central: https://repo.maven.apache.org/maven2/org/mapstruct/mapstruct/1.6.3/mapstruct-1.6.3.pom
#23 41.83 [INFO] Downloaded from central: https://repo.maven.apache.org/maven2/org/mapstruct/mapstruct/1.6.3/mapstruct-1.6.3.pom (1.7 kB at 109 kB/s)
#23 41.84 [INFO] Downloading from central: https://repo.maven.apache.org/maven2/org/mapstruct/mapstruct/1.6.3/mapstruct-1.6.3.jar
#23 41.86 [INFO] Downloaded from central: https://repo.maven.apache.org/maven2/org/mapstruct/mapstruct/1.6.3/mapstruct-1.6.3.jar (34 kB at 1.7 MB/s)
#23 41.86 [INFO] 
#23 41.86 [INFO] --- clean:3.4.1:clean (default-clean) @ sc-reference-app ---
#23 41.86 [INFO] 
#23 41.86 [INFO] --- resources:3.3.1:resources (default-resources) @ sc-reference-app ---
#23 41.87 [INFO] Copying 11 resources from src/main/resources to target/classes
#23 41.87 [INFO] Copying 43 resources from ../../frontend/apps/reference-app/dist to target/classes/static
#23 41.87 [INFO] 
#23 41.87 [INFO] --- compiler:3.14.1:compile (default-compile) @ sc-reference-app ---
#23 41.87 [INFO] Recompiling the module because of changed dependency.
#23 41.87 [INFO] Compiling 88 source files with javac [debug parameters release 21] to target/classes
#23 42.89 [INFO] /workspace/backend/reference-app/src/main/java/dev/scframework/reference/documents/DocumentGrammar.java: /workspace/backend/reference-app/src/main/java/dev/scframework/reference/documents/DocumentGrammar.java uses or overrides a deprecated API.
#23 42.89 [INFO] /workspace/backend/reference-app/src/main/java/dev/scframework/reference/documents/DocumentGrammar.java: Recompile with -Xlint:deprecation for details.
#23 42.89 [INFO] 
#23 42.89 [INFO] --- resources:3.3.1:testResources (default-testResources) @ sc-reference-app ---
#23 42.89 [INFO] Copying 1 resource from src/test/resources to target/test-classes
#23 42.89 [INFO] 
#23 42.89 [INFO] --- compiler:3.14.1:testCompile (default-testCompile) @ sc-reference-app ---
#23 42.89 [INFO] Recompiling the module because of changed dependency.
#23 42.89 [INFO] Compiling 21 source files with javac [debug parameters release 21] to target/test-classes
#23 43.57 [INFO] 
#23 43.57 [INFO] --- surefire:3.5.6:test (default-test) @ sc-reference-app ---
#23 43.57 [INFO] Using auto detected provider org.apache.maven.surefire.junitplatform.JUnitPlatformProvider
#23 43.57 [INFO] 
#23 43.57 [INFO] -------------------------------------------------------
#23 43.57 [INFO]  T E S T S
#23 43.57 [INFO] -------------------------------------------------------
#23 43.87 [INFO] Running dev.scframework.reference.kanban.KanbanIntegrationTest
#23 43.99 22:47:35.579 [main] INFO org.springframework.test.context.support.AnnotationConfigContextLoaderUtils -- Could not detect default configuration classes for test class [dev.scframework.reference.kanban.KanbanIntegrationTest]: KanbanIntegrationTest does not declare any static, non-private, non-final, nested classes annotated with @Configuration.
#23 43.99 22:47:35.645 [main] INFO org.springframework.boot.test.context.SpringBootTestContextBootstrapper -- Found @SpringBootConfiguration dev.scframework.reference.ReferenceApplication for test class dev.scframework.reference.kanban.KanbanIntegrationTest
#23 44.30 
#23 44.30   .   ____          _            __ _ _
#23 44.30  /\\ / ___'_ __ _ _(_)_ __  __ _ \ \ \ \
#23 44.30 ( ( )\___ | '_ | '_| | '_ \/ _` | \ \ \ \
#23 44.30  \\/  ___)| |_)| | | | | || (_| |  ) ) ) )
#23 44.30   '  |____| .__|_| |_|_| |_\__, | / / / /
#23 44.30  =========|_|==============|___/=/_/_/_/
#23 44.30 
#23 44.30  :: Spring Boot ::               (v3.5.16)
#23 44.30 
#23 44.30 2026-10-06T22:47:35.906Z  INFO [requestId:] 418 --- [sc-reference-app] [           main] [                                                 ] d.s.r.kanban.KanbanIntegrationTest       : Starting KanbanIntegrationTest using Java 21.0.12.1 with PID 418 (started by root in /workspace/backend/reference-app)
#23 44.30 2026-10-06T22:47:35.908Z  INFO [requestId:] 418 --- [sc-reference-app] [           main] [                                                 ] d.s.r.kanban.KanbanIntegrationTest       : No active profile set, falling back to 1 default profile: "default"
#23 44.70 2026-10-06T22:47:36.316Z  INFO [requestId:] 418 --- [sc-reference-app] [           main] [                                                 ] .s.d.r.c.RepositoryConfigurationDelegate : Bootstrapping Spring Data JPA repositories in DEFAULT mode.
#23 44.80 2026-10-06T22:47:36.372Z  INFO [requestId:] 418 --- [sc-reference-app] [           main] [                                                 ] .s.d.r.c.RepositoryConfigurationDelegate : Finished Spring Data repository scanning in 52 ms. Found 18 JPA repository interfaces.
#23 44.80 2026-10-06T22:47:36.450Z  INFO [requestId:] 418 --- [sc-reference-app] [           main] [                                                 ] o.s.cloud.context.scope.GenericScope     : BeanFactory id=e9fb348b-1f30-3c72-a846-8349f9ab416e
#23 45.00 2026-10-06T22:47:36.595Z  INFO [requestId:] 418 --- [sc-reference-app] [           main] [                                                 ] com.zaxxer.hikari.HikariDataSource       : HikariPool-1 - Starting...
#23 45.00 2026-10-06T22:47:36.652Z  INFO [requestId:] 418 --- [sc-reference-app] [           main] [                                                 ] com.zaxxer.hikari.pool.HikariPool        : HikariPool-1 - Added connection conn0: url=jdbc:h2:mem:kanban-sc-kanban-010-7119022591422616643 user=SA
#23 45.00 2026-10-06T22:47:36.653Z  INFO [requestId:] 418 --- [sc-reference-app] [           main] [                                                 ] com.zaxxer.hikari.HikariDataSource       : HikariPool-1 - Start completed.
#23 45.10 2026-10-06T22:47:36.672Z  INFO [requestId:] 418 --- [sc-reference-app] [           main] [                                                 ] org.flywaydb.core.FlywayExecutor         : Database: jdbc:h2:mem:kanban-sc-kanban-010-7119022591422616643 (H2 2.3)
#23 45.10 2026-10-06T22:47:36.683Z  INFO [requestId:] 418 --- [sc-reference-app] [           main] [                                                 ] o.f.c.i.s.JdbcTableSchemaHistory         : Schema history table "PUBLIC"."flyway_schema_history" does not exist yet
#23 45.10 2026-10-06T22:47:36.684Z  INFO [requestId:] 418 --- [sc-reference-app] [           main] [                                                 ] o.f.core.internal.command.DbValidate     : Successfully validated 5 migrations (execution time 00:00.005s)
#23 45.10 2026-10-06T22:47:36.687Z  INFO [requestId:] 418 --- [sc-reference-app] [           main] [                                                 ] o.f.c.i.s.JdbcTableSchemaHistory         : Creating Schema History table "PUBLIC"."flyway_schema_history" ...
#23 45.10 2026-10-06T22:47:36.701Z  INFO [requestId:] 418 --- [sc-reference-app] [           main] [                                                 ] o.f.core.internal.command.DbMigrate      : Current version of schema "PUBLIC": << Empty Schema >>
#23 45.10 2026-10-06T22:47:36.704Z  INFO [requestId:] 418 --- [sc-reference-app] [           main] [                                                 ] o.f.core.internal.command.DbMigrate      : Migrating schema "PUBLIC" to version "1 - example baseline"
#23 45.10 2026-10-06T22:47:36.712Z  INFO [requestId:] 418 --- [sc-reference-app] [           main] [                                                 ] o.f.core.internal.command.DbMigrate      : Migrating schema "PUBLIC" to version "2 - requirements baseline"
#23 45.10 2026-10-06T22:47:36.722Z  INFO [requestId:] 418 --- [sc-reference-app] [           main] [                                                 ] o.f.core.internal.command.DbMigrate      : Migrating schema "PUBLIC" to version "3 - security audit"
#23 45.10 2026-10-06T22:47:36.729Z  INFO [requestId:] 418 --- [sc-reference-app] [           main] [                                                 ] o.f.core.internal.command.DbMigrate      : Migrating schema "PUBLIC" to version "4 - media and files"
#23 45.10 2026-10-06T22:47:36.742Z  INFO [requestId:] 418 --- [sc-reference-app] [           main] [                                                 ] o.f.core.internal.command.DbMigrate      : Migrating schema "PUBLIC" to version "5 - kanban and documents"
#23 45.10 2026-10-06T22:47:36.750Z  INFO [requestId:] 418 --- [sc-reference-app] [           main] [                                                 ] o.f.core.internal.command.DbMigrate      : Successfully applied 5 migrations to schema "PUBLIC", now at version v5 (execution time 00:00.026s)
#23 45.20 2026-10-06T22:47:36.792Z  INFO [requestId:] 418 --- [sc-reference-app] [           main] [                                                 ] o.hibernate.jpa.internal.util.LogHelper  : HHH000204: Processing PersistenceUnitInfo [name: default]
#23 45.20 2026-10-06T22:47:36.810Z  INFO [requestId:] 418 --- [sc-reference-app] [           main] [                                                 ] org.hibernate.Version                    : HHH000412: Hibernate ORM core version 6.6.53.Final
#23 45.20 2026-10-06T22:47:36.820Z  INFO [requestId:] 418 --- [sc-reference-app] [           main] [                                                 ] o.h.c.internal.RegionFactoryInitiator    : HHH000026: Second-level cache disabled
#23 45.31 2026-10-06T22:47:36.908Z  INFO [requestId:] 418 --- [sc-reference-app] [           main] [                                                 ] o.s.o.j.p.SpringPersistenceUnitInfo      : No LoadTimeWeaver setup: ignoring JPA class transformer
#23 45.31 2026-10-06T22:47:36.943Z  INFO [requestId:] 418 --- [sc-reference-app] [           main] [                                                 ] org.hibernate.orm.connections.pooling    : HHH10001005: Database info:
#23 45.31 	Database JDBC URL [Connecting through datasource 'HikariDataSource (HikariPool-1)']
#23 45.31 	Database driver: undefined/unknown
#23 45.31 	Database version: 2.3.232
#23 45.31 	Autocommit mode: undefined/unknown
#23 45.31 	Isolation level: undefined/unknown
#23 45.31 	Minimum pool size: undefined/unknown
#23 45.31 	Maximum pool size: undefined/unknown
#23 45.71 2026-10-06T22:47:37.327Z  INFO [requestId:] 418 --- [sc-reference-app] [           main] [                                                 ] o.h.e.t.j.p.i.JtaPlatformInitiator       : HHH000489: No JTA platform available (set 'hibernate.transaction.jta.platform' to enable JTA platform integration)
#23 45.71 2026-10-06T22:47:37.337Z  INFO [requestId:] 418 --- [sc-reference-app] [           main] [                                                 ] j.LocalContainerEntityManagerFactoryBean : Initialized JPA EntityManagerFactory for persistence unit 'default'
#23 45.81 2026-10-06T22:47:37.436Z  INFO [requestId:] 418 --- [sc-reference-app] [           main] [                                                 ] o.s.d.j.r.query.QueryEnhancerFactory     : Hibernate is in classpath; If applicable, HQL parser will be used.
#23 46.32 2026-10-06T22:47:37.953Z  INFO [requestId:] 418 --- [sc-reference-app] [           main] [                                                 ] o.s.b.a.w.s.WelcomePageHandlerMapping    : Adding welcome page: class path resource [static/index.html]
#23 46.42 2026-10-06T22:47:38.060Z  INFO [requestId:] 418 --- [sc-reference-app] [           main] [                                                 ] r$InitializeUserDetailsManagerConfigurer : Global AuthenticationManager configured with UserDetailsService bean with name referenceUsers
#23 46.52 2026-10-06T22:47:38.127Z  INFO [requestId:] 418 --- [sc-reference-app] [           main] [                                                 ] o.s.b.a.e.web.EndpointLinksResolver      : Exposing 1 endpoint beneath base path '/actuator'
#23 46.62 2026-10-06T22:47:38.231Z  INFO [requestId:] 418 --- [sc-reference-app] [           main] [                                                 ] o.s.b.t.m.w.SpringBootMockServletContext : Initializing Spring TestDispatcherServlet ''
#23 46.62 2026-10-06T22:47:38.231Z  INFO [requestId:] 418 --- [sc-reference-app] [           main] [                                                 ] o.s.t.web.servlet.TestDispatcherServlet  : Initializing Servlet ''
#23 46.62 2026-10-06T22:47:38.231Z  INFO [requestId:] 418 --- [sc-reference-app] [           main] [                                                 ] o.s.t.web.servlet.TestDispatcherServlet  : Completed initialization in 0 ms
#23 46.62 2026-10-06T22:47:38.272Z  INFO [requestId:] 418 --- [sc-reference-app] [           main] [                                                 ] d.s.r.kanban.KanbanIntegrationTest       : Started KanbanIntegrationTest in 2.522 seconds (process running for 3.029)
#23 46.83 Mockito is currently self-attaching to enable the inline-mock-maker. This will no longer work in future releases of the JDK. Please add Mockito as an agent to your build as described in Mockito's documentation: https://javadoc.io/doc/org.mockito/mockito-core/latest/org.mockito/org/mockito/Mockito.html#0.3
#23 46.93 OpenJDK 64-Bit Server VM warning: Sharing is only supported for boot loader classes because bootstrap classpath has been appended
#23 46.93 WARNING: A Java agent has been loaded dynamically (/root/.m2/repository/net/bytebuddy/byte-buddy-agent/1.17.8/byte-buddy-agent-1.17.8.jar)
#23 46.93 WARNING: If a serviceability tool is in use, please run with -XX:+EnableDynamicAgentLoading to hide this warning
#23 46.93 WARNING: If a serviceability tool is not in use, please run with -Djdk.instrument.traceUsage for more information
#23 46.93 WARNING: Dynamic loading of agents will be disallowed by default in a future release
#23 50.81 2026-10-06T22:47:42.467Z  WARN [requestId:6e373234-25e8-4e72-88c0-9ef3cbd326ca] 418 --- [sc-reference-app] [           main] [                                                 ] o.h.engine.jdbc.spi.SqlExceptionHelper   : SQL Error: 23513, SQLState: 23513
#23 50.81 2026-10-06T22:47:42.468Z ERROR [requestId:6e373234-25e8-4e72-88c0-9ef3cbd326ca] 418 --- [sc-reference-app] [           main] [                                                 ] o.h.engine.jdbc.spi.SqlExceptionHelper   : Check constraint violation: "SYNTHETIC_REJECT: "; SQL statement:
#23 50.81 insert into kanban_task (assignee_id,author_id,board_id,command_sequence,completed_at,created_at,description,due_date,position,priority,revision,status,tags_json,title,updated_at,id) values (?,?,?,?,?,?,?,?,?,?,?,?,?,?,?,default) [23513-232]
#23 51.81 [INFO] Tests run: 13, Failures: 0, Errors: 0, Skipped: 0, Time elapsed: 7.937 s -- in dev.scframework.reference.kanban.KanbanIntegrationTest
#23 51.81 [INFO] Running dev.scframework.reference.requirements.RequirementIntegrationTest
#23 51.97 2026-10-06T22:47:43.475Z  INFO [requestId:] 418 --- [sc-reference-app] [           main] [                                                 ] .b.t.c.SpringBootTestContextBootstrapper : Found @SpringBootConfiguration dev.scframework.reference.ReferenceApplication for test class dev.scframework.reference.requirements.RequirementIntegrationTest
#23 51.97 
#23 51.97   .   ____          _            __ _ _
#23 51.97  /\\ / ___'_ __ _ _(_)_ __  __ _ \ \ \ \
#23 51.97 ( ( )\___ | '_ | '_| | '_ \/ _` | \ \ \ \
#23 51.97  \\/  ___)| |_)| | | | | || (_| |  ) ) ) )
#23 51.97   '  |____| .__|_| |_|_| |_\__, | / / / /
#23 51.97  =========|_|==============|___/=/_/_/_/
#23 51.97 
#23 51.97  :: Spring Boot ::               (v3.5.16)
#23 51.97 
#23 51.97 2026-10-06T22:47:43.496Z  INFO [requestId:] 418 --- [sc-reference-app] [           main] [                                                 ] d.s.r.r.RequirementIntegrationTest       : Starting RequirementIntegrationTest using Java 21.0.12.1 with PID 418 (started by root in /workspace/backend/reference-app)
#23 51.97 2026-10-06T22:47:43.496Z  INFO [requestId:] 418 --- [sc-reference-app] [           main] [                                                 ] d.s.r.r.RequirementIntegrationTest       : No active profile set, falling back to 1 default profile: "default"
#23 51.97 2026-10-06T22:47:43.601Z  INFO [requestId:] 418 --- [sc-reference-app] [           main] [                                                 ] .s.d.r.c.RepositoryConfigurationDelegate : Bootstrapping Spring Data JPA repositories in DEFAULT mode.
#23 51.97 2026-10-06T22:47:43.609Z  INFO [requestId:] 418 --- [sc-reference-app] [           main] [                                                 ] .s.d.r.c.RepositoryConfigurationDelegate : Finished Spring Data repository scanning in 7 ms. Found 18 JPA repository interfaces.
#23 51.97 2026-10-06T22:47:43.627Z  INFO [requestId:] 418 --- [sc-reference-app] [           main] [                                                 ] o.s.cloud.context.scope.GenericScope     : BeanFactory id=7ef6838e-eb64-3c2b-9ffd-f65f8b3ccf99
#23 52.07 2026-10-06T22:47:43.655Z  INFO [requestId:] 418 --- [sc-reference-app] [           main] [                                                 ] com.zaxxer.hikari.HikariDataSource       : HikariPool-2 - Starting...
#23 52.07 2026-10-06T22:47:43.656Z  INFO [requestId:] 418 --- [sc-reference-app] [           main] [                                                 ] com.zaxxer.hikari.pool.HikariPool        : HikariPool-2 - Added connection conn5: url=jdbc:h2:mem:requirements-sc-requirements-007-12798533393951787076 user=SA
#23 52.07 2026-10-06T22:47:43.656Z  INFO [requestId:] 418 --- [sc-reference-app] [           main] [                                                 ] com.zaxxer.hikari.HikariDataSource       : HikariPool-2 - Start completed.
#23 52.07 2026-10-06T22:47:43.657Z  INFO [requestId:] 418 --- [sc-reference-app] [           main] [                                                 ] org.flywaydb.core.FlywayExecutor         : Database: jdbc:h2:mem:requirements-sc-requirements-007-12798533393951787076 (H2 2.3)
#23 52.07 2026-10-06T22:47:43.658Z  INFO [requestId:] 418 --- [sc-reference-app] [           main] [                                                 ] o.f.c.i.s.JdbcTableSchemaHistory         : Schema history table "PUBLIC"."flyway_schema_history" does not exist yet
#23 52.07 2026-10-06T22:47:43.659Z  INFO [requestId:] 418 --- [sc-reference-app] [           main] [                                                 ] o.f.core.internal.command.DbValidate     : Successfully validated 5 migrations (execution time 00:00.000s)
#23 52.07 2026-10-06T22:47:43.659Z  INFO [requestId:] 418 --- [sc-reference-app] [           main] [                                                 ] o.f.c.i.s.JdbcTableSchemaHistory         : Creating Schema History table "PUBLIC"."flyway_schema_history" ...
#23 52.07 2026-10-06T22:47:43.661Z  INFO [requestId:] 418 --- [sc-reference-app] [           main] [                                                 ] o.f.core.internal.command.DbMigrate      : Current version of schema "PUBLIC": << Empty Schema >>
#23 52.07 2026-10-06T22:47:43.662Z  INFO [requestId:] 418 --- [sc-reference-app] [           main] [                                                 ] o.f.core.internal.command.DbMigrate      : Migrating schema "PUBLIC" to version "1 - example baseline"
#23 52.07 2026-10-06T22:47:43.664Z  INFO [requestId:] 418 --- [sc-reference-app] [           main] [                                                 ] o.f.core.internal.command.DbMigrate      : Migrating schema "PUBLIC" to version "2 - requirements baseline"
#23 52.07 2026-10-06T22:47:43.668Z  INFO [requestId:] 418 --- [sc-reference-app] [           main] [                                                 ] o.f.core.internal.command.DbMigrate      : Migrating schema "PUBLIC" to version "3 - security audit"
#23 52.07 2026-10-06T22:47:43.670Z  INFO [requestId:] 418 --- [sc-reference-app] [           main] [                                                 ] o.f.core.internal.command.DbMigrate      : Migrating schema "PUBLIC" to version "4 - media and files"
#23 52.07 2026-10-06T22:47:43.675Z  INFO [requestId:] 418 --- [sc-reference-app] [           main] [                                                 ] o.f.core.internal.command.DbMigrate      : Migrating schema "PUBLIC" to version "5 - kanban and documents"
#23 52.07 2026-10-06T22:47:43.678Z  INFO [requestId:] 418 --- [sc-reference-app] [           main] [                                                 ] o.f.core.internal.command.DbMigrate      : Successfully applied 5 migrations to schema "PUBLIC", now at version v5 (execution time 00:00.007s)
#23 52.07 2026-10-06T22:47:43.683Z  INFO [requestId:] 418 --- [sc-reference-app] [           main] [                                                 ] o.hibernate.jpa.internal.util.LogHelper  : HHH000204: Processing PersistenceUnitInfo [name: default]
#23 52.07 2026-10-06T22:47:43.684Z  INFO [requestId:] 418 --- [sc-reference-app] [           main] [                                                 ] o.h.c.internal.RegionFactoryInitiator    : HHH000026: Second-level cache disabled
#23 52.07 2026-10-06T22:47:43.686Z  INFO [requestId:] 418 --- [sc-reference-app] [           main] [                                                 ] o.s.o.j.p.SpringPersistenceUnitInfo      : No LoadTimeWeaver setup: ignoring JPA class transformer
#23 52.07 2026-10-06T22:47:43.686Z  INFO [requestId:] 418 --- [sc-reference-app] [           main] [                                                 ] org.hibernate.orm.connections.pooling    : HHH10001005: Database info:
#23 52.07 	Database JDBC URL [Connecting through datasource 'HikariDataSource (HikariPool-2)']
#23 52.07 	Database driver: undefined/unknown
#23 52.07 	Database version: 2.3.232
#23 52.07 	Autocommit mode: undefined/unknown
#23 52.07 	Isolation level: undefined/unknown
#23 52.07 	Minimum pool size: undefined/unknown
#23 52.07 	Maximum pool size: undefined/unknown
#23 52.07 2026-10-06T22:47:43.727Z  INFO [requestId:] 418 --- [sc-reference-app] [           main] [                                                 ] o.h.e.t.j.p.i.JtaPlatformInitiator       : HHH000489: No JTA platform available (set 'hibernate.transaction.jta.platform' to enable JTA platform integration)
#23 52.07 2026-10-06T22:47:43.728Z  INFO [requestId:] 418 --- [sc-reference-app] [           main] [                                                 ] j.LocalContainerEntityManagerFactoryBean : Initialized JPA EntityManagerFactory for persistence unit 'default'
#23 52.18 2026-10-06T22:47:43.836Z  INFO [requestId:] 418 --- [sc-reference-app] [           main] [                                                 ] o.s.b.a.w.s.WelcomePageHandlerMapping    : Adding welcome page: class path resource [static/index.html]
#23 52.28 2026-10-06T22:47:43.863Z  INFO [requestId:] 418 --- [sc-reference-app] [           main] [                                                 ] r$InitializeUserDetailsManagerConfigurer : Global AuthenticationManager configured with UserDetailsService bean with name referenceUsers
#23 52.28 2026-10-06T22:47:43.876Z  INFO [requestId:] 418 --- [sc-reference-app] [           main] [                                                 ] o.s.b.a.e.web.EndpointLinksResolver      : Exposing 1 endpoint beneath base path '/actuator'
#23 52.28 2026-10-06T22:47:43.897Z  INFO [requestId:] 418 --- [sc-reference-app] [           main] [                                                 ] o.s.b.t.m.w.SpringBootMockServletContext : Initializing Spring TestDispatcherServlet ''
#23 52.28 2026-10-06T22:47:43.897Z  INFO [requestId:] 418 --- [sc-reference-app] [           main] [                                                 ] o.s.t.web.servlet.TestDispatcherServlet  : Initializing Servlet ''
#23 52.28 2026-10-06T22:47:43.898Z  INFO [requestId:] 418 --- [sc-reference-app] [           main] [                                                 ] o.s.t.web.servlet.TestDispatcherServlet  : Completed initialization in 1 ms
#23 52.28 2026-10-06T22:47:43.916Z  INFO [requestId:] 418 --- [sc-reference-app] [           main] [                                                 ] d.s.r.r.RequirementIntegrationTest       : Started RequirementIntegrationTest in 0.439 seconds (process running for 8.672)
#23 52.89 2026-10-06T22:47:44.552Z  WARN [requestId:a56ae539-1a84-4c50-8f89-62d0dfbbf220] 418 --- [sc-reference-app] [           main] [                                                 ] o.h.engine.jdbc.spi.SqlExceptionHelper   : SQL Error: 23513, SQLState: 23513
#23 52.89 2026-10-06T22:47:44.552Z ERROR [requestId:a56ae539-1a84-4c50-8f89-62d0dfbbf220] 418 --- [sc-reference-app] [           main] [                                                 ] o.h.engine.jdbc.spi.SqlExceptionHelper   : Check constraint violation: "SYNTHETIC_REVIEW_FAILURE: "; SQL statement:
#23 52.89 insert into requirement_history (action,actor_id,after_json,before_json,created_at,requirement_id,id) values (?,?,?,?,?,?,default) [23513-232]
#23 53.37 2026-10-06T22:47:45.026Z  WARN [requestId:e53fb09a-248e-45ce-b940-96535cf157f5] 418 --- [sc-reference-app] [           main] [                                                 ] o.h.engine.jdbc.spi.SqlExceptionHelper   : SQL Error: 23513, SQLState: 23513
#23 53.37 2026-10-06T22:47:45.026Z ERROR [requestId:e53fb09a-248e-45ce-b940-96535cf157f5] 418 --- [sc-reference-app] [           main] [                                                 ] o.h.engine.jdbc.spi.SqlExceptionHelper   : Check constraint violation: "SYNTHETIC_HISTORY_FAILURE: "; SQL statement:
#23 53.37 insert into requirement_history (action,actor_id,after_json,before_json,created_at,requirement_id,id) values (?,?,?,?,?,?,default) [23513-232]
#23 55.71 2026-10-06T22:47:47.367Z  WARN [requestId:ac591a57-2810-480f-88f6-fb1e6cf0dd71] 418 --- [sc-reference-app] [           main] [                                                 ] o.h.engine.jdbc.spi.SqlExceptionHelper   : SQL Error: 23505, SQLState: 23505
#23 55.71 2026-10-06T22:47:47.367Z ERROR [requestId:ac591a57-2810-480f-88f6-fb1e6cf0dd71] 418 --- [sc-reference-app] [           main] [                                                 ] o.h.engine.jdbc.spi.SqlExceptionHelper   : Unique index or primary key violation: "PUBLIC.CONSTRAINT_INDEX_E ON PUBLIC.REFERENCE_USER(USERNAME NULLS FIRST) VALUES ( /* 20 */ 'alice' )"; SQL statement:
#23 55.71 insert into reference_user (created_at,display_name,password_hash,role,username,id) values (?,?,?,?,?,default) [23505-232]
#23 62.41 [INFO] Tests run: 22, Failures: 0, Errors: 0, Skipped: 0, Time elapsed: 10.60 s -- in dev.scframework.reference.requirements.RequirementIntegrationTest
#23 62.41 [INFO] Running dev.scframework.reference.requirements.RequirementMixedPersistenceTest
#23 62.54 2026-10-06T22:47:54.071Z  INFO [requestId:] 418 --- [sc-reference-app] [           main] [                                                 ] .b.t.c.SpringBootTestContextBootstrapper : Found @SpringBootConfiguration dev.scframework.reference.ReferenceApplication for test class dev.scframework.reference.requirements.RequirementMixedPersistenceTest
#23 62.54 
#23 62.54   .   ____          _            __ _ _
#23 62.54  /\\ / ___'_ __ _ _(_)_ __  __ _ \ \ \ \
#23 62.54 ( ( )\___ | '_ | '_| | '_ \/ _` | \ \ \ \
#23 62.54  \\/  ___)| |_)| | | | | || (_| |  ) ) ) )
#23 62.54   '  |____| .__|_| |_|_| |_\__, | / / / /
#23 62.54  =========|_|==============|___/=/_/_/_/
#23 62.54 
#23 62.54  :: Spring Boot ::               (v3.5.16)
#23 62.54 
#23 62.54 2026-10-06T22:47:54.089Z  INFO [requestId:] 418 --- [sc-reference-app] [           main] [                                                 ] d.s.r.r.RequirementMixedPersistenceTest  : Starting RequirementMixedPersistenceTest using Java 21.0.12.1 with PID 418 (started by root in /workspace/backend/reference-app)
#23 62.54 2026-10-06T22:47:54.089Z  INFO [requestId:] 418 --- [sc-reference-app] [           main] [                                                 ] d.s.r.r.RequirementMixedPersistenceTest  : No active profile set, falling back to 1 default profile: "default"
#23 62.54 2026-10-06T22:47:54.166Z  INFO [requestId:] 418 --- [sc-reference-app] [           main] [                                                 ] .s.d.r.c.RepositoryConfigurationDelegate : Bootstrapping Spring Data JPA repositories in DEFAULT mode.
#23 62.54 2026-10-06T22:47:54.172Z  INFO [requestId:] 418 --- [sc-reference-app] [           main] [                                                 ] .s.d.r.c.RepositoryConfigurationDelegate : Finished Spring Data repository scanning in 5 ms. Found 18 JPA repository interfaces.
#23 62.54 2026-10-06T22:47:54.186Z  INFO [requestId:] 418 --- [sc-reference-app] [           main] [                                                 ] o.s.cloud.context.scope.GenericScope     : BeanFactory id=773b8f7f-a86c-38a6-be66-581c70b2aabd
#23 62.54 2026-10-06T22:47:54.203Z  INFO [requestId:] 418 --- [sc-reference-app] [           main] [                                                 ] com.zaxxer.hikari.HikariDataSource       : HikariPool-3 - Starting...
#23 62.54 2026-10-06T22:47:54.204Z  INFO [requestId:] 418 --- [sc-reference-app] [           main] [                                                 ] com.zaxxer.hikari.pool.HikariPool        : HikariPool-3 - Added connection conn10: url=jdbc:h2:mem:mixed-sc-mixed-008-16926184985949182703 user=SA
#23 62.54 2026-10-06T22:47:54.204Z  INFO [requestId:] 418 --- [sc-reference-app] [           main] [                                                 ] com.zaxxer.hikari.HikariDataSource       : HikariPool-3 - Start completed.
#23 62.54 2026-10-06T22:47:54.205Z  INFO [requestId:] 418 --- [sc-reference-app] [           main] [                                                 ] org.flywaydb.core.FlywayExecutor         : Database: jdbc:h2:mem:mixed-sc-mixed-008-16926184985949182703 (H2 2.3)
#23 62.54 2026-10-06T22:47:54.206Z  INFO [requestId:] 418 --- [sc-reference-app] [           main] [                                                 ] o.f.c.i.s.JdbcTableSchemaHistory         : Schema history table "PUBLIC"."flyway_schema_history" does not exist yet
#23 62.65 2026-10-06T22:47:54.207Z  INFO [requestId:] 418 --- [sc-reference-app] [           main] [                                                 ] o.f.core.internal.command.DbValidate     : Successfully validated 5 migrations (execution time 00:00.000s)
#23 62.65 2026-10-06T22:47:54.207Z  INFO [requestId:] 418 --- [sc-reference-app] [           main] [                                                 ] o.f.c.i.s.JdbcTableSchemaHistory         : Creating Schema History table "PUBLIC"."flyway_schema_history" ...
#23 62.65 2026-10-06T22:47:54.208Z  INFO [requestId:] 418 --- [sc-reference-app] [           main] [                                                 ] o.f.core.internal.command.DbMigrate      : Current version of schema "PUBLIC": << Empty Schema >>
#23 62.65 2026-10-06T22:47:54.209Z  INFO [requestId:] 418 --- [sc-reference-app] [           main] [                                                 ] o.f.core.internal.command.DbMigrate      : Migrating schema "PUBLIC" to version "1 - example baseline"
#23 62.65 2026-10-06T22:47:54.211Z  INFO [requestId:] 418 --- [sc-reference-app] [           main] [                                                 ] o.f.core.internal.command.DbMigrate      : Migrating schema "PUBLIC" to version "2 - requirements baseline"
#23 62.65 2026-10-06T22:47:54.213Z  INFO [requestId:] 418 --- [sc-reference-app] [           main] [                                                 ] o.f.core.internal.command.DbMigrate      : Migrating schema "PUBLIC" to version "3 - security audit"
#23 62.65 2026-10-06T22:47:54.215Z  INFO [requestId:] 418 --- [sc-reference-app] [           main] [                                                 ] o.f.core.internal.command.DbMigrate      : Migrating schema "PUBLIC" to version "4 - media and files"
#23 62.65 2026-10-06T22:47:54.219Z  INFO [requestId:] 418 --- [sc-reference-app] [           main] [                                                 ] o.f.core.internal.command.DbMigrate      : Migrating schema "PUBLIC" to version "5 - kanban and documents"
#23 62.65 2026-10-06T22:47:54.222Z  INFO [requestId:] 418 --- [sc-reference-app] [           main] [                                                 ] o.f.core.internal.command.DbMigrate      : Successfully applied 5 migrations to schema "PUBLIC", now at version v5 (execution time 00:00.006s)
#23 62.65 2026-10-06T22:47:54.227Z  INFO [requestId:] 418 --- [sc-reference-app] [           main] [                                                 ] o.hibernate.jpa.internal.util.LogHelper  : HHH000204: Processing PersistenceUnitInfo [name: default]
#23 62.65 2026-10-06T22:47:54.227Z  INFO [requestId:] 418 --- [sc-reference-app] [           main] [                                                 ] o.h.c.internal.RegionFactoryInitiator    : HHH000026: Second-level cache disabled
#23 62.65 2026-10-06T22:47:54.230Z  INFO [requestId:] 418 --- [sc-reference-app] [           main] [                                                 ] o.s.o.j.p.SpringPersistenceUnitInfo      : No LoadTimeWeaver setup: ignoring JPA class transformer
#23 62.65 2026-10-06T22:47:54.231Z  INFO [requestId:] 418 --- [sc-reference-app] [           main] [                                                 ] org.hibernate.orm.connections.pooling    : HHH10001005: Database info:
#23 62.65 	Database JDBC URL [Connecting through datasource 'HikariDataSource (HikariPool-3)']
#23 62.65 	Database driver: undefined/unknown
#23 62.65 	Database version: 2.3.232
#23 62.65 	Autocommit mode: undefined/unknown
#23 62.65 	Isolation level: undefined/unknown
#23 62.65 	Minimum pool size: undefined/unknown
#23 62.65 	Maximum pool size: undefined/unknown
#23 62.65 2026-10-06T22:47:54.263Z  INFO [requestId:] 418 --- [sc-reference-app] [           main] [                                                 ] o.h.e.t.j.p.i.JtaPlatformInitiator       : HHH000489: No JTA platform available (set 'hibernate.transaction.jta.platform' to enable JTA platform integration)
#23 62.65 2026-10-06T22:47:54.264Z  INFO [requestId:] 418 --- [sc-reference-app] [           main] [                                                 ] j.LocalContainerEntityManagerFactoryBean : Initialized JPA EntityManagerFactory for persistence unit 'default'
#23 62.75 2026-10-06T22:47:54.351Z  INFO [requestId:] 418 --- [sc-reference-app] [           main] [                                                 ] o.s.b.a.w.s.WelcomePageHandlerMapping    : Adding welcome page: class path resource [static/index.html]
#23 62.75 2026-10-06T22:47:54.369Z  INFO [requestId:] 418 --- [sc-reference-app] [           main] [                                                 ] r$InitializeUserDetailsManagerConfigurer : Global AuthenticationManager configured with UserDetailsService bean with name referenceUsers
#23 62.75 2026-10-06T22:47:54.381Z  INFO [requestId:] 418 --- [sc-reference-app] [           main] [                                                 ] o.s.b.a.e.web.EndpointLinksResolver      : Exposing 1 endpoint beneath base path '/actuator'
#23 62.82 2026-10-06T22:47:54.416Z  INFO [requestId:] 418 --- [sc-reference-app] [           main] [                                                 ] d.s.r.r.RequirementMixedPersistenceTest  : Started RequirementMixedPersistenceTest in 0.343 seconds (process running for 19.172)
#23 62.88 2026-10-06T22:47:54.536Z  INFO [requestId:] 418 --- [sc-reference-app] [           main] [                                                 ] j.LocalContainerEntityManagerFactoryBean : Closing JPA EntityManagerFactory for persistence unit 'default'
#23 62.88 2026-10-06T22:47:54.537Z  INFO [requestId:] 418 --- [sc-reference-app] [           main] [                                                 ] com.zaxxer.hikari.HikariDataSource       : HikariPool-3 - Shutdown initiated...
#23 62.88 2026-10-06T22:47:54.538Z  INFO [requestId:] 418 --- [sc-reference-app] [           main] [                                                 ] com.zaxxer.hikari.HikariDataSource       : HikariPool-3 - Shutdown completed.
#23 62.88 [INFO] Tests run: 4, Failures: 0, Errors: 0, Skipped: 0, Time elapsed: 0.468 s -- in dev.scframework.reference.requirements.RequirementMixedPersistenceTest
#23 62.88 [INFO] Running dev.scframework.reference.requirements.RequirementReadMapperTest
#23 62.89 [INFO] Tests run: 5, Failures: 0, Errors: 0, Skipped: 0, Time elapsed: 0.007 s -- in dev.scframework.reference.requirements.RequirementReadMapperTest
#23 62.89 [INFO] Running dev.scframework.reference.requirements.RequirementPersistenceTest
#23 63.00 2026-10-06T22:47:54.570Z  INFO [requestId:] 418 --- [sc-reference-app] [           main] [                                                 ] org.flywaydb.core.FlywayExecutor         : Database: jdbc:h2:file:/tmp/junit-8403729389191073510/upgrade (H2 2.3)
#23 63.00 2026-10-06T22:47:54.572Z  INFO [requestId:] 418 --- [sc-reference-app] [           main] [                                                 ] o.f.c.i.s.JdbcTableSchemaHistory         : Schema history table "PUBLIC"."flyway_schema_history" does not exist yet
#23 63.00 2026-10-06T22:47:54.572Z  INFO [requestId:] 418 --- [sc-reference-app] [           main] [                                                 ] o.f.core.internal.command.DbValidate     : Successfully validated 5 migrations (execution time 00:00.001s)
#23 63.00 2026-10-06T22:47:54.573Z  INFO [requestId:] 418 --- [sc-reference-app] [           main] [                                                 ] o.f.c.i.s.JdbcTableSchemaHistory         : Creating Schema History table "PUBLIC"."flyway_schema_history" ...
#23 63.00 2026-10-06T22:47:54.575Z  INFO [requestId:] 418 --- [sc-reference-app] [           main] [                                                 ] o.f.core.internal.command.DbMigrate      : Current version of schema "PUBLIC": << Empty Schema >>
#23 63.00 2026-10-06T22:47:54.575Z  INFO [requestId:] 418 --- [sc-reference-app] [           main] [                                                 ] o.f.core.internal.command.DbMigrate      : Migrating schema "PUBLIC" to version "1 - example baseline"
#23 63.00 2026-10-06T22:47:54.577Z  INFO [requestId:] 418 --- [sc-reference-app] [           main] [                                                 ] o.f.core.internal.command.DbMigrate      : Successfully applied 1 migration to schema "PUBLIC", now at version v1 (execution time 00:00.000s)
#23 63.00 2026-10-06T22:47:54.601Z  INFO [requestId:] 418 --- [sc-reference-app] [           main] [                                                 ] org.flywaydb.core.FlywayExecutor         : Database: jdbc:h2:file:/tmp/junit-8403729389191073510/upgrade (H2 2.3)
#23 63.00 2026-10-06T22:47:54.603Z  INFO [requestId:] 418 --- [sc-reference-app] [           main] [                                                 ] o.f.core.internal.command.DbValidate     : Successfully validated 5 migrations (execution time 00:00.001s)
#23 63.00 2026-10-06T22:47:54.604Z  INFO [requestId:] 418 --- [sc-reference-app] [           main] [                                                 ] o.f.core.internal.command.DbMigrate      : Current version of schema "PUBLIC": 1
#23 63.00 2026-10-06T22:47:54.604Z  INFO [requestId:] 418 --- [sc-reference-app] [           main] [                                                 ] o.f.core.internal.command.DbMigrate      : Migrating schema "PUBLIC" to version "2 - requirements baseline"
#23 63.00 2026-10-06T22:47:54.608Z  INFO [requestId:] 418 --- [sc-reference-app] [           main] [                                                 ] o.f.core.internal.command.DbMigrate      : Migrating schema "PUBLIC" to version "3 - security audit"
#23 63.00 2026-10-06T22:47:54.610Z  INFO [requestId:] 418 --- [sc-reference-app] [           main] [                                                 ] o.f.core.internal.command.DbMigrate      : Successfully applied 2 migrations to schema "PUBLIC", now at version v3 (execution time 00:00.004s)
#23 63.00 2026-10-06T22:47:54.618Z  INFO [requestId:] 418 --- [sc-reference-app] [           main] [                                                 ] org.flywaydb.core.FlywayExecutor         : Database: jdbc:h2:file:/tmp/junit-8403729389191073510/upgrade (H2 2.3)
#23 63.00 2026-10-06T22:47:54.619Z  INFO [requestId:] 418 --- [sc-reference-app] [           main] [                                                 ] o.f.core.internal.command.DbValidate     : Successfully validated 5 migrations (execution time 00:00.000s)
#23 63.00 2026-10-06T22:47:54.620Z  INFO [requestId:] 418 --- [sc-reference-app] [           main] [                                                 ] o.f.core.internal.command.DbMigrate      : Current version of schema "PUBLIC": 3
#23 63.00 2026-10-06T22:47:54.621Z  INFO [requestId:] 418 --- [sc-reference-app] [           main] [                                                 ] o.f.core.internal.command.DbMigrate      : Migrating schema "PUBLIC" to version "4 - media and files"
#23 63.00 2026-10-06T22:47:54.624Z  INFO [requestId:] 418 --- [sc-reference-app] [           main] [                                                 ] o.f.core.internal.command.DbMigrate      : Migrating schema "PUBLIC" to version "5 - kanban and documents"
#23 63.00 2026-10-06T22:47:54.626Z  INFO [requestId:] 418 --- [sc-reference-app] [           main] [                                                 ] o.f.core.internal.command.DbMigrate      : Successfully applied 2 migrations to schema "PUBLIC", now at version v5 (execution time 00:00.003s)
#23 63.00 2026-10-06T22:47:54.651Z  INFO [requestId:] 418 --- [sc-reference-app] [           main] [                                                 ] org.flywaydb.core.FlywayExecutor         : Database: jdbc:h2:file:/tmp/junit-8403729389191073510/upgrade (H2 2.3)
#23 63.00 2026-10-06T22:47:54.653Z  INFO [requestId:] 418 --- [sc-reference-app] [           main] [                                                 ] o.f.core.internal.command.DbValidate     : Successfully validated 5 migrations (execution time 00:00.000s)
#23 63.00 2026-10-06T22:47:54.654Z  INFO [requestId:] 418 --- [sc-reference-app] [           main] [                                                 ] o.f.core.internal.command.DbMigrate      : Current version of schema "PUBLIC": 5
#23 63.00 2026-10-06T22:47:54.654Z  INFO [requestId:] 418 --- [sc-reference-app] [           main] [                                                 ] o.f.core.internal.command.DbMigrate      : Schema "PUBLIC" is up to date. No migration necessary.
#23 63.03 2026-10-06T22:47:54.670Z  INFO [requestId:] 418 --- [sc-reference-app] [           main] [                                                 ] org.flywaydb.core.FlywayExecutor         : Database: jdbc:h2:file:/tmp/junit-545082410970434238/constraints (H2 2.3)
#23 63.03 2026-10-06T22:47:54.671Z  INFO [requestId:] 418 --- [sc-reference-app] [           main] [                                                 ] o.f.c.i.s.JdbcTableSchemaHistory         : Schema history table "PUBLIC"."flyway_schema_history" does not exist yet
#23 63.03 2026-10-06T22:47:54.671Z  INFO [requestId:] 418 --- [sc-reference-app] [           main] [                                                 ] o.f.core.internal.command.DbValidate     : Successfully validated 5 migrations (execution time 00:00.000s)
#23 63.03 2026-10-06T22:47:54.672Z  INFO [requestId:] 418 --- [sc-reference-app] [           main] [                                                 ] o.f.c.i.s.JdbcTableSchemaHistory         : Creating Schema History table "PUBLIC"."flyway_schema_history" ...
#23 63.03 2026-10-06T22:47:54.673Z  INFO [requestId:] 418 --- [sc-reference-app] [           main] [                                                 ] o.f.core.internal.command.DbMigrate      : Current version of schema "PUBLIC": << Empty Schema >>
#23 63.03 2026-10-06T22:47:54.673Z  INFO [requestId:] 418 --- [sc-reference-app] [           main] [                                                 ] o.f.core.internal.command.DbMigrate      : Migrating schema "PUBLIC" to version "1 - example baseline"
#23 63.03 2026-10-06T22:47:54.674Z  INFO [requestId:] 418 --- [sc-reference-app] [           main] [                                                 ] o.f.core.internal.command.DbMigrate      : Migrating schema "PUBLIC" to version "2 - requirements baseline"
#23 63.03 2026-10-06T22:47:54.676Z  INFO [requestId:] 418 --- [sc-reference-app] [           main] [                                                 ] o.f.core.internal.command.DbMigrate      : Migrating schema "PUBLIC" to version "3 - security audit"
#23 63.03 2026-10-06T22:47:54.678Z  INFO [requestId:] 418 --- [sc-reference-app] [           main] [                                                 ] o.f.core.internal.command.DbMigrate      : Migrating schema "PUBLIC" to version "4 - media and files"
#23 63.03 2026-10-06T22:47:54.681Z  INFO [requestId:] 418 --- [sc-reference-app] [           main] [                                                 ] o.f.core.internal.command.DbMigrate      : Migrating schema "PUBLIC" to version "5 - kanban and documents"
#23 63.03 2026-10-06T22:47:54.682Z  INFO [requestId:] 418 --- [sc-reference-app] [           main] [                                                 ] o.f.core.internal.command.DbMigrate      : Successfully applied 5 migrations to schema "PUBLIC", now at version v5 (execution time 00:00.003s)
#23 63.03 [INFO] Tests run: 2, Failures: 0, Errors: 0, Skipped: 0, Time elapsed: 0.147 s -- in dev.scframework.reference.requirements.RequirementPersistenceTest
#23 63.03 [INFO] Running dev.scframework.reference.media.MediaMigrationTest
#23 63.10 2026-10-06T22:47:54.703Z  INFO [requestId:] 418 --- [sc-reference-app] [           main] [                                                 ] org.flywaydb.core.FlywayExecutor         : Database: jdbc:h2:file:/tmp/junit-5226039954234446772/upgrade (H2 2.3)
#23 63.10 2026-10-06T22:47:54.704Z  INFO [requestId:] 418 --- [sc-reference-app] [           main] [                                                 ] o.f.c.i.s.JdbcTableSchemaHistory         : Schema history table "PUBLIC"."flyway_schema_history" does not exist yet
#23 63.10 2026-10-06T22:47:54.704Z  INFO [requestId:] 418 --- [sc-reference-app] [           main] [                                                 ] o.f.core.internal.command.DbValidate     : Successfully validated 5 migrations (execution time 00:00.000s)
#23 63.10 2026-10-06T22:47:54.704Z  INFO [requestId:] 418 --- [sc-reference-app] [           main] [                                                 ] o.f.c.i.s.JdbcTableSchemaHistory         : Creating Schema History table "PUBLIC"."flyway_schema_history" ...
#23 63.10 2026-10-06T22:47:54.705Z  INFO [requestId:] 418 --- [sc-reference-app] [           main] [                                                 ] o.f.core.internal.command.DbMigrate      : Current version of schema "PUBLIC": << Empty Schema >>
#23 63.10 2026-10-06T22:47:54.706Z  INFO [requestId:] 418 --- [sc-reference-app] [           main] [                                                 ] o.f.core.internal.command.DbMigrate      : Migrating schema "PUBLIC" to version "1 - example baseline"
#23 63.10 2026-10-06T22:47:54.707Z  INFO [requestId:] 418 --- [sc-reference-app] [           main] [                                                 ] o.f.core.internal.command.DbMigrate      : Migrating schema "PUBLIC" to version "2 - requirements baseline"
#23 63.10 2026-10-06T22:47:54.709Z  INFO [requestId:] 418 --- [sc-reference-app] [           main] [                                                 ] o.f.core.internal.command.DbMigrate      : Migrating schema "PUBLIC" to version "3 - security audit"
#23 63.10 2026-10-06T22:47:54.711Z  INFO [requestId:] 418 --- [sc-reference-app] [           main] [                                                 ] o.f.core.internal.command.DbMigrate      : Successfully applied 3 migrations to schema "PUBLIC", now at version v3 (execution time 00:00.001s)
#23 63.10 2026-10-06T22:47:54.725Z  INFO [requestId:] 418 --- [sc-reference-app] [           main] [                                                 ] org.flywaydb.core.FlywayExecutor         : Database: jdbc:h2:file:/tmp/junit-5226039954234446772/upgrade (H2 2.3)
#23 63.10 2026-10-06T22:47:54.726Z  INFO [requestId:] 418 --- [sc-reference-app] [           main] [                                                 ] o.f.core.internal.command.DbValidate     : Successfully validated 5 migrations (execution time 00:00.000s)
#23 63.10 2026-10-06T22:47:54.727Z  INFO [requestId:] 418 --- [sc-reference-app] [           main] [                                                 ] o.f.core.internal.command.DbMigrate      : Current version of schema "PUBLIC": 3
#23 63.10 2026-10-06T22:47:54.727Z  INFO [requestId:] 418 --- [sc-reference-app] [           main] [                                                 ] o.f.core.internal.command.DbMigrate      : Migrating schema "PUBLIC" to version "4 - media and files"
#23 63.10 2026-10-06T22:47:54.729Z  INFO [requestId:] 418 --- [sc-reference-app] [           main] [                                                 ] o.f.core.internal.command.DbMigrate      : Successfully applied 1 migration to schema "PUBLIC", now at version v4 (execution time 00:00.001s)
#23 63.10 2026-10-06T22:47:54.745Z  INFO [requestId:] 418 --- [sc-reference-app] [           main] [                                                 ] org.flywaydb.core.FlywayExecutor         : Database: jdbc:h2:file:/tmp/junit-5226039954234446772/upgrade (H2 2.3)
#23 63.10 2026-10-06T22:47:54.746Z  INFO [requestId:] 418 --- [sc-reference-app] [           main] [                                                 ] o.f.core.internal.command.DbValidate     : Successfully validated 5 migrations (execution time 00:00.000s)
#23 63.10 2026-10-06T22:47:54.747Z  INFO [requestId:] 418 --- [sc-reference-app] [           main] [                                                 ] o.f.core.internal.command.DbMigrate      : Current version of schema "PUBLIC": 4
#23 63.10 2026-10-06T22:47:54.747Z  INFO [requestId:] 418 --- [sc-reference-app] [           main] [                                                 ] o.f.core.internal.command.DbMigrate      : Schema "PUBLIC" is up to date. No migration necessary.
#23 63.10 2026-10-06T22:47:54.757Z  INFO [requestId:] 418 --- [sc-reference-app] [           main] [                                                 ] org.flywaydb.core.FlywayExecutor         : Database: jdbc:h2:file:/tmp/junit-5226039954234446772/upgrade (H2 2.3)
#23 63.10 2026-10-06T22:47:54.759Z  INFO [requestId:] 418 --- [sc-reference-app] [           main] [                                                 ] o.f.core.internal.command.DbValidate     : Successfully validated 5 migrations (execution time 00:00.001s)
#23 63.13 2026-10-06T22:47:54.765Z  INFO [requestId:] 418 --- [sc-reference-app] [           main] [                                                 ] org.flywaydb.core.FlywayExecutor         : Database: jdbc:h2:file:/tmp/junit-1739812434852920593/fresh (H2 2.3)
#23 63.13 2026-10-06T22:47:54.766Z  INFO [requestId:] 418 --- [sc-reference-app] [           main] [                                                 ] o.f.c.i.s.JdbcTableSchemaHistory         : Schema history table "PUBLIC"."flyway_schema_history" does not exist yet
#23 63.13 2026-10-06T22:47:54.766Z  INFO [requestId:] 418 --- [sc-reference-app] [           main] [                                                 ] o.f.core.internal.command.DbValidate     : Successfully validated 5 migrations (execution time 00:00.000s)
#23 63.13 2026-10-06T22:47:54.767Z  INFO [requestId:] 418 --- [sc-reference-app] [           main] [                                                 ] o.f.c.i.s.JdbcTableSchemaHistory         : Creating Schema History table "PUBLIC"."flyway_schema_history" ...
#23 63.13 2026-10-06T22:47:54.767Z  INFO [requestId:] 418 --- [sc-reference-app] [           main] [                                                 ] o.f.core.internal.command.DbMigrate      : Current version of schema "PUBLIC": << Empty Schema >>
#23 63.13 2026-10-06T22:47:54.768Z  INFO [requestId:] 418 --- [sc-reference-app] [           main] [                                                 ] o.f.core.internal.command.DbMigrate      : Migrating schema "PUBLIC" to version "1 - example baseline"
#23 63.13 2026-10-06T22:47:54.769Z  INFO [requestId:] 418 --- [sc-reference-app] [           main] [                                                 ] o.f.core.internal.command.DbMigrate      : Migrating schema "PUBLIC" to version "2 - requirements baseline"
#23 63.13 2026-10-06T22:47:54.770Z  INFO [requestId:] 418 --- [sc-reference-app] [           main] [                                                 ] o.f.core.internal.command.DbMigrate      : Migrating schema "PUBLIC" to version "3 - security audit"
#23 63.13 2026-10-06T22:47:54.771Z  INFO [requestId:] 418 --- [sc-reference-app] [           main] [                                                 ] o.f.core.internal.command.DbMigrate      : Migrating schema "PUBLIC" to version "4 - media and files"
#23 63.13 2026-10-06T22:47:54.773Z  INFO [requestId:] 418 --- [sc-reference-app] [           main] [                                                 ] o.f.core.internal.command.DbMigrate      : Successfully applied 4 migrations to schema "PUBLIC", now at version v4 (execution time 00:00.001s)
#23 63.13 2026-10-06T22:47:54.786Z  INFO [requestId:] 418 --- [sc-reference-app] [           main] [                                                 ] org.flywaydb.core.FlywayExecutor         : Database: jdbc:h2:file:/tmp/junit-1739812434852920593/fresh (H2 2.3)
#23 63.13 2026-10-06T22:47:54.787Z  INFO [requestId:] 418 --- [sc-reference-app] [           main] [                                                 ] o.f.core.internal.command.DbValidate     : Successfully validated 5 migrations (execution time 00:00.000s)
#23 63.13 [INFO] Tests run: 2, Failures: 0, Errors: 0, Skipped: 0, Time elapsed: 0.095 s -- in dev.scframework.reference.media.MediaMigrationTest
#23 63.13 [INFO] Running dev.scframework.reference.media.ImageOrientationTest
#23 63.13 [INFO] Tests run: 2, Failures: 0, Errors: 0, Skipped: 0, Time elapsed: 0.001 s -- in dev.scframework.reference.media.ImageOrientationTest
#23 63.13 [INFO] Running dev.scframework.reference.media.MediaIntegrationTest
#23 63.26 2026-10-06T22:47:54.797Z  INFO [requestId:] 418 --- [sc-reference-app] [           main] [                                                 ] .b.t.c.SpringBootTestContextBootstrapper : Found @SpringBootConfiguration dev.scframework.reference.ReferenceApplication for test class dev.scframework.reference.media.MediaIntegrationTest
#23 63.26 
#23 63.26   .   ____          _            __ _ _
#23 63.26  /\\ / ___'_ __ _ _(_)_ __  __ _ \ \ \ \
#23 63.26 ( ( )\___ | '_ | '_| | '_ \/ _` | \ \ \ \
#23 63.26  \\/  ___)| |_)| | | | | || (_| |  ) ) ) )
#23 63.26   '  |____| .__|_| |_|_| |_\__, | / / / /
#23 63.26  =========|_|==============|___/=/_/_/_/
#23 63.26 
#23 63.26  :: Spring Boot ::               (v3.5.16)
#23 63.26 
#23 63.26 2026-10-06T22:47:54.815Z  INFO [requestId:] 418 --- [sc-reference-app] [           main] [                                                 ] d.s.r.media.MediaIntegrationTest         : Starting MediaIntegrationTest using Java 21.0.12.1 with PID 418 (started by root in /workspace/backend/reference-app)
#23 63.26 2026-10-06T22:47:54.815Z  INFO [requestId:] 418 --- [sc-reference-app] [           main] [                                                 ] d.s.r.media.MediaIntegrationTest         : The following 1 profile is active: "dev"
#23 63.36 2026-10-06T22:47:54.927Z  INFO [requestId:] 418 --- [sc-reference-app] [           main] [                                                 ] .s.d.r.c.RepositoryConfigurationDelegate : Bootstrapping Spring Data JPA repositories in DEFAULT mode.
#23 63.36 2026-10-06T22:47:54.934Z  INFO [requestId:] 418 --- [sc-reference-app] [           main] [                                                 ] .s.d.r.c.RepositoryConfigurationDelegate : Finished Spring Data repository scanning in 6 ms. Found 18 JPA repository interfaces.
#23 63.36 2026-10-06T22:47:54.947Z  INFO [requestId:] 418 --- [sc-reference-app] [           main] [                                                 ] o.s.cloud.context.scope.GenericScope     : BeanFactory id=623d6a41-4561-33eb-a825-9edb9855eaff
#23 63.36 2026-10-06T22:47:54.968Z  INFO [requestId:] 418 --- [sc-reference-app] [           main] [                                                 ] com.zaxxer.hikari.HikariDataSource       : HikariPool-4 - Starting...
#23 63.36 2026-10-06T22:47:54.968Z  INFO [requestId:] 418 --- [sc-reference-app] [           main] [                                                 ] com.zaxxer.hikari.pool.HikariPool        : HikariPool-4 - Added connection conn44: url=jdbc:h2:mem:media-sc-media-tests-7957875983705892076 user=SA
#23 63.36 2026-10-06T22:47:54.969Z  INFO [requestId:] 418 --- [sc-reference-app] [           main] [                                                 ] com.zaxxer.hikari.HikariDataSource       : HikariPool-4 - Start completed.
#23 63.36 2026-10-06T22:47:54.969Z  INFO [requestId:] 418 --- [sc-reference-app] [           main] [                                                 ] org.flywaydb.core.FlywayExecutor         : Database: jdbc:h2:mem:media-sc-media-tests-7957875983705892076 (H2 2.3)
#23 63.36 2026-10-06T22:47:54.970Z  INFO [requestId:] 418 --- [sc-reference-app] [           main] [                                                 ] o.f.c.i.s.JdbcTableSchemaHistory         : Schema history table "PUBLIC"."flyway_schema_history" does not exist yet
#23 63.36 2026-10-06T22:47:54.970Z  INFO [requestId:] 418 --- [sc-reference-app] [           main] [                                                 ] o.f.core.internal.command.DbValidate     : Successfully validated 5 migrations (execution time 00:00.000s)
#23 63.36 2026-10-06T22:47:54.970Z  INFO [requestId:] 418 --- [sc-reference-app] [           main] [                                                 ] o.f.c.i.s.JdbcTableSchemaHistory         : Creating Schema History table "PUBLIC"."flyway_schema_history" ...
#23 63.36 2026-10-06T22:47:54.971Z  INFO [requestId:] 418 --- [sc-reference-app] [           main] [                                                 ] o.f.core.internal.command.DbMigrate      : Current version of schema "PUBLIC": << Empty Schema >>
#23 63.36 2026-10-06T22:47:54.972Z  INFO [requestId:] 418 --- [sc-reference-app] [           main] [                                                 ] o.f.core.internal.command.DbMigrate      : Migrating schema "PUBLIC" to version "1 - example baseline"
#23 63.36 2026-10-06T22:47:54.973Z  INFO [requestId:] 418 --- [sc-reference-app] [           main] [                                                 ] o.f.core.internal.command.DbMigrate      : Migrating schema "PUBLIC" to version "2 - requirements baseline"
#23 63.36 2026-10-06T22:47:54.975Z  INFO [requestId:] 418 --- [sc-reference-app] [           main] [                                                 ] o.f.core.internal.command.DbMigrate      : Migrating schema "PUBLIC" to version "3 - security audit"
#23 63.36 2026-10-06T22:47:54.976Z  INFO [requestId:] 418 --- [sc-reference-app] [           main] [                                                 ] o.f.core.internal.command.DbMigrate      : Migrating schema "PUBLIC" to version "4 - media and files"
#23 63.36 2026-10-06T22:47:54.979Z  INFO [requestId:] 418 --- [sc-reference-app] [           main] [                                                 ] o.f.core.internal.command.DbMigrate      : Migrating schema "PUBLIC" to version "5 - kanban and documents"
#23 63.36 2026-10-06T22:47:54.980Z  INFO [requestId:] 418 --- [sc-reference-app] [           main] [                                                 ] o.f.core.internal.command.DbMigrate      : Successfully applied 5 migrations to schema "PUBLIC", now at version v5 (execution time 00:00.001s)
#23 63.36 2026-10-06T22:47:54.985Z  INFO [requestId:] 418 --- [sc-reference-app] [           main] [                                                 ] o.hibernate.jpa.internal.util.LogHelper  : HHH000204: Processing PersistenceUnitInfo [name: default]
#23 63.36 2026-10-06T22:47:54.986Z  INFO [requestId:] 418 --- [sc-reference-app] [           main] [                                                 ] o.h.c.internal.RegionFactoryInitiator    : HHH000026: Second-level cache disabled
#23 63.36 2026-10-06T22:47:54.988Z  INFO [requestId:] 418 --- [sc-reference-app] [           main] [                                                 ] o.s.o.j.p.SpringPersistenceUnitInfo      : No LoadTimeWeaver setup: ignoring JPA class transformer
#23 63.36 2026-10-06T22:47:54.988Z  INFO [requestId:] 418 --- [sc-reference-app] [           main] [                                                 ] org.hibernate.orm.connections.pooling    : HHH10001005: Database info:
#23 63.36 	Database JDBC URL [Connecting through datasource 'HikariDataSource (HikariPool-4)']
#23 63.36 	Database driver: undefined/unknown
#23 63.36 	Database version: 2.3.232
#23 63.36 	Autocommit mode: undefined/unknown
#23 63.36 	Isolation level: undefined/unknown
#23 63.36 	Minimum pool size: undefined/unknown
#23 63.36 	Maximum pool size: undefined/unknown
#23 63.36 2026-10-06T22:47:55.020Z  INFO [requestId:] 418 --- [sc-reference-app] [           main] [                                                 ] o.h.e.t.j.p.i.JtaPlatformInitiator       : HHH000489: No JTA platform available (set 'hibernate.transaction.jta.platform' to enable JTA platform integration)
#23 63.36 2026-10-06T22:47:55.021Z  INFO [requestId:] 418 --- [sc-reference-app] [           main] [                                                 ] j.LocalContainerEntityManagerFactoryBean : Initialized JPA EntityManagerFactory for persistence unit 'default'
#23 63.56 2026-10-06T22:47:55.146Z  INFO [requestId:] 418 --- [sc-reference-app] [           main] [                                                 ] o.s.b.a.w.s.WelcomePageHandlerMapping    : Adding welcome page: class path resource [static/index.html]
#23 63.56 2026-10-06T22:47:55.208Z  INFO [requestId:] 418 --- [sc-reference-app] [           main] [                                                 ] r$InitializeUserDetailsManagerConfigurer : Global AuthenticationManager configured with UserDetailsService bean with name referenceUsers
#23 63.56 2026-10-06T22:47:55.221Z  INFO [requestId:] 418 --- [sc-reference-app] [           main] [                                                 ] o.s.b.a.e.web.EndpointLinksResolver      : Exposing 1 endpoint beneath base path '/actuator'
#23 63.67 2026-10-06T22:47:55.266Z  INFO [requestId:] 418 --- [sc-reference-app] [           main] [                                                 ] o.s.b.t.m.w.SpringBootMockServletContext : Initializing Spring TestDispatcherServlet ''
#23 63.67 2026-10-06T22:47:55.266Z  INFO [requestId:] 418 --- [sc-reference-app] [           main] [                                                 ] o.s.t.web.servlet.TestDispatcherServlet  : Initializing Servlet ''
#23 63.67 2026-10-06T22:47:55.266Z  INFO [requestId:] 418 --- [sc-reference-app] [           main] [                                                 ] o.s.t.web.servlet.TestDispatcherServlet  : Completed initialization in 0 ms
#23 63.67 2026-10-06T22:47:55.283Z  INFO [requestId:] 418 --- [sc-reference-app] [           main] [                                                 ] d.s.r.media.MediaIntegrationTest         : Started MediaIntegrationTest in 0.485 seconds (process running for 20.039)
#23 67.00 2026-10-06T22:47:58.659Z  WARN [requestId:6ca92280-18eb-454f-8011-621923d4d438] 418 --- [sc-reference-app] [           main] [                                                 ] d.s.a.storage.FileStorageTransactions    : File storage cleanup failed; operational counter incremented
#23 68.58 2026-10-06T22:48:00.227Z  INFO [requestId:34aecc1c-9048-4fee-9368-f94b7de4b910] 418 --- [sc-reference-app] [           main] [                                                 ] o.springdoc.api.AbstractOpenApiResource  : Init duration for springdoc-openapi is: 230 ms
#23 68.58 [INFO] Tests run: 10, Failures: 0, Errors: 0, Skipped: 0, Time elapsed: 5.449 s -- in dev.scframework.reference.media.MediaIntegrationTest
#23 68.58 [INFO] Running dev.scframework.reference.documents.DocumentGrammarTest
#23 68.64 [INFO] Tests run: 6, Failures: 0, Errors: 0, Skipped: 0, Time elapsed: 0.062 s -- in dev.scframework.reference.documents.DocumentGrammarTest
#23 68.64 [INFO] Running dev.scframework.reference.documents.DocumentIntegrationTest
#23 68.65 2026-10-06T22:48:00.304Z  INFO [requestId:] 418 --- [sc-reference-app] [           main] [                                                 ] t.c.s.AnnotationConfigContextLoaderUtils : Could not detect default configuration classes for test class [dev.scframework.reference.documents.DocumentIntegrationTest]: DocumentIntegrationTest does not declare any static, non-private, non-final, nested classes annotated with @Configuration.
#23 68.65 2026-10-06T22:48:00.307Z  INFO [requestId:] 418 --- [sc-reference-app] [           main] [                                                 ] .b.t.c.SpringBootTestContextBootstrapper : Found @SpringBootConfiguration dev.scframework.reference.ReferenceApplication for test class dev.scframework.reference.documents.DocumentIntegrationTest
#23 70.21 [INFO] Tests run: 5, Failures: 0, Errors: 0, Skipped: 0, Time elapsed: 1.570 s -- in dev.scframework.reference.documents.DocumentIntegrationTest
#23 70.21 [INFO] Running dev.scframework.reference.reports.RequirementReportIntegrationTest
#23 70.41 2026-10-06T22:48:01.878Z  INFO [requestId:] 418 --- [sc-reference-app] [           main] [                                                 ] .b.t.c.SpringBootTestContextBootstrapper : Found @SpringBootConfiguration dev.scframework.reference.ReferenceApplication for test class dev.scframework.reference.reports.RequirementReportIntegrationTest
#23 70.41 
#23 70.41   .   ____          _            __ _ _
#23 70.41  /\\ / ___'_ __ _ _(_)_ __  __ _ \ \ \ \
#23 70.41 ( ( )\___ | '_ | '_| | '_ \/ _` | \ \ \ \
#23 70.41  \\/  ___)| |_)| | | | | || (_| |  ) ) ) )
#23 70.41   '  |____| .__|_| |_|_| |_\__, | / / / /
#23 70.41  =========|_|==============|___/=/_/_/_/
#23 70.41 
#23 70.41  :: Spring Boot ::               (v3.5.16)
#23 70.41 
#23 70.41 2026-10-06T22:48:01.895Z  INFO [requestId:] 418 --- [sc-reference-app] [           main] [                                                 ] d.s.r.r.RequirementReportIntegrationTest : Starting RequirementReportIntegrationTest using Java 21.0.12.1 with PID 418 (started by root in /workspace/backend/reference-app)
#23 70.41 2026-10-06T22:48:01.895Z  INFO [requestId:] 418 --- [sc-reference-app] [           main] [                                                 ] d.s.r.r.RequirementReportIntegrationTest : The following 1 profile is active: "dev"
#23 70.41 2026-10-06T22:48:01.991Z  INFO [requestId:] 418 --- [sc-reference-app] [           main] [                                                 ] .s.d.r.c.RepositoryConfigurationDelegate : Bootstrapping Spring Data JPA repositories in DEFAULT mode.
#23 70.41 2026-10-06T22:48:01.999Z  INFO [requestId:] 418 --- [sc-reference-app] [           main] [                                                 ] .s.d.r.c.RepositoryConfigurationDelegate : Finished Spring Data repository scanning in 7 ms. Found 18 JPA repository interfaces.
#23 70.41 2026-10-06T22:48:02.015Z  INFO [requestId:] 418 --- [sc-reference-app] [           main] [                                                 ] o.s.cloud.context.scope.GenericScope     : BeanFactory id=6071cfcb-0522-3786-8c79-9e1761b7afac
#23 70.41 2026-10-06T22:48:02.033Z  INFO [requestId:] 418 --- [sc-reference-app] [           main] [                                                 ] com.zaxxer.hikari.HikariDataSource       : HikariPool-5 - Starting...
#23 70.41 2026-10-06T22:48:02.034Z  INFO [requestId:] 418 --- [sc-reference-app] [           main] [                                                 ] com.zaxxer.hikari.pool.HikariPool        : HikariPool-5 - Added connection conn49: url=jdbc:h2:mem:reports-sc-report-009-12318548456516106848 user=SA
#23 70.41 2026-10-06T22:48:02.035Z  INFO [requestId:] 418 --- [sc-reference-app] [           main] [                                                 ] com.zaxxer.hikari.HikariDataSource       : HikariPool-5 - Start completed.
#23 70.41 2026-10-06T22:48:02.035Z  INFO [requestId:] 418 --- [sc-reference-app] [           main] [                                                 ] org.flywaydb.core.FlywayExecutor         : Database: jdbc:h2:mem:reports-sc-report-009-12318548456516106848 (H2 2.3)
#23 70.41 2026-10-06T22:48:02.036Z  INFO [requestId:] 418 --- [sc-reference-app] [           main] [                                                 ] o.f.c.i.s.JdbcTableSchemaHistory         : Schema history table "PUBLIC"."flyway_schema_history" does not exist yet
#23 70.41 2026-10-06T22:48:02.036Z  INFO [requestId:] 418 --- [sc-reference-app] [           main] [                                                 ] o.f.core.internal.command.DbValidate     : Successfully validated 5 migrations (execution time 00:00.000s)
#23 70.41 2026-10-06T22:48:02.037Z  INFO [requestId:] 418 --- [sc-reference-app] [           main] [                                                 ] o.f.c.i.s.JdbcTableSchemaHistory         : Creating Schema History table "PUBLIC"."flyway_schema_history" ...
#23 70.41 2026-10-06T22:48:02.038Z  INFO [requestId:] 418 --- [sc-reference-app] [           main] [                                                 ] o.f.core.internal.command.DbMigrate      : Current version of schema "PUBLIC": << Empty Schema >>
#23 70.41 2026-10-06T22:48:02.038Z  INFO [requestId:] 418 --- [sc-reference-app] [           main] [                                                 ] o.f.core.internal.command.DbMigrate      : Migrating schema "PUBLIC" to version "1 - example baseline"
#23 70.41 2026-10-06T22:48:02.040Z  INFO [requestId:] 418 --- [sc-reference-app] [           main] [                                                 ] o.f.core.internal.command.DbMigrate      : Migrating schema "PUBLIC" to version "2 - requirements baseline"
#23 70.41 2026-10-06T22:48:02.041Z  INFO [requestId:] 418 --- [sc-reference-app] [           main] [                                                 ] o.f.core.internal.command.DbMigrate      : Migrating schema "PUBLIC" to version "3 - security audit"
#23 70.41 2026-10-06T22:48:02.043Z  INFO [requestId:] 418 --- [sc-reference-app] [           main] [                                                 ] o.f.core.internal.command.DbMigrate      : Migrating schema "PUBLIC" to version "4 - media and files"
#23 70.41 2026-10-06T22:48:02.046Z  INFO [requestId:] 418 --- [sc-reference-app] [           main] [                                                 ] o.f.core.internal.command.DbMigrate      : Migrating schema "PUBLIC" to version "5 - kanban and documents"
#23 70.41 2026-10-06T22:48:02.047Z  INFO [requestId:] 418 --- [sc-reference-app] [           main] [                                                 ] o.f.core.internal.command.DbMigrate      : Successfully applied 5 migrations to schema "PUBLIC", now at version v5 (execution time 00:00.001s)
#23 70.41 2026-10-06T22:48:02.053Z  INFO [requestId:] 418 --- [sc-reference-app] [           main] [                                                 ] o.hibernate.jpa.internal.util.LogHelper  : HHH000204: Processing PersistenceUnitInfo [name: default]
#23 70.41 2026-10-06T22:48:02.053Z  INFO [requestId:] 418 --- [sc-reference-app] [           main] [                                                 ] o.h.c.internal.RegionFactoryInitiator    : HHH000026: Second-level cache disabled
#23 70.41 2026-10-06T22:48:02.056Z  INFO [requestId:] 418 --- [sc-reference-app] [           main] [                                                 ] o.s.o.j.p.SpringPersistenceUnitInfo      : No LoadTimeWeaver setup: ignoring JPA class transformer
#23 70.41 2026-10-06T22:48:02.056Z  INFO [requestId:] 418 --- [sc-reference-app] [           main] [                                                 ] org.hibernate.orm.connections.pooling    : HHH10001005: Database info:
#23 70.41 	Database JDBC URL [Connecting through datasource 'HikariDataSource (HikariPool-5)']
#23 70.41 	Database driver: undefined/unknown
#23 70.41 	Database version: 2.3.232
#23 70.41 	Autocommit mode: undefined/unknown
#23 70.41 	Isolation level: undefined/unknown
#23 70.41 	Minimum pool size: undefined/unknown
#23 70.41 	Maximum pool size: undefined/unknown
#23 70.51 2026-10-06T22:48:02.086Z  INFO [requestId:] 418 --- [sc-reference-app] [           main] [                                                 ] o.h.e.t.j.p.i.JtaPlatformInitiator       : HHH000489: No JTA platform available (set 'hibernate.transaction.jta.platform' to enable JTA platform integration)
#23 70.51 2026-10-06T22:48:02.087Z  INFO [requestId:] 418 --- [sc-reference-app] [           main] [                                                 ] j.LocalContainerEntityManagerFactoryBean : Initialized JPA EntityManagerFactory for persistence unit 'default'
#23 70.51 2026-10-06T22:48:02.165Z  INFO [requestId:] 418 --- [sc-reference-app] [           main] [                                                 ] o.s.b.a.w.s.WelcomePageHandlerMapping    : Adding welcome page: class path resource [static/index.html]
#23 70.62 2026-10-06T22:48:02.188Z  INFO [requestId:] 418 --- [sc-reference-app] [           main] [                                                 ] r$InitializeUserDetailsManagerConfigurer : Global AuthenticationManager configured with UserDetailsService bean with name referenceUsers
#23 70.62 2026-10-06T22:48:02.201Z  INFO [requestId:] 418 --- [sc-reference-app] [           main] [                                                 ] o.s.b.a.e.web.EndpointLinksResolver      : Exposing 1 endpoint beneath base path '/actuator'
#23 70.62 2026-10-06T22:48:02.228Z  INFO [requestId:] 418 --- [sc-reference-app] [           main] [                                                 ] o.s.b.t.m.w.SpringBootMockServletContext : Initializing Spring TestDispatcherServlet ''
#23 70.62 2026-10-06T22:48:02.228Z  INFO [requestId:] 418 --- [sc-reference-app] [           main] [                                                 ] o.s.t.web.servlet.TestDispatcherServlet  : Initializing Servlet ''
#23 70.62 2026-10-06T22:48:02.228Z  INFO [requestId:] 418 --- [sc-reference-app] [           main] [                                                 ] o.s.t.web.servlet.TestDispatcherServlet  : Completed initialization in 0 ms
#23 70.62 2026-10-06T22:48:02.247Z  INFO [requestId:] 418 --- [sc-reference-app] [           main] [                                                 ] d.s.r.r.RequirementReportIntegrationTest : Started RequirementReportIntegrationTest in 0.367 seconds (process running for 27.005)
#23 72.99 2026-10-06T22:48:04.645Z  INFO [requestId:25d33a03-1093-4630-bf41-4467c6ecdc2e] 418 --- [sc-reference-app] [           main] [                                                 ] o.springdoc.api.AbstractOpenApiResource  : Init duration for springdoc-openapi is: 170 ms
#23 73.65 2026-10-06T22:48:05.311Z  INFO [requestId:] 418 --- [sc-reference-app] [           main] [                                                 ] j.LocalContainerEntityManagerFactoryBean : Closing JPA EntityManagerFactory for persistence unit 'default'
#23 73.65 2026-10-06T22:48:05.311Z  INFO [requestId:] 418 --- [sc-reference-app] [           main] [                                                 ] com.zaxxer.hikari.HikariDataSource       : HikariPool-5 - Shutdown initiated...
#23 73.65 2026-10-06T22:48:05.312Z  INFO [requestId:] 418 --- [sc-reference-app] [           main] [                                                 ] com.zaxxer.hikari.HikariDataSource       : HikariPool-5 - Shutdown completed.
#23 73.65 [INFO] Tests run: 10, Failures: 0, Errors: 0, Skipped: 0, Time elapsed: 3.438 s -- in dev.scframework.reference.reports.RequirementReportIntegrationTest
#23 73.65 [INFO] Running dev.scframework.reference.notices.NoticeIntegrationTest
#23 73.66 2026-10-06T22:48:05.314Z  INFO [requestId:] 418 --- [sc-reference-app] [           main] [                                                 ] t.c.s.AnnotationConfigContextLoaderUtils : Could not detect default configuration classes for test class [dev.scframework.reference.notices.NoticeIntegrationTest]: NoticeIntegrationTest does not declare any static, non-private, non-final, nested classes annotated with @Configuration.
#23 73.66 2026-10-06T22:48:05.317Z  INFO [requestId:] 418 --- [sc-reference-app] [           main] [                                                 ] .b.t.c.SpringBootTestContextBootstrapper : Found @SpringBootConfiguration dev.scframework.reference.ReferenceApplication for test class dev.scframework.reference.notices.NoticeIntegrationTest
#23 75.23 [INFO] Tests run: 5, Failures: 0, Errors: 0, Skipped: 0, Time elapsed: 1.577 s -- in dev.scframework.reference.notices.NoticeIntegrationTest
#23 75.23 [INFO] Running dev.scframework.reference.identity.PasswordIntegrationTest
#23 75.37 2026-10-06T22:48:06.892Z  INFO [requestId:] 418 --- [sc-reference-app] [           main] [                                                 ] t.c.s.AnnotationConfigContextLoaderUtils : Could not detect default configuration classes for test class [dev.scframework.reference.identity.PasswordIntegrationTest]: PasswordIntegrationTest does not declare any static, non-private, non-final, nested classes annotated with @Configuration.
#23 75.37 2026-10-06T22:48:06.895Z  INFO [requestId:] 418 --- [sc-reference-app] [           main] [                                                 ] .b.t.c.SpringBootTestContextBootstrapper : Found @SpringBootConfiguration dev.scframework.reference.ReferenceApplication for test class dev.scframework.reference.identity.PasswordIntegrationTest
#23 75.37 
#23 75.37   .   ____          _            __ _ _
#23 75.37  /\\ / ___'_ __ _ _(_)_ __  __ _ \ \ \ \
#23 75.37 ( ( )\___ | '_ | '_| | '_ \/ _` | \ \ \ \
#23 75.37  \\/  ___)| |_)| | | | | || (_| |  ) ) ) )
#23 75.37   '  |____| .__|_| |_|_| |_\__, | / / / /
#23 75.37  =========|_|==============|___/=/_/_/_/
#23 75.37 
#23 75.37  :: Spring Boot ::               (v3.5.16)
#23 75.37 
#23 75.37 2026-10-06T22:48:06.913Z  INFO [requestId:] 418 --- [sc-reference-app] [           main] [                                                 ] d.s.r.identity.PasswordIntegrationTest   : Starting PasswordIntegrationTest using Java 21.0.12.1 with PID 418 (started by root in /workspace/backend/reference-app)
#23 75.37 2026-10-06T22:48:06.913Z  INFO [requestId:] 418 --- [sc-reference-app] [           main] [                                                 ] d.s.r.identity.PasswordIntegrationTest   : No active profile set, falling back to 1 default profile: "default"
#23 75.37 2026-10-06T22:48:06.997Z  INFO [requestId:] 418 --- [sc-reference-app] [           main] [                                                 ] .s.d.r.c.RepositoryConfigurationDelegate : Bootstrapping Spring Data JPA repositories in DEFAULT mode.
#23 75.37 2026-10-06T22:48:07.003Z  INFO [requestId:] 418 --- [sc-reference-app] [           main] [                                                 ] .s.d.r.c.RepositoryConfigurationDelegate : Finished Spring Data repository scanning in 5 ms. Found 18 JPA repository interfaces.
#23 75.37 2026-10-06T22:48:07.018Z  INFO [requestId:] 418 --- [sc-reference-app] [           main] [                                                 ] o.s.cloud.context.scope.GenericScope     : BeanFactory id=3e743ba2-ddd6-34c9-a3a8-83543fd54d09
#23 75.48 2026-10-06T22:48:07.038Z  INFO [requestId:] 418 --- [sc-reference-app] [           main] [                                                 ] com.zaxxer.hikari.HikariDataSource       : HikariPool-6 - Starting...
#23 75.48 2026-10-06T22:48:07.039Z  INFO [requestId:] 418 --- [sc-reference-app] [           main] [                                                 ] com.zaxxer.hikari.pool.HikariPool        : HikariPool-6 - Added connection conn54: url=jdbc:h2:mem:password-sc-password-010-8658595982998874016 user=SA
#23 75.48 2026-10-06T22:48:07.039Z  INFO [requestId:] 418 --- [sc-reference-app] [           main] [                                                 ] com.zaxxer.hikari.HikariDataSource       : HikariPool-6 - Start completed.
#23 75.48 2026-10-06T22:48:07.039Z  INFO [requestId:] 418 --- [sc-reference-app] [           main] [                                                 ] org.flywaydb.core.FlywayExecutor         : Database: jdbc:h2:mem:password-sc-password-010-8658595982998874016 (H2 2.3)
#23 75.48 2026-10-06T22:48:07.040Z  INFO [requestId:] 418 --- [sc-reference-app] [           main] [                                                 ] o.f.c.i.s.JdbcTableSchemaHistory         : Schema history table "PUBLIC"."flyway_schema_history" does not exist yet
#23 75.48 2026-10-06T22:48:07.040Z  INFO [requestId:] 418 --- [sc-reference-app] [           main] [                                                 ] o.f.core.internal.command.DbValidate     : Successfully validated 5 migrations (execution time 00:00.000s)
#23 75.48 2026-10-06T22:48:07.040Z  INFO [requestId:] 418 --- [sc-reference-app] [           main] [                                                 ] o.f.c.i.s.JdbcTableSchemaHistory         : Creating Schema History table "PUBLIC"."flyway_schema_history" ...
#23 75.48 2026-10-06T22:48:07.042Z  INFO [requestId:] 418 --- [sc-reference-app] [           main] [                                                 ] o.f.core.internal.command.DbMigrate      : Current version of schema "PUBLIC": << Empty Schema >>
#23 75.48 2026-10-06T22:48:07.043Z  INFO [requestId:] 418 --- [sc-reference-app] [           main] [                                                 ] o.f.core.internal.command.DbMigrate      : Migrating schema "PUBLIC" to version "1 - example baseline"
#23 75.48 2026-10-06T22:48:07.043Z  INFO [requestId:] 418 --- [sc-reference-app] [           main] [                                                 ] o.f.core.internal.command.DbMigrate      : Migrating schema "PUBLIC" to version "2 - requirements baseline"
#23 75.48 2026-10-06T22:48:07.045Z  INFO [requestId:] 418 --- [sc-reference-app] [           main] [                                                 ] o.f.core.internal.command.DbMigrate      : Migrating schema "PUBLIC" to version "3 - security audit"
#23 75.48 2026-10-06T22:48:07.046Z  INFO [requestId:] 418 --- [sc-reference-app] [           main] [                                                 ] o.f.core.internal.command.DbMigrate      : Migrating schema "PUBLIC" to version "4 - media and files"
#23 75.48 2026-10-06T22:48:07.047Z  INFO [requestId:] 418 --- [sc-reference-app] [           main] [                                                 ] o.f.core.internal.command.DbMigrate      : Migrating schema "PUBLIC" to version "5 - kanban and documents"
#23 75.48 2026-10-06T22:48:07.048Z  INFO [requestId:] 418 --- [sc-reference-app] [           main] [                                                 ] o.f.core.internal.command.DbMigrate      : Successfully applied 5 migrations to schema "PUBLIC", now at version v5 (execution time 00:00.001s)
#23 75.48 2026-10-06T22:48:07.054Z  INFO [requestId:] 418 --- [sc-reference-app] [           main] [                                                 ] o.hibernate.jpa.internal.util.LogHelper  : HHH000204: Processing PersistenceUnitInfo [name: default]
#23 75.48 2026-10-06T22:48:07.054Z  INFO [requestId:] 418 --- [sc-reference-app] [           main] [                                                 ] o.h.c.internal.RegionFactoryInitiator    : HHH000026: Second-level cache disabled
#23 75.48 2026-10-06T22:48:07.057Z  INFO [requestId:] 418 --- [sc-reference-app] [           main] [                                                 ] o.s.o.j.p.SpringPersistenceUnitInfo      : No LoadTimeWeaver setup: ignoring JPA class transformer
#23 75.48 2026-10-06T22:48:07.058Z  INFO [requestId:] 418 --- [sc-reference-app] [           main] [                                                 ] org.hibernate.orm.connections.pooling    : HHH10001005: Database info:
#23 75.48 	Database JDBC URL [Connecting through datasource 'HikariDataSource (HikariPool-6)']
#23 75.48 	Database driver: undefined/unknown
#23 75.48 	Database version: 2.3.232
#23 75.48 	Autocommit mode: undefined/unknown
#23 75.48 	Isolation level: undefined/unknown
#23 75.48 	Minimum pool size: undefined/unknown
#23 75.48 	Maximum pool size: undefined/unknown
#23 75.48 2026-10-06T22:48:07.085Z  INFO [requestId:] 418 --- [sc-reference-app] [           main] [                                                 ] o.h.e.t.j.p.i.JtaPlatformInitiator       : HHH000489: No JTA platform available (set 'hibernate.transaction.jta.platform' to enable JTA platform integration)
#23 75.48 2026-10-06T22:48:07.086Z  INFO [requestId:] 418 --- [sc-reference-app] [           main] [                                                 ] j.LocalContainerEntityManagerFactoryBean : Initialized JPA EntityManagerFactory for persistence unit 'default'
#23 75.58 2026-10-06T22:48:07.162Z  INFO [requestId:] 418 --- [sc-reference-app] [           main] [                                                 ] o.s.b.a.w.s.WelcomePageHandlerMapping    : Adding welcome page: class path resource [static/index.html]
#23 75.58 2026-10-06T22:48:07.181Z  INFO [requestId:] 418 --- [sc-reference-app] [           main] [                                                 ] r$InitializeUserDetailsManagerConfigurer : Global AuthenticationManager configured with UserDetailsService bean with name referenceUsers
#23 75.58 2026-10-06T22:48:07.193Z  INFO [requestId:] 418 --- [sc-reference-app] [           main] [                                                 ] o.s.b.a.e.web.EndpointLinksResolver      : Exposing 1 endpoint beneath base path '/actuator'
#23 75.58 2026-10-06T22:48:07.210Z  INFO [requestId:] 418 --- [sc-reference-app] [           main] [                                                 ] o.s.b.t.m.w.SpringBootMockServletContext : Initializing Spring TestDispatcherServlet ''
#23 75.58 2026-10-06T22:48:07.210Z  INFO [requestId:] 418 --- [sc-reference-app] [           main] [                                                 ] o.s.t.web.servlet.TestDispatcherServlet  : Initializing Servlet ''
#23 75.58 2026-10-06T22:48:07.210Z  INFO [requestId:] 418 --- [sc-reference-app] [           main] [                                                 ] o.s.t.web.servlet.TestDispatcherServlet  : Completed initialization in 0 ms
#23 75.58 2026-10-06T22:48:07.224Z  INFO [requestId:] 418 --- [sc-reference-app] [           main] [                                                 ] d.s.r.identity.PasswordIntegrationTest   : Started PasswordIntegrationTest in 0.327 seconds (process running for 31.981)
#23 76.62 2026-10-06T22:48:08.281Z  INFO [requestId:] 418 --- [sc-reference-app] [           main] [                                                 ] j.LocalContainerEntityManagerFactoryBean : Closing JPA EntityManagerFactory for persistence unit 'default'
#23 76.62 2026-10-06T22:48:08.281Z  INFO [requestId:] 418 --- [sc-reference-app] [           main] [                                                 ] com.zaxxer.hikari.HikariDataSource       : HikariPool-6 - Shutdown initiated...
#23 76.62 2026-10-06T22:48:08.281Z  INFO [requestId:] 418 --- [sc-reference-app] [           main] [                                                 ] com.zaxxer.hikari.HikariDataSource       : HikariPool-6 - Shutdown completed.
#23 76.62 [INFO] Tests run: 3, Failures: 0, Errors: 0, Skipped: 0, Time elapsed: 1.391 s -- in dev.scframework.reference.identity.PasswordIntegrationTest
#23 76.62 [INFO] Running dev.scframework.reference.operations.BrowserErrorsIntegrationTest
#23 76.82 2026-10-06T22:48:08.283Z  INFO [requestId:] 418 --- [sc-reference-app] [           main] [                                                 ] t.c.s.AnnotationConfigContextLoaderUtils : Could not detect default configuration classes for test class [dev.scframework.reference.operations.BrowserErrorsIntegrationTest]: BrowserErrorsIntegrationTest does not declare any static, non-private, non-final, nested classes annotated with @Configuration.
#23 76.82 2026-10-06T22:48:08.286Z  INFO [requestId:] 418 --- [sc-reference-app] [           main] [                                                 ] .b.t.c.SpringBootTestContextBootstrapper : Found @SpringBootConfiguration dev.scframework.reference.ReferenceApplication for test class dev.scframework.reference.operations.BrowserErrorsIntegrationTest
#23 76.82 
#23 76.82   .   ____          _            __ _ _
#23 76.82  /\\ / ___'_ __ _ _(_)_ __  __ _ \ \ \ \
#23 76.82 ( ( )\___ | '_ | '_| | '_ \/ _` | \ \ \ \
#23 76.82  \\/  ___)| |_)| | | | | || (_| |  ) ) ) )
#23 76.82   '  |____| .__|_| |_|_| |_\__, | / / / /
#23 76.82  =========|_|==============|___/=/_/_/_/
#23 76.82 
#23 76.82  :: Spring Boot ::               (v3.5.16)
#23 76.82 
#23 76.82 2026-10-06T22:48:08.301Z  INFO [requestId:] 418 --- [sc-reference-app] [           main] [                                                 ] d.s.r.o.BrowserErrorsIntegrationTest     : Starting BrowserErrorsIntegrationTest using Java 21.0.12.1 with PID 418 (started by root in /workspace/backend/reference-app)
#23 76.82 2026-10-06T22:48:08.301Z  INFO [requestId:] 418 --- [sc-reference-app] [           main] [                                                 ] d.s.r.o.BrowserErrorsIntegrationTest     : The following 1 profile is active: "dev"
#23 76.82 2026-10-06T22:48:08.392Z  INFO [requestId:] 418 --- [sc-reference-app] [           main] [                                                 ] .s.d.r.c.RepositoryConfigurationDelegate : Bootstrapping Spring Data JPA repositories in DEFAULT mode.
#23 76.82 2026-10-06T22:48:08.398Z  INFO [requestId:] 418 --- [sc-reference-app] [           main] [                                                 ] .s.d.r.c.RepositoryConfigurationDelegate : Finished Spring Data repository scanning in 6 ms. Found 18 JPA repository interfaces.
#23 76.82 2026-10-06T22:48:08.416Z  INFO [requestId:] 418 --- [sc-reference-app] [           main] [                                                 ] o.s.cloud.context.scope.GenericScope     : BeanFactory id=a82ac9de-297b-3e45-a772-91927d461ffb
#23 76.82 2026-10-06T22:48:08.438Z  INFO [requestId:] 418 --- [sc-reference-app] [           main] [                                                 ] com.zaxxer.hikari.HikariDataSource       : HikariPool-7 - Starting...
#23 76.82 2026-10-06T22:48:08.439Z  INFO [requestId:] 418 --- [sc-reference-app] [           main] [                                                 ] com.zaxxer.hikari.pool.HikariPool        : HikariPool-7 - Added connection conn59: url=jdbc:h2:mem:ops-browser-sc-operational-test-6131736232648825868 user=SA
#23 76.82 2026-10-06T22:48:08.439Z  INFO [requestId:] 418 --- [sc-reference-app] [           main] [                                                 ] com.zaxxer.hikari.HikariDataSource       : HikariPool-7 - Start completed.
#23 76.82 2026-10-06T22:48:08.439Z  INFO [requestId:] 418 --- [sc-reference-app] [           main] [                                                 ] org.flywaydb.core.FlywayExecutor         : Database: jdbc:h2:mem:ops-browser-sc-operational-test-6131736232648825868 (H2 2.3)
#23 76.82 2026-10-06T22:48:08.441Z  INFO [requestId:] 418 --- [sc-reference-app] [           main] [                                                 ] o.f.c.i.s.JdbcTableSchemaHistory         : Schema history table "PUBLIC"."flyway_schema_history" does not exist yet
#23 76.82 2026-10-06T22:48:08.441Z  INFO [requestId:] 418 --- [sc-reference-app] [           main] [                                                 ] o.f.core.internal.command.DbValidate     : Successfully validated 7 migrations (execution time 00:00.000s)
#23 76.82 2026-10-06T22:48:08.441Z  INFO [requestId:] 418 --- [sc-reference-app] [           main] [                                                 ] o.f.c.i.s.JdbcTableSchemaHistory         : Creating Schema History table "PUBLIC"."flyway_schema_history" ...
#23 76.82 2026-10-06T22:48:08.442Z  INFO [requestId:] 418 --- [sc-reference-app] [           main] [                                                 ] o.f.core.internal.command.DbMigrate      : Current version of schema "PUBLIC": << Empty Schema >>
#23 76.82 2026-10-06T22:48:08.443Z  INFO [requestId:] 418 --- [sc-reference-app] [           main] [                                                 ] o.f.core.internal.command.DbMigrate      : Migrating schema "PUBLIC" to version "1 - example baseline"
#23 76.82 2026-10-06T22:48:08.444Z  INFO [requestId:] 418 --- [sc-reference-app] [           main] [                                                 ] o.f.core.internal.command.DbMigrate      : Migrating schema "PUBLIC" to version "2 - requirements baseline"
#23 76.82 2026-10-06T22:48:08.445Z  INFO [requestId:] 418 --- [sc-reference-app] [           main] [                                                 ] o.f.core.internal.command.DbMigrate      : Migrating schema "PUBLIC" to version "3 - security audit"
#23 76.82 2026-10-06T22:48:08.446Z  INFO [requestId:] 418 --- [sc-reference-app] [           main] [                                                 ] o.f.core.internal.command.DbMigrate      : Migrating schema "PUBLIC" to version "4 - media and files"
#23 76.82 2026-10-06T22:48:08.448Z  INFO [requestId:] 418 --- [sc-reference-app] [           main] [                                                 ] o.f.core.internal.command.DbMigrate      : Migrating schema "PUBLIC" to version "5 - kanban and documents"
#23 76.82 2026-10-06T22:48:08.449Z  INFO [requestId:] 418 --- [sc-reference-app] [           main] [                                                 ] o.f.core.internal.command.DbMigrate      : Migrating schema "PUBLIC" to version "6 - operations messages"
#23 76.82 2026-10-06T22:48:08.453Z  INFO [requestId:] 418 --- [sc-reference-app] [           main] [                                                 ] o.f.core.internal.command.DbMigrate      : Migrating schema "PUBLIC" to version "7 - operations scheduler browser"
#23 76.82 2026-10-06T22:48:08.455Z  INFO [requestId:] 418 --- [sc-reference-app] [           main] [                                                 ] o.f.core.internal.command.DbMigrate      : Successfully applied 7 migrations to schema "PUBLIC", now at version v7 (execution time 00:00.003s)
#23 76.82 2026-10-06T22:48:08.461Z  INFO [requestId:] 418 --- [sc-reference-app] [           main] [                                                 ] o.hibernate.jpa.internal.util.LogHelper  : HHH000204: Processing PersistenceUnitInfo [name: default]
#23 76.82 2026-10-06T22:48:08.462Z  INFO [requestId:] 418 --- [sc-reference-app] [           main] [                                                 ] o.h.c.internal.RegionFactoryInitiator    : HHH000026: Second-level cache disabled
#23 76.82 2026-10-06T22:48:08.464Z  INFO [requestId:] 418 --- [sc-reference-app] [           main] [                                                 ] o.s.o.j.p.SpringPersistenceUnitInfo      : No LoadTimeWeaver setup: ignoring JPA class transformer
#23 76.82 2026-10-06T22:48:08.464Z  INFO [requestId:] 418 --- [sc-reference-app] [           main] [                                                 ] org.hibernate.orm.connections.pooling    : HHH10001005: Database info:
#23 76.82 	Database JDBC URL [Connecting through datasource 'HikariDataSource (HikariPool-7)']
#23 76.82 	Database driver: undefined/unknown
#23 76.82 	Database version: 2.3.232
#23 76.82 	Autocommit mode: undefined/unknown
#23 76.82 	Isolation level: undefined/unknown
#23 76.82 	Minimum pool size: undefined/unknown
#23 76.82 	Maximum pool size: undefined/unknown
#23 76.92 2026-10-06T22:48:08.490Z  INFO [requestId:] 418 --- [sc-reference-app] [           main] [                                                 ] o.h.e.t.j.p.i.JtaPlatformInitiator       : HHH000489: No JTA platform available (set 'hibernate.transaction.jta.platform' to enable JTA platform integration)
#23 76.92 2026-10-06T22:48:08.491Z  INFO [requestId:] 418 --- [sc-reference-app] [           main] [                                                 ] j.LocalContainerEntityManagerFactoryBean : Initialized JPA EntityManagerFactory for persistence unit 'default'
#23 77.02 2026-10-06T22:48:08.590Z  INFO [requestId:] 418 --- [sc-reference-app] [           main] [                                                 ] org.quartz.impl.StdSchedulerFactory      : Using default implementation for ThreadExecutor
#23 77.02 2026-10-06T22:48:08.595Z  INFO [requestId:] 418 --- [sc-reference-app] [           main] [                                                 ] org.quartz.core.SchedulerSignalerImpl    : Initialized Scheduler Signaller of type: class org.quartz.core.SchedulerSignalerImpl
#23 77.02 2026-10-06T22:48:08.595Z  INFO [requestId:] 418 --- [sc-reference-app] [           main] [                                                 ] org.quartz.core.QuartzScheduler          : Quartz Scheduler v2.5.2 created.
#23 77.02 2026-10-06T22:48:08.595Z  INFO [requestId:] 418 --- [sc-reference-app] [           main] [                                                 ] o.s.s.quartz.LocalDataSourceJobStore     : Using db table-based data access locking (synchronization).
#23 77.02 2026-10-06T22:48:08.596Z  INFO [requestId:] 418 --- [sc-reference-app] [           main] [                                                 ] o.s.s.quartz.LocalDataSourceJobStore     : JobStoreCMT initialized.
#23 77.02 2026-10-06T22:48:08.596Z  INFO [requestId:] 418 --- [sc-reference-app] [           main] [                                                 ] org.quartz.core.QuartzScheduler          : Scheduler meta-data: Quartz Scheduler (v2.5.2) 'sc-test-sc-operational-test-6131736232648825868' with instanceId 'NON_CLUSTERED'
#23 77.02   Scheduler class: 'org.quartz.core.QuartzScheduler' - running locally.
#23 77.02   NOT STARTED.
#23 77.02   Currently in standby mode.
#23 77.02   Number of jobs executed: 0
#23 77.02   Using thread pool 'org.quartz.simpl.SimpleThreadPool' - with 2 threads.
#23 77.02   Using job-store 'org.springframework.scheduling.quartz.LocalDataSourceJobStore' - which supports persistence. and is not clustered.
#23 77.02 
#23 77.02 2026-10-06T22:48:08.596Z  INFO [requestId:] 418 --- [sc-reference-app] [           main] [                                                 ] org.quartz.impl.StdSchedulerFactory      : Quartz scheduler 'sc-test-sc-operational-test-6131736232648825868' initialized from an externally provided properties instance.
#23 77.02 2026-10-06T22:48:08.596Z  INFO [requestId:] 418 --- [sc-reference-app] [           main] [                                                 ] org.quartz.impl.StdSchedulerFactory      : Quartz scheduler version: 2.5.2
#23 77.02 2026-10-06T22:48:08.596Z  INFO [requestId:] 418 --- [sc-reference-app] [           main] [                                                 ] org.quartz.core.QuartzScheduler          : JobFactory set to: dev.scframework.autoconfigure.ScSchedulerAutoConfiguration$$Lambda/0x00000010021e9368@73bbc3a2
#23 77.02 2026-10-06T22:48:08.616Z  INFO [requestId:] 418 --- [sc-reference-app] [           main] [                                                 ] o.s.b.a.w.s.WelcomePageHandlerMapping    : Adding welcome page: class path resource [static/index.html]
#23 77.02 2026-10-06T22:48:08.641Z  INFO [requestId:] 418 --- [sc-reference-app] [           main] [                                                 ] r$InitializeUserDetailsManagerConfigurer : Global AuthenticationManager configured with UserDetailsService bean with name referenceUsers
#23 77.02 2026-10-06T22:48:08.656Z  INFO [requestId:] 418 --- [sc-reference-app] [           main] [                                                 ] o.s.b.a.e.web.EndpointLinksResolver      : Exposing 1 endpoint beneath base path '/actuator'
#23 77.02 2026-10-06T22:48:08.677Z  INFO [requestId:] 418 --- [sc-reference-app] [           main] [                                                 ] o.s.b.t.m.w.SpringBootMockServletContext : Initializing Spring TestDispatcherServlet ''
#23 77.02 2026-10-06T22:48:08.677Z  INFO [requestId:] 418 --- [sc-reference-app] [           main] [                                                 ] o.s.t.web.servlet.TestDispatcherServlet  : Initializing Servlet ''
#23 77.02 2026-10-06T22:48:08.677Z  INFO [requestId:] 418 --- [sc-reference-app] [           main] [                                                 ] o.s.t.web.servlet.TestDispatcherServlet  : Completed initialization in 0 ms
#23 77.09 2026-10-06T22:48:08.691Z  INFO [requestId:] 418 --- [sc-reference-app] [           main] [                                                 ] d.s.r.o.BrowserErrorsIntegrationTest     : Started BrowserErrorsIntegrationTest in 0.403 seconds (process running for 33.449)
#23 77.25 [INFO] Tests run: 9, Failures: 0, Errors: 0, Skipped: 0, Time elapsed: 0.627 s -- in dev.scframework.reference.operations.BrowserErrorsIntegrationTest
#23 77.25 [INFO] Running dev.scframework.reference.operations.OperationalSchedulerIntegrationTest
#23 77.43 2026-10-06T22:48:08.911Z  INFO [requestId:] 418 --- [sc-reference-app] [           main] [                                                 ] t.c.s.AnnotationConfigContextLoaderUtils : Could not detect default configuration classes for test class [dev.scframework.reference.operations.OperationalSchedulerIntegrationTest]: OperationalSchedulerIntegrationTest does not declare any static, non-private, non-final, nested classes annotated with @Configuration.
#23 77.43 2026-10-06T22:48:08.912Z  INFO [requestId:] 418 --- [sc-reference-app] [           main] [                                                 ] .b.t.c.SpringBootTestContextBootstrapper : Found @SpringBootConfiguration dev.scframework.reference.ReferenceApplication for test class dev.scframework.reference.operations.OperationalSchedulerIntegrationTest
#23 77.43 
#23 77.43   .   ____          _            __ _ _
#23 77.43  /\\ / ___'_ __ _ _(_)_ __  __ _ \ \ \ \
#23 77.43 ( ( )\___ | '_ | '_| | '_ \/ _` | \ \ \ \
#23 77.43  \\/  ___)| |_)| | | | | || (_| |  ) ) ) )
#23 77.43   '  |____| .__|_| |_|_| |_\__, | / / / /
#23 77.43  =========|_|==============|___/=/_/_/_/
#23 77.43 
#23 77.43  :: Spring Boot ::               (v3.5.16)
#23 77.43 
#23 77.43 2026-10-06T22:48:08.924Z  INFO [requestId:] 418 --- [sc-reference-app] [           main] [                                                 ] .r.o.OperationalSchedulerIntegrationTest : Starting OperationalSchedulerIntegrationTest using Java 21.0.12.1 with PID 418 (started by root in /workspace/backend/reference-app)
#23 77.43 2026-10-06T22:48:08.924Z  INFO [requestId:] 418 --- [sc-reference-app] [           main] [                                                 ] .r.o.OperationalSchedulerIntegrationTest : The following 1 profile is active: "dev"
#23 77.43 2026-10-06T22:48:09.001Z  INFO [requestId:] 418 --- [sc-reference-app] [           main] [                                                 ] .s.d.r.c.RepositoryConfigurationDelegate : Bootstrapping Spring Data JPA repositories in DEFAULT mode.
#23 77.43 2026-10-06T22:48:09.007Z  INFO [requestId:] 418 --- [sc-reference-app] [           main] [                                                 ] .s.d.r.c.RepositoryConfigurationDelegate : Finished Spring Data repository scanning in 5 ms. Found 18 JPA repository interfaces.
#23 77.43 2026-10-06T22:48:09.020Z  INFO [requestId:] 418 --- [sc-reference-app] [           main] [                                                 ] o.s.cloud.context.scope.GenericScope     : BeanFactory id=a82ac9de-297b-3e45-a772-91927d461ffb
#23 77.43 2026-10-06T22:48:09.037Z  INFO [requestId:] 418 --- [sc-reference-app] [           main] [                                                 ] com.zaxxer.hikari.HikariDataSource       : HikariPool-8 - Starting...
#23 77.43 2026-10-06T22:48:09.037Z  INFO [requestId:] 418 --- [sc-reference-app] [           main] [                                                 ] com.zaxxer.hikari.pool.HikariPool        : HikariPool-8 - Added connection conn64: url=jdbc:h2:mem:ops-scheduler-sc-operational-test-7092147308768816532 user=SA
#23 77.43 2026-10-06T22:48:09.038Z  INFO [requestId:] 418 --- [sc-reference-app] [           main] [                                                 ] com.zaxxer.hikari.HikariDataSource       : HikariPool-8 - Start completed.
#23 77.43 2026-10-06T22:48:09.038Z  INFO [requestId:] 418 --- [sc-reference-app] [           main] [                                                 ] org.flywaydb.core.FlywayExecutor         : Database: jdbc:h2:mem:ops-scheduler-sc-operational-test-7092147308768816532 (H2 2.3)
#23 77.43 2026-10-06T22:48:09.039Z  INFO [requestId:] 418 --- [sc-reference-app] [           main] [                                                 ] o.f.c.i.s.JdbcTableSchemaHistory         : Schema history table "PUBLIC"."flyway_schema_history" does not exist yet
#23 77.43 2026-10-06T22:48:09.039Z  INFO [requestId:] 418 --- [sc-reference-app] [           main] [                                                 ] o.f.core.internal.command.DbValidate     : Successfully validated 7 migrations (execution time 00:00.000s)
#23 77.43 2026-10-06T22:48:09.039Z  INFO [requestId:] 418 --- [sc-reference-app] [           main] [                                                 ] o.f.c.i.s.JdbcTableSchemaHistory         : Creating Schema History table "PUBLIC"."flyway_schema_history" ...
#23 77.43 2026-10-06T22:48:09.040Z  INFO [requestId:] 418 --- [sc-reference-app] [           main] [                                                 ] o.f.core.internal.command.DbMigrate      : Current version of schema "PUBLIC": << Empty Schema >>
#23 77.43 2026-10-06T22:48:09.041Z  INFO [requestId:] 418 --- [sc-reference-app] [           main] [                                                 ] o.f.core.internal.command.DbMigrate      : Migrating schema "PUBLIC" to version "1 - example baseline"
#23 77.43 2026-10-06T22:48:09.042Z  INFO [requestId:] 418 --- [sc-reference-app] [           main] [                                                 ] o.f.core.internal.command.DbMigrate      : Migrating schema "PUBLIC" to version "2 - requirements baseline"
#23 77.43 2026-10-06T22:48:09.043Z  INFO [requestId:] 418 --- [sc-reference-app] [           main] [                                                 ] o.f.core.internal.command.DbMigrate      : Migrating schema "PUBLIC" to version "3 - security audit"
#23 77.43 2026-10-06T22:48:09.045Z  INFO [requestId:] 418 --- [sc-reference-app] [           main] [                                                 ] o.f.core.internal.command.DbMigrate      : Migrating schema "PUBLIC" to version "4 - media and files"
#23 77.43 2026-10-06T22:48:09.046Z  INFO [requestId:] 418 --- [sc-reference-app] [           main] [                                                 ] o.f.core.internal.command.DbMigrate      : Migrating schema "PUBLIC" to version "5 - kanban and documents"
#23 77.43 2026-10-06T22:48:09.047Z  INFO [requestId:] 418 --- [sc-reference-app] [           main] [                                                 ] o.f.core.internal.command.DbMigrate      : Migrating schema "PUBLIC" to version "6 - operations messages"
#23 77.43 2026-10-06T22:48:09.049Z  INFO [requestId:] 418 --- [sc-reference-app] [           main] [                                                 ] o.f.core.internal.command.DbMigrate      : Migrating schema "PUBLIC" to version "7 - operations scheduler browser"
#23 77.43 2026-10-06T22:48:09.050Z  INFO [requestId:] 418 --- [sc-reference-app] [           main] [                                                 ] o.f.core.internal.command.DbMigrate      : Successfully applied 7 migrations to schema "PUBLIC", now at version v7 (execution time 00:00.001s)
#23 77.43 2026-10-06T22:48:09.056Z  INFO [requestId:] 418 --- [sc-reference-app] [           main] [                                                 ] o.hibernate.jpa.internal.util.LogHelper  : HHH000204: Processing PersistenceUnitInfo [name: default]
#23 77.43 2026-10-06T22:48:09.056Z  INFO [requestId:] 418 --- [sc-reference-app] [           main] [                                                 ] o.h.c.internal.RegionFactoryInitiator    : HHH000026: Second-level cache disabled
#23 77.43 2026-10-06T22:48:09.058Z  INFO [requestId:] 418 --- [sc-reference-app] [           main] [                                                 ] o.s.o.j.p.SpringPersistenceUnitInfo      : No LoadTimeWeaver setup: ignoring JPA class transformer
#23 77.43 2026-10-06T22:48:09.059Z  INFO [requestId:] 418 --- [sc-reference-app] [           main] [                                                 ] org.hibernate.orm.connections.pooling    : HHH10001005: Database info:
#23 77.43 	Database JDBC URL [Connecting through datasource 'HikariDataSource (HikariPool-8)']
#23 77.43 	Database driver: undefined/unknown
#23 77.43 	Database version: 2.3.232
#23 77.43 	Autocommit mode: undefined/unknown
#23 77.43 	Isolation level: undefined/unknown
#23 77.43 	Minimum pool size: undefined/unknown
#23 77.43 	Maximum pool size: undefined/unknown
#23 77.43 2026-10-06T22:48:09.083Z  INFO [requestId:] 418 --- [sc-reference-app] [           main] [                                                 ] o.h.e.t.j.p.i.JtaPlatformInitiator       : HHH000489: No JTA platform available (set 'hibernate.transaction.jta.platform' to enable JTA platform integration)
#23 77.43 2026-10-06T22:48:09.084Z  INFO [requestId:] 418 --- [sc-reference-app] [           main] [                                                 ] j.LocalContainerEntityManagerFactoryBean : Initialized JPA EntityManagerFactory for persistence unit 'default'
#23 77.53 2026-10-06T22:48:09.163Z  INFO [requestId:] 418 --- [sc-reference-app] [           main] [                                                 ] org.quartz.impl.StdSchedulerFactory      : Using default implementation for ThreadExecutor
#23 77.53 2026-10-06T22:48:09.163Z  INFO [requestId:] 418 --- [sc-reference-app] [           main] [                                                 ] org.quartz.core.SchedulerSignalerImpl    : Initialized Scheduler Signaller of type: class org.quartz.core.SchedulerSignalerImpl
#23 77.53 2026-10-06T22:48:09.163Z  INFO [requestId:] 418 --- [sc-reference-app] [           main] [                                                 ] org.quartz.core.QuartzScheduler          : Quartz Scheduler v2.5.2 created.
#23 77.53 2026-10-06T22:48:09.163Z  INFO [requestId:] 418 --- [sc-reference-app] [           main] [                                                 ] o.s.s.quartz.LocalDataSourceJobStore     : Using db table-based data access locking (synchronization).
#23 77.53 2026-10-06T22:48:09.163Z  INFO [requestId:] 418 --- [sc-reference-app] [           main] [                                                 ] o.s.s.quartz.LocalDataSourceJobStore     : JobStoreCMT initialized.
#23 77.53 2026-10-06T22:48:09.163Z  INFO [requestId:] 418 --- [sc-reference-app] [           main] [                                                 ] org.quartz.core.QuartzScheduler          : Scheduler meta-data: Quartz Scheduler (v2.5.2) 'sc-test-sc-operational-test-7092147308768816532' with instanceId 'NON_CLUSTERED'
#23 77.53   Scheduler class: 'org.quartz.core.QuartzScheduler' - running locally.
#23 77.53   NOT STARTED.
#23 77.53   Currently in standby mode.
#23 77.53   Number of jobs executed: 0
#23 77.53   Using thread pool 'org.quartz.simpl.SimpleThreadPool' - with 2 threads.
#23 77.53   Using job-store 'org.springframework.scheduling.quartz.LocalDataSourceJobStore' - which supports persistence. and is not clustered.
#23 77.53 
#23 77.53 2026-10-06T22:48:09.163Z  INFO [requestId:] 418 --- [sc-reference-app] [           main] [                                                 ] org.quartz.impl.StdSchedulerFactory      : Quartz scheduler 'sc-test-sc-operational-test-7092147308768816532' initialized from an externally provided properties instance.
#23 77.53 2026-10-06T22:48:09.163Z  INFO [requestId:] 418 --- [sc-reference-app] [           main] [                                                 ] org.quartz.impl.StdSchedulerFactory      : Quartz scheduler version: 2.5.2
#23 77.53 2026-10-06T22:48:09.163Z  INFO [requestId:] 418 --- [sc-reference-app] [           main] [                                                 ] org.quartz.core.QuartzScheduler          : JobFactory set to: dev.scframework.autoconfigure.ScSchedulerAutoConfiguration$$Lambda/0x00000010021e9368@487ef17
#23 77.53 2026-10-06T22:48:09.178Z  INFO [requestId:] 418 --- [sc-reference-app] [           main] [                                                 ] o.s.b.a.w.s.WelcomePageHandlerMapping    : Adding welcome page: class path resource [static/index.html]
#23 77.64 2026-10-06T22:48:09.203Z  INFO [requestId:] 418 --- [sc-reference-app] [           main] [                                                 ] r$InitializeUserDetailsManagerConfigurer : Global AuthenticationManager configured with UserDetailsService bean with name referenceUsers
#23 77.64 2026-10-06T22:48:09.220Z  INFO [requestId:] 418 --- [sc-reference-app] [           main] [                                                 ] o.s.b.a.e.web.EndpointLinksResolver      : Exposing 1 endpoint beneath base path '/actuator'
#23 77.64 2026-10-06T22:48:09.250Z  INFO [requestId:] 418 --- [sc-reference-app] [           main] [                                                 ] o.s.b.t.m.w.SpringBootMockServletContext : Initializing Spring TestDispatcherServlet ''
#23 77.64 2026-10-06T22:48:09.250Z  INFO [requestId:] 418 --- [sc-reference-app] [           main] [                                                 ] o.s.t.web.servlet.TestDispatcherServlet  : Initializing Servlet ''
#23 77.64 2026-10-06T22:48:09.251Z  INFO [requestId:] 418 --- [sc-reference-app] [           main] [                                                 ] o.s.t.web.servlet.TestDispatcherServlet  : Completed initialization in 1 ms
#23 77.64 2026-10-06T22:48:09.268Z  INFO [requestId:] 418 --- [sc-reference-app] [           main] [                                                 ] .r.o.OperationalSchedulerIntegrationTest : Started OperationalSchedulerIntegrationTest in 0.354 seconds (process running for 34.025)
#23 77.74 2026-10-06T22:48:09.333Z  INFO [requestId:] 418 --- [sc-reference-app] [           main] [                                                 ] org.quartz.core.QuartzScheduler          : Scheduler sc-test-sc-operational-test-7092147308768816532_$_NON_CLUSTERED paused.
#23 77.76 2026-10-06T22:48:09.412Z  INFO [requestId:] 418 --- [sc-reference-app] [           main] [                                                 ] o.s.s.quartz.LocalDataSourceJobStore     : Freed 0 triggers from 'acquired' / 'blocked' state.
#23 77.76 2026-10-06T22:48:09.413Z  INFO [requestId:] 418 --- [sc-reference-app] [           main] [                                                 ] o.s.s.quartz.LocalDataSourceJobStore     : Handling 1 trigger(s) that missed their scheduled fire-time.
#23 77.76 2026-10-06T22:48:09.415Z  INFO [requestId:] 418 --- [sc-reference-app] [           main] [                                                 ] o.s.s.quartz.LocalDataSourceJobStore     : Recovering 0 jobs that were in-progress at the time of the last shut-down.
#23 77.76 2026-10-06T22:48:09.415Z  INFO [requestId:] 418 --- [sc-reference-app] [           main] [                                                 ] o.s.s.quartz.LocalDataSourceJobStore     : Recovery complete.
#23 77.76 2026-10-06T22:48:09.415Z  INFO [requestId:] 418 --- [sc-reference-app] [           main] [                                                 ] o.s.s.quartz.LocalDataSourceJobStore     : Removed 1 'complete' triggers.
#23 77.76 2026-10-06T22:48:09.415Z  INFO [requestId:] 418 --- [sc-reference-app] [           main] [                                                 ] o.s.s.quartz.LocalDataSourceJobStore     : Removed 0 stale fired job entries.
#23 77.76 2026-10-06T22:48:09.416Z  INFO [requestId:] 418 --- [sc-reference-app] [           main] [                                                 ] org.quartz.core.QuartzScheduler          : Scheduler sc-test-sc-operational-test-7092147308768816532_$_NON_CLUSTERED started.
#23 77.76 2026-10-06T22:48:09.416Z  INFO [requestId:] 418 --- [sc-reference-app] [           main] [                                                 ] org.quartz.core.QuartzScheduler          : Scheduler sc-test-sc-operational-test-7092147308768816532_$_NON_CLUSTERED paused.
#23 77.76 2026-10-06T22:48:09.417Z  INFO [requestId:] 418 --- [sc-reference-app] [           main] [                                                 ] org.quartz.core.QuartzScheduler          : Scheduler sc-test-sc-operational-test-7092147308768816532_$_NON_CLUSTERED paused.
#23 77.77 2026-10-06T22:48:09.419Z  INFO [requestId:] 418 --- [sc-reference-app] [           main] [                                                 ] org.quartz.core.QuartzScheduler          : Scheduler sc-test-sc-operational-test-7092147308768816532_$_NON_CLUSTERED paused.
#23 77.77 2026-10-06T22:48:09.432Z  INFO [requestId:] 418 --- [sc-reference-app] [           main] [                                                 ] org.quartz.core.QuartzScheduler          : Scheduler sc-test-sc-operational-test-7092147308768816532_$_NON_CLUSTERED paused.
#23 77.78 2026-10-06T22:48:09.435Z  INFO [requestId:] 418 --- [sc-reference-app] [           main] [                                                 ] org.quartz.core.QuartzScheduler          : Scheduler sc-test-sc-operational-test-7092147308768816532_$_NON_CLUSTERED paused.
#23 77.78 2026-10-06T22:48:09.443Z  INFO [requestId:] 418 --- [sc-reference-app] [           main] [                                                 ] org.quartz.core.QuartzScheduler          : Scheduler sc-test-sc-operational-test-7092147308768816532_$_NON_CLUSTERED paused.
#23 77.79 2026-10-06T22:48:09.445Z  INFO [requestId:] 418 --- [sc-reference-app] [           main] [                                                 ] org.quartz.core.QuartzScheduler          : Scheduler sc-test-sc-operational-test-7092147308768816532_$_NON_CLUSTERED paused.
#23 77.79 2026-10-06T22:48:09.449Z  INFO [requestId:] 418 --- [sc-reference-app] [           main] [                                                 ] org.quartz.core.QuartzScheduler          : Scheduler sc-test-sc-operational-test-7092147308768816532_$_NON_CLUSTERED paused.
#23 77.84 2026-10-06T22:48:09.451Z  INFO [requestId:] 418 --- [sc-reference-app] [           main] [                                                 ] org.quartz.core.QuartzScheduler          : Scheduler sc-test-sc-operational-test-7092147308768816532_$_NON_CLUSTERED paused.
#23 77.84 2026-10-06T22:48:09.454Z  INFO [requestId:] 418 --- [sc-reference-app] [           main] [                                                 ] org.quartz.core.QuartzScheduler          : Scheduler sc-test-sc-operational-test-7092147308768816532_$_NON_CLUSTERED started.
#23 78.82 2026-10-06T22:48:10.462Z  INFO [requestId:] 418 --- [sc-reference-app] [_MisfireHandler] [                                                 ] o.s.s.quartz.LocalDataSourceJobStore     : Handling 1 trigger(s) that missed their scheduled fire-time.
#23 78.82 2026-10-06T22:48:10.483Z  INFO [requestId:] 418 --- [sc-reference-app] [           main] [                                                 ] org.quartz.core.QuartzScheduler          : Scheduler sc-test-sc-operational-test-7092147308768816532_$_NON_CLUSTERED paused.
#23 78.82 2026-10-06T22:48:10.484Z  INFO [requestId:] 418 --- [sc-reference-app] [           main] [                                                 ] org.quartz.core.QuartzScheduler          : Scheduler sc-test-sc-operational-test-7092147308768816532_$_NON_CLUSTERED paused.
#23 78.83 2026-10-06T22:48:10.487Z  INFO [requestId:] 418 --- [sc-reference-app] [           main] [                                                 ] org.quartz.core.QuartzScheduler          : Scheduler sc-test-sc-operational-test-7092147308768816532_$_NON_CLUSTERED paused.
#23 78.83 2026-10-06T22:48:10.492Z  INFO [requestId:] 418 --- [sc-reference-app] [           main] [                                                 ] org.quartz.core.QuartzScheduler          : Scheduler sc-test-sc-operational-test-7092147308768816532_$_NON_CLUSTERED paused.
#23 78.84 2026-10-06T22:48:10.495Z  INFO [requestId:] 418 --- [sc-reference-app] [           main] [                                                 ] org.quartz.core.QuartzScheduler          : Scheduler sc-test-sc-operational-test-7092147308768816532_$_NON_CLUSTERED paused.
#23 78.84 2026-10-06T22:48:10.498Z  INFO [requestId:] 418 --- [sc-reference-app] [           main] [                                                 ] org.quartz.core.QuartzScheduler          : Scheduler sc-test-sc-operational-test-7092147308768816532_$_NON_CLUSTERED paused.
#23 78.87 2026-10-06T22:48:10.501Z  INFO [requestId:] 418 --- [sc-reference-app] [           main] [                                                 ] org.quartz.core.QuartzScheduler          : Scheduler sc-test-sc-operational-test-7092147308768816532_$_NON_CLUSTERED paused.
#23 78.87 2026-10-06T22:48:10.503Z  INFO [requestId:] 418 --- [sc-reference-app] [           main] [                                                 ] org.quartz.core.QuartzScheduler          : Scheduler sc-test-sc-operational-test-7092147308768816532_$_NON_CLUSTERED started.
#23 78.93 2026-10-06T22:48:10.564Z  INFO [requestId:] 418 --- [sc-reference-app] [_MisfireHandler] [                                                 ] o.s.s.quartz.LocalDataSourceJobStore     : Handling 1 trigger(s) that missed their scheduled fire-time.
#23 78.93 2026-10-06T22:48:10.589Z  INFO [requestId:] 418 --- [sc-reference-app] [           main] [                                                 ] org.quartz.core.QuartzScheduler          : Scheduler sc-test-sc-operational-test-7092147308768816532_$_NON_CLUSTERED paused.
#23 78.93 2026-10-06T22:48:10.590Z  INFO [requestId:] 418 --- [sc-reference-app] [           main] [                                                 ] org.quartz.core.QuartzScheduler          : Scheduler sc-test-sc-operational-test-7092147308768816532_$_NON_CLUSTERED paused.
#23 78.94 2026-10-06T22:48:10.593Z  INFO [requestId:] 418 --- [sc-reference-app] [           main] [                                                 ] org.quartz.core.QuartzScheduler          : Scheduler sc-test-sc-operational-test-7092147308768816532_$_NON_CLUSTERED paused.
#23 78.94 2026-10-06T22:48:10.606Z  INFO [requestId:] 418 --- [sc-reference-app] [           main] [                                                 ] org.quartz.core.QuartzScheduler          : Scheduler sc-test-sc-operational-test-7092147308768816532_$_NON_CLUSTERED paused.
#23 78.95 2026-10-06T22:48:10.608Z  INFO [requestId:] 418 --- [sc-reference-app] [           main] [                                                 ] org.quartz.core.QuartzScheduler          : Scheduler sc-test-sc-operational-test-7092147308768816532_$_NON_CLUSTERED paused.
#23 78.95 2026-10-06T22:48:10.614Z  INFO [requestId:] 418 --- [sc-reference-app] [           main] [                                                 ] org.quartz.core.QuartzScheduler          : Scheduler sc-test-sc-operational-test-7092147308768816532_$_NON_CLUSTERED paused.
#23 78.97 2026-10-06T22:48:10.617Z  INFO [requestId:] 418 --- [sc-reference-app] [           main] [                                                 ] org.quartz.core.QuartzScheduler          : Scheduler sc-test-sc-operational-test-7092147308768816532_$_NON_CLUSTERED paused.
#23 78.99 2026-10-06T22:48:10.650Z  INFO [requestId:] 418 --- [sc-reference-app] [           main] [                                                 ] org.quartz.core.QuartzScheduler          : Scheduler sc-test-sc-operational-test-7092147308768816532_$_NON_CLUSTERED paused.
#23 78.99 [INFO] Tests run: 11, Failures: 0, Errors: 0, Skipped: 0, Time elapsed: 1.741 s -- in dev.scframework.reference.operations.OperationalSchedulerIntegrationTest
#23 78.99 [INFO] Running dev.scframework.reference.audit.AuditControllerTest
#23 79.17 2026-10-06T22:48:10.652Z  INFO [requestId:] 418 --- [sc-reference-app] [           main] [                                                 ] t.c.s.AnnotationConfigContextLoaderUtils : Could not detect default configuration classes for test class [dev.scframework.reference.audit.AuditControllerTest]: AuditControllerTest does not declare any static, non-private, non-final, nested classes annotated with @Configuration.
#23 79.17 2026-10-06T22:48:10.655Z  INFO [requestId:] 418 --- [sc-reference-app] [           main] [                                                 ] .b.t.c.SpringBootTestContextBootstrapper : Found @SpringBootConfiguration dev.scframework.reference.ReferenceApplication for test class dev.scframework.reference.audit.AuditControllerTest
#23 79.17 
#23 79.17   .   ____          _            __ _ _
#23 79.17  /\\ / ___'_ __ _ _(_)_ __  __ _ \ \ \ \
#23 79.17 ( ( )\___ | '_ | '_| | '_ \/ _` | \ \ \ \
#23 79.17  \\/  ___)| |_)| | | | | || (_| |  ) ) ) )
#23 79.17   '  |____| .__|_| |_|_| |_\__, | / / / /
#23 79.17  =========|_|==============|___/=/_/_/_/
#23 79.17 
#23 79.17  :: Spring Boot ::               (v3.5.16)
#23 79.17 
#23 79.17 2026-10-06T22:48:10.668Z  INFO [requestId:] 418 --- [sc-reference-app] [           main] [                                                 ] d.s.reference.audit.AuditControllerTest  : Starting AuditControllerTest using Java 21.0.12.1 with PID 418 (started by root in /workspace/backend/reference-app)
#23 79.17 2026-10-06T22:48:10.668Z  INFO [requestId:] 418 --- [sc-reference-app] [           main] [                                                 ] d.s.reference.audit.AuditControllerTest  : The following 1 profile is active: "dev"
#23 79.17 2026-10-06T22:48:10.745Z  INFO [requestId:] 418 --- [sc-reference-app] [           main] [                                                 ] .s.d.r.c.RepositoryConfigurationDelegate : Bootstrapping Spring Data JPA repositories in DEFAULT mode.
#23 79.17 2026-10-06T22:48:10.750Z  INFO [requestId:] 418 --- [sc-reference-app] [           main] [                                                 ] .s.d.r.c.RepositoryConfigurationDelegate : Finished Spring Data repository scanning in 4 ms. Found 18 JPA repository interfaces.
#23 79.17 2026-10-06T22:48:10.765Z  INFO [requestId:] 418 --- [sc-reference-app] [           main] [                                                 ] o.s.cloud.context.scope.GenericScope     : BeanFactory id=e34d93b3-39c6-3ddb-919d-f6f7f97b975b
#23 79.17 2026-10-06T22:48:10.782Z  INFO [requestId:] 418 --- [sc-reference-app] [           main] [                                                 ] com.zaxxer.hikari.HikariDataSource       : HikariPool-9 - Starting...
#23 79.17 2026-10-06T22:48:10.783Z  INFO [requestId:] 418 --- [sc-reference-app] [           main] [                                                 ] com.zaxxer.hikari.pool.HikariPool        : HikariPool-9 - Added connection conn69: url=jdbc:h2:mem:reference-audit-sc-reference-audit-6118775949942779001 user=SA
#23 79.17 2026-10-06T22:48:10.783Z  INFO [requestId:] 418 --- [sc-reference-app] [           main] [                                                 ] com.zaxxer.hikari.HikariDataSource       : HikariPool-9 - Start completed.
#23 79.17 2026-10-06T22:48:10.783Z  INFO [requestId:] 418 --- [sc-reference-app] [           main] [                                                 ] org.flywaydb.core.FlywayExecutor         : Database: jdbc:h2:mem:reference-audit-sc-reference-audit-6118775949942779001 (H2 2.3)
#23 79.17 2026-10-06T22:48:10.784Z  INFO [requestId:] 418 --- [sc-reference-app] [           main] [                                                 ] o.f.c.i.s.JdbcTableSchemaHistory         : Schema history table "PUBLIC"."flyway_schema_history" does not exist yet
#23 79.17 2026-10-06T22:48:10.784Z  INFO [requestId:] 418 --- [sc-reference-app] [           main] [                                                 ] o.f.core.internal.command.DbValidate     : Successfully validated 5 migrations (execution time 00:00.000s)
#23 79.17 2026-10-06T22:48:10.784Z  INFO [requestId:] 418 --- [sc-reference-app] [           main] [                                                 ] o.f.c.i.s.JdbcTableSchemaHistory         : Creating Schema History table "PUBLIC"."flyway_schema_history" ...
#23 79.17 2026-10-06T22:48:10.786Z  INFO [requestId:] 418 --- [sc-reference-app] [           main] [                                                 ] o.f.core.internal.command.DbMigrate      : Current version of schema "PUBLIC": << Empty Schema >>
#23 79.17 2026-10-06T22:48:10.786Z  INFO [requestId:] 418 --- [sc-reference-app] [           main] [                                                 ] o.f.core.internal.command.DbMigrate      : Migrating schema "PUBLIC" to version "1 - example baseline"
#23 79.17 2026-10-06T22:48:10.787Z  INFO [requestId:] 418 --- [sc-reference-app] [           main] [                                                 ] o.f.core.internal.command.DbMigrate      : Migrating schema "PUBLIC" to version "2 - requirements baseline"
#23 79.17 2026-10-06T22:48:10.789Z  INFO [requestId:] 418 --- [sc-reference-app] [           main] [                                                 ] o.f.core.internal.command.DbMigrate      : Migrating schema "PUBLIC" to version "3 - security audit"
#23 79.17 2026-10-06T22:48:10.790Z  INFO [requestId:] 418 --- [sc-reference-app] [           main] [                                                 ] o.f.core.internal.command.DbMigrate      : Migrating schema "PUBLIC" to version "4 - media and files"
#23 79.17 2026-10-06T22:48:10.792Z  INFO [requestId:] 418 --- [sc-reference-app] [           main] [                                                 ] o.f.core.internal.command.DbMigrate      : Migrating schema "PUBLIC" to version "5 - kanban and documents"
#23 79.17 2026-10-06T22:48:10.793Z  INFO [requestId:] 418 --- [sc-reference-app] [           main] [                                                 ] o.f.core.internal.command.DbMigrate      : Successfully applied 5 migrations to schema "PUBLIC", now at version v5 (execution time 00:00.000s)
#23 79.17 2026-10-06T22:48:10.799Z  INFO [requestId:] 418 --- [sc-reference-app] [           main] [                                                 ] o.hibernate.jpa.internal.util.LogHelper  : HHH000204: Processing PersistenceUnitInfo [name: default]
#23 79.17 2026-10-06T22:48:10.800Z  INFO [requestId:] 418 --- [sc-reference-app] [           main] [                                                 ] o.h.c.internal.RegionFactoryInitiator    : HHH000026: Second-level cache disabled
#23 79.17 2026-10-06T22:48:10.802Z  INFO [requestId:] 418 --- [sc-reference-app] [           main] [                                                 ] o.s.o.j.p.SpringPersistenceUnitInfo      : No LoadTimeWeaver setup: ignoring JPA class transformer
#23 79.17 2026-10-06T22:48:10.802Z  INFO [requestId:] 418 --- [sc-reference-app] [           main] [                                                 ] org.hibernate.orm.connections.pooling    : HHH10001005: Database info:
#23 79.17 	Database JDBC URL [Connecting through datasource 'HikariDataSource (HikariPool-9)']
#23 79.17 	Database driver: undefined/unknown
#23 79.17 	Database version: 2.3.232
#23 79.17 	Autocommit mode: undefined/unknown
#23 79.17 	Isolation level: undefined/unknown
#23 79.17 	Minimum pool size: undefined/unknown
#23 79.17 	Maximum pool size: undefined/unknown
#23 79.17 2026-10-06T22:48:10.827Z  INFO [requestId:] 418 --- [sc-reference-app] [           main] [                                                 ] o.h.e.t.j.p.i.JtaPlatformInitiator       : HHH000489: No JTA platform available (set 'hibernate.transaction.jta.platform' to enable JTA platform integration)
#23 79.17 2026-10-06T22:48:10.827Z  INFO [requestId:] 418 --- [sc-reference-app] [           main] [                                                 ] j.LocalContainerEntityManagerFactoryBean : Initialized JPA EntityManagerFactory for persistence unit 'default'
#23 79.27 2026-10-06T22:48:10.901Z  INFO [requestId:] 418 --- [sc-reference-app] [           main] [                                                 ] o.s.b.a.w.s.WelcomePageHandlerMapping    : Adding welcome page: class path resource [static/index.html]
#23 79.27 2026-10-06T22:48:10.921Z  INFO [requestId:] 418 --- [sc-reference-app] [           main] [                                                 ] r$InitializeUserDetailsManagerConfigurer : Global AuthenticationManager configured with UserDetailsService bean with name referenceUsers
#23 79.37 2026-10-06T22:48:10.935Z  INFO [requestId:] 418 --- [sc-reference-app] [           main] [                                                 ] o.s.b.a.e.web.EndpointLinksResolver      : Exposing 1 endpoint beneath base path '/actuator'
#23 79.37 2026-10-06T22:48:10.960Z  INFO [requestId:] 418 --- [sc-reference-app] [           main] [                                                 ] o.s.b.t.m.w.SpringBootMockServletContext : Initializing Spring TestDispatcherServlet ''
#23 79.37 2026-10-06T22:48:10.960Z  INFO [requestId:] 418 --- [sc-reference-app] [           main] [                                                 ] o.s.t.web.servlet.TestDispatcherServlet  : Initializing Servlet ''
#23 79.37 2026-10-06T22:48:10.961Z  INFO [requestId:] 418 --- [sc-reference-app] [           main] [                                                 ] o.s.t.web.servlet.TestDispatcherServlet  : Completed initialization in 0 ms
#23 79.37 2026-10-06T22:48:10.976Z  INFO [requestId:] 418 --- [sc-reference-app] [           main] [                                                 ] d.s.reference.audit.AuditControllerTest  : Started AuditControllerTest in 0.32 seconds (process running for 35.734)
#23 79.61 2026-10-06T22:48:11.268Z  INFO [requestId:6e5f546d-14c8-4cb3-97ce-8ed401e1d021] 418 --- [sc-reference-app] [           main] [                                                 ] o.springdoc.api.AbstractOpenApiResource  : Init duration for springdoc-openapi is: 164 ms
#23 79.64 [INFO] Tests run: 4, Failures: 0, Errors: 0, Skipped: 0, Time elapsed: 0.651 s -- in dev.scframework.reference.audit.AuditControllerTest
#23 79.64 [INFO] Running dev.scframework.reference.audit.AuditSinkFailureHttpTest
#23 79.85 2026-10-06T22:48:11.305Z  INFO [requestId:] 418 --- [sc-reference-app] [           main] [                                                 ] t.c.s.AnnotationConfigContextLoaderUtils : Could not detect default configuration classes for test class [dev.scframework.reference.audit.AuditSinkFailureHttpTest]: AuditSinkFailureHttpTest does not declare any static, non-private, non-final, nested classes annotated with @Configuration.
#23 79.85 2026-10-06T22:48:11.307Z  INFO [requestId:] 418 --- [sc-reference-app] [           main] [                                                 ] .b.t.c.SpringBootTestContextBootstrapper : Found @SpringBootConfiguration dev.scframework.reference.ReferenceApplication for test class dev.scframework.reference.audit.AuditSinkFailureHttpTest
#23 79.85 
#23 79.85   .   ____          _            __ _ _
#23 79.85  /\\ / ___'_ __ _ _(_)_ __  __ _ \ \ \ \
#23 79.85 ( ( )\___ | '_ | '_| | '_ \/ _` | \ \ \ \
#23 79.85  \\/  ___)| |_)| | | | | || (_| |  ) ) ) )
#23 79.85   '  |____| .__|_| |_|_| |_\__, | / / / /
#23 79.85  =========|_|==============|___/=/_/_/_/
#23 79.85 
#23 79.85  :: Spring Boot ::               (v3.5.16)
#23 79.85 
#23 79.85 2026-10-06T22:48:11.321Z  INFO [requestId:] 418 --- [sc-reference-app] [           main] [                                                 ] d.s.r.audit.AuditSinkFailureHttpTest     : Starting AuditSinkFailureHttpTest using Java 21.0.12.1 with PID 418 (started by root in /workspace/backend/reference-app)
#23 79.85 2026-10-06T22:48:11.321Z  INFO [requestId:] 418 --- [sc-reference-app] [           main] [                                                 ] d.s.r.audit.AuditSinkFailureHttpTest     : No active profile set, falling back to 1 default profile: "default"
#23 79.85 2026-10-06T22:48:11.393Z  INFO [requestId:] 418 --- [sc-reference-app] [           main] [                                                 ] .s.d.r.c.RepositoryConfigurationDelegate : Bootstrapping Spring Data JPA repositories in DEFAULT mode.
#23 79.85 2026-10-06T22:48:11.400Z  INFO [requestId:] 418 --- [sc-reference-app] [           main] [                                                 ] .s.d.r.c.RepositoryConfigurationDelegate : Finished Spring Data repository scanning in 5 ms. Found 18 JPA repository interfaces.
#23 79.85 2026-10-06T22:48:11.413Z  INFO [requestId:] 418 --- [sc-reference-app] [           main] [                                                 ] o.s.cloud.context.scope.GenericScope     : BeanFactory id=3e743ba2-ddd6-34c9-a3a8-83543fd54d09
#23 80.05 2026-10-06T22:48:11.664Z  INFO [requestId:] 418 --- [sc-reference-app] [           main] [                                                 ] com.zaxxer.hikari.HikariDataSource       : HikariPool-10 - Starting...
#23 80.05 2026-10-06T22:48:11.667Z  INFO [requestId:] 418 --- [sc-reference-app] [           main] [                                                 ] com.zaxxer.hikari.pool.HikariPool        : HikariPool-10 - Added connection conn74: url=jdbc:h2:mem:audit-http-sc-audit-http-6510720290071772004 user=SA
#23 80.05 2026-10-06T22:48:11.668Z  INFO [requestId:] 418 --- [sc-reference-app] [           main] [                                                 ] com.zaxxer.hikari.HikariDataSource       : HikariPool-10 - Start completed.
#23 80.05 2026-10-06T22:48:11.670Z  INFO [requestId:] 418 --- [sc-reference-app] [           main] [                                                 ] org.flywaydb.core.FlywayExecutor         : Database: jdbc:h2:mem:audit-http-sc-audit-http-6510720290071772004 (H2 2.3)
#23 80.05 2026-10-06T22:48:11.678Z  INFO [requestId:] 418 --- [sc-reference-app] [           main] [                                                 ] o.f.c.i.s.JdbcTableSchemaHistory         : Schema history table "PUBLIC"."flyway_schema_history" does not exist yet
#23 80.05 2026-10-06T22:48:11.679Z  INFO [requestId:] 418 --- [sc-reference-app] [           main] [                                                 ] o.f.core.internal.command.DbValidate     : Successfully validated 5 migrations (execution time 00:00.004s)
#23 80.05 2026-10-06T22:48:11.680Z  INFO [requestId:] 418 --- [sc-reference-app] [           main] [                                                 ] o.f.c.i.s.JdbcTableSchemaHistory         : Creating Schema History table "PUBLIC"."flyway_schema_history" ...
#23 80.05 2026-10-06T22:48:11.687Z  INFO [requestId:] 418 --- [sc-reference-app] [           main] [                                                 ] o.f.core.internal.command.DbMigrate      : Current version of schema "PUBLIC": << Empty Schema >>
#23 80.05 2026-10-06T22:48:11.689Z  INFO [requestId:] 418 --- [sc-reference-app] [           main] [                                                 ] o.f.core.internal.command.DbMigrate      : Migrating schema "PUBLIC" to version "1 - example baseline"
#23 80.05 2026-10-06T22:48:11.696Z  INFO [requestId:] 418 --- [sc-reference-app] [           main] [                                                 ] o.f.core.internal.command.DbMigrate      : Migrating schema "PUBLIC" to version "2 - requirements baseline"
#23 80.05 2026-10-06T22:48:11.710Z  INFO [requestId:] 418 --- [sc-reference-app] [           main] [                                                 ] o.f.core.internal.command.DbMigrate      : Migrating schema "PUBLIC" to version "3 - security audit"
#23 80.16 2026-10-06T22:48:11.718Z  INFO [requestId:] 418 --- [sc-reference-app] [           main] [                                                 ] o.f.core.internal.command.DbMigrate      : Migrating schema "PUBLIC" to version "4 - media and files"
#23 80.16 2026-10-06T22:48:11.733Z  INFO [requestId:] 418 --- [sc-reference-app] [           main] [                                                 ] o.f.core.internal.command.DbMigrate      : Migrating schema "PUBLIC" to version "5 - kanban and documents"
#23 80.16 2026-10-06T22:48:11.740Z  INFO [requestId:] 418 --- [sc-reference-app] [           main] [                                                 ] o.f.core.internal.command.DbMigrate      : Successfully applied 5 migrations to schema "PUBLIC", now at version v5 (execution time 00:00.029s)
#23 80.16 2026-10-06T22:48:11.768Z  INFO [requestId:] 418 --- [sc-reference-app] [           main] [                                                 ] o.hibernate.jpa.internal.util.LogHelper  : HHH000204: Processing PersistenceUnitInfo [name: default]
#23 80.16 2026-10-06T22:48:11.771Z  INFO [requestId:] 418 --- [sc-reference-app] [           main] [                                                 ] o.h.c.internal.RegionFactoryInitiator    : HHH000026: Second-level cache disabled
#23 80.16 2026-10-06T22:48:11.780Z  INFO [requestId:] 418 --- [sc-reference-app] [           main] [                                                 ] o.s.o.j.p.SpringPersistenceUnitInfo      : No LoadTimeWeaver setup: ignoring JPA class transformer
#23 80.16 2026-10-06T22:48:11.781Z  INFO [requestId:] 418 --- [sc-reference-app] [           main] [                                                 ] org.hibernate.orm.connections.pooling    : HHH10001005: Database info:
#23 80.16 	Database JDBC URL [Connecting through datasource 'HikariDataSource (HikariPool-10)']
#23 80.16 	Database driver: undefined/unknown
#23 80.16 	Database version: 2.3.232
#23 80.16 	Autocommit mode: undefined/unknown
#23 80.16 	Isolation level: undefined/unknown
#23 80.16 	Minimum pool size: undefined/unknown
#23 80.16 	Maximum pool size: undefined/unknown
#23 80.26 2026-10-06T22:48:11.887Z  INFO [requestId:] 418 --- [sc-reference-app] [           main] [                                                 ] o.h.e.t.j.p.i.JtaPlatformInitiator       : HHH000489: No JTA platform available (set 'hibernate.transaction.jta.platform' to enable JTA platform integration)
#23 80.26 2026-10-06T22:48:11.889Z  INFO [requestId:] 418 --- [sc-reference-app] [           main] [                                                 ] j.LocalContainerEntityManagerFactoryBean : Initialized JPA EntityManagerFactory for persistence unit 'default'
#23 80.56 2026-10-06T22:48:12.180Z  INFO [requestId:] 418 --- [sc-reference-app] [           main] [                                                 ] o.s.b.a.w.s.WelcomePageHandlerMapping    : Adding welcome page: class path resource [static/index.html]
#23 80.66 2026-10-06T22:48:12.254Z  INFO [requestId:] 418 --- [sc-reference-app] [           main] [                                                 ] r$InitializeUserDetailsManagerConfigurer : Global AuthenticationManager configured with UserDetailsService bean with name referenceUsers
#23 80.66 2026-10-06T22:48:12.304Z  INFO [requestId:] 418 --- [sc-reference-app] [           main] [                                                 ] o.s.b.a.e.web.EndpointLinksResolver      : Exposing 1 endpoint beneath base path '/actuator'
#23 80.76 2026-10-06T22:48:12.372Z  INFO [requestId:] 418 --- [sc-reference-app] [           main] [                                                 ] o.s.b.t.m.w.SpringBootMockServletContext : Initializing Spring TestDispatcherServlet ''
#23 80.76 2026-10-06T22:48:12.372Z  INFO [requestId:] 418 --- [sc-reference-app] [           main] [                                                 ] o.s.t.web.servlet.TestDispatcherServlet  : Initializing Servlet ''
#23 80.76 2026-10-06T22:48:12.374Z  INFO [requestId:] 418 --- [sc-reference-app] [           main] [                                                 ] o.s.t.web.servlet.TestDispatcherServlet  : Completed initialization in 2 ms
#23 80.85 2026-10-06T22:48:12.439Z  INFO [requestId:] 418 --- [sc-reference-app] [           main] [                                                 ] d.s.r.audit.AuditSinkFailureHttpTest     : Started AuditSinkFailureHttpTest in 1.129 seconds (process running for 37.196)
#23 80.96 2026-10-06T22:48:12.608Z  WARN [requestId:0310fb0b-0e76-405e-b3d1-7d74573c3470] 418 --- [sc-reference-app] [           main] [                                                 ] d.s.a.audit.AuditWriteDiagnostics        : Security audit write failed; reasonCode=AUDIT_SINK_FAILURE
#23 80.96 [INFO] Tests run: 1, Failures: 0, Errors: 0, Skipped: 0, Time elapsed: 1.316 s -- in dev.scframework.reference.audit.AuditSinkFailureHttpTest
#23 80.96 [INFO] Running dev.scframework.reference.H2PersistenceTest
#23 81.07 2026-10-06T22:48:12.634Z  INFO [requestId:] 418 --- [sc-reference-app] [           main] [                                                 ] org.flywaydb.core.FlywayExecutor         : Database: jdbc:h2:file:/tmp/junit-11770581125975857000/isolated-reference (H2 2.3)
#23 81.07 2026-10-06T22:48:12.637Z  INFO [requestId:] 418 --- [sc-reference-app] [           main] [                                                 ] o.f.c.i.s.JdbcTableSchemaHistory         : Schema history table "PUBLIC"."flyway_schema_history" does not exist yet
#23 81.07 2026-10-06T22:48:12.637Z  INFO [requestId:] 418 --- [sc-reference-app] [           main] [                                                 ] o.f.core.internal.command.DbValidate     : Successfully validated 5 migrations (execution time 00:00.002s)
#23 81.07 2026-10-06T22:48:12.638Z  INFO [requestId:] 418 --- [sc-reference-app] [           main] [                                                 ] o.f.c.i.s.JdbcTableSchemaHistory         : Creating Schema History table "PUBLIC"."flyway_schema_history" ...
#23 81.07 2026-10-06T22:48:12.641Z  INFO [requestId:] 418 --- [sc-reference-app] [           main] [                                                 ] o.f.core.internal.command.DbMigrate      : Current version of schema "PUBLIC": << Empty Schema >>
#23 81.07 2026-10-06T22:48:12.642Z  INFO [requestId:] 418 --- [sc-reference-app] [           main] [                                                 ] o.f.core.internal.command.DbMigrate      : Migrating schema "PUBLIC" to version "1 - example baseline"
#23 81.07 2026-10-06T22:48:12.646Z  INFO [requestId:] 418 --- [sc-reference-app] [           main] [                                                 ] o.f.core.internal.command.DbMigrate      : Migrating schema "PUBLIC" to version "2 - requirements baseline"
#23 81.07 2026-10-06T22:48:12.655Z  INFO [requestId:] 418 --- [sc-reference-app] [           main] [                                                 ] o.f.core.internal.command.DbMigrate      : Migrating schema "PUBLIC" to version "3 - security audit"
#23 81.07 2026-10-06T22:48:12.657Z  INFO [requestId:] 418 --- [sc-reference-app] [           main] [                                                 ] o.f.core.internal.command.DbMigrate      : Successfully applied 3 migrations to schema "PUBLIC", now at version v3 (execution time 00:00.007s)
#23 81.07 2026-10-06T22:48:12.685Z  INFO [requestId:] 418 --- [sc-reference-app] [           main] [                                                 ] org.flywaydb.core.FlywayExecutor         : Database: jdbc:h2:file:/tmp/junit-11770581125975857000/isolated-reference (H2 2.3)
#23 81.07 2026-10-06T22:48:12.689Z  INFO [requestId:] 418 --- [sc-reference-app] [           main] [                                                 ] o.f.core.internal.command.DbValidate     : Successfully validated 5 migrations (execution time 00:00.002s)
#23 81.07 2026-10-06T22:48:12.690Z  INFO [requestId:] 418 --- [sc-reference-app] [           main] [                                                 ] o.f.core.internal.command.DbMigrate      : Current version of schema "PUBLIC": 3
#23 81.07 2026-10-06T22:48:12.693Z  INFO [requestId:] 418 --- [sc-reference-app] [           main] [                                                 ] o.f.core.internal.command.DbMigrate      : Migrating schema "PUBLIC" to version "4 - media and files"
#23 81.07 2026-10-06T22:48:12.701Z  INFO [requestId:] 418 --- [sc-reference-app] [           main] [                                                 ] o.f.core.internal.command.DbMigrate      : Migrating schema "PUBLIC" to version "5 - kanban and documents"
#23 81.07 2026-10-06T22:48:12.704Z  INFO [requestId:] 418 --- [sc-reference-app] [           main] [                                                 ] o.f.core.internal.command.DbMigrate      : Successfully applied 2 migrations to schema "PUBLIC", now at version v5 (execution time 00:00.006s)
#23 81.07 2026-10-06T22:48:12.721Z  INFO [requestId:] 418 --- [sc-reference-app] [           main] [                                                 ] o.f.core.internal.command.DbValidate     : Successfully validated 5 migrations (execution time 00:00.001s)
#23 81.07 2026-10-06T22:48:12.721Z  INFO [requestId:] 418 --- [sc-reference-app] [           main] [                                                 ] o.f.core.internal.command.DbMigrate      : Current version of schema "PUBLIC": 5
#23 81.07 2026-10-06T22:48:12.721Z  INFO [requestId:] 418 --- [sc-reference-app] [           main] [                                                 ] o.f.core.internal.command.DbMigrate      : Schema "PUBLIC" is up to date. No migration necessary.
#23 81.08 [INFO] Tests run: 1, Failures: 0, Errors: 0, Skipped: 0, Time elapsed: 0.115 s -- in dev.scframework.reference.H2PersistenceTest
#23 81.08 [INFO] Running dev.scframework.reference.ReferenceIntegrationTest
#23 81.17 2026-10-06T22:48:12.743Z  INFO [requestId:] 418 --- [sc-reference-app] [           main] [                                                 ] t.c.s.AnnotationConfigContextLoaderUtils : Could not detect default configuration classes for test class [dev.scframework.reference.ReferenceIntegrationTest]: ReferenceIntegrationTest does not declare any static, non-private, non-final, nested classes annotated with @Configuration.
#23 81.17 2026-10-06T22:48:12.749Z  INFO [requestId:] 418 --- [sc-reference-app] [           main] [                                                 ] .b.t.c.SpringBootTestContextBootstrapper : Found @SpringBootConfiguration dev.scframework.reference.ReferenceApplication for test class dev.scframework.reference.ReferenceIntegrationTest
#23 81.17 
#23 81.17   .   ____          _            __ _ _
#23 81.17  /\\ / ___'_ __ _ _(_)_ __  __ _ \ \ \ \
#23 81.17 ( ( )\___ | '_ | '_| | '_ \/ _` | \ \ \ \
#23 81.17  \\/  ___)| |_)| | | | | || (_| |  ) ) ) )
#23 81.17   '  |____| .__|_| |_|_| |_\__, | / / / /
#23 81.17  =========|_|==============|___/=/_/_/_/
#23 81.17 
#23 81.17  :: Spring Boot ::               (v3.5.16)
#23 81.17 
#23 81.17 2026-10-06T22:48:12.802Z  INFO [requestId:] 418 --- [sc-reference-app] [           main] [                                                 ] d.s.reference.ReferenceIntegrationTest   : Starting ReferenceIntegrationTest using Java 21.0.12.1 with PID 418 (started by root in /workspace/backend/reference-app)
#23 81.17 2026-10-06T22:48:12.803Z  INFO [requestId:] 418 --- [sc-reference-app] [           main] [                                                 ] d.s.reference.ReferenceIntegrationTest   : The following 1 profile is active: "dev"
#23 81.47 2026-10-06T22:48:13.104Z  INFO [requestId:] 418 --- [sc-reference-app] [           main] [                                                 ] .s.d.r.c.RepositoryConfigurationDelegate : Bootstrapping Spring Data JPA repositories in DEFAULT mode.
#23 81.47 2026-10-06T22:48:13.125Z  INFO [requestId:] 418 --- [sc-reference-app] [           main] [                                                 ] .s.d.r.c.RepositoryConfigurationDelegate : Finished Spring Data repository scanning in 19 ms. Found 18 JPA repository interfaces.
#23 81.57 2026-10-06T22:48:13.180Z  INFO [requestId:] 418 --- [sc-reference-app] [           main] [                                                 ] o.s.cloud.context.scope.GenericScope     : BeanFactory id=d21b9900-0f71-339d-93a2-4ae2cc2b38a4
#23 81.67 2026-10-06T22:48:13.304Z  INFO [requestId:] 418 --- [sc-reference-app] [           main] [                                                 ] o.s.b.w.embedded.tomcat.TomcatWebServer  : Tomcat initialized with port 0 (http)
#23 81.67 2026-10-06T22:48:13.313Z  INFO [requestId:] 418 --- [sc-reference-app] [           main] [                                                 ] o.apache.catalina.core.StandardService   : Starting service [Tomcat]
#23 81.67 2026-10-06T22:48:13.314Z  INFO [requestId:] 418 --- [sc-reference-app] [           main] [                                                 ] o.apache.catalina.core.StandardEngine    : Starting Servlet engine: [Apache Tomcat/10.1.55]
#23 81.77 2026-10-06T22:48:13.349Z  INFO [requestId:] 418 --- [sc-reference-app] [           main] [                                                 ] o.a.c.c.C.[Tomcat].[localhost].[/]       : Initializing Spring embedded WebApplicationContext
#23 81.77 2026-10-06T22:48:13.349Z  INFO [requestId:] 418 --- [sc-reference-app] [           main] [                                                 ] w.s.c.ServletWebServerApplicationContext : Root WebApplicationContext: initialization completed in 545 ms
#23 81.77 2026-10-06T22:48:13.434Z  INFO [requestId:] 418 --- [sc-reference-app] [           main] [                                                 ] com.zaxxer.hikari.HikariDataSource       : HikariPool-11 - Starting...
#23 81.87 2026-10-06T22:48:13.436Z  INFO [requestId:] 418 --- [sc-reference-app] [           main] [                                                 ] com.zaxxer.hikari.pool.HikariPool        : HikariPool-11 - Added connection conn87: url=jdbc:h2:mem:reference-62acdc0d-7ad9-48cc-bec2-04e77ed3758c user=SA
#23 81.87 2026-10-06T22:48:13.436Z  INFO [requestId:] 418 --- [sc-reference-app] [           main] [                                                 ] com.zaxxer.hikari.HikariDataSource       : HikariPool-11 - Start completed.
#23 81.87 2026-10-06T22:48:13.440Z  INFO [requestId:] 418 --- [sc-reference-app] [           main] [                                                 ] org.flywaydb.core.FlywayExecutor         : Database: jdbc:h2:mem:reference-62acdc0d-7ad9-48cc-bec2-04e77ed3758c (H2 2.3)
#23 81.87 2026-10-06T22:48:13.444Z  INFO [requestId:] 418 --- [sc-reference-app] [           main] [                                                 ] o.f.c.i.s.JdbcTableSchemaHistory         : Schema history table "PUBLIC"."flyway_schema_history" does not exist yet
#23 81.87 2026-10-06T22:48:13.444Z  INFO [requestId:] 418 --- [sc-reference-app] [           main] [                                                 ] o.f.core.internal.command.DbValidate     : Successfully validated 5 migrations (execution time 00:00.002s)
#23 81.87 2026-10-06T22:48:13.445Z  INFO [requestId:] 418 --- [sc-reference-app] [           main] [                                                 ] o.f.c.i.s.JdbcTableSchemaHistory         : Creating Schema History table "PUBLIC"."flyway_schema_history" ...
#23 81.87 2026-10-06T22:48:13.449Z  INFO [requestId:] 418 --- [sc-reference-app] [           main] [                                                 ] o.f.core.internal.command.DbMigrate      : Current version of schema "PUBLIC": << Empty Schema >>
#23 81.87 2026-10-06T22:48:13.450Z  INFO [requestId:] 418 --- [sc-reference-app] [           main] [                                                 ] o.f.core.internal.command.DbMigrate      : Migrating schema "PUBLIC" to version "1 - example baseline"
#23 81.87 2026-10-06T22:48:13.455Z  INFO [requestId:] 418 --- [sc-reference-app] [           main] [                                                 ] o.f.core.internal.command.DbMigrate      : Migrating schema "PUBLIC" to version "2 - requirements baseline"
#23 81.87 2026-10-06T22:48:13.460Z  INFO [requestId:] 418 --- [sc-reference-app] [           main] [                                                 ] o.f.core.internal.command.DbMigrate      : Migrating schema "PUBLIC" to version "3 - security audit"
#23 81.87 2026-10-06T22:48:13.465Z  INFO [requestId:] 418 --- [sc-reference-app] [           main] [                                                 ] o.f.core.internal.command.DbMigrate      : Migrating schema "PUBLIC" to version "4 - media and files"
#23 81.87 2026-10-06T22:48:13.473Z  INFO [requestId:] 418 --- [sc-reference-app] [           main] [                                                 ] o.f.core.internal.command.DbMigrate      : Migrating schema "PUBLIC" to version "5 - kanban and documents"
#23 81.87 2026-10-06T22:48:13.477Z  INFO [requestId:] 418 --- [sc-reference-app] [           main] [                                                 ] o.f.core.internal.command.DbMigrate      : Successfully applied 5 migrations to schema "PUBLIC", now at version v5 (execution time 00:00.010s)
#23 81.87 2026-10-06T22:48:13.492Z  INFO [requestId:] 418 --- [sc-reference-app] [           main] [                                                 ] o.hibernate.jpa.internal.util.LogHelper  : HHH000204: Processing PersistenceUnitInfo [name: default]
#23 81.87 2026-10-06T22:48:13.495Z  INFO [requestId:] 418 --- [sc-reference-app] [           main] [                                                 ] o.h.c.internal.RegionFactoryInitiator    : HHH000026: Second-level cache disabled
#23 81.87 2026-10-06T22:48:13.502Z  INFO [requestId:] 418 --- [sc-reference-app] [           main] [                                                 ] o.s.o.j.p.SpringPersistenceUnitInfo      : No LoadTimeWeaver setup: ignoring JPA class transformer
#23 81.87 2026-10-06T22:48:13.503Z  INFO [requestId:] 418 --- [sc-reference-app] [           main] [                                                 ] org.hibernate.orm.connections.pooling    : HHH10001005: Database info:
#23 81.87 	Database JDBC URL [Connecting through datasource 'HikariDataSource (HikariPool-11)']
#23 81.87 	Database driver: undefined/unknown
#23 81.87 	Database version: 2.3.232
#23 81.87 	Autocommit mode: undefined/unknown
#23 81.87 	Isolation level: undefined/unknown
#23 81.87 	Minimum pool size: undefined/unknown
#23 81.87 	Maximum pool size: undefined/unknown
#23 81.98 2026-10-06T22:48:13.581Z  INFO [requestId:] 418 --- [sc-reference-app] [           main] [                                                 ] o.h.e.t.j.p.i.JtaPlatformInitiator       : HHH000489: No JTA platform available (set 'hibernate.transaction.jta.platform' to enable JTA platform integration)
#23 81.98 2026-10-06T22:48:13.583Z  INFO [requestId:] 418 --- [sc-reference-app] [           main] [                                                 ] j.LocalContainerEntityManagerFactoryBean : Initialized JPA EntityManagerFactory for persistence unit 'default'
#23 82.28 2026-10-06T22:48:13.844Z  INFO [requestId:] 418 --- [sc-reference-app] [           main] [                                                 ] o.s.b.a.w.s.WelcomePageHandlerMapping    : Adding welcome page: class path resource [static/index.html]
#23 82.28 2026-10-06T22:48:13.928Z  INFO [requestId:] 418 --- [sc-reference-app] [           main] [                                                 ] r$InitializeUserDetailsManagerConfigurer : Global AuthenticationManager configured with UserDetailsService bean with name referenceUsers
#23 82.39 2026-10-06T22:48:13.972Z  INFO [requestId:] 418 --- [sc-reference-app] [           main] [                                                 ] o.s.b.a.e.web.EndpointLinksResolver      : Exposing 1 endpoint beneath base path '/actuator'
#23 82.49 2026-10-06T22:48:14.063Z  INFO [requestId:] 418 --- [sc-reference-app] [           main] [                                                 ] o.a.c.c.C.[Tomcat].[localhost].[/]       : Initializing Spring TestDispatcherServlet ''
#23 82.49 2026-10-06T22:48:14.063Z  INFO [requestId:] 418 --- [sc-reference-app] [           main] [                                                 ] o.s.t.web.servlet.TestDispatcherServlet  : Initializing Servlet ''
#23 82.49 2026-10-06T22:48:14.065Z  INFO [requestId:] 418 --- [sc-reference-app] [           main] [                                                 ] o.s.t.web.servlet.TestDispatcherServlet  : Completed initialization in 2 ms
#23 82.65 2026-10-06T22:48:14.192Z  INFO [requestId:] 418 --- [sc-reference-app] [           main] [                                                 ] o.s.b.w.embedded.tomcat.TomcatWebServer  : Tomcat started on port 34509 (http) with context path '/'
#23 82.65 2026-10-06T22:48:14.238Z  INFO [requestId:] 418 --- [sc-reference-app] [           main] [                                                 ] d.s.reference.ReferenceIntegrationTest   : Started ReferenceIntegrationTest in 1.475 seconds (process running for 38.996)
#23 83.09 2026-10-06T22:48:14.744Z  INFO [requestId:a33d3b99-6432-4024-9b91-1fd8b586f3a6] 418 --- [sc-reference-app] [           main] [                                                 ] o.springdoc.api.AbstractOpenApiResource  : Init duration for springdoc-openapi is: 412 ms
#23 85.49 [INFO] Tests run: 10, Failures: 0, Errors: 0, Skipped: 0, Time elapsed: 4.414 s -- in dev.scframework.reference.ReferenceIntegrationTest
#23 85.97 [INFO] 
#23 85.97 [INFO] Results:
#23 85.97 [INFO] 
#23 85.97 [INFO] Tests run: 125, Failures: 0, Errors: 0, Skipped: 0
#23 85.97 [INFO] 
#23 85.97 [INFO] 
#23 85.97 [INFO] --- jar:3.4.2:jar (default-jar) @ sc-reference-app ---
#23 85.99 [INFO] Building jar: /workspace/backend/reference-app/target/sc-reference-app.jar
#23 86.02 [INFO] 
#23 86.02 [INFO] --- spring-boot:3.5.16:repackage (repackage) @ sc-reference-app ---
#23 86.02 [INFO] Downloading from central: https://repo.maven.apache.org/maven2/org/springframework/boot/spring-boot-buildpack-platform/3.5.16/spring-boot-buildpack-platform-3.5.16.pom
#23 86.05 [INFO] Downloaded from central: https://repo.maven.apache.org/maven2/org/springframework/boot/spring-boot-buildpack-platform/3.5.16/spring-boot-buildpack-platform-3.5.16.pom (3.2 kB at 134 kB/s)
#23 86.05 [INFO] Downloading from central: https://repo.maven.apache.org/maven2/net/java/dev/jna/jna-platform/5.17.0/jna-platform-5.17.0.pom
#23 86.07 [INFO] Downloaded from central: https://repo.maven.apache.org/maven2/net/java/dev/jna/jna-platform/5.17.0/jna-platform-5.17.0.pom (2.3 kB at 113 kB/s)
#23 86.07 [INFO] Downloading from central: https://repo.maven.apache.org/maven2/net/java/dev/jna/jna/5.17.0/jna-5.17.0.pom
#23 86.08 [INFO] Downloaded from central: https://repo.maven.apache.org/maven2/net/java/dev/jna/jna/5.17.0/jna-5.17.0.pom (2.0 kB at 145 kB/s)
#23 86.08 [INFO] Downloading from central: https://repo.maven.apache.org/maven2/org/apache/commons/commons-compress/1.27.1/commons-compress-1.27.1.pom
#23 86.10 [INFO] Downloaded from central: https://repo.maven.apache.org/maven2/org/apache/commons/commons-compress/1.27.1/commons-compress-1.27.1.pom (23 kB at 1.2 MB/s)
#23 86.10 [INFO] Downloading from central: https://repo.maven.apache.org/maven2/org/apache/commons/commons-parent/72/commons-parent-72.pom
#23 86.12 [INFO] Downloaded from central: https://repo.maven.apache.org/maven2/org/apache/commons/commons-parent/72/commons-parent-72.pom (78 kB at 3.5 MB/s)
#23 86.13 [INFO] Downloading from central: https://repo.maven.apache.org/maven2/org/junit/junit-bom/5.11.0-M2/junit-bom-5.11.0-M2.pom
#23 86.15 [INFO] Downloaded from central: https://repo.maven.apache.org/maven2/org/junit/junit-bom/5.11.0-M2/junit-bom-5.11.0-M2.pom (5.7 kB at 300 kB/s)
#23 86.15 [INFO] Downloading from central: https://repo.maven.apache.org/maven2/commons-codec/commons-codec/1.17.1/commons-codec-1.17.1.pom
#23 86.17 [INFO] Downloaded from central: https://repo.maven.apache.org/maven2/commons-codec/commons-codec/1.17.1/commons-codec-1.17.1.pom (18 kB at 936 kB/s)
#23 86.17 [INFO] Downloading from central: https://repo.maven.apache.org/maven2/org/apache/commons/commons-parent/71/commons-parent-71.pom
#23 86.19 [INFO] Downloaded from central: https://repo.maven.apache.org/maven2/org/apache/commons/commons-parent/71/commons-parent-71.pom (78 kB at 3.5 MB/s)
#23 86.19 [INFO] Downloading from central: https://repo.maven.apache.org/maven2/org/apache/commons/commons-lang3/3.16.0/commons-lang3-3.16.0.pom
#23 86.21 [INFO] Downloaded from central: https://repo.maven.apache.org/maven2/org/apache/commons/commons-lang3/3.16.0/commons-lang3-3.16.0.pom (31 kB at 1.7 MB/s)
#23 86.21 [INFO] Downloading from central: https://repo.maven.apache.org/maven2/org/apache/httpcomponents/client5/httpclient5/5.5.2/httpclient5-5.5.2.pom
#23 86.23 [INFO] Downloaded from central: https://repo.maven.apache.org/maven2/org/apache/httpcomponents/client5/httpclient5/5.5.2/httpclient5-5.5.2.pom (6.1 kB at 320 kB/s)
#23 86.23 [INFO] Downloading from central: https://repo.maven.apache.org/maven2/org/apache/httpcomponents/client5/httpclient5-parent/5.5.2/httpclient5-parent-5.5.2.pom
#23 86.25 [INFO] Downloaded from central: https://repo.maven.apache.org/maven2/org/apache/httpcomponents/client5/httpclient5-parent/5.5.2/httpclient5-parent-5.5.2.pom (17 kB at 836 kB/s)
#23 86.25 [INFO] Downloading from central: https://repo.maven.apache.org/maven2/org/apache/httpcomponents/httpcomponents-parent/14/httpcomponents-parent-14.pom
#23 86.27 [INFO] Downloaded from central: https://repo.maven.apache.org/maven2/org/apache/httpcomponents/httpcomponents-parent/14/httpcomponents-parent-14.pom (30 kB at 1.4 MB/s)
#23 86.27 [INFO] Downloading from central: https://repo.maven.apache.org/maven2/org/apache/apache/27/apache-27.pom
#23 86.29 [INFO] Downloaded from central: https://repo.maven.apache.org/maven2/org/apache/apache/27/apache-27.pom (20 kB at 1.1 MB/s)
#23 86.29 [INFO] Downloading from central: https://repo.maven.apache.org/maven2/org/apache/httpcomponents/core5/httpcore5/5.3.6/httpcore5-5.3.6.pom
#23 86.31 [INFO] Downloaded from central: https://repo.maven.apache.org/maven2/org/apache/httpcomponents/core5/httpcore5/5.3.6/httpcore5-5.3.6.pom (3.9 kB at 219 kB/s)
#23 86.31 [INFO] Downloading from central: https://repo.maven.apache.org/maven2/org/apache/httpcomponents/core5/httpcore5-parent/5.3.6/httpcore5-parent-5.3.6.pom
#23 86.33 [INFO] Downloaded from central: https://repo.maven.apache.org/maven2/org/apache/httpcomponents/core5/httpcore5-parent/5.3.6/httpcore5-parent-5.3.6.pom (14 kB at 697 kB/s)
#23 86.33 [INFO] Downloading from central: https://repo.maven.apache.org/maven2/org/apache/httpcomponents/httpcomponents-parent/13/httpcomponents-parent-13.pom
#23 86.35 [INFO] Downloaded from central: https://repo.maven.apache.org/maven2/org/apache/httpcomponents/httpcomponents-parent/13/httpcomponents-parent-13.pom (30 kB at 1.6 MB/s)
#23 86.35 [INFO] Downloading from central: https://repo.maven.apache.org/maven2/org/apache/httpcomponents/core5/httpcore5-h2/5.3.6/httpcore5-h2-5.3.6.pom
#23 86.37 [INFO] Downloaded from central: https://repo.maven.apache.org/maven2/org/apache/httpcomponents/core5/httpcore5-h2/5.3.6/httpcore5-h2-5.3.6.pom (3.6 kB at 201 kB/s)
#23 86.37 [INFO] Downloading from central: https://repo.maven.apache.org/maven2/org/tomlj/tomlj/1.0.0/tomlj-1.0.0.pom
#23 86.39 [INFO] Downloaded from central: https://repo.maven.apache.org/maven2/org/tomlj/tomlj/1.0.0/tomlj-1.0.0.pom (2.8 kB at 176 kB/s)
#23 86.39 [INFO] Downloading from central: https://repo.maven.apache.org/maven2/org/antlr/antlr4-runtime/4.7.2/antlr4-runtime-4.7.2.pom
#23 86.40 [INFO] Downloaded from central: https://repo.maven.apache.org/maven2/org/antlr/antlr4-runtime/4.7.2/antlr4-runtime-4.7.2.pom (3.6 kB at 226 kB/s)
#23 86.40 [INFO] Downloading from central: https://repo.maven.apache.org/maven2/org/antlr/antlr4-master/4.7.2/antlr4-master-4.7.2.pom
#23 86.42 [INFO] Downloaded from central: https://repo.maven.apache.org/maven2/org/antlr/antlr4-master/4.7.2/antlr4-master-4.7.2.pom (4.4 kB at 275 kB/s)
#23 86.42 [INFO] Downloading from central: https://repo.maven.apache.org/maven2/com/google/code/findbugs/jsr305/3.0.2/jsr305-3.0.2.pom
#23 86.44 [INFO] Downloaded from central: https://repo.maven.apache.org/maven2/com/google/code/findbugs/jsr305/3.0.2/jsr305-3.0.2.pom (4.3 kB at 186 kB/s)
#23 86.44 [INFO] Downloading from central: https://repo.maven.apache.org/maven2/org/springframework/boot/spring-boot-loader-tools/3.5.16/spring-boot-loader-tools-3.5.16.pom
#23 86.46 [INFO] Downloaded from central: https://repo.maven.apache.org/maven2/org/springframework/boot/spring-boot-loader-tools/3.5.16/spring-boot-loader-tools-3.5.16.pom (2.2 kB at 125 kB/s)
#23 86.46 [INFO] Downloading from central: https://repo.maven.apache.org/maven2/org/apache/maven/plugins/maven-shade-plugin/3.6.0/maven-shade-plugin-3.6.0.pom
#23 86.48 [INFO] Downloaded from central: https://repo.maven.apache.org/maven2/org/apache/maven/plugins/maven-shade-plugin/3.6.0/maven-shade-plugin-3.6.0.pom (12 kB at 646 kB/s)
#23 86.48 [INFO] Downloading from central: https://repo.maven.apache.org/maven2/org/ow2/asm/asm/9.7/asm-9.7.pom
#23 86.50 [INFO] Downloaded from central: https://repo.maven.apache.org/maven2/org/ow2/asm/asm/9.7/asm-9.7.pom (2.4 kB at 148 kB/s)
#23 86.50 [INFO] Downloading from central: https://repo.maven.apache.org/maven2/org/ow2/asm/asm-commons/9.7/asm-commons-9.7.pom
#23 86.52 [INFO] Downloaded from central: https://repo.maven.apache.org/maven2/org/ow2/asm/asm-commons/9.7/asm-commons-9.7.pom (2.8 kB at 164 kB/s)
#23 86.52 [INFO] Downloading from central: https://repo.maven.apache.org/maven2/org/ow2/asm/asm-tree/9.7/asm-tree-9.7.pom
#23 86.54 [INFO] Downloaded from central: https://repo.maven.apache.org/maven2/org/ow2/asm/asm-tree/9.7/asm-tree-9.7.pom (2.6 kB at 118 kB/s)
#23 86.54 [INFO] Downloading from central: https://repo.maven.apache.org/maven2/org/jdom/jdom2/2.0.6.1/jdom2-2.0.6.1.pom
#23 86.56 [INFO] Downloaded from central: https://repo.maven.apache.org/maven2/org/jdom/jdom2/2.0.6.1/jdom2-2.0.6.1.pom (4.6 kB at 200 kB/s)
#23 86.56 [INFO] Downloading from central: https://repo.maven.apache.org/maven2/org/apache/commons/commons-compress/1.26.2/commons-compress-1.26.2.pom
#23 86.59 [INFO] Downloaded from central: https://repo.maven.apache.org/maven2/org/apache/commons/commons-compress/1.26.2/commons-compress-1.26.2.pom (23 kB at 1.0 MB/s)
#23 86.59 [INFO] Downloading from central: https://repo.maven.apache.org/maven2/commons-codec/commons-codec/1.17.0/commons-codec-1.17.0.pom
#23 86.61 [INFO] Downloaded from central: https://repo.maven.apache.org/maven2/commons-codec/commons-codec/1.17.0/commons-codec-1.17.0.pom (18 kB at 851 kB/s)
#23 86.62 [INFO] Downloading from central: https://repo.maven.apache.org/maven2/org/vafer/jdependency/2.10/jdependency-2.10.pom
#23 86.64 [INFO] Downloaded from central: https://repo.maven.apache.org/maven2/org/vafer/jdependency/2.10/jdependency-2.10.pom (14 kB at 585 kB/s)
#23 86.64 [INFO] Downloading from central: https://repo.maven.apache.org/maven2/org/springframework/boot/spring-boot-buildpack-platform/3.5.16/spring-boot-buildpack-platform-3.5.16.jar
#23 86.69 [INFO] Downloaded from central: https://repo.maven.apache.org/maven2/org/springframework/boot/spring-boot-buildpack-platform/3.5.16/spring-boot-buildpack-platform-3.5.16.jar (325 kB at 7.1 MB/s)
#23 86.69 [INFO] Downloading from central: https://repo.maven.apache.org/maven2/net/java/dev/jna/jna-platform/5.17.0/jna-platform-5.17.0.jar
#23 86.69 [INFO] Downloading from central: https://repo.maven.apache.org/maven2/net/java/dev/jna/jna/5.17.0/jna-5.17.0.jar
#23 86.69 [INFO] Downloading from central: https://repo.maven.apache.org/maven2/org/apache/commons/commons-compress/1.27.1/commons-compress-1.27.1.jar
#23 86.69 [INFO] Downloading from central: https://repo.maven.apache.org/maven2/commons-codec/commons-codec/1.17.1/commons-codec-1.17.1.jar
#23 86.69 [INFO] Downloading from central: https://repo.maven.apache.org/maven2/org/apache/commons/commons-lang3/3.16.0/commons-lang3-3.16.0.jar
#23 86.78 [INFO] Downloaded from central: https://repo.maven.apache.org/maven2/org/apache/commons/commons-lang3/3.16.0/commons-lang3-3.16.0.jar (674 kB at 7.5 MB/s)
#23 86.78 [INFO] Downloading from central: https://repo.maven.apache.org/maven2/org/apache/httpcomponents/client5/httpclient5/5.5.2/httpclient5-5.5.2.jar
#23 86.78 [INFO] Downloaded from central: https://repo.maven.apache.org/maven2/org/apache/commons/commons-compress/1.27.1/commons-compress-1.27.1.jar (1.1 MB at 12 MB/s)
#23 86.78 [INFO] Downloading from central: https://repo.maven.apache.org/maven2/org/apache/httpcomponents/core5/httpcore5/5.3.6/httpcore5-5.3.6.jar
#23 86.79 [INFO] Downloaded from central: https://repo.maven.apache.org/maven2/commons-codec/commons-codec/1.17.1/commons-codec-1.17.1.jar (373 kB at 3.7 MB/s)
#23 86.79 [INFO] Downloading from central: https://repo.maven.apache.org/maven2/org/apache/httpcomponents/core5/httpcore5-h2/5.3.6/httpcore5-h2-5.3.6.jar
#23 86.80 [INFO] Downloaded from central: https://repo.maven.apache.org/maven2/net/java/dev/jna/jna/5.17.0/jna-5.17.0.jar (2.0 MB at 19 MB/s)
#23 86.80 [INFO] Downloading from central: https://repo.maven.apache.org/maven2/org/tomlj/tomlj/1.0.0/tomlj-1.0.0.jar
#23 86.82 [INFO] Downloaded from central: https://repo.maven.apache.org/maven2/org/apache/httpcomponents/core5/httpcore5-h2/5.3.6/httpcore5-h2-5.3.6.jar (243 kB at 1.8 MB/s)
#23 86.82 [INFO] Downloading from central: https://repo.maven.apache.org/maven2/org/antlr/antlr4-runtime/4.7.2/antlr4-runtime-4.7.2.jar
#23 86.83 [INFO] Downloaded from central: https://repo.maven.apache.org/maven2/org/tomlj/tomlj/1.0.0/tomlj-1.0.0.jar (157 kB at 1.1 MB/s)
#23 86.83 [INFO] Downloading from central: https://repo.maven.apache.org/maven2/com/google/code/findbugs/jsr305/3.0.2/jsr305-3.0.2.jar
#23 86.85 [INFO] Downloaded from central: https://repo.maven.apache.org/maven2/com/google/code/findbugs/jsr305/3.0.2/jsr305-3.0.2.jar (20 kB at 126 kB/s)
#23 86.85 [INFO] Downloading from central: https://repo.maven.apache.org/maven2/org/springframework/boot/spring-boot-loader-tools/3.5.16/spring-boot-loader-tools-3.5.16.jar
#23 86.85 [INFO] Downloaded from central: https://repo.maven.apache.org/maven2/net/java/dev/jna/jna-platform/5.17.0/jna-platform-5.17.0.jar (1.4 MB at 8.5 MB/s)
#23 86.85 [INFO] Downloading from central: https://repo.maven.apache.org/maven2/org/apache/maven/plugins/maven-shade-plugin/3.6.0/maven-shade-plugin-3.6.0.jar
#23 86.86 [INFO] Downloaded from central: https://repo.maven.apache.org/maven2/org/antlr/antlr4-runtime/4.7.2/antlr4-runtime-4.7.2.jar (338 kB at 2.0 MB/s)
#23 86.86 [INFO] Downloading from central: https://repo.maven.apache.org/maven2/org/ow2/asm/asm/9.7/asm-9.7.jar
#23 86.86 [INFO] Downloaded from central: https://repo.maven.apache.org/maven2/org/apache/httpcomponents/client5/httpclient5/5.5.2/httpclient5-5.5.2.jar (961 kB at 5.8 MB/s)
#23 86.86 [INFO] Downloading from central: https://repo.maven.apache.org/maven2/org/ow2/asm/asm-commons/9.7/asm-commons-9.7.jar
#23 86.88 [INFO] Downloaded from central: https://repo.maven.apache.org/maven2/org/apache/maven/plugins/maven-shade-plugin/3.6.0/maven-shade-plugin-3.6.0.jar (150 kB at 780 kB/s)
#23 86.88 [INFO] Downloading from central: https://repo.maven.apache.org/maven2/org/ow2/asm/asm-tree/9.7/asm-tree-9.7.jar
#23 86.88 [INFO] Downloaded from central: https://repo.maven.apache.org/maven2/org/ow2/asm/asm/9.7/asm-9.7.jar (125 kB at 650 kB/s)
#23 86.88 [INFO] Downloading from central: https://repo.maven.apache.org/maven2/org/jdom/jdom2/2.0.6.1/jdom2-2.0.6.1.jar
#23 86.89 [INFO] Downloaded from central: https://repo.maven.apache.org/maven2/org/ow2/asm/asm-commons/9.7/asm-commons-9.7.jar (73 kB at 373 kB/s)
#23 86.89 [INFO] Downloading from central: https://repo.maven.apache.org/maven2/org/vafer/jdependency/2.10/jdependency-2.10.jar
#23 86.89 [INFO] Downloaded from central: https://repo.maven.apache.org/maven2/org/springframework/boot/spring-boot-loader-tools/3.5.16/spring-boot-loader-tools-3.5.16.jar (468 kB at 2.4 MB/s)
#23 86.90 [INFO] Downloaded from central: https://repo.maven.apache.org/maven2/org/ow2/asm/asm-tree/9.7/asm-tree-9.7.jar (52 kB at 244 kB/s)
#23 86.92 [INFO] Downloaded from central: https://repo.maven.apache.org/maven2/org/apache/httpcomponents/core5/httpcore5/5.3.6/httpcore5-5.3.6.jar (909 kB at 4.0 MB/s)
#23 86.92 [INFO] Downloaded from central: https://repo.maven.apache.org/maven2/org/jdom/jdom2/2.0.6.1/jdom2-2.0.6.1.jar (328 kB at 1.4 MB/s)
#23 86.93 [INFO] Downloaded from central: https://repo.maven.apache.org/maven2/org/vafer/jdependency/2.10/jdependency-2.10.jar (416 kB at 1.7 MB/s)
#23 87.23 [INFO] Replacing main artifact /workspace/backend/reference-app/target/sc-reference-app.jar with repackaged archive, adding nested dependencies in BOOT-INF/.
#23 87.23 [INFO] The original artifact has been renamed to /workspace/backend/reference-app/target/sc-reference-app.jar.original
#23 87.23 [INFO] 
#23 87.23 [INFO] -------------------< dev.scframework:sc-starter-app >-------------------
#23 87.23 [INFO] Building ScFramework minimal consumer app 0.3.0-SNAPSHOT           [6/6]
#23 87.23 [INFO]   from starter-app/pom.xml
#23 87.23 [INFO] --------------------------------[ jar ]---------------------------------
#23 87.23 [INFO] 
#23 87.23 [INFO] --- clean:3.4.1:clean (default-clean) @ sc-starter-app ---
#23 87.23 [INFO] 
#23 87.23 [INFO] --- resources:3.3.1:resources (default-resources) @ sc-starter-app ---
#23 87.24 [INFO] Copying 8 resources from src/main/resources to target/classes
#23 87.24 [INFO] Copying 8 resources from ../../frontend/apps/starter-app/dist to target/classes/static
#23 87.24 [INFO] 
#23 87.24 [INFO] --- compiler:3.14.1:compile (default-compile) @ sc-starter-app ---
#23 87.24 [INFO] Recompiling the module because of changed dependency.
#23 87.24 [INFO] Compiling 11 source files with javac [debug parameters release 21] to target/classes
#23 87.42 [INFO] 
#23 87.42 [INFO] --- resources:3.3.1:testResources (default-testResources) @ sc-starter-app ---
#23 87.42 [INFO] skip non existing resourceDirectory /workspace/backend/starter-app/src/test/resources
#23 87.42 [INFO] 
#23 87.42 [INFO] --- compiler:3.14.1:testCompile (default-testCompile) @ sc-starter-app ---
#23 87.42 [INFO] Recompiling the module because of changed dependency.
#23 87.43 [INFO] Compiling 4 source files with javac [debug parameters release 21] to target/test-classes
#23 87.65 [INFO] 
#23 87.65 [INFO] --- surefire:3.5.6:test (default-test) @ sc-starter-app ---
#23 87.65 [INFO] Using auto detected provider org.apache.maven.surefire.junitplatform.JUnitPlatformProvider
#23 87.65 [INFO] 
#23 87.65 [INFO] -------------------------------------------------------
#23 87.65 [INFO]  T E S T S
#23 87.65 [INFO] -------------------------------------------------------
#23 87.91 [INFO] Running dev.scframework.starter.StarterAuditConsumerTest
#23 88.06 22:48:19.678 [main] INFO org.springframework.boot.test.context.SpringBootTestContextBootstrapper -- Found @SpringBootConfiguration dev.scframework.starter.StarterApplication for test class dev.scframework.starter.StarterAuditConsumerTest
#23 88.37 
#23 88.37   .   ____          _            __ _ _
#23 88.37  /\\ / ___'_ __ _ _(_)_ __  __ _ \ \ \ \
#23 88.37 ( ( )\___ | '_ | '_| | '_ \/ _` | \ \ \ \
#23 88.37  \\/  ___)| |_)| | | | | || (_| |  ) ) ) )
#23 88.37   '  |____| .__|_| |_|_| |_\__, | / / / /
#23 88.37  =========|_|==============|___/=/_/_/_/
#23 88.37 
#23 88.37  :: Spring Boot ::               (v3.5.16)
#23 88.37 
#23 88.37 2026-10-06T22:48:19.971Z  INFO [requestId:] 731 --- [sc-starter-app] [           main] [                                                 ] d.s.starter.StarterAuditConsumerTest     : Starting StarterAuditConsumerTest using Java 21.0.12.1 with PID 731 (started by root in /workspace/backend/starter-app)
#23 88.37 2026-10-06T22:48:19.972Z  INFO [requestId:] 731 --- [sc-starter-app] [           main] [                                                 ] d.s.starter.StarterAuditConsumerTest     : The following 1 profile is active: "audit"
#23 88.77 2026-10-06T22:48:20.418Z  INFO [requestId:] 731 --- [sc-starter-app] [           main] [                                                 ] .s.d.r.c.RepositoryConfigurationDelegate : Bootstrapping Spring Data JPA repositories in DEFAULT mode.
#23 88.77 2026-10-06T22:48:20.427Z  INFO [requestId:] 731 --- [sc-starter-app] [           main] [                                                 ] .s.d.r.c.RepositoryConfigurationDelegate : Finished Spring Data repository scanning in 3 ms. Found 0 JPA repository interfaces.
#23 88.88 2026-10-06T22:48:20.484Z  WARN [requestId:] 731 --- [sc-starter-app] [           main] [                                                 ] o.m.s.mapper.ClassPathMapperScanner      : No MyBatis mapper was found in '[dev.scframework.starter]' package. Please check your configuration.
#23 88.88 2026-10-06T22:48:20.488Z  INFO [requestId:] 731 --- [sc-starter-app] [           main] [                                                 ] o.s.cloud.context.scope.GenericScope     : BeanFactory id=f0bf85a9-422a-3467-ae97-d86008d2fe92
#23 89.08 2026-10-06T22:48:20.673Z  INFO [requestId:] 731 --- [sc-starter-app] [           main] [                                                 ] com.zaxxer.hikari.HikariDataSource       : HikariPool-1 - Starting...
#23 89.08 2026-10-06T22:48:20.741Z  INFO [requestId:] 731 --- [sc-starter-app] [           main] [                                                 ] com.zaxxer.hikari.pool.HikariPool        : HikariPool-1 - Added connection conn0: url=jdbc:h2:mem:starter-audit-sc-starter-audit-12343058369612928767 user=SA
#23 89.08 2026-10-06T22:48:20.742Z  INFO [requestId:] 731 --- [sc-starter-app] [           main] [                                                 ] com.zaxxer.hikari.HikariDataSource       : HikariPool-1 - Start completed.
#23 89.18 2026-10-06T22:48:20.762Z  INFO [requestId:] 731 --- [sc-starter-app] [           main] [                                                 ] org.flywaydb.core.FlywayExecutor         : Database: jdbc:h2:mem:starter-audit-sc-starter-audit-12343058369612928767 (H2 2.3)
#23 89.18 2026-10-06T22:48:20.773Z  INFO [requestId:] 731 --- [sc-starter-app] [           main] [                                                 ] o.f.c.i.s.JdbcTableSchemaHistory         : Schema history table "PUBLIC"."flyway_schema_history" does not exist yet
#23 89.18 2026-10-06T22:48:20.774Z  INFO [requestId:] 731 --- [sc-starter-app] [           main] [                                                 ] o.f.core.internal.command.DbValidate     : Successfully validated 1 migration (execution time 00:00.004s)
#23 89.18 2026-10-06T22:48:20.777Z  INFO [requestId:] 731 --- [sc-starter-app] [           main] [                                                 ] o.f.c.i.s.JdbcTableSchemaHistory         : Creating Schema History table "PUBLIC"."flyway_schema_history" ...
#23 89.18 2026-10-06T22:48:20.792Z  INFO [requestId:] 731 --- [sc-starter-app] [           main] [                                                 ] o.f.core.internal.command.DbMigrate      : Current version of schema "PUBLIC": << Empty Schema >>
#23 89.18 2026-10-06T22:48:20.796Z  INFO [requestId:] 731 --- [sc-starter-app] [           main] [                                                 ] o.f.core.internal.command.DbMigrate      : Migrating schema "PUBLIC" to version "1 - security audit"
#23 89.18 2026-10-06T22:48:20.808Z  INFO [requestId:] 731 --- [sc-starter-app] [           main] [                                                 ] o.f.core.internal.command.DbMigrate      : Successfully applied 1 migration to schema "PUBLIC", now at version v1 (execution time 00:00.006s)
#23 89.18 2026-10-06T22:48:20.842Z  INFO [requestId:] 731 --- [sc-starter-app] [           main] [                                                 ] o.hibernate.jpa.internal.util.LogHelper  : HHH000204: Processing PersistenceUnitInfo [name: default]
#23 89.28 2026-10-06T22:48:20.862Z  INFO [requestId:] 731 --- [sc-starter-app] [           main] [                                                 ] org.hibernate.Version                    : HHH000412: Hibernate ORM core version 6.6.53.Final
#23 89.28 2026-10-06T22:48:20.873Z  INFO [requestId:] 731 --- [sc-starter-app] [           main] [                                                 ] o.h.c.internal.RegionFactoryInitiator    : HHH000026: Second-level cache disabled
#23 89.38 2026-10-06T22:48:20.967Z  INFO [requestId:] 731 --- [sc-starter-app] [           main] [                                                 ] o.s.o.j.p.SpringPersistenceUnitInfo      : No LoadTimeWeaver setup: ignoring JPA class transformer
#23 89.38 2026-10-06T22:48:20.993Z  INFO [requestId:] 731 --- [sc-starter-app] [           main] [                                                 ] org.hibernate.orm.connections.pooling    : HHH10001005: Database info:
#23 89.38 	Database JDBC URL [Connecting through datasource 'HikariDataSource (HikariPool-1)']
#23 89.38 	Database driver: undefined/unknown
#23 89.38 	Database version: 2.3.232
#23 89.38 	Autocommit mode: undefined/unknown
#23 89.38 	Isolation level: undefined/unknown
#23 89.38 	Minimum pool size: undefined/unknown
#23 89.38 	Maximum pool size: undefined/unknown
#23 89.49 2026-10-06T22:48:21.117Z  INFO [requestId:] 731 --- [sc-starter-app] [           main] [                                                 ] o.h.e.t.j.p.i.JtaPlatformInitiator       : HHH000489: No JTA platform available (set 'hibernate.transaction.jta.platform' to enable JTA platform integration)
#23 89.49 2026-10-06T22:48:21.119Z  INFO [requestId:] 731 --- [sc-starter-app] [           main] [                                                 ] j.LocalContainerEntityManagerFactoryBean : Initialized JPA EntityManagerFactory for persistence unit 'default'
#23 89.69 2026-10-06T22:48:21.257Z  INFO [requestId:] 731 --- [sc-starter-app] [           main] [                                                 ] o.s.b.a.w.s.WelcomePageHandlerMapping    : Adding welcome page: class path resource [static/index.html]
#23 89.79 2026-10-06T22:48:21.443Z  INFO [requestId:] 731 --- [sc-starter-app] [           main] [                                                 ] r$InitializeUserDetailsManagerConfigurer : Global AuthenticationManager configured with UserDetailsService bean with name starterUsers
#23 89.90 2026-10-06T22:48:21.518Z  INFO [requestId:] 731 --- [sc-starter-app] [           main] [                                                 ] o.s.b.a.e.web.EndpointLinksResolver      : Exposing 1 endpoint beneath base path '/actuator'
#23 90.00 2026-10-06T22:48:21.660Z  INFO [requestId:] 731 --- [sc-starter-app] [           main] [                                                 ] o.s.b.t.m.w.SpringBootMockServletContext : Initializing Spring TestDispatcherServlet ''
#23 90.10 2026-10-06T22:48:21.660Z  INFO [requestId:] 731 --- [sc-starter-app] [           main] [                                                 ] o.s.t.web.servlet.TestDispatcherServlet  : Initializing Servlet ''
#23 90.10 2026-10-06T22:48:21.661Z  INFO [requestId:] 731 --- [sc-starter-app] [           main] [                                                 ] o.s.t.web.servlet.TestDispatcherServlet  : Completed initialization in 1 ms
#23 90.10 2026-10-06T22:48:21.725Z  INFO [requestId:] 731 --- [sc-starter-app] [           main] [                                                 ] d.s.starter.StarterAuditConsumerTest     : Started StarterAuditConsumerTest in 1.935 seconds (process running for 2.406)
#23 90.20 Mockito is currently self-attaching to enable the inline-mock-maker. This will no longer work in future releases of the JDK. Please add Mockito as an agent to your build as described in Mockito's documentation: https://javadoc.io/doc/org.mockito/mockito-core/latest/org.mockito/org/mockito/Mockito.html#0.3
#23 90.28 OpenJDK 64-Bit Server VM warning: Sharing is only supported for boot loader classes because bootstrap classpath has been appended
#23 90.30 WARNING: A Java agent has been loaded dynamically (/root/.m2/repository/net/bytebuddy/byte-buddy-agent/1.17.8/byte-buddy-agent-1.17.8.jar)
#23 90.30 WARNING: If a serviceability tool is in use, please run with -XX:+EnableDynamicAgentLoading to hide this warning
#23 90.30 WARNING: If a serviceability tool is not in use, please run with -Djdk.instrument.traceUsage for more information
#23 90.30 WARNING: Dynamic loading of agents will be disallowed by default in a future release
#23 90.77 [INFO] Tests run: 2, Failures: 0, Errors: 0, Skipped: 0, Time elapsed: 2.861 s -- in dev.scframework.starter.StarterAuditConsumerTest
#23 90.77 [INFO] Running dev.scframework.starter.StarterConsumerTest
#23 90.81 2026-10-06T22:48:22.433Z  INFO [requestId:] 731 --- [sc-starter-app] [           main] [                                                 ] t.c.s.AnnotationConfigContextLoaderUtils : Could not detect default configuration classes for test class [dev.scframework.starter.StarterConsumerTest]: StarterConsumerTest does not declare any static, non-private, non-final, nested classes annotated with @Configuration.
#23 90.81 2026-10-06T22:48:22.434Z  INFO [requestId:] 731 --- [sc-starter-app] [           main] [                                                 ] .b.t.c.SpringBootTestContextBootstrapper : Found @SpringBootConfiguration dev.scframework.starter.StarterApplication for test class dev.scframework.starter.StarterConsumerTest
#23 90.81 
#23 90.81   .   ____          _            __ _ _
#23 90.81  /\\ / ___'_ __ _ _(_)_ __  __ _ \ \ \ \
#23 90.81 ( ( )\___ | '_ | '_| | '_ \/ _` | \ \ \ \
#23 90.81  \\/  ___)| |_)| | | | | || (_| |  ) ) ) )
#23 90.81   '  |____| .__|_| |_|_| |_\__, | / / / /
#23 90.81  =========|_|==============|___/=/_/_/_/
#23 90.81 
#23 90.81  :: Spring Boot ::               (v3.5.16)
#23 90.81 
#23 90.81 2026-10-06T22:48:22.456Z  INFO [requestId:] 731 --- [sc-starter-app] [           main] [                                                 ] d.s.starter.StarterConsumerTest          : Starting StarterConsumerTest using Java 21.0.12.1 with PID 731 (started by root in /workspace/backend/starter-app)
#23 90.81 2026-10-06T22:48:22.457Z  INFO [requestId:] 731 --- [sc-starter-app] [           main] [                                                 ] d.s.starter.StarterConsumerTest          : No active profile set, falling back to 1 default profile: "default"
#23 90.91 2026-10-06T22:48:22.554Z  INFO [requestId:] 731 --- [sc-starter-app] [           main] [                                                 ] .s.d.r.c.RepositoryConfigurationDelegate : Bootstrapping Spring Data JPA repositories in DEFAULT mode.
#23 90.91 2026-10-06T22:48:22.556Z  INFO [requestId:] 731 --- [sc-starter-app] [           main] [                                                 ] .s.d.r.c.RepositoryConfigurationDelegate : Finished Spring Data repository scanning in 1 ms. Found 0 JPA repository interfaces.
#23 90.91 2026-10-06T22:48:22.567Z  WARN [requestId:] 731 --- [sc-starter-app] [           main] [                                                 ] o.m.s.mapper.ClassPathMapperScanner      : No MyBatis mapper was found in '[dev.scframework.starter]' package. Please check your configuration.
#23 90.91 2026-10-06T22:48:22.569Z  INFO [requestId:] 731 --- [sc-starter-app] [           main] [                                                 ] o.s.cloud.context.scope.GenericScope     : BeanFactory id=ffe28e95-57ae-3458-a5d8-5955cf8a280a
#23 91.01 2026-10-06T22:48:22.588Z  INFO [requestId:] 731 --- [sc-starter-app] [           main] [                                                 ] o.hibernate.jpa.internal.util.LogHelper  : HHH000204: Processing PersistenceUnitInfo [name: default]
#23 91.01 2026-10-06T22:48:22.589Z  INFO [requestId:] 731 --- [sc-starter-app] [           main] [                                                 ] o.h.c.internal.RegionFactoryInitiator    : HHH000026: Second-level cache disabled
#23 91.01 2026-10-06T22:48:22.592Z  INFO [requestId:] 731 --- [sc-starter-app] [           main] [                                                 ] o.s.o.j.p.SpringPersistenceUnitInfo      : No LoadTimeWeaver setup: ignoring JPA class transformer
#23 91.01 2026-10-06T22:48:22.593Z  INFO [requestId:] 731 --- [sc-starter-app] [           main] [                                                 ] com.zaxxer.hikari.HikariDataSource       : HikariPool-2 - Starting...
#23 91.01 2026-10-06T22:48:22.594Z  INFO [requestId:] 731 --- [sc-starter-app] [           main] [                                                 ] com.zaxxer.hikari.pool.HikariPool        : HikariPool-2 - Added connection conn10: url=jdbc:h2:mem:starter-a443f12f-a243-4386-aef3-21a63dd96363 user=SA
#23 91.01 2026-10-06T22:48:22.594Z  INFO [requestId:] 731 --- [sc-starter-app] [           main] [                                                 ] com.zaxxer.hikari.HikariDataSource       : HikariPool-2 - Start completed.
#23 91.01 2026-10-06T22:48:22.595Z  INFO [requestId:] 731 --- [sc-starter-app] [           main] [                                                 ] org.hibernate.orm.connections.pooling    : HHH10001005: Database info:
#23 91.01 	Database JDBC URL [Connecting through datasource 'HikariDataSource (HikariPool-2)']
#23 91.01 	Database driver: undefined/unknown
#23 91.01 	Database version: 2.3.232
#23 91.01 	Autocommit mode: undefined/unknown
#23 91.01 	Isolation level: undefined/unknown
#23 91.01 	Minimum pool size: undefined/unknown
#23 91.01 	Maximum pool size: undefined/unknown
#23 91.01 2026-10-06T22:48:22.601Z  INFO [requestId:] 731 --- [sc-starter-app] [           main] [                                                 ] o.h.e.t.j.p.i.JtaPlatformInitiator       : HHH000489: No JTA platform available (set 'hibernate.transaction.jta.platform' to enable JTA platform integration)
#23 91.01 2026-10-06T22:48:22.602Z  INFO [requestId:] 731 --- [sc-starter-app] [           main] [                                                 ] j.LocalContainerEntityManagerFactoryBean : Initialized JPA EntityManagerFactory for persistence unit 'default'
#23 91.01 2026-10-06T22:48:22.674Z  INFO [requestId:] 731 --- [sc-starter-app] [           main] [                                                 ] o.s.b.a.w.s.WelcomePageHandlerMapping    : Adding welcome page: class path resource [static/index.html]
#23 91.10 2026-10-06T22:48:22.703Z  INFO [requestId:] 731 --- [sc-starter-app] [           main] [                                                 ] r$InitializeUserDetailsManagerConfigurer : Global AuthenticationManager configured with UserDetailsService bean with name starterUsers
#23 91.10 2026-10-06T22:48:22.716Z  INFO [requestId:] 731 --- [sc-starter-app] [           main] [                                                 ] o.s.b.a.e.web.EndpointLinksResolver      : Exposing 1 endpoint beneath base path '/actuator'
#23 91.10 2026-10-06T22:48:22.739Z  INFO [requestId:] 731 --- [sc-starter-app] [           main] [                                                 ] o.s.b.t.m.w.SpringBootMockServletContext : Initializing Spring TestDispatcherServlet ''
#23 91.10 2026-10-06T22:48:22.740Z  INFO [requestId:] 731 --- [sc-starter-app] [           main] [                                                 ] o.s.t.web.servlet.TestDispatcherServlet  : Initializing Servlet ''
#23 91.10 2026-10-06T22:48:22.740Z  INFO [requestId:] 731 --- [sc-starter-app] [           main] [                                                 ] o.s.t.web.servlet.TestDispatcherServlet  : Completed initialization in 0 ms
#23 91.10 2026-10-06T22:48:22.758Z  INFO [requestId:] 731 --- [sc-starter-app] [           main] [                                                 ] d.s.starter.StarterConsumerTest          : Started StarterConsumerTest in 0.321 seconds (process running for 3.438)
#23 91.38 [INFO] Tests run: 4, Failures: 0, Errors: 0, Skipped: 0, Time elapsed: 0.613 s -- in dev.scframework.starter.StarterConsumerTest
#23 91.38 [INFO] Running dev.scframework.starter.StarterFileStorageConsumerTest
#23 91.42 2026-10-06T22:48:23.048Z  INFO [requestId:] 731 --- [sc-starter-app] [           main] [                                                 ] .b.t.c.SpringBootTestContextBootstrapper : Found @SpringBootConfiguration dev.scframework.starter.StarterApplication for test class dev.scframework.starter.StarterFileStorageConsumerTest
#23 91.42 
#23 91.42   .   ____          _            __ _ _
#23 91.42  /\\ / ___'_ __ _ _(_)_ __  __ _ \ \ \ \
#23 91.42 ( ( )\___ | '_ | '_| | '_ \/ _` | \ \ \ \
#23 91.42  \\/  ___)| |_)| | | | | || (_| |  ) ) ) )
#23 91.42   '  |____| .__|_| |_|_| |_\__, | / / / /
#23 91.42  =========|_|==============|___/=/_/_/_/
#23 91.42 
#23 91.42  :: Spring Boot ::               (v3.5.16)
#23 91.42 
#23 91.42 2026-10-06T22:48:23.067Z  INFO [requestId:] 731 --- [sc-starter-app] [           main] [                                                 ] d.s.s.StarterFileStorageConsumerTest     : Starting StarterFileStorageConsumerTest using Java 21.0.12.1 with PID 731 (started by root in /workspace/backend/starter-app)
#23 91.42 2026-10-06T22:48:23.067Z  INFO [requestId:] 731 --- [sc-starter-app] [           main] [                                                 ] d.s.s.StarterFileStorageConsumerTest     : The following 1 profile is active: "file-storage"
#23 91.52 2026-10-06T22:48:23.143Z  INFO [requestId:] 731 --- [sc-starter-app] [           main] [                                                 ] .s.d.r.c.RepositoryConfigurationDelegate : Bootstrapping Spring Data JPA repositories in DEFAULT mode.
#23 91.52 2026-10-06T22:48:23.144Z  INFO [requestId:] 731 --- [sc-starter-app] [           main] [                                                 ] .s.d.r.c.RepositoryConfigurationDelegate : Finished Spring Data repository scanning in 0 ms. Found 0 JPA repository interfaces.
#23 91.52 2026-10-06T22:48:23.159Z  WARN [requestId:] 731 --- [sc-starter-app] [           main] [                                                 ] o.m.s.mapper.ClassPathMapperScanner      : No MyBatis mapper was found in '[dev.scframework.starter]' package. Please check your configuration.
#23 91.52 2026-10-06T22:48:23.160Z  INFO [requestId:] 731 --- [sc-starter-app] [           main] [                                                 ] o.s.cloud.context.scope.GenericScope     : BeanFactory id=a935fcf7-b503-3b3a-aaea-63f90b641a20
#23 91.52 2026-10-06T22:48:23.174Z  INFO [requestId:] 731 --- [sc-starter-app] [           main] [                                                 ] o.hibernate.jpa.internal.util.LogHelper  : HHH000204: Processing PersistenceUnitInfo [name: default]
#23 91.52 2026-10-06T22:48:23.175Z  INFO [requestId:] 731 --- [sc-starter-app] [           main] [                                                 ] o.h.c.internal.RegionFactoryInitiator    : HHH000026: Second-level cache disabled
#23 91.52 2026-10-06T22:48:23.178Z  INFO [requestId:] 731 --- [sc-starter-app] [           main] [                                                 ] o.s.o.j.p.SpringPersistenceUnitInfo      : No LoadTimeWeaver setup: ignoring JPA class transformer
#23 91.52 2026-10-06T22:48:23.178Z  INFO [requestId:] 731 --- [sc-starter-app] [           main] [                                                 ] com.zaxxer.hikari.HikariDataSource       : HikariPool-3 - Starting...
#23 91.52 2026-10-06T22:48:23.180Z  INFO [requestId:] 731 --- [sc-starter-app] [           main] [                                                 ] com.zaxxer.hikari.pool.HikariPool        : HikariPool-3 - Added connection conn20: url=jdbc:h2:mem:starter-files-sc-starter-files-318261411667747347 user=SA
#23 91.52 2026-10-06T22:48:23.180Z  INFO [requestId:] 731 --- [sc-starter-app] [           main] [                                                 ] com.zaxxer.hikari.HikariDataSource       : HikariPool-3 - Start completed.
#23 91.52 2026-10-06T22:48:23.180Z  INFO [requestId:] 731 --- [sc-starter-app] [           main] [                                                 ] org.hibernate.orm.connections.pooling    : HHH10001005: Database info:
#23 91.52 	Database JDBC URL [Connecting through datasource 'HikariDataSource (HikariPool-3)']
#23 91.52 	Database driver: undefined/unknown
#23 91.52 	Database version: 2.3.232
#23 91.52 	Autocommit mode: undefined/unknown
#23 91.52 	Isolation level: undefined/unknown
#23 91.52 	Minimum pool size: undefined/unknown
#23 91.52 	Maximum pool size: undefined/unknown
#23 91.62 2026-10-06T22:48:23.186Z  INFO [requestId:] 731 --- [sc-starter-app] [           main] [                                                 ] o.h.e.t.j.p.i.JtaPlatformInitiator       : HHH000489: No JTA platform available (set 'hibernate.transaction.jta.platform' to enable JTA platform integration)
#23 91.62 2026-10-06T22:48:23.187Z  INFO [requestId:] 731 --- [sc-starter-app] [           main] [                                                 ] j.LocalContainerEntityManagerFactoryBean : Initialized JPA EntityManagerFactory for persistence unit 'default'
#23 91.72 2026-10-06T22:48:23.321Z  INFO [requestId:] 731 --- [sc-starter-app] [           main] [                                                 ] o.s.b.a.w.s.WelcomePageHandlerMapping    : Adding welcome page: class path resource [static/index.html]
#23 91.72 2026-10-06T22:48:23.345Z  INFO [requestId:] 731 --- [sc-starter-app] [           main] [                                                 ] eAuthenticationProviderManagerConfigurer : Global AuthenticationManager configured with AuthenticationProvider bean with name syntheticAuthenticationProvider
#23 91.72 2026-10-06T22:48:23.345Z  WARN [requestId:] 731 --- [sc-starter-app] [           main] [                                                 ] r$InitializeUserDetailsManagerConfigurer : Global AuthenticationManager configured with an AuthenticationProvider bean. UserDetailsService beans will not be used by Spring Security for automatically configuring username/password login. Consider removing the AuthenticationProvider bean. Alternatively, consider using the UserDetailsService in a manually instantiated DaoAuthenticationProvider. If the current configuration is intentional, to turn off this warning, increase the logging level of 'org.springframework.security.config.annotation.authentication.configuration.InitializeUserDetailsBeanManagerConfigurer' to ERROR
#23 91.72 2026-10-06T22:48:23.356Z  INFO [requestId:] 731 --- [sc-starter-app] [           main] [                                                 ] o.s.b.a.e.web.EndpointLinksResolver      : Exposing 1 endpoint beneath base path '/actuator'
#23 91.72 2026-10-06T22:48:23.378Z  INFO [requestId:] 731 --- [sc-starter-app] [           main] [                                                 ] o.s.b.t.m.w.SpringBootMockServletContext : Initializing Spring TestDispatcherServlet ''
#23 91.72 2026-10-06T22:48:23.378Z  INFO [requestId:] 731 --- [sc-starter-app] [           main] [                                                 ] o.s.t.web.servlet.TestDispatcherServlet  : Initializing Servlet ''
#23 91.72 2026-10-06T22:48:23.378Z  INFO [requestId:] 731 --- [sc-starter-app] [           main] [                                                 ] o.s.t.web.servlet.TestDispatcherServlet  : Completed initialization in 0 ms
#23 91.73 2026-10-06T22:48:23.393Z  INFO [requestId:] 731 --- [sc-starter-app] [           main] [                                                 ] d.s.s.StarterFileStorageConsumerTest     : Started StarterFileStorageConsumerTest in 0.344 seconds (process running for 4.074)
#23 92.01 [INFO] Tests run: 2, Failures: 0, Errors: 0, Skipped: 0, Time elapsed: 0.629 s -- in dev.scframework.starter.StarterFileStorageConsumerTest
#23 92.01 [INFO] Running dev.scframework.starter.StarterOperationsIntegrationTest
#23 92.13 2026-10-06T22:48:23.678Z  INFO [requestId:] 731 --- [sc-starter-app] [           main] [                                                 ] t.c.s.AnnotationConfigContextLoaderUtils : Could not detect default configuration classes for test class [dev.scframework.starter.StarterOperationsIntegrationTest]: StarterOperationsIntegrationTest does not declare any static, non-private, non-final, nested classes annotated with @Configuration.
#23 92.13 2026-10-06T22:48:23.679Z  INFO [requestId:] 731 --- [sc-starter-app] [           main] [                                                 ] .b.t.c.SpringBootTestContextBootstrapper : Found @SpringBootConfiguration dev.scframework.starter.StarterApplication for test class dev.scframework.starter.StarterOperationsIntegrationTest
#23 92.13 
#23 92.13   .   ____          _            __ _ _
#23 92.13  /\\ / ___'_ __ _ _(_)_ __  __ _ \ \ \ \
#23 92.13 ( ( )\___ | '_ | '_| | '_ \/ _` | \ \ \ \
#23 92.13  \\/  ___)| |_)| | | | | || (_| |  ) ) ) )
#23 92.13   '  |____| .__|_| |_|_| |_\__, | / / / /
#23 92.13  =========|_|==============|___/=/_/_/_/
#23 92.13 
#23 92.13  :: Spring Boot ::               (v3.5.16)
#23 92.13 
#23 92.13 2026-10-06T22:48:23.695Z  INFO [requestId:] 731 --- [sc-starter-app] [           main] [                                                 ] d.s.s.StarterOperationsIntegrationTest   : Starting StarterOperationsIntegrationTest using Java 21.0.12.1 with PID 731 (started by root in /workspace/backend/starter-app)
#23 92.13 2026-10-06T22:48:23.695Z  INFO [requestId:] 731 --- [sc-starter-app] [           main] [                                                 ] d.s.s.StarterOperationsIntegrationTest   : The following 1 profile is active: "dev"
#23 92.23 2026-10-06T22:48:23.806Z  INFO [requestId:] 731 --- [sc-starter-app] [           main] [                                                 ] .s.d.r.c.RepositoryConfigurationDelegate : Bootstrapping Spring Data JPA repositories in DEFAULT mode.
#23 92.23 2026-10-06T22:48:23.808Z  INFO [requestId:] 731 --- [sc-starter-app] [           main] [                                                 ] .s.d.r.c.RepositoryConfigurationDelegate : Finished Spring Data repository scanning in 0 ms. Found 0 JPA repository interfaces.
#23 92.23 2026-10-06T22:48:23.817Z  WARN [requestId:] 731 --- [sc-starter-app] [           main] [                                                 ] o.m.s.mapper.ClassPathMapperScanner      : No MyBatis mapper was found in '[dev.scframework.starter]' package. Please check your configuration.
#23 92.23 2026-10-06T22:48:23.819Z  INFO [requestId:] 731 --- [sc-starter-app] [           main] [                                                 ] o.s.cloud.context.scope.GenericScope     : BeanFactory id=0f091ad8-cfed-3d81-a903-b9cfedaa6490
#23 92.23 2026-10-06T22:48:23.838Z  INFO [requestId:] 731 --- [sc-starter-app] [           main] [                                                 ] com.zaxxer.hikari.HikariDataSource       : HikariPool-4 - Starting...
#23 92.23 2026-10-06T22:48:23.839Z  INFO [requestId:] 731 --- [sc-starter-app] [           main] [                                                 ] com.zaxxer.hikari.pool.HikariPool        : HikariPool-4 - Added connection conn30: url=jdbc:h2:mem:starter-ops-sc-starter-operations-10261991210182832412 user=SA
#23 92.23 2026-10-06T22:48:23.839Z  INFO [requestId:] 731 --- [sc-starter-app] [           main] [                                                 ] com.zaxxer.hikari.HikariDataSource       : HikariPool-4 - Start completed.
#23 92.23 2026-10-06T22:48:23.840Z  INFO [requestId:] 731 --- [sc-starter-app] [           main] [                                                 ] org.flywaydb.core.FlywayExecutor         : Database: jdbc:h2:mem:starter-ops-sc-starter-operations-10261991210182832412 (H2 2.3)
#23 92.23 2026-10-06T22:48:23.843Z  INFO [requestId:] 731 --- [sc-starter-app] [           main] [                                                 ] o.f.c.i.s.JdbcTableSchemaHistory         : Schema history table "PUBLIC"."flyway_schema_history" does not exist yet
#23 92.23 2026-10-06T22:48:23.843Z  INFO [requestId:] 731 --- [sc-starter-app] [           main] [                                                 ] o.f.core.internal.command.DbValidate     : Successfully validated 3 migrations (execution time 00:00.001s)
#23 92.23 2026-10-06T22:48:23.843Z  INFO [requestId:] 731 --- [sc-starter-app] [           main] [                                                 ] o.f.c.i.s.JdbcTableSchemaHistory         : Creating Schema History table "PUBLIC"."flyway_schema_history" ...
#23 92.23 2026-10-06T22:48:23.846Z  INFO [requestId:] 731 --- [sc-starter-app] [           main] [                                                 ] o.f.core.internal.command.DbMigrate      : Current version of schema "PUBLIC": << Empty Schema >>
#23 92.23 2026-10-06T22:48:23.848Z  INFO [requestId:] 731 --- [sc-starter-app] [           main] [                                                 ] o.f.core.internal.command.DbMigrate      : Migrating schema "PUBLIC" to version "1 - security audit"
#23 92.23 2026-10-06T22:48:23.852Z  INFO [requestId:] 731 --- [sc-starter-app] [           main] [                                                 ] o.f.core.internal.command.DbMigrate      : Migrating schema "PUBLIC" to version "2 - operations messages"
#23 92.23 2026-10-06T22:48:23.861Z  INFO [requestId:] 731 --- [sc-starter-app] [           main] [                                                 ] o.f.core.internal.command.DbMigrate      : Migrating schema "PUBLIC" to version "3 - operations scheduler browser"
#23 92.23 2026-10-06T22:48:23.877Z  INFO [requestId:] 731 --- [sc-starter-app] [           main] [                                                 ] o.f.core.internal.command.DbMigrate      : Successfully applied 3 migrations to schema "PUBLIC", now at version v3 (execution time 00:00.019s)
#23 92.23 2026-10-06T22:48:23.881Z  INFO [requestId:] 731 --- [sc-starter-app] [           main] [                                                 ] o.hibernate.jpa.internal.util.LogHelper  : HHH000204: Processing PersistenceUnitInfo [name: default]
#23 92.23 2026-10-06T22:48:23.882Z  INFO [requestId:] 731 --- [sc-starter-app] [           main] [                                                 ] o.h.c.internal.RegionFactoryInitiator    : HHH000026: Second-level cache disabled
#23 92.23 2026-10-06T22:48:23.884Z  INFO [requestId:] 731 --- [sc-starter-app] [           main] [                                                 ] o.s.o.j.p.SpringPersistenceUnitInfo      : No LoadTimeWeaver setup: ignoring JPA class transformer
#23 92.23 2026-10-06T22:48:23.885Z  INFO [requestId:] 731 --- [sc-starter-app] [           main] [                                                 ] org.hibernate.orm.connections.pooling    : HHH10001005: Database info:
#23 92.23 	Database JDBC URL [Connecting through datasource 'HikariDataSource (HikariPool-4)']
#23 92.23 	Database driver: undefined/unknown
#23 92.23 	Database version: 2.3.232
#23 92.23 	Autocommit mode: undefined/unknown
#23 92.23 	Isolation level: undefined/unknown
#23 92.23 	Minimum pool size: undefined/unknown
#23 92.23 	Maximum pool size: undefined/unknown
#23 92.23 2026-10-06T22:48:23.890Z  INFO [requestId:] 731 --- [sc-starter-app] [           main] [                                                 ] o.h.e.t.j.p.i.JtaPlatformInitiator       : HHH000489: No JTA platform available (set 'hibernate.transaction.jta.platform' to enable JTA platform integration)
#23 92.23 2026-10-06T22:48:23.890Z  INFO [requestId:] 731 --- [sc-starter-app] [           main] [                                                 ] j.LocalContainerEntityManagerFactoryBean : Initialized JPA EntityManagerFactory for persistence unit 'default'
#23 92.43 2026-10-06T22:48:24.009Z  INFO [requestId:] 731 --- [sc-starter-app] [           main] [                                                 ] org.quartz.impl.StdSchedulerFactory      : Using default implementation for ThreadExecutor
#23 92.43 2026-10-06T22:48:24.014Z  INFO [requestId:] 731 --- [sc-starter-app] [           main] [                                                 ] org.quartz.core.SchedulerSignalerImpl    : Initialized Scheduler Signaller of type: class org.quartz.core.SchedulerSignalerImpl
#23 92.43 2026-10-06T22:48:24.014Z  INFO [requestId:] 731 --- [sc-starter-app] [           main] [                                                 ] org.quartz.core.QuartzScheduler          : Quartz Scheduler v2.5.2 created.
#23 92.43 2026-10-06T22:48:24.014Z  INFO [requestId:] 731 --- [sc-starter-app] [           main] [                                                 ] o.s.s.quartz.LocalDataSourceJobStore     : Using db table-based data access locking (synchronization).
#23 92.43 2026-10-06T22:48:24.015Z  INFO [requestId:] 731 --- [sc-starter-app] [           main] [                                                 ] o.s.s.quartz.LocalDataSourceJobStore     : JobStoreCMT initialized.
#23 92.43 2026-10-06T22:48:24.015Z  INFO [requestId:] 731 --- [sc-starter-app] [           main] [                                                 ] org.quartz.core.QuartzScheduler          : Scheduler meta-data: Quartz Scheduler (v2.5.2) 'sc-starter-test-sc-starter-operations-10261991210182832412' with instanceId 'NON_CLUSTERED'
#23 92.43   Scheduler class: 'org.quartz.core.QuartzScheduler' - running locally.
#23 92.43   NOT STARTED.
#23 92.43   Currently in standby mode.
#23 92.43   Number of jobs executed: 0
#23 92.43   Using thread pool 'org.quartz.simpl.SimpleThreadPool' - with 2 threads.
#23 92.43   Using job-store 'org.springframework.scheduling.quartz.LocalDataSourceJobStore' - which supports persistence. and is not clustered.
#23 92.43 
#23 92.43 2026-10-06T22:48:24.015Z  INFO [requestId:] 731 --- [sc-starter-app] [           main] [                                                 ] org.quartz.impl.StdSchedulerFactory      : Quartz scheduler 'sc-starter-test-sc-starter-operations-10261991210182832412' initialized from an externally provided properties instance.
#23 92.43 2026-10-06T22:48:24.015Z  INFO [requestId:] 731 --- [sc-starter-app] [           main] [                                                 ] org.quartz.impl.StdSchedulerFactory      : Quartz scheduler version: 2.5.2
#23 92.43 2026-10-06T22:48:24.015Z  INFO [requestId:] 731 --- [sc-starter-app] [           main] [                                                 ] org.quartz.core.QuartzScheduler          : JobFactory set to: dev.scframework.autoconfigure.ScSchedulerAutoConfiguration$$Lambda/0x000000f001c6b8d8@637d9281
#23 92.43 2026-10-06T22:48:24.067Z  INFO [requestId:] 731 --- [sc-starter-app] [           main] [                                                 ] o.s.b.a.w.s.WelcomePageHandlerMapping    : Adding welcome page: class path resource [static/index.html]
#23 92.54 2026-10-06T22:48:24.139Z  INFO [requestId:] 731 --- [sc-starter-app] [           main] [                                                 ] r$InitializeUserDetailsManagerConfigurer : Global AuthenticationManager configured with UserDetailsService bean with name starterUsers
#23 92.54 2026-10-06T22:48:24.153Z  INFO [requestId:] 731 --- [sc-starter-app] [           main] [                                                 ] o.s.b.a.e.web.EndpointLinksResolver      : Exposing 1 endpoint beneath base path '/actuator'
#23 92.54 2026-10-06T22:48:24.200Z  INFO [requestId:] 731 --- [sc-starter-app] [           main] [                                                 ] o.s.b.t.m.w.SpringBootMockServletContext : Initializing Spring TestDispatcherServlet ''
#23 92.54 2026-10-06T22:48:24.201Z  INFO [requestId:] 731 --- [sc-starter-app] [           main] [                                                 ] o.s.t.web.servlet.TestDispatcherServlet  : Initializing Servlet ''
#23 92.54 2026-10-06T22:48:24.201Z  INFO [requestId:] 731 --- [sc-starter-app] [           main] [                                                 ] o.s.t.web.servlet.TestDispatcherServlet  : Completed initialization in 0 ms
#23 92.56 2026-10-06T22:48:24.219Z  INFO [requestId:] 731 --- [sc-starter-app] [           main] [                                                 ] d.s.s.StarterOperationsIntegrationTest   : Started StarterOperationsIntegrationTest in 0.539 seconds (process running for 4.9)
#23 92.58 2026-10-06T22:48:24.225Z  INFO [requestId:] 731 --- [sc-starter-app] [           main] [                                                 ] org.quartz.core.QuartzScheduler          : Scheduler sc-starter-test-sc-starter-operations-10261991210182832412_$_NON_CLUSTERED paused.
#23 92.60 2026-10-06T22:48:24.244Z  INFO [requestId:] 731 --- [sc-starter-app] [           main] [                                                 ] org.quartz.core.QuartzScheduler          : Scheduler sc-starter-test-sc-starter-operations-10261991210182832412_$_NON_CLUSTERED paused.
#23 92.64 2026-10-06T22:48:24.269Z  INFO [requestId:] 731 --- [sc-starter-app] [           main] [                                                 ] org.quartz.core.QuartzScheduler          : Scheduler sc-starter-test-sc-starter-operations-10261991210182832412_$_NON_CLUSTERED paused.
#23 92.76 2026-10-06T22:48:24.408Z  INFO [requestId:30868a0f-9244-4da5-bba6-b65dcda65380] 731 --- [sc-starter-app] [           main] [                                                 ] o.springdoc.api.AbstractOpenApiResource  : Init duration for springdoc-openapi is: 134 ms
#23 92.78 2026-10-06T22:48:24.429Z  INFO [requestId:] 731 --- [sc-starter-app] [           main] [                                                 ] org.quartz.core.QuartzScheduler          : Scheduler sc-starter-test-sc-starter-operations-10261991210182832412_$_NON_CLUSTERED paused.
#23 92.81 2026-10-06T22:48:24.445Z  INFO [requestId:] 731 --- [sc-starter-app] [           main] [                                                 ] org.quartz.core.QuartzScheduler          : Scheduler sc-starter-test-sc-starter-operations-10261991210182832412_$_NON_CLUSTERED paused.
#23 92.81 [INFO] Tests run: 5, Failures: 0, Errors: 0, Skipped: 0, Time elapsed: 0.796 s -- in dev.scframework.starter.StarterOperationsIntegrationTest
#23 92.85 [INFO] 
#23 92.85 [INFO] Results:
#23 92.85 [INFO] 
#23 92.85 [INFO] Tests run: 13, Failures: 0, Errors: 0, Skipped: 0
#23 92.85 [INFO] 
#23 92.85 [INFO] 
#23 92.85 [INFO] --- jar:3.4.2:jar (default-jar) @ sc-starter-app ---
#23 92.85 [INFO] Building jar: /workspace/backend/starter-app/target/sc-starter-app.jar
#23 92.91 [INFO] 
#23 92.91 [INFO] --- spring-boot:3.5.16:repackage (repackage) @ sc-starter-app ---
#23 93.08 [INFO] Replacing main artifact /workspace/backend/starter-app/target/sc-starter-app.jar with repackaged archive, adding nested dependencies in BOOT-INF/.
#23 93.08 [INFO] The original artifact has been renamed to /workspace/backend/starter-app/target/sc-starter-app.jar.original
#23 93.08 [INFO] ------------------------------------------------------------------------
#23 93.08 [INFO] Reactor Summary for ScFramework backend 0.3.0-SNAPSHOT:
#23 93.08 [INFO] 
#23 93.08 [INFO] ScFramework backend ................................ SUCCESS [  0.226 s]
#23 93.08 [INFO] ScFramework core contracts ......................... SUCCESS [  5.793 s]
#23 93.08 [INFO] ScFramework auto configuration ..................... SUCCESS [  9.862 s]
#23 93.08 [INFO] ScFramework Spring Boot Starter .................... SUCCESS [ 22.813 s]
#23 93.08 [INFO] ScFramework neutral reference app .................. SUCCESS [ 45.465 s]
#23 93.08 [INFO] ScFramework minimal consumer app ................... SUCCESS [  5.859 s]
#23 93.08 [INFO] ------------------------------------------------------------------------
#23 93.08 [INFO] BUILD SUCCESS
#23 93.08 [INFO] ------------------------------------------------------------------------
#23 93.09 [INFO] Total time:  01:32 min
#23 93.09 [INFO] Finished at: 2026-10-06T22:48:24Z
#23 93.09 [INFO] ------------------------------------------------------------------------
#23 DONE 93.2s

#24 [runtime 2/7] RUN apt-get update && apt-get install -y --no-install-recommends gosu curl && rm -rf /var/lib/apt/lists/*
#24 CACHED

#25 [runtime 3/7] WORKDIR /app
#25 CACHED

#26 [runtime 4/7] COPY --from=java-build /workspace/backend/reference-app/target/sc-reference-app.jar /app/application.jar
#26 DONE 0.1s

#27 [runtime 5/7] COPY scripts/docker-entrypoint.sh /app/entrypoint.sh
#27 DONE 0.0s

#28 [runtime 6/7] COPY scripts/clean-env.sh /app/clean-env.sh
#28 DONE 0.0s

#29 [runtime 7/7] RUN chmod 755 /app/entrypoint.sh
#29 DONE 0.1s

#30 exporting to image
#30 exporting layers
#30 exporting layers 1.5s done
#30 exporting manifest sha256:f25a67144ce6c9b2c718e72859dcbf50d44f0779082ea7a8fe9f1230620ddaf5
#30 exporting manifest sha256:f25a67144ce6c9b2c718e72859dcbf50d44f0779082ea7a8fe9f1230620ddaf5 0.0s done
#30 exporting config sha256:8f5f2a7a294665781c50fe91b4aba420a961420d000fb491370f9059c46ea74d done
#30 exporting attestation manifest sha256:a4fd823fc44859117c47dd72280b55684f4eabda3a6e758a3dfbe9f13457d63c done
#30 exporting manifest list sha256:8a5f8a9866c4926879e6670d5017ff5ad6551c293d3db118bea46cbb28c68351 done
#30 naming to docker.io/library/scframework-012-20261007-reference-app:latest done
#30 unpacking to docker.io/library/scframework-012-20261007-reference-app:latest
#30 unpacking to docker.io/library/scframework-012-20261007-reference-app:latest 0.3s done
#30 DONE 1.9s

#31 resolving provenance for metadata file
#31 DONE 0.0s
 Image scframework-012-20261007-reference-app Built 
