npm warn deprecated inflight@1.0.6: This module is not supported, and leaks memory. Do not use it. Check out lru-cache if you want a good and tested way to coalesce async requests by a key value, which is much more comprehensive and powerful.
npm warn deprecated rimraf@2.7.1: Rimraf versions prior to v4 are no longer supported
npm warn deprecated lodash.isequal@4.5.0: This package is deprecated. Use require('node:util').isDeepStrictEqual instead.
npm warn deprecated glob@7.2.3: Old versions of glob are not supported, and contain widely publicized security vulnerabilities, which have been fixed in the current version. Please update. Support for old versions may be purchased (at exorbitant rates) by contacting i@izs.me
npm warn deprecated glob@7.2.3: Old versions of glob are not supported, and contain widely publicized security vulnerabilities, which have been fixed in the current version. Please update. Support for old versions may be purchased (at exorbitant rates) by contacting i@izs.me
npm warn deprecated glob@7.2.3: Old versions of glob are not supported, and contain widely publicized security vulnerabilities, which have been fixed in the current version. Please update. Support for old versions may be purchased (at exorbitant rates) by contacting i@izs.me
npm warn deprecated fstream@1.0.12: This package is no longer supported.
npm warn deprecated vue-i18n@11.1.12: This version is NOT deprecated. Previous deprecation was a mistake.
npm warn deprecated vue-i18n@11.1.12: This version is NOT deprecated. Previous deprecation was a mistake.
npm warn deprecated vue-i18n@11.1.12: This version is NOT deprecated. Previous deprecation was a mistake.
npm warn deprecated vue-i18n@11.1.12: This version is NOT deprecated. Previous deprecation was a mistake.

added 709 packages in 5s

> sc-framework@0.3.0 verify
> npm run format:check && npm run lint && npm run api:check && npm run ui:contracts:check && npm run ui:boundaries:check && npm run visual:manifest:check && npm run typecheck && npm run test:unit && npm run build


> sc-framework@0.3.0 format:check
> prettier --check .

Checking formatting...
All matched files use Prettier code style!

> sc-framework@0.3.0 lint
> eslint frontend scripts --max-warnings 0


> sc-framework@0.3.0 api:check
> node scripts/openapi-types.mjs --check

neutral compatibility: OpenAPI 명세와 생성 타입 일치
reference: OpenAPI 명세와 생성 타입 일치
starter: OpenAPI 명세와 생성 타입 일치

> sc-framework@0.3.0 ui:contracts:check
> node scripts/ui-contracts.mjs --check

공개 UI 25개: imported props/events/slots/default 계약 일치

> sc-framework@0.3.0 ui:boundaries:check
> node scripts/check-ui-boundaries.mjs

공개 UI/소비 앱 경계: import 1425개 확인

> sc-framework@0.3.0 visual:manifest:check
> node scripts/verify-visual-baselines.mjs --profile darwin-chromium

{"result":"verified","profile":"darwin-chromium","images":16,"platform":"darwin","browserVersion":"153.0.8010.12"}

> sc-framework@0.3.0 typecheck
> npm run typecheck --workspace @sc/date && npm run typecheck --workspace @sc/i18n && npm run typecheck --workspace @sc/excel && npm run typecheck --workspace @sc/ui && npm run typecheck --workspace @sc/runtime && npm run typecheck --workspace @sc/reference-app && npm run typecheck --workspace @sc/starter-app && npm run typecheck --workspace @sc/catalog && npm run typecheck:e2e


> @sc/date@0.3.0 typecheck
> tsc --noEmit -p tsconfig.json


> @sc/i18n@0.3.0 typecheck
> vue-tsc --noEmit -p tsconfig.json


> @sc/excel@0.3.0 typecheck
> vue-tsc --noEmit -p tsconfig.json


> @sc/ui@0.3.0 typecheck
> npm run tokens:check && vue-tsc --noEmit -p tsconfig.json


> @sc/ui@0.3.0 tokens:check
> node scripts/generate-tokens.mjs --check

Design token CSS matches tokens.ts.

> @sc/runtime@0.3.0 typecheck
> vue-tsc --noEmit -p tsconfig.json


> @sc/reference-app@0.1.0 typecheck
> vue-tsc --noEmit -p tsconfig.json


> @sc/starter-app@0.1.0 typecheck
> vue-tsc --noEmit -p tsconfig.json


> @sc/catalog@0.1.0 typecheck
> vue-tsc --noEmit -p tsconfig.json


> sc-framework@0.3.0 typecheck:e2e
> tsc --noEmit -p frontend/tsconfig.e2e.json


> sc-framework@0.3.0 test:unit
> vitest run --config vitest.config.ts


 RUN  v4.1.11 /Users/dk/Work/ScFramework


 Test Files  40 passed (40)
      Tests  167 passed (167)
   Start at  01:11:59
   Duration  2.68s (transform 17.85s, setup 0ms, import 27.41s, tests 1.73s, environment 5.47s)


> sc-framework@0.3.0 build
> npm run build --workspace @sc/date && npm run build --workspace @sc/i18n && npm run build --workspace @sc/excel && npm run build --workspace @sc/ui && npm run build --workspace @sc/runtime && npm run build --workspace @sc/reference-app && npm run build --workspace @sc/starter-app


> @sc/date@0.3.0 build
> node ../../../scripts/build-library.mjs .

vite v8.3.1 building client environment for production...
transforming...
✓ 2 modules transformed.
rendering chunks...
computing gzip size...
dist/index.js  5.90 kB │ gzip: 2.45 kB

✓ built in 9ms
@sc/date@0.3.0: compiled ESM/declarations/assets ready

> @sc/i18n@0.3.0 build
> node ../../../scripts/build-library.mjs .

vite v8.3.1 building client environment for production...
transforming...
✓ 3 modules transformed.
rendering chunks...
computing gzip size...
dist/index.js  3.62 kB │ gzip: 1.66 kB

✓ built in 9ms
@sc/i18n@0.3.0: compiled ESM/declarations/assets ready

> @sc/excel@0.3.0 build
> node ../../../scripts/build-library.mjs .

vite v8.3.1 building client environment for production...
transforming...
✓ 2 modules transformed.
rendering chunks...
computing gzip size...
dist/index.js  6.13 kB │ gzip: 2.44 kB

✓ built in 8ms
@sc/excel@0.3.0: compiled ESM/declarations/assets ready

> @sc/ui@0.3.0 build
> node ../../../scripts/build-library.mjs .

Design token CSS matches tokens.ts.
vite v8.3.1 building client environment for production...
transforming...
✓ 109 modules transformed.
rendering chunks...
computing gzip size...
dist/sc-ui.css                                     92.13 kB │ gzip: 38.08 kB
dist/__styles.js                                    0.00 kB │ gzip:  0.02 kB
dist/chunks/_plugin-vue_export-helper-Pzq_nHDg.js   0.98 kB │ gzip:  0.58 kB
dist/chunks/tokens-B2aFT3uv.js                      2.28 kB │ gzip:  1.13 kB
dist/chunks/ScActionButton-19G6p8Ul.js              4.68 kB │ gzip:  1.76 kB
dist/charts.js                                     14.80 kB │ gzip:  4.12 kB
dist/editor.js                                     16.87 kB │ gzip:  5.08 kB
dist/board.js                                      17.71 kB │ gzip:  4.84 kB
dist/image.js                                      18.16 kB │ gzip:  5.30 kB
dist/table.js                                      50.35 kB │ gzip: 10.08 kB
dist/index.js                                      64.29 kB │ gzip: 11.82 kB

✓ built in 186ms
@sc/ui@0.3.0: compiled ESM/declarations/assets ready

> @sc/runtime@0.3.0 build
> node ../../../scripts/build-library.mjs .

vite v8.3.1 building client environment for production...
transforming...
✓ 5 modules transformed.
rendering chunks...
computing gzip size...
dist/index.js  15.28 kB │ gzip: 5.60 kB

✓ built in 9ms
@sc/runtime@0.3.0: compiled ESM/declarations/assets ready

> @sc/reference-app@0.1.0 build
> vue-tsc --noEmit -p tsconfig.json && vite build

vite v8.3.1 building client environment for production...
transforming...
✓ 1930 modules transformed.
rendering chunks...
computing gzip size...
dist/index.html                                   0.56 kB │ gzip:   0.33 kB
dist/assets/useImageFile-aTgwvNKT.css             0.06 kB │ gzip:   0.08 kB
dist/assets/DocumentsPage-CQ1LVRbP.css            0.11 kB │ gzip:   0.11 kB
dist/assets/AdminNavigation-n8Hz1Gim.css          0.13 kB │ gzip:   0.13 kB
dist/assets/BrowserErrorsPage-Be3YUNiI.css        0.15 kB │ gzip:   0.15 kB
dist/assets/MessagesPage-CBrh5c3I.css             0.15 kB │ gzip:   0.15 kB
dist/assets/NoticesPage-BZFyWuWF.css              0.21 kB │ gzip:   0.14 kB
dist/assets/OperationsTable-bJDGxkYJ.css          0.39 kB │ gzip:   0.20 kB
dist/assets/PatternsPage-C9UKReOA.css             0.59 kB │ gzip:   0.29 kB
dist/assets/AdminAuditPage-DpEdsY_D.css           0.62 kB │ gzip:   0.31 kB
dist/assets/RequirementsPage-CpWF-EPa.css         0.83 kB │ gzip:   0.30 kB
dist/assets/RequirementWorkspace-mpLudrVs.css     1.28 kB │ gzip:   0.48 kB
dist/assets/KanbanPage-BafbXoAk.css               1.45 kB │ gzip:   0.48 kB
dist/assets/RequirementReportPage-DskA6Ja3.css    1.90 kB │ gzip:   0.57 kB
dist/assets/DashboardPage-DHaQkRnx.css           11.14 kB │ gzip:   2.21 kB
dist/assets/vue-i18n-Bw7auy6a.css                95.15 kB │ gzip:  13.21 kB
dist/assets/index-DUs7jZvS.css                  282.70 kB │ gzip:  65.20 kB
dist/assets/validation-hl21o1zK.js                0.11 kB │ gzip:   0.11 kB
dist/assets/useDraftGuard-1iMsrvAE.js             0.65 kB │ gzip:   0.40 kB
dist/assets/query-DdwaxQQk.js                     1.31 kB │ gzip:   0.59 kB
dist/assets/filters-BzMMQx0s.js                   3.11 kB │ gzip:   1.41 kB
dist/assets/AccountPage-DbnBhb-T.js               3.37 kB │ gzip:   1.54 kB
dist/assets/AdminNavigation-BIm8Z27t.js           3.38 kB │ gzip:   1.79 kB
dist/assets/AdminUsersPage-Bds3S84e.js            3.92 kB │ gzip:   1.67 kB
dist/assets/RequirementsPage-C70x6vqM.js          4.86 kB │ gzip:   1.98 kB
dist/assets/AdminMenusPage-D_RVO0YJ.js            4.95 kB │ gzip:   2.12 kB
dist/assets/BrowserErrorsPage-L8zOcF7T.js         5.42 kB │ gzip:   2.08 kB
dist/assets/MessagesPage-Bc7hSvNc.js              5.48 kB │ gzip:   2.27 kB
dist/assets/AdminAuditPage-BoU5wbvv.js            5.75 kB │ gzip:   2.25 kB
dist/assets/OperationsTable-D7P9mQ8q.js           8.18 kB │ gzip:   3.56 kB
dist/assets/MediaWorkspacePage-B88skt3g.js       10.77 kB │ gzip:   3.81 kB
dist/assets/SchedulesPage-D-qVou09.js            11.54 kB │ gzip:   3.96 kB
dist/assets/NoticesPage-DxJkktJd.js              11.83 kB │ gzip:   4.51 kB
dist/assets/DocumentsPage-wA79MGyv.js            12.26 kB │ gzip:   4.78 kB
dist/assets/RequirementReportPage-YdFVLMzQ.js    13.59 kB │ gzip:   4.33 kB
dist/assets/PatternsPage-C7j4MPto.js             14.03 kB │ gzip:   5.31 kB
dist/assets/dist-uwG8SpEs.js                     16.09 kB │ gzip:   6.17 kB
dist/assets/DashboardPage-BS0LE64x.js            23.00 kB │ gzip:   8.44 kB
dist/assets/RequirementWorkspace-DGcFCSui.js     29.51 kB │ gzip:   8.40 kB
dist/assets/KanbanPage-COCdC7pd.js              148.77 kB │ gzip:  47.88 kB
dist/assets/useImageFile-DQjKnmlO.js            212.62 kB │ gzip:  66.08 kB
dist/assets/index-Cb_z63Vv.js                   296.39 kB │ gzip:  94.38 kB
dist/assets/editor-B-jExw0-.js                  387.45 kB │ gzip: 122.69 kB
dist/assets/charts-DSqI2MNg.js                  562.99 kB │ gzip: 192.32 kB
dist/assets/vue-i18n-Ds8ND30V.js                574.36 kB │ gzip: 198.04 kB
dist/assets/dist-D53iPBmF.js                    933.03 kB │ gzip: 258.11 kB

✓ built in 849ms
[plugin builtin:vite-reporter] 
(!) Some chunks are larger than 500 kB after minification. Consider:
- Using dynamic import() to code-split the application
- Use build.rolldownOptions.output.codeSplitting to improve chunking: https://rolldown.rs/reference/OutputOptions.codeSplitting
- Adjust chunk size limit for this warning via build.chunkSizeWarningLimit.

> @sc/starter-app@0.1.0 build
> vue-tsc --noEmit -p tsconfig.json && vite build

vite v8.3.1 building client environment for production...
transforming...
✓ 1812 modules transformed.
rendering chunks...
computing gzip size...
dist/index.html                              0.40 kB │ gzip:   0.27 kB
dist/assets/OperationsPage-C4sTkw5z.css      0.43 kB │ gzip:   0.25 kB
dist/assets/PatternsPage-CZr8xi4H.css        0.92 kB │ gzip:   0.40 kB
dist/assets/index-6viAtunR.css             372.06 kB │ gzip:  78.11 kB
dist/assets/OperationsPage-C6FyH7Fv.js      24.43 kB │ gzip:   7.81 kB
dist/assets/dist-B0zMEJMz.js               217.83 kB │ gzip:  65.04 kB
dist/assets/index-B5O2iZhm.js              616.83 kB │ gzip: 209.84 kB
dist/assets/PatternsPage-BKt7ttN2.js     2,219.87 kB │ gzip: 678.65 kB

✓ built in 478ms
[plugin builtin:vite-reporter] 
(!) Some chunks are larger than 500 kB after minification. Consider:
- Using dynamic import() to code-split the application
- Use build.rolldownOptions.output.codeSplitting to improve chunking: https://rolldown.rs/reference/OutputOptions.codeSplitting
- Adjust chunk size limit for this warning via build.chunkSizeWarningLimit.
[INFO] Scanning for projects...
[INFO] ------------------------------------------------------------------------
[INFO] Reactor Build Order:
[INFO] 
[INFO] ScFramework backend                                                [pom]
[INFO] ScFramework core contracts                                         [jar]
[INFO] ScFramework auto configuration                                     [jar]
[INFO] ScFramework Spring Boot Starter                                    [jar]
[INFO] ScFramework neutral reference app                                  [jar]
[INFO] ScFramework minimal consumer app                                   [jar]
[INFO] 
[INFO] ----------------< dev.scframework:sc-framework-parent >-----------------
[INFO] Building ScFramework backend 0.3.0-SNAPSHOT                        [1/6]
[INFO]   from pom.xml
[INFO] --------------------------------[ pom ]---------------------------------
[INFO] 
[INFO] --- clean:3.4.1:clean (default-clean) @ sc-framework-parent ---
[INFO] 
[INFO] -------------------< dev.scframework:framework-core >-------------------
[INFO] Building ScFramework core contracts 0.3.0-SNAPSHOT                 [2/6]
[INFO]   from framework-core/pom.xml
[INFO] --------------------------------[ jar ]---------------------------------
[INFO] 
[INFO] --- clean:3.4.1:clean (default-clean) @ framework-core ---
[INFO] Deleting /Users/dk/Work/ScFramework/backend/framework-core/target
[INFO] 
[INFO] --- resources:3.3.1:resources (default-resources) @ framework-core ---
[INFO] skip non existing resourceDirectory /Users/dk/Work/ScFramework/backend/framework-core/src/main/resources
[INFO] skip non existing resourceDirectory /Users/dk/Work/ScFramework/backend/framework-core/src/main/resources
[INFO] 
[INFO] --- compiler:3.14.1:compile (default-compile) @ framework-core ---
[INFO] Recompiling the module because of changed source code.
[INFO] Compiling 18 source files with javac [debug parameters release 21] to target/classes
[INFO] 
[INFO] --- resources:3.3.1:testResources (default-testResources) @ framework-core ---
[INFO] skip non existing resourceDirectory /Users/dk/Work/ScFramework/backend/framework-core/src/test/resources
[INFO] 
[INFO] --- compiler:3.14.1:testCompile (default-testCompile) @ framework-core ---
[INFO] Recompiling the module because of changed dependency.
[INFO] Compiling 2 source files with javac [debug parameters release 21] to target/test-classes
[INFO] 
[INFO] --- surefire:3.5.6:test (default-test) @ framework-core ---
[INFO] Using auto detected provider org.apache.maven.surefire.junitplatform.JUnitPlatformProvider
[INFO] 
[INFO] -------------------------------------------------------
[INFO]  T E S T S
[INFO] -------------------------------------------------------
[INFO] Running dev.scframework.core.ApiErrorTest
[INFO] Tests run: 1, Failures: 0, Errors: 0, Skipped: 0, Time elapsed: 0.018 s -- in dev.scframework.core.ApiErrorTest
[INFO] Running dev.scframework.core.audit.SecurityAuditEventTest
[INFO] Tests run: 2, Failures: 0, Errors: 0, Skipped: 0, Time elapsed: 0.004 s -- in dev.scframework.core.audit.SecurityAuditEventTest
[INFO] 
[INFO] Results:
[INFO] 
[INFO] Tests run: 3, Failures: 0, Errors: 0, Skipped: 0
[INFO] 
[INFO] 
[INFO] --- jar:3.4.2:jar (default-jar) @ framework-core ---
[INFO] Building jar: /Users/dk/Work/ScFramework/backend/framework-core/target/framework-core-0.3.0-SNAPSHOT.jar
[INFO] 
[INFO] --------------< dev.scframework:framework-autoconfigure >---------------
[INFO] Building ScFramework auto configuration 0.3.0-SNAPSHOT             [3/6]
[INFO]   from framework-autoconfigure/pom.xml
[INFO] --------------------------------[ jar ]---------------------------------
[INFO] 
[INFO] --- clean:3.4.1:clean (default-clean) @ framework-autoconfigure ---
[INFO] Deleting /Users/dk/Work/ScFramework/backend/framework-autoconfigure/target
[INFO] 
[INFO] --- resources:3.3.1:resources (default-resources) @ framework-autoconfigure ---
[INFO] Copying 0 resource from src/main/resources to target/classes
[INFO] Copying 2 resources from src/main/resources to target/classes
[INFO] 
[INFO] --- compiler:3.14.1:compile (default-compile) @ framework-autoconfigure ---
[INFO] Recompiling the module because of changed dependency.
[INFO] Compiling 64 source files with javac [debug parameters release 21] to target/classes
[INFO] /Users/dk/Work/ScFramework/backend/framework-autoconfigure/src/main/java/dev/scframework/autoconfigure/ScOpenApiAutoConfiguration.java: /Users/dk/Work/ScFramework/backend/framework-autoconfigure/src/main/java/dev/scframework/autoconfigure/ScOpenApiAutoConfiguration.java uses unchecked or unsafe operations.
[INFO] /Users/dk/Work/ScFramework/backend/framework-autoconfigure/src/main/java/dev/scframework/autoconfigure/ScOpenApiAutoConfiguration.java: Recompile with -Xlint:unchecked for details.
[INFO] 
[INFO] --- resources:3.3.1:testResources (default-testResources) @ framework-autoconfigure ---
[INFO] skip non existing resourceDirectory /Users/dk/Work/ScFramework/backend/framework-autoconfigure/src/test/resources
[INFO] 
[INFO] --- compiler:3.14.1:testCompile (default-testCompile) @ framework-autoconfigure ---
[INFO] Recompiling the module because of changed dependency.
[INFO] Compiling 20 source files with javac [debug parameters release 21] to target/test-classes
[INFO] 
[INFO] --- surefire:3.5.6:test (default-test) @ framework-autoconfigure ---
[INFO] Using auto detected provider org.apache.maven.surefire.junitplatform.JUnitPlatformProvider
[INFO] 
[INFO] -------------------------------------------------------
[INFO]  T E S T S
[INFO] -------------------------------------------------------
[INFO] Running dev.scframework.autoconfigure.RequestIdFilterTest
[INFO] Tests run: 2, Failures: 0, Errors: 0, Skipped: 0, Time elapsed: 0.076 s -- in dev.scframework.autoconfigure.RequestIdFilterTest
[INFO] Running dev.scframework.autoconfigure.SecurityAuditTransactionTest
01:12:24.237 [main] WARN dev.scframework.autoconfigure.audit.AuditWriteDiagnostics -- Security audit write failed; reasonCode=AUDIT_SINK_FAILURE
[INFO] Tests run: 3, Failures: 0, Errors: 0, Skipped: 0, Time elapsed: 0.125 s -- in dev.scframework.autoconfigure.SecurityAuditTransactionTest
[INFO] Running dev.scframework.autoconfigure.SafeSpanExporterTest
[INFO] Tests run: 2, Failures: 0, Errors: 0, Skipped: 0, Time elapsed: 0.015 s -- in dev.scframework.autoconfigure.SafeSpanExporterTest
[INFO] Running dev.scframework.autoconfigure.MessageCrashBoundaryTest
[WARNING] Tests run: 2, Failures: 0, Errors: 0, Skipped: 2, Time elapsed: 0 s -- in dev.scframework.autoconfigure.MessageCrashBoundaryTest
[INFO] Running dev.scframework.autoconfigure.FeignConsumerConfigurationTest
[INFO] Tests run: 2, Failures: 0, Errors: 0, Skipped: 0, Time elapsed: 0.101 s -- in dev.scframework.autoconfigure.FeignConsumerConfigurationTest
[INFO] Running dev.scframework.autoconfigure.SecurityOverrideTest
Mockito is currently self-attaching to enable the inline-mock-maker. This will no longer work in future releases of the JDK. Please add Mockito as an agent to your build as described in Mockito's documentation: https://javadoc.io/doc/org.mockito/mockito-core/latest/org.mockito/org/mockito/Mockito.html#0.3
WARNING: A Java agent has been loaded dynamically (/Users/dk/.m2/repository/net/bytebuddy/byte-buddy-agent/1.17.8/byte-buddy-agent-1.17.8.jar)
WARNING: If a serviceability tool is in use, please run with -XX:+EnableDynamicAgentLoading to hide this warning
WARNING: If a serviceability tool is not in use, please run with -Djdk.instrument.traceUsage for more information
WARNING: Dynamic loading of agents will be disallowed by default in a future release
OpenJDK 64-Bit Server VM warning: Sharing is only supported for boot loader classes because bootstrap classpath has been appended
01:12:25.058 [main] WARN org.springframework.boot.web.servlet.context.AnnotationConfigServletWebApplicationContext -- Exception encountered during context initialization - cancelling refresh attempt: org.springframework.beans.factory.BeanCreationException: Error creating bean with name 'scRequiredUserDetailsService' defined in dev.scframework.autoconfigure.ScSecurityAutoConfiguration: Failed to instantiate [org.springframework.security.core.userdetails.UserDetailsService]: Factory method 'scRequiredUserDetailsService' threw exception with message: Supply a UserDetailsService; generated/default passwords are disabled
[INFO] Tests run: 2, Failures: 0, Errors: 0, Skipped: 0, Time elapsed: 0.656 s -- in dev.scframework.autoconfigure.SecurityOverrideTest
[INFO] Running dev.scframework.autoconfigure.SafeOperationalEventSinkTest
[INFO] Tests run: 3, Failures: 0, Errors: 0, Skipped: 0, Time elapsed: 0.057 s -- in dev.scframework.autoconfigure.SafeOperationalEventSinkTest
[INFO] Running dev.scframework.autoconfigure.operations.RuntimeMaintenanceLockTest
[INFO] Tests run: 1, Failures: 0, Errors: 0, Skipped: 0, Time elapsed: 0.044 s -- in dev.scframework.autoconfigure.operations.RuntimeMaintenanceLockTest
[INFO] Running dev.scframework.autoconfigure.storage.StorageRecoveryTest
[INFO] Tests run: 3, Failures: 0, Errors: 0, Skipped: 0, Time elapsed: 0.050 s -- in dev.scframework.autoconfigure.storage.StorageRecoveryTest
[INFO] Running dev.scframework.autoconfigure.audit.DurableAuditPublisherTest
01:12:25.257 [main] WARN dev.scframework.autoconfigure.audit.AuditWriteDiagnostics -- Security audit write failed; reasonCode=AUDIT_SINK_FAILURE
[INFO] Tests run: 2, Failures: 0, Errors: 0, Skipped: 0, Time elapsed: 0.042 s -- in dev.scframework.autoconfigure.audit.DurableAuditPublisherTest
[INFO] Running dev.scframework.autoconfigure.AuditAutoConfigurationTest
01:12:25.347 [main] WARN org.springframework.context.annotation.AnnotationConfigApplicationContext -- Exception encountered during context initialization - cancelling refresh attempt: org.springframework.beans.factory.UnsatisfiedDependencyException: Error creating bean with name 'scSecurityAuditPublisher' defined in dev.scframework.autoconfigure.ScAuditAutoConfiguration: Unsatisfied dependency expressed through method 'scSecurityAuditPublisher' parameter 0: No qualifying bean of type 'dev.scframework.core.audit.SecurityAuditSink' available: expected at least 1 bean which qualifies as autowire candidate. Dependency annotations: {}
[INFO] Tests run: 4, Failures: 0, Errors: 0, Skipped: 0, Time elapsed: 0.135 s -- in dev.scframework.autoconfigure.AuditAutoConfigurationTest
[INFO] Running dev.scframework.autoconfigure.HealthReadinessTest
[INFO] Tests run: 1, Failures: 0, Errors: 0, Skipped: 0, Time elapsed: 0.024 s -- in dev.scframework.autoconfigure.HealthReadinessTest
[INFO] Running dev.scframework.autoconfigure.ScOptionalInfrastructureFilterTest
[INFO] Tests run: 2, Failures: 0, Errors: 0, Skipped: 0, Time elapsed: 0.003 s -- in dev.scframework.autoconfigure.ScOptionalInfrastructureFilterTest
[INFO] Running dev.scframework.autoconfigure.QuerydslAutoConfigurationTest
[INFO] Tests run: 4, Failures: 0, Errors: 0, Skipped: 0, Time elapsed: 0.072 s -- in dev.scframework.autoconfigure.QuerydslAutoConfigurationTest
[INFO] Running dev.scframework.autoconfigure.SecretFileUsersTest
[INFO] Tests run: 2, Failures: 0, Errors: 0, Skipped: 0, Time elapsed: 0.122 s -- in dev.scframework.autoconfigure.SecretFileUsersTest
[INFO] Running dev.scframework.autoconfigure.messaging.DurableMessagingTest
01:12:25.717 [main] WARN dev.scframework.autoconfigure.messaging.MessageDiagnostics -- Operational message failure; reasonCode=MESSAGE_OPERATION_FAILURE
01:12:25.719 [main] WARN dev.scframework.autoconfigure.messaging.MessageDiagnostics -- Operational message failure; reasonCode=MESSAGE_OPERATION_FAILURE
01:12:25.721 [main] WARN dev.scframework.autoconfigure.messaging.MessageDiagnostics -- Operational message failure; reasonCode=MESSAGE_OPERATION_FAILURE
01:12:25.722 [main] WARN dev.scframework.autoconfigure.messaging.MessageDiagnostics -- Operational message failure; reasonCode=MESSAGE_OPERATION_FAILURE
01:12:25.724 [main] WARN dev.scframework.autoconfigure.messaging.MessageDiagnostics -- Operational message failure; reasonCode=MESSAGE_OPERATION_FAILURE
01:12:25.735 [main] WARN dev.scframework.autoconfigure.messaging.MessageDiagnostics -- Operational message failure; reasonCode=MESSAGE_OPERATION_FAILURE
[INFO] Tests run: 6, Failures: 0, Errors: 0, Skipped: 0, Time elapsed: 0.119 s -- in dev.scframework.autoconfigure.messaging.DurableMessagingTest
[INFO] Running dev.scframework.autoconfigure.messaging.RabbitDurableIntegrationTest
[WARNING] Tests run: 1, Failures: 0, Errors: 0, Skipped: 1, Time elapsed: 0 s -- in dev.scframework.autoconfigure.messaging.RabbitDurableIntegrationTest
[INFO] Running dev.scframework.autoconfigure.RegisteredTaskRegistryTest
[INFO] Tests run: 2, Failures: 0, Errors: 0, Skipped: 0, Time elapsed: 0.002 s -- in dev.scframework.autoconfigure.RegisteredTaskRegistryTest
[INFO] Running dev.scframework.autoconfigure.FileStorageTest
01:12:25.750 [main] WARN dev.scframework.autoconfigure.storage.FileStorageTransactions -- File storage cleanup failed; operational counter incremented
[INFO] Tests run: 7, Failures: 0, Errors: 0, Skipped: 0, Time elapsed: 0.027 s -- in dev.scframework.autoconfigure.FileStorageTest
[INFO] Running dev.scframework.autoconfigure.BrowserErrorBoundaryTest
[INFO] Tests run: 4, Failures: 0, Errors: 0, Skipped: 0, Time elapsed: 0.051 s -- in dev.scframework.autoconfigure.BrowserErrorBoundaryTest
[INFO] 
[INFO] Results:
[INFO] 
[INFO] Tests run: 55, Failures: 0, Errors: 0, Skipped: 3
[INFO] 
[INFO] 
[INFO] --- jar:3.4.2:jar (default-jar) @ framework-autoconfigure ---
[INFO] Building jar: /Users/dk/Work/ScFramework/backend/framework-autoconfigure/target/framework-autoconfigure-0.3.0-SNAPSHOT.jar
[INFO] 
[INFO] -----------< dev.scframework:framework-spring-boot-starter >------------
[INFO] Building ScFramework Spring Boot Starter 0.3.0-SNAPSHOT            [4/6]
[INFO]   from framework-spring-boot-starter/pom.xml
[INFO] --------------------------------[ jar ]---------------------------------
[INFO] 
[INFO] --- clean:3.4.1:clean (default-clean) @ framework-spring-boot-starter ---
[INFO] Deleting /Users/dk/Work/ScFramework/backend/framework-spring-boot-starter/target
[INFO] 
[INFO] --- resources:3.3.1:resources (default-resources) @ framework-spring-boot-starter ---
[INFO] skip non existing resourceDirectory /Users/dk/Work/ScFramework/backend/framework-spring-boot-starter/src/main/resources
[INFO] skip non existing resourceDirectory /Users/dk/Work/ScFramework/backend/framework-spring-boot-starter/src/main/resources
[INFO] 
[INFO] --- compiler:3.14.1:compile (default-compile) @ framework-spring-boot-starter ---
[INFO] No sources to compile
[INFO] 
[INFO] --- resources:3.3.1:testResources (default-testResources) @ framework-spring-boot-starter ---
[INFO] skip non existing resourceDirectory /Users/dk/Work/ScFramework/backend/framework-spring-boot-starter/src/test/resources
[INFO] 
[INFO] --- compiler:3.14.1:testCompile (default-testCompile) @ framework-spring-boot-starter ---
[INFO] No sources to compile
[INFO] 
[INFO] --- surefire:3.5.6:test (default-test) @ framework-spring-boot-starter ---
[INFO] No tests to run.
[INFO] 
[INFO] --- jar:3.4.2:jar (default-jar) @ framework-spring-boot-starter ---
[WARNING] JAR will be empty - no content was marked for inclusion!
[INFO] Building jar: /Users/dk/Work/ScFramework/backend/framework-spring-boot-starter/target/framework-spring-boot-starter-0.3.0-SNAPSHOT.jar
[INFO] 
[INFO] ------------------< dev.scframework:sc-reference-app >------------------
[INFO] Building ScFramework neutral reference app 0.3.0-SNAPSHOT          [5/6]
[INFO]   from reference-app/pom.xml
[INFO] --------------------------------[ jar ]---------------------------------
[INFO] 
[INFO] --- clean:3.4.1:clean (default-clean) @ sc-reference-app ---
[INFO] Deleting /Users/dk/Work/ScFramework/backend/reference-app/target
[INFO] 
[INFO] --- resources:3.3.1:resources (default-resources) @ sc-reference-app ---
[INFO] Copying 11 resources from src/main/resources to target/classes
[INFO] Copying 46 resources from ../../frontend/apps/reference-app/dist to target/classes/static
[INFO] 
[INFO] --- compiler:3.14.1:compile (default-compile) @ sc-reference-app ---
[INFO] Recompiling the module because of changed dependency.
[INFO] Compiling 88 source files with javac [debug parameters release 21] to target/classes
[INFO] /Users/dk/Work/ScFramework/backend/reference-app/src/main/java/dev/scframework/reference/documents/DocumentGrammar.java: /Users/dk/Work/ScFramework/backend/reference-app/src/main/java/dev/scframework/reference/documents/DocumentGrammar.java uses or overrides a deprecated API.
[INFO] /Users/dk/Work/ScFramework/backend/reference-app/src/main/java/dev/scframework/reference/documents/DocumentGrammar.java: Recompile with -Xlint:deprecation for details.
[INFO] 
[INFO] --- resources:3.3.1:testResources (default-testResources) @ sc-reference-app ---
[INFO] Copying 1 resource from src/test/resources to target/test-classes
[INFO] 
[INFO] --- compiler:3.14.1:testCompile (default-testCompile) @ sc-reference-app ---
[INFO] Recompiling the module because of changed dependency.
[INFO] Compiling 21 source files with javac [debug parameters release 21] to target/test-classes
[INFO] 
[INFO] --- surefire:3.5.6:test (default-test) @ sc-reference-app ---
[INFO] Using auto detected provider org.apache.maven.surefire.junitplatform.JUnitPlatformProvider
[INFO] 
[INFO] -------------------------------------------------------
[INFO]  T E S T S
[INFO] -------------------------------------------------------
[INFO] Running dev.scframework.reference.H2PersistenceTest
01:12:28.730 [main] INFO org.flywaydb.core.FlywayExecutor -- Database: jdbc:h2:file:/var/folders/8k/rv4bxj0115g929lrxwybv_r80000gn/T/junit-17554194597545119132/isolated-reference (H2 2.3)
01:12:28.746 [main] INFO org.flywaydb.core.internal.schemahistory.JdbcTableSchemaHistory -- Schema history table "PUBLIC"."flyway_schema_history" does not exist yet
01:12:28.747 [main] INFO org.flywaydb.core.internal.command.DbValidate -- Successfully validated 5 migrations (execution time 00:00.007s)
01:12:28.755 [main] INFO org.flywaydb.core.internal.schemahistory.JdbcTableSchemaHistory -- Creating Schema History table "PUBLIC"."flyway_schema_history" ...
01:12:28.775 [main] INFO org.flywaydb.core.internal.command.DbMigrate -- Current version of schema "PUBLIC": << Empty Schema >>
01:12:28.778 [main] INFO org.flywaydb.core.internal.command.DbMigrate -- Migrating schema "PUBLIC" to version "1 - example baseline"
01:12:28.786 [main] INFO org.flywaydb.core.internal.command.DbMigrate -- Migrating schema "PUBLIC" to version "2 - requirements baseline"
01:12:28.798 [main] INFO org.flywaydb.core.internal.command.DbMigrate -- Migrating schema "PUBLIC" to version "3 - security audit"
01:12:28.804 [main] INFO org.flywaydb.core.internal.command.DbMigrate -- Successfully applied 3 migrations to schema "PUBLIC", now at version v3 (execution time 00:00.012s)
01:12:28.863 [main] INFO org.flywaydb.core.FlywayExecutor -- Database: jdbc:h2:file:/var/folders/8k/rv4bxj0115g929lrxwybv_r80000gn/T/junit-17554194597545119132/isolated-reference (H2 2.3)
01:12:28.867 [main] INFO org.flywaydb.core.internal.command.DbValidate -- Successfully validated 5 migrations (execution time 00:00.002s)
01:12:28.868 [main] INFO org.flywaydb.core.internal.command.DbMigrate -- Current version of schema "PUBLIC": 3
01:12:28.871 [main] INFO org.flywaydb.core.internal.command.DbMigrate -- Migrating schema "PUBLIC" to version "4 - media and files"
01:12:28.882 [main] INFO org.flywaydb.core.internal.command.DbMigrate -- Migrating schema "PUBLIC" to version "5 - kanban and documents"
01:12:28.888 [main] INFO org.flywaydb.core.internal.command.DbMigrate -- Successfully applied 2 migrations to schema "PUBLIC", now at version v5 (execution time 00:00.012s)
01:12:28.923 [main] INFO org.flywaydb.core.internal.command.DbValidate -- Successfully validated 5 migrations (execution time 00:00.002s)
01:12:28.924 [main] INFO org.flywaydb.core.internal.command.DbMigrate -- Current version of schema "PUBLIC": 5
01:12:28.924 [main] INFO org.flywaydb.core.internal.command.DbMigrate -- Schema "PUBLIC" is up to date. No migration necessary.
[INFO] Tests run: 1, Failures: 0, Errors: 0, Skipped: 0, Time elapsed: 0.451 s -- in dev.scframework.reference.H2PersistenceTest
[INFO] Running dev.scframework.reference.identity.PasswordIntegrationTest
01:12:28.993 [main] INFO org.springframework.test.context.support.AnnotationConfigContextLoaderUtils -- Could not detect default configuration classes for test class [dev.scframework.reference.identity.PasswordIntegrationTest]: PasswordIntegrationTest does not declare any static, non-private, non-final, nested classes annotated with @Configuration.
01:12:29.046 [main] INFO org.springframework.boot.test.context.SpringBootTestContextBootstrapper -- Found @SpringBootConfiguration dev.scframework.reference.ReferenceApplication for test class dev.scframework.reference.identity.PasswordIntegrationTest

  .   ____          _            __ _ _
 /\\ / ___'_ __ _ _(_)_ __  __ _ \ \ \ \
( ( )\___ | '_ | '_| | '_ \/ _` | \ \ \ \
 \\/  ___)| |_)| | | | | || (_| |  ) ) ) )
  '  |____| .__|_| |_|_| |_\__, | / / / /
 =========|_|==============|___/=/_/_/_/

 :: Spring Boot ::               (v3.5.16)

2026-10-09T01:12:29.289+09:00  INFO [requestId:] 36459 --- [sc-reference-app] [           main] [                                                 ] d.s.r.identity.PasswordIntegrationTest   : Starting PasswordIntegrationTest using Java 21.0.11 with PID 36459 (started by dk in /Users/dk/Work/ScFramework/backend/reference-app)
2026-10-09T01:12:29.291+09:00  INFO [requestId:] 36459 --- [sc-reference-app] [           main] [                                                 ] d.s.r.identity.PasswordIntegrationTest   : No active profile set, falling back to 1 default profile: "default"
2026-10-09T01:12:29.720+09:00  INFO [requestId:] 36459 --- [sc-reference-app] [           main] [                                                 ] .s.d.r.c.RepositoryConfigurationDelegate : Bootstrapping Spring Data JPA repositories in DEFAULT mode.
2026-10-09T01:12:29.787+09:00  INFO [requestId:] 36459 --- [sc-reference-app] [           main] [                                                 ] .s.d.r.c.RepositoryConfigurationDelegate : Finished Spring Data repository scanning in 62 ms. Found 18 JPA repository interfaces.
2026-10-09T01:12:29.850+09:00  INFO [requestId:] 36459 --- [sc-reference-app] [           main] [                                                 ] o.s.cloud.context.scope.GenericScope     : BeanFactory id=3e743ba2-ddd6-34c9-a3a8-83543fd54d09
2026-10-09T01:12:29.957+09:00  INFO [requestId:] 36459 --- [sc-reference-app] [           main] [                                                 ] com.zaxxer.hikari.HikariDataSource       : HikariPool-1 - Starting...
2026-10-09T01:12:29.961+09:00  INFO [requestId:] 36459 --- [sc-reference-app] [           main] [                                                 ] com.zaxxer.hikari.pool.HikariPool        : HikariPool-1 - Added connection conn8: url=jdbc:h2:mem:password-sc-password-010-1712328923742017339 user=SA
2026-10-09T01:12:29.961+09:00  INFO [requestId:] 36459 --- [sc-reference-app] [           main] [                                                 ] com.zaxxer.hikari.HikariDataSource       : HikariPool-1 - Start completed.
2026-10-09T01:12:29.966+09:00  INFO [requestId:] 36459 --- [sc-reference-app] [           main] [                                                 ] org.flywaydb.core.FlywayExecutor         : Database: jdbc:h2:mem:password-sc-password-010-1712328923742017339 (H2 2.3)
2026-10-09T01:12:29.968+09:00  INFO [requestId:] 36459 --- [sc-reference-app] [           main] [                                                 ] o.f.c.i.s.JdbcTableSchemaHistory         : Schema history table "PUBLIC"."flyway_schema_history" does not exist yet
2026-10-09T01:12:29.968+09:00  INFO [requestId:] 36459 --- [sc-reference-app] [           main] [                                                 ] o.f.core.internal.command.DbValidate     : Successfully validated 5 migrations (execution time 00:00.001s)
2026-10-09T01:12:29.969+09:00  INFO [requestId:] 36459 --- [sc-reference-app] [           main] [                                                 ] o.f.c.i.s.JdbcTableSchemaHistory         : Creating Schema History table "PUBLIC"."flyway_schema_history" ...
2026-10-09T01:12:29.971+09:00  INFO [requestId:] 36459 --- [sc-reference-app] [           main] [                                                 ] o.f.core.internal.command.DbMigrate      : Current version of schema "PUBLIC": << Empty Schema >>
2026-10-09T01:12:29.972+09:00  INFO [requestId:] 36459 --- [sc-reference-app] [           main] [                                                 ] o.f.core.internal.command.DbMigrate      : Migrating schema "PUBLIC" to version "1 - example baseline"
2026-10-09T01:12:29.979+09:00  INFO [requestId:] 36459 --- [sc-reference-app] [           main] [                                                 ] o.f.core.internal.command.DbMigrate      : Migrating schema "PUBLIC" to version "2 - requirements baseline"
2026-10-09T01:12:29.984+09:00  INFO [requestId:] 36459 --- [sc-reference-app] [           main] [                                                 ] o.f.core.internal.command.DbMigrate      : Migrating schema "PUBLIC" to version "3 - security audit"
2026-10-09T01:12:29.988+09:00  INFO [requestId:] 36459 --- [sc-reference-app] [           main] [                                                 ] o.f.core.internal.command.DbMigrate      : Migrating schema "PUBLIC" to version "4 - media and files"
2026-10-09T01:12:29.993+09:00  INFO [requestId:] 36459 --- [sc-reference-app] [           main] [                                                 ] o.f.core.internal.command.DbMigrate      : Migrating schema "PUBLIC" to version "5 - kanban and documents"
2026-10-09T01:12:29.997+09:00  INFO [requestId:] 36459 --- [sc-reference-app] [           main] [                                                 ] o.f.core.internal.command.DbMigrate      : Successfully applied 5 migrations to schema "PUBLIC", now at version v5 (execution time 00:00.009s)
2026-10-09T01:12:30.034+09:00  INFO [requestId:] 36459 --- [sc-reference-app] [           main] [                                                 ] o.hibernate.jpa.internal.util.LogHelper  : HHH000204: Processing PersistenceUnitInfo [name: default]
2026-10-09T01:12:30.065+09:00  INFO [requestId:] 36459 --- [sc-reference-app] [           main] [                                                 ] org.hibernate.Version                    : HHH000412: Hibernate ORM core version 6.6.53.Final
2026-10-09T01:12:30.080+09:00  INFO [requestId:] 36459 --- [sc-reference-app] [           main] [                                                 ] o.h.c.internal.RegionFactoryInitiator    : HHH000026: Second-level cache disabled
2026-10-09T01:12:30.179+09:00  INFO [requestId:] 36459 --- [sc-reference-app] [           main] [                                                 ] o.s.o.j.p.SpringPersistenceUnitInfo      : No LoadTimeWeaver setup: ignoring JPA class transformer
2026-10-09T01:12:30.208+09:00  INFO [requestId:] 36459 --- [sc-reference-app] [           main] [                                                 ] org.hibernate.orm.connections.pooling    : HHH10001005: Database info:
	Database JDBC URL [Connecting through datasource 'HikariDataSource (HikariPool-1)']
	Database driver: undefined/unknown
	Database version: 2.3.232
	Autocommit mode: undefined/unknown
	Isolation level: undefined/unknown
	Minimum pool size: undefined/unknown
	Maximum pool size: undefined/unknown
2026-10-09T01:12:30.600+09:00  INFO [requestId:] 36459 --- [sc-reference-app] [           main] [                                                 ] o.h.e.t.j.p.i.JtaPlatformInitiator       : HHH000489: No JTA platform available (set 'hibernate.transaction.jta.platform' to enable JTA platform integration)
2026-10-09T01:12:30.609+09:00  INFO [requestId:] 36459 --- [sc-reference-app] [           main] [                                                 ] j.LocalContainerEntityManagerFactoryBean : Initialized JPA EntityManagerFactory for persistence unit 'default'
2026-10-09T01:12:30.696+09:00  INFO [requestId:] 36459 --- [sc-reference-app] [           main] [                                                 ] o.s.d.j.r.query.QueryEnhancerFactory     : Hibernate is in classpath; If applicable, HQL parser will be used.
2026-10-09T01:12:31.229+09:00  INFO [requestId:] 36459 --- [sc-reference-app] [           main] [                                                 ] o.s.b.a.w.s.WelcomePageHandlerMapping    : Adding welcome page: class path resource [static/index.html]
2026-10-09T01:12:31.344+09:00  INFO [requestId:] 36459 --- [sc-reference-app] [           main] [                                                 ] r$InitializeUserDetailsManagerConfigurer : Global AuthenticationManager configured with UserDetailsService bean with name referenceUsers
2026-10-09T01:12:31.409+09:00  INFO [requestId:] 36459 --- [sc-reference-app] [           main] [                                                 ] o.s.b.a.e.web.EndpointLinksResolver      : Exposing 1 endpoint beneath base path '/actuator'
2026-10-09T01:12:31.508+09:00  INFO [requestId:] 36459 --- [sc-reference-app] [           main] [                                                 ] o.s.b.t.m.w.SpringBootMockServletContext : Initializing Spring TestDispatcherServlet ''
2026-10-09T01:12:31.508+09:00  INFO [requestId:] 36459 --- [sc-reference-app] [           main] [                                                 ] o.s.t.web.servlet.TestDispatcherServlet  : Initializing Servlet ''
2026-10-09T01:12:31.508+09:00  INFO [requestId:] 36459 --- [sc-reference-app] [           main] [                                                 ] o.s.t.web.servlet.TestDispatcherServlet  : Completed initialization in 0 ms
2026-10-09T01:12:31.545+09:00  INFO [requestId:] 36459 --- [sc-reference-app] [           main] [                                                 ] d.s.r.identity.PasswordIntegrationTest   : Started PasswordIntegrationTest in 2.408 seconds (process running for 3.279)
Mockito is currently self-attaching to enable the inline-mock-maker. This will no longer work in future releases of the JDK. Please add Mockito as an agent to your build as described in Mockito's documentation: https://javadoc.io/doc/org.mockito/mockito-core/latest/org.mockito/org/mockito/Mockito.html#0.3
OpenJDK 64-Bit Server VM warning: Sharing is only supported for boot loader classes because bootstrap classpath has been appended
WARNING: A Java agent has been loaded dynamically (/Users/dk/.m2/repository/net/bytebuddy/byte-buddy-agent/1.17.8/byte-buddy-agent-1.17.8.jar)
WARNING: If a serviceability tool is in use, please run with -XX:+EnableDynamicAgentLoading to hide this warning
WARNING: If a serviceability tool is not in use, please run with -Djdk.instrument.traceUsage for more information
WARNING: Dynamic loading of agents will be disallowed by default in a future release
2026-10-09T01:12:33.006+09:00  INFO [requestId:] 36459 --- [sc-reference-app] [           main] [                                                 ] j.LocalContainerEntityManagerFactoryBean : Closing JPA EntityManagerFactory for persistence unit 'default'
2026-10-09T01:12:33.007+09:00  INFO [requestId:] 36459 --- [sc-reference-app] [           main] [                                                 ] com.zaxxer.hikari.HikariDataSource       : HikariPool-1 - Shutdown initiated...
2026-10-09T01:12:33.008+09:00  INFO [requestId:] 36459 --- [sc-reference-app] [           main] [                                                 ] com.zaxxer.hikari.HikariDataSource       : HikariPool-1 - Shutdown completed.
[INFO] Tests run: 3, Failures: 0, Errors: 0, Skipped: 0, Time elapsed: 4.043 s -- in dev.scframework.reference.identity.PasswordIntegrationTest
[INFO] Running dev.scframework.reference.requirements.RequirementIntegrationTest
2026-10-09T01:12:33.018+09:00  INFO [requestId:] 36459 --- [sc-reference-app] [           main] [                                                 ] .b.t.c.SpringBootTestContextBootstrapper : Found @SpringBootConfiguration dev.scframework.reference.ReferenceApplication for test class dev.scframework.reference.requirements.RequirementIntegrationTest

  .   ____          _            __ _ _
 /\\ / ___'_ __ _ _(_)_ __  __ _ \ \ \ \
( ( )\___ | '_ | '_| | '_ \/ _` | \ \ \ \
 \\/  ___)| |_)| | | | | || (_| |  ) ) ) )
  '  |____| .__|_| |_|_| |_\__, | / / / /
 =========|_|==============|___/=/_/_/_/

 :: Spring Boot ::               (v3.5.16)

2026-10-09T01:12:33.036+09:00  INFO [requestId:] 36459 --- [sc-reference-app] [           main] [                                                 ] d.s.r.r.RequirementIntegrationTest       : Starting RequirementIntegrationTest using Java 21.0.11 with PID 36459 (started by dk in /Users/dk/Work/ScFramework/backend/reference-app)
2026-10-09T01:12:33.037+09:00  INFO [requestId:] 36459 --- [sc-reference-app] [           main] [                                                 ] d.s.r.r.RequirementIntegrationTest       : No active profile set, falling back to 1 default profile: "default"
2026-10-09T01:12:33.135+09:00  INFO [requestId:] 36459 --- [sc-reference-app] [           main] [                                                 ] .s.d.r.c.RepositoryConfigurationDelegate : Bootstrapping Spring Data JPA repositories in DEFAULT mode.
2026-10-09T01:12:33.150+09:00  INFO [requestId:] 36459 --- [sc-reference-app] [           main] [                                                 ] .s.d.r.c.RepositoryConfigurationDelegate : Finished Spring Data repository scanning in 14 ms. Found 18 JPA repository interfaces.
2026-10-09T01:12:33.168+09:00  INFO [requestId:] 36459 --- [sc-reference-app] [           main] [                                                 ] o.s.cloud.context.scope.GenericScope     : BeanFactory id=7ef6838e-eb64-3c2b-9ffd-f65f8b3ccf99
2026-10-09T01:12:33.189+09:00  INFO [requestId:] 36459 --- [sc-reference-app] [           main] [                                                 ] com.zaxxer.hikari.HikariDataSource       : HikariPool-2 - Starting...
2026-10-09T01:12:33.190+09:00  INFO [requestId:] 36459 --- [sc-reference-app] [           main] [                                                 ] com.zaxxer.hikari.pool.HikariPool        : HikariPool-2 - Added connection conn13: url=jdbc:h2:mem:requirements-sc-requirements-007-2475754310568645775 user=SA
2026-10-09T01:12:33.190+09:00  INFO [requestId:] 36459 --- [sc-reference-app] [           main] [                                                 ] com.zaxxer.hikari.HikariDataSource       : HikariPool-2 - Start completed.
2026-10-09T01:12:33.190+09:00  INFO [requestId:] 36459 --- [sc-reference-app] [           main] [                                                 ] org.flywaydb.core.FlywayExecutor         : Database: jdbc:h2:mem:requirements-sc-requirements-007-2475754310568645775 (H2 2.3)
2026-10-09T01:12:33.192+09:00  INFO [requestId:] 36459 --- [sc-reference-app] [           main] [                                                 ] o.f.c.i.s.JdbcTableSchemaHistory         : Schema history table "PUBLIC"."flyway_schema_history" does not exist yet
2026-10-09T01:12:33.192+09:00  INFO [requestId:] 36459 --- [sc-reference-app] [           main] [                                                 ] o.f.core.internal.command.DbValidate     : Successfully validated 5 migrations (execution time 00:00.001s)
2026-10-09T01:12:33.193+09:00  INFO [requestId:] 36459 --- [sc-reference-app] [           main] [                                                 ] o.f.c.i.s.JdbcTableSchemaHistory         : Creating Schema History table "PUBLIC"."flyway_schema_history" ...
2026-10-09T01:12:33.195+09:00  INFO [requestId:] 36459 --- [sc-reference-app] [           main] [                                                 ] o.f.core.internal.command.DbMigrate      : Current version of schema "PUBLIC": << Empty Schema >>
2026-10-09T01:12:33.196+09:00  INFO [requestId:] 36459 --- [sc-reference-app] [           main] [                                                 ] o.f.core.internal.command.DbMigrate      : Migrating schema "PUBLIC" to version "1 - example baseline"
2026-10-09T01:12:33.198+09:00  INFO [requestId:] 36459 --- [sc-reference-app] [           main] [                                                 ] o.f.core.internal.command.DbMigrate      : Migrating schema "PUBLIC" to version "2 - requirements baseline"
2026-10-09T01:12:33.201+09:00  INFO [requestId:] 36459 --- [sc-reference-app] [           main] [                                                 ] o.f.core.internal.command.DbMigrate      : Migrating schema "PUBLIC" to version "3 - security audit"
2026-10-09T01:12:33.204+09:00  INFO [requestId:] 36459 --- [sc-reference-app] [           main] [                                                 ] o.f.core.internal.command.DbMigrate      : Migrating schema "PUBLIC" to version "4 - media and files"
2026-10-09T01:12:33.209+09:00  INFO [requestId:] 36459 --- [sc-reference-app] [           main] [                                                 ] o.f.core.internal.command.DbMigrate      : Migrating schema "PUBLIC" to version "5 - kanban and documents"
2026-10-09T01:12:33.212+09:00  INFO [requestId:] 36459 --- [sc-reference-app] [           main] [                                                 ] o.f.core.internal.command.DbMigrate      : Successfully applied 5 migrations to schema "PUBLIC", now at version v5 (execution time 00:00.007s)
2026-10-09T01:12:33.218+09:00  INFO [requestId:] 36459 --- [sc-reference-app] [           main] [                                                 ] o.hibernate.jpa.internal.util.LogHelper  : HHH000204: Processing PersistenceUnitInfo [name: default]
2026-10-09T01:12:33.219+09:00  INFO [requestId:] 36459 --- [sc-reference-app] [           main] [                                                 ] o.h.c.internal.RegionFactoryInitiator    : HHH000026: Second-level cache disabled
2026-10-09T01:12:33.222+09:00  INFO [requestId:] 36459 --- [sc-reference-app] [           main] [                                                 ] o.s.o.j.p.SpringPersistenceUnitInfo      : No LoadTimeWeaver setup: ignoring JPA class transformer
2026-10-09T01:12:33.222+09:00  INFO [requestId:] 36459 --- [sc-reference-app] [           main] [                                                 ] org.hibernate.orm.connections.pooling    : HHH10001005: Database info:
	Database JDBC URL [Connecting through datasource 'HikariDataSource (HikariPool-2)']
	Database driver: undefined/unknown
	Database version: 2.3.232
	Autocommit mode: undefined/unknown
	Isolation level: undefined/unknown
	Minimum pool size: undefined/unknown
	Maximum pool size: undefined/unknown
2026-10-09T01:12:33.267+09:00  INFO [requestId:] 36459 --- [sc-reference-app] [           main] [                                                 ] o.h.e.t.j.p.i.JtaPlatformInitiator       : HHH000489: No JTA platform available (set 'hibernate.transaction.jta.platform' to enable JTA platform integration)
2026-10-09T01:12:33.269+09:00  INFO [requestId:] 36459 --- [sc-reference-app] [           main] [                                                 ] j.LocalContainerEntityManagerFactoryBean : Initialized JPA EntityManagerFactory for persistence unit 'default'
2026-10-09T01:12:33.363+09:00  INFO [requestId:] 36459 --- [sc-reference-app] [           main] [                                                 ] o.s.b.a.w.s.WelcomePageHandlerMapping    : Adding welcome page: class path resource [static/index.html]
2026-10-09T01:12:33.389+09:00  INFO [requestId:] 36459 --- [sc-reference-app] [           main] [                                                 ] r$InitializeUserDetailsManagerConfigurer : Global AuthenticationManager configured with UserDetailsService bean with name referenceUsers
2026-10-09T01:12:33.403+09:00  INFO [requestId:] 36459 --- [sc-reference-app] [           main] [                                                 ] o.s.b.a.e.web.EndpointLinksResolver      : Exposing 1 endpoint beneath base path '/actuator'
2026-10-09T01:12:33.422+09:00  INFO [requestId:] 36459 --- [sc-reference-app] [           main] [                                                 ] o.s.b.t.m.w.SpringBootMockServletContext : Initializing Spring TestDispatcherServlet ''
2026-10-09T01:12:33.423+09:00  INFO [requestId:] 36459 --- [sc-reference-app] [           main] [                                                 ] o.s.t.web.servlet.TestDispatcherServlet  : Initializing Servlet ''
2026-10-09T01:12:33.423+09:00  INFO [requestId:] 36459 --- [sc-reference-app] [           main] [                                                 ] o.s.t.web.servlet.TestDispatcherServlet  : Completed initialization in 0 ms
2026-10-09T01:12:33.435+09:00  INFO [requestId:] 36459 --- [sc-reference-app] [           main] [                                                 ] d.s.r.r.RequirementIntegrationTest       : Started RequirementIntegrationTest in 0.414 seconds (process running for 5.169)
2026-10-09T01:12:34.108+09:00  WARN [requestId:f4d65fba-ea47-4829-9ba2-f91fccdbfaab] 36459 --- [sc-reference-app] [           main] [                                                 ] o.h.engine.jdbc.spi.SqlExceptionHelper   : SQL Error: 23513, SQLState: 23513
2026-10-09T01:12:34.108+09:00 ERROR [requestId:f4d65fba-ea47-4829-9ba2-f91fccdbfaab] 36459 --- [sc-reference-app] [           main] [                                                 ] o.h.engine.jdbc.spi.SqlExceptionHelper   : Check constraint violation: "SYNTHETIC_REVIEW_FAILURE: "; SQL statement:
insert into requirement_history (action,actor_id,after_json,before_json,created_at,requirement_id,id) values (?,?,?,?,?,?,default) [23513-232]
2026-10-09T01:12:34.592+09:00  WARN [requestId:97fa9b2e-c9ed-41d3-b789-ee29adb48f2f] 36459 --- [sc-reference-app] [           main] [                                                 ] o.h.engine.jdbc.spi.SqlExceptionHelper   : SQL Error: 23513, SQLState: 23513
2026-10-09T01:12:34.592+09:00 ERROR [requestId:97fa9b2e-c9ed-41d3-b789-ee29adb48f2f] 36459 --- [sc-reference-app] [           main] [                                                 ] o.h.engine.jdbc.spi.SqlExceptionHelper   : Check constraint violation: "SYNTHETIC_HISTORY_FAILURE: "; SQL statement:
insert into requirement_history (action,actor_id,after_json,before_json,created_at,requirement_id,id) values (?,?,?,?,?,?,default) [23513-232]
2026-10-09T01:12:36.968+09:00  WARN [requestId:c81eb34e-06b3-46ca-90a6-c7fa18856eb2] 36459 --- [sc-reference-app] [           main] [                                                 ] o.h.engine.jdbc.spi.SqlExceptionHelper   : SQL Error: 23505, SQLState: 23505
2026-10-09T01:12:36.969+09:00 ERROR [requestId:c81eb34e-06b3-46ca-90a6-c7fa18856eb2] 36459 --- [sc-reference-app] [           main] [                                                 ] o.h.engine.jdbc.spi.SqlExceptionHelper   : Unique index or primary key violation: "PUBLIC.CONSTRAINT_INDEX_E ON PUBLIC.REFERENCE_USER(USERNAME NULLS FIRST) VALUES ( /* 20 */ 'alice' )"; SQL statement:
insert into reference_user (created_at,display_name,password_hash,role,username,id) values (?,?,?,?,?,default) [23505-232]
[INFO] Tests run: 22, Failures: 0, Errors: 0, Skipped: 0, Time elapsed: 10.59 s -- in dev.scframework.reference.requirements.RequirementIntegrationTest
[INFO] Running dev.scframework.reference.requirements.RequirementPersistenceTest
2026-10-09T01:12:43.609+09:00  INFO [requestId:] 36459 --- [sc-reference-app] [           main] [                                                 ] org.flywaydb.core.FlywayExecutor         : Database: jdbc:h2:file:/var/folders/8k/rv4bxj0115g929lrxwybv_r80000gn/T/junit-17356663941127223576/upgrade (H2 2.3)
2026-10-09T01:12:43.610+09:00  INFO [requestId:] 36459 --- [sc-reference-app] [           main] [                                                 ] o.f.c.i.s.JdbcTableSchemaHistory         : Schema history table "PUBLIC"."flyway_schema_history" does not exist yet
2026-10-09T01:12:43.610+09:00  INFO [requestId:] 36459 --- [sc-reference-app] [           main] [                                                 ] o.f.core.internal.command.DbValidate     : Successfully validated 5 migrations (execution time 00:00.000s)
2026-10-09T01:12:43.611+09:00  INFO [requestId:] 36459 --- [sc-reference-app] [           main] [                                                 ] o.f.c.i.s.JdbcTableSchemaHistory         : Creating Schema History table "PUBLIC"."flyway_schema_history" ...
2026-10-09T01:12:43.612+09:00  INFO [requestId:] 36459 --- [sc-reference-app] [           main] [                                                 ] o.f.core.internal.command.DbMigrate      : Current version of schema "PUBLIC": << Empty Schema >>
2026-10-09T01:12:43.613+09:00  INFO [requestId:] 36459 --- [sc-reference-app] [           main] [                                                 ] o.f.core.internal.command.DbMigrate      : Migrating schema "PUBLIC" to version "1 - example baseline"
2026-10-09T01:12:43.614+09:00  INFO [requestId:] 36459 --- [sc-reference-app] [           main] [                                                 ] o.f.core.internal.command.DbMigrate      : Successfully applied 1 migration to schema "PUBLIC", now at version v1 (execution time 00:00.000s)
2026-10-09T01:12:43.631+09:00  INFO [requestId:] 36459 --- [sc-reference-app] [           main] [                                                 ] org.flywaydb.core.FlywayExecutor         : Database: jdbc:h2:file:/var/folders/8k/rv4bxj0115g929lrxwybv_r80000gn/T/junit-17356663941127223576/upgrade (H2 2.3)
2026-10-09T01:12:43.632+09:00  INFO [requestId:] 36459 --- [sc-reference-app] [           main] [                                                 ] o.f.core.internal.command.DbValidate     : Successfully validated 5 migrations (execution time 00:00.000s)
2026-10-09T01:12:43.632+09:00  INFO [requestId:] 36459 --- [sc-reference-app] [           main] [                                                 ] o.f.core.internal.command.DbMigrate      : Current version of schema "PUBLIC": 1
2026-10-09T01:12:43.633+09:00  INFO [requestId:] 36459 --- [sc-reference-app] [           main] [                                                 ] o.f.core.internal.command.DbMigrate      : Migrating schema "PUBLIC" to version "2 - requirements baseline"
2026-10-09T01:12:43.635+09:00  INFO [requestId:] 36459 --- [sc-reference-app] [           main] [                                                 ] o.f.core.internal.command.DbMigrate      : Migrating schema "PUBLIC" to version "3 - security audit"
2026-10-09T01:12:43.636+09:00  INFO [requestId:] 36459 --- [sc-reference-app] [           main] [                                                 ] o.f.core.internal.command.DbMigrate      : Successfully applied 2 migrations to schema "PUBLIC", now at version v3 (execution time 00:00.001s)
2026-10-09T01:12:43.647+09:00  INFO [requestId:] 36459 --- [sc-reference-app] [           main] [                                                 ] org.flywaydb.core.FlywayExecutor         : Database: jdbc:h2:file:/var/folders/8k/rv4bxj0115g929lrxwybv_r80000gn/T/junit-17356663941127223576/upgrade (H2 2.3)
2026-10-09T01:12:43.648+09:00  INFO [requestId:] 36459 --- [sc-reference-app] [           main] [                                                 ] o.f.core.internal.command.DbValidate     : Successfully validated 5 migrations (execution time 00:00.000s)
2026-10-09T01:12:43.649+09:00  INFO [requestId:] 36459 --- [sc-reference-app] [           main] [                                                 ] o.f.core.internal.command.DbMigrate      : Current version of schema "PUBLIC": 3
2026-10-09T01:12:43.649+09:00  INFO [requestId:] 36459 --- [sc-reference-app] [           main] [                                                 ] o.f.core.internal.command.DbMigrate      : Migrating schema "PUBLIC" to version "4 - media and files"
2026-10-09T01:12:43.653+09:00  INFO [requestId:] 36459 --- [sc-reference-app] [           main] [                                                 ] o.f.core.internal.command.DbMigrate      : Migrating schema "PUBLIC" to version "5 - kanban and documents"
2026-10-09T01:12:43.654+09:00  INFO [requestId:] 36459 --- [sc-reference-app] [           main] [                                                 ] o.f.core.internal.command.DbMigrate      : Successfully applied 2 migrations to schema "PUBLIC", now at version v5 (execution time 00:00.003s)
2026-10-09T01:12:43.703+09:00  INFO [requestId:] 36459 --- [sc-reference-app] [           main] [                                                 ] org.flywaydb.core.FlywayExecutor         : Database: jdbc:h2:file:/var/folders/8k/rv4bxj0115g929lrxwybv_r80000gn/T/junit-17356663941127223576/upgrade (H2 2.3)
2026-10-09T01:12:43.705+09:00  INFO [requestId:] 36459 --- [sc-reference-app] [           main] [                                                 ] o.f.core.internal.command.DbValidate     : Successfully validated 5 migrations (execution time 00:00.001s)
2026-10-09T01:12:43.705+09:00  INFO [requestId:] 36459 --- [sc-reference-app] [           main] [                                                 ] o.f.core.internal.command.DbMigrate      : Current version of schema "PUBLIC": 5
2026-10-09T01:12:43.705+09:00  INFO [requestId:] 36459 --- [sc-reference-app] [           main] [                                                 ] o.f.core.internal.command.DbMigrate      : Schema "PUBLIC" is up to date. No migration necessary.
2026-10-09T01:12:43.732+09:00  INFO [requestId:] 36459 --- [sc-reference-app] [           main] [                                                 ] org.flywaydb.core.FlywayExecutor         : Database: jdbc:h2:file:/var/folders/8k/rv4bxj0115g929lrxwybv_r80000gn/T/junit-809342662251912866/constraints (H2 2.3)
2026-10-09T01:12:43.733+09:00  INFO [requestId:] 36459 --- [sc-reference-app] [           main] [                                                 ] o.f.c.i.s.JdbcTableSchemaHistory         : Schema history table "PUBLIC"."flyway_schema_history" does not exist yet
2026-10-09T01:12:43.733+09:00  INFO [requestId:] 36459 --- [sc-reference-app] [           main] [                                                 ] o.f.core.internal.command.DbValidate     : Successfully validated 5 migrations (execution time 00:00.000s)
2026-10-09T01:12:43.734+09:00  INFO [requestId:] 36459 --- [sc-reference-app] [           main] [                                                 ] o.f.c.i.s.JdbcTableSchemaHistory         : Creating Schema History table "PUBLIC"."flyway_schema_history" ...
2026-10-09T01:12:43.735+09:00  INFO [requestId:] 36459 --- [sc-reference-app] [           main] [                                                 ] o.f.core.internal.command.DbMigrate      : Current version of schema "PUBLIC": << Empty Schema >>
2026-10-09T01:12:43.735+09:00  INFO [requestId:] 36459 --- [sc-reference-app] [           main] [                                                 ] o.f.core.internal.command.DbMigrate      : Migrating schema "PUBLIC" to version "1 - example baseline"
2026-10-09T01:12:43.736+09:00  INFO [requestId:] 36459 --- [sc-reference-app] [           main] [                                                 ] o.f.core.internal.command.DbMigrate      : Migrating schema "PUBLIC" to version "2 - requirements baseline"
2026-10-09T01:12:43.738+09:00  INFO [requestId:] 36459 --- [sc-reference-app] [           main] [                                                 ] o.f.core.internal.command.DbMigrate      : Migrating schema "PUBLIC" to version "3 - security audit"
2026-10-09T01:12:43.739+09:00  INFO [requestId:] 36459 --- [sc-reference-app] [           main] [                                                 ] o.f.core.internal.command.DbMigrate      : Migrating schema "PUBLIC" to version "4 - media and files"
2026-10-09T01:12:43.742+09:00  INFO [requestId:] 36459 --- [sc-reference-app] [           main] [                                                 ] o.f.core.internal.command.DbMigrate      : Migrating schema "PUBLIC" to version "5 - kanban and documents"
2026-10-09T01:12:43.743+09:00  INFO [requestId:] 36459 --- [sc-reference-app] [           main] [                                                 ] o.f.core.internal.command.DbMigrate      : Successfully applied 5 migrations to schema "PUBLIC", now at version v5 (execution time 00:00.002s)
[INFO] Tests run: 2, Failures: 0, Errors: 0, Skipped: 0, Time elapsed: 0.158 s -- in dev.scframework.reference.requirements.RequirementPersistenceTest
[INFO] Running dev.scframework.reference.requirements.RequirementMixedPersistenceTest
2026-10-09T01:12:43.763+09:00  INFO [requestId:] 36459 --- [sc-reference-app] [           main] [                                                 ] .b.t.c.SpringBootTestContextBootstrapper : Found @SpringBootConfiguration dev.scframework.reference.ReferenceApplication for test class dev.scframework.reference.requirements.RequirementMixedPersistenceTest

  .   ____          _            __ _ _
 /\\ / ___'_ __ _ _(_)_ __  __ _ \ \ \ \
( ( )\___ | '_ | '_| | '_ \/ _` | \ \ \ \
 \\/  ___)| |_)| | | | | || (_| |  ) ) ) )
  '  |____| .__|_| |_|_| |_\__, | / / / /
 =========|_|==============|___/=/_/_/_/

 :: Spring Boot ::               (v3.5.16)

2026-10-09T01:12:43.780+09:00  INFO [requestId:] 36459 --- [sc-reference-app] [           main] [                                                 ] d.s.r.r.RequirementMixedPersistenceTest  : Starting RequirementMixedPersistenceTest using Java 21.0.11 with PID 36459 (started by dk in /Users/dk/Work/ScFramework/backend/reference-app)
2026-10-09T01:12:43.780+09:00  INFO [requestId:] 36459 --- [sc-reference-app] [           main] [                                                 ] d.s.r.r.RequirementMixedPersistenceTest  : No active profile set, falling back to 1 default profile: "default"
2026-10-09T01:12:43.863+09:00  INFO [requestId:] 36459 --- [sc-reference-app] [           main] [                                                 ] .s.d.r.c.RepositoryConfigurationDelegate : Bootstrapping Spring Data JPA repositories in DEFAULT mode.
2026-10-09T01:12:43.872+09:00  INFO [requestId:] 36459 --- [sc-reference-app] [           main] [                                                 ] .s.d.r.c.RepositoryConfigurationDelegate : Finished Spring Data repository scanning in 8 ms. Found 18 JPA repository interfaces.
2026-10-09T01:12:43.885+09:00  INFO [requestId:] 36459 --- [sc-reference-app] [           main] [                                                 ] o.s.cloud.context.scope.GenericScope     : BeanFactory id=773b8f7f-a86c-38a6-be66-581c70b2aabd
2026-10-09T01:12:43.901+09:00  INFO [requestId:] 36459 --- [sc-reference-app] [           main] [                                                 ] com.zaxxer.hikari.HikariDataSource       : HikariPool-3 - Starting...
2026-10-09T01:12:43.902+09:00  INFO [requestId:] 36459 --- [sc-reference-app] [           main] [                                                 ] com.zaxxer.hikari.pool.HikariPool        : HikariPool-3 - Added connection conn32: url=jdbc:h2:mem:mixed-sc-mixed-008-7188658331433560713 user=SA
2026-10-09T01:12:43.902+09:00  INFO [requestId:] 36459 --- [sc-reference-app] [           main] [                                                 ] com.zaxxer.hikari.HikariDataSource       : HikariPool-3 - Start completed.
2026-10-09T01:12:43.903+09:00  INFO [requestId:] 36459 --- [sc-reference-app] [           main] [                                                 ] org.flywaydb.core.FlywayExecutor         : Database: jdbc:h2:mem:mixed-sc-mixed-008-7188658331433560713 (H2 2.3)
2026-10-09T01:12:43.904+09:00  INFO [requestId:] 36459 --- [sc-reference-app] [           main] [                                                 ] o.f.c.i.s.JdbcTableSchemaHistory         : Schema history table "PUBLIC"."flyway_schema_history" does not exist yet
2026-10-09T01:12:43.904+09:00  INFO [requestId:] 36459 --- [sc-reference-app] [           main] [                                                 ] o.f.core.internal.command.DbValidate     : Successfully validated 5 migrations (execution time 00:00.000s)
2026-10-09T01:12:43.904+09:00  INFO [requestId:] 36459 --- [sc-reference-app] [           main] [                                                 ] o.f.c.i.s.JdbcTableSchemaHistory         : Creating Schema History table "PUBLIC"."flyway_schema_history" ...
2026-10-09T01:12:43.905+09:00  INFO [requestId:] 36459 --- [sc-reference-app] [           main] [                                                 ] o.f.core.internal.command.DbMigrate      : Current version of schema "PUBLIC": << Empty Schema >>
2026-10-09T01:12:43.906+09:00  INFO [requestId:] 36459 --- [sc-reference-app] [           main] [                                                 ] o.f.core.internal.command.DbMigrate      : Migrating schema "PUBLIC" to version "1 - example baseline"
2026-10-09T01:12:43.907+09:00  INFO [requestId:] 36459 --- [sc-reference-app] [           main] [                                                 ] o.f.core.internal.command.DbMigrate      : Migrating schema "PUBLIC" to version "2 - requirements baseline"
2026-10-09T01:12:43.909+09:00  INFO [requestId:] 36459 --- [sc-reference-app] [           main] [                                                 ] o.f.core.internal.command.DbMigrate      : Migrating schema "PUBLIC" to version "3 - security audit"
2026-10-09T01:12:43.910+09:00  INFO [requestId:] 36459 --- [sc-reference-app] [           main] [                                                 ] o.f.core.internal.command.DbMigrate      : Migrating schema "PUBLIC" to version "4 - media and files"
2026-10-09T01:12:43.913+09:00  INFO [requestId:] 36459 --- [sc-reference-app] [           main] [                                                 ] o.f.core.internal.command.DbMigrate      : Migrating schema "PUBLIC" to version "5 - kanban and documents"
2026-10-09T01:12:43.914+09:00  INFO [requestId:] 36459 --- [sc-reference-app] [           main] [                                                 ] o.f.core.internal.command.DbMigrate      : Successfully applied 5 migrations to schema "PUBLIC", now at version v5 (execution time 00:00.001s)
2026-10-09T01:12:43.919+09:00  INFO [requestId:] 36459 --- [sc-reference-app] [           main] [                                                 ] o.hibernate.jpa.internal.util.LogHelper  : HHH000204: Processing PersistenceUnitInfo [name: default]
2026-10-09T01:12:43.920+09:00  INFO [requestId:] 36459 --- [sc-reference-app] [           main] [                                                 ] o.h.c.internal.RegionFactoryInitiator    : HHH000026: Second-level cache disabled
2026-10-09T01:12:43.923+09:00  INFO [requestId:] 36459 --- [sc-reference-app] [           main] [                                                 ] o.s.o.j.p.SpringPersistenceUnitInfo      : No LoadTimeWeaver setup: ignoring JPA class transformer
2026-10-09T01:12:43.923+09:00  INFO [requestId:] 36459 --- [sc-reference-app] [           main] [                                                 ] org.hibernate.orm.connections.pooling    : HHH10001005: Database info:
	Database JDBC URL [Connecting through datasource 'HikariDataSource (HikariPool-3)']
	Database driver: undefined/unknown
	Database version: 2.3.232
	Autocommit mode: undefined/unknown
	Isolation level: undefined/unknown
	Minimum pool size: undefined/unknown
	Maximum pool size: undefined/unknown
2026-10-09T01:12:43.957+09:00  INFO [requestId:] 36459 --- [sc-reference-app] [           main] [                                                 ] o.h.e.t.j.p.i.JtaPlatformInitiator       : HHH000489: No JTA platform available (set 'hibernate.transaction.jta.platform' to enable JTA platform integration)
2026-10-09T01:12:43.958+09:00  INFO [requestId:] 36459 --- [sc-reference-app] [           main] [                                                 ] j.LocalContainerEntityManagerFactoryBean : Initialized JPA EntityManagerFactory for persistence unit 'default'
2026-10-09T01:12:44.037+09:00  INFO [requestId:] 36459 --- [sc-reference-app] [           main] [                                                 ] o.s.b.a.w.s.WelcomePageHandlerMapping    : Adding welcome page: class path resource [static/index.html]
2026-10-09T01:12:44.056+09:00  INFO [requestId:] 36459 --- [sc-reference-app] [           main] [                                                 ] r$InitializeUserDetailsManagerConfigurer : Global AuthenticationManager configured with UserDetailsService bean with name referenceUsers
2026-10-09T01:12:44.072+09:00  INFO [requestId:] 36459 --- [sc-reference-app] [           main] [                                                 ] o.s.b.a.e.web.EndpointLinksResolver      : Exposing 1 endpoint beneath base path '/actuator'
2026-10-09T01:12:44.101+09:00  INFO [requestId:] 36459 --- [sc-reference-app] [           main] [                                                 ] d.s.r.r.RequirementMixedPersistenceTest  : Started RequirementMixedPersistenceTest in 0.336 seconds (process running for 15.835)
2026-10-09T01:12:44.211+09:00  INFO [requestId:] 36459 --- [sc-reference-app] [           main] [                                                 ] j.LocalContainerEntityManagerFactoryBean : Closing JPA EntityManagerFactory for persistence unit 'default'
2026-10-09T01:12:44.212+09:00  INFO [requestId:] 36459 --- [sc-reference-app] [           main] [                                                 ] com.zaxxer.hikari.HikariDataSource       : HikariPool-3 - Shutdown initiated...
2026-10-09T01:12:44.233+09:00  INFO [requestId:] 36459 --- [sc-reference-app] [           main] [                                                 ] com.zaxxer.hikari.HikariDataSource       : HikariPool-3 - Shutdown completed.
[INFO] Tests run: 4, Failures: 0, Errors: 0, Skipped: 0, Time elapsed: 0.471 s -- in dev.scframework.reference.requirements.RequirementMixedPersistenceTest
[INFO] Running dev.scframework.reference.requirements.RequirementReadMapperTest
[INFO] Tests run: 5, Failures: 0, Errors: 0, Skipped: 0, Time elapsed: 0.008 s -- in dev.scframework.reference.requirements.RequirementReadMapperTest
[INFO] Running dev.scframework.reference.operations.BrowserErrorsIntegrationTest
2026-10-09T01:12:44.243+09:00  INFO [requestId:] 36459 --- [sc-reference-app] [           main] [                                                 ] t.c.s.AnnotationConfigContextLoaderUtils : Could not detect default configuration classes for test class [dev.scframework.reference.operations.BrowserErrorsIntegrationTest]: BrowserErrorsIntegrationTest does not declare any static, non-private, non-final, nested classes annotated with @Configuration.
2026-10-09T01:12:44.246+09:00  INFO [requestId:] 36459 --- [sc-reference-app] [           main] [                                                 ] .b.t.c.SpringBootTestContextBootstrapper : Found @SpringBootConfiguration dev.scframework.reference.ReferenceApplication for test class dev.scframework.reference.operations.BrowserErrorsIntegrationTest

  .   ____          _            __ _ _
 /\\ / ___'_ __ _ _(_)_ __  __ _ \ \ \ \
( ( )\___ | '_ | '_| | '_ \/ _` | \ \ \ \
 \\/  ___)| |_)| | | | | || (_| |  ) ) ) )
  '  |____| .__|_| |_|_| |_\__, | / / / /
 =========|_|==============|___/=/_/_/_/

 :: Spring Boot ::               (v3.5.16)

2026-10-09T01:12:44.261+09:00  INFO [requestId:] 36459 --- [sc-reference-app] [           main] [                                                 ] d.s.r.o.BrowserErrorsIntegrationTest     : Starting BrowserErrorsIntegrationTest using Java 21.0.11 with PID 36459 (started by dk in /Users/dk/Work/ScFramework/backend/reference-app)
2026-10-09T01:12:44.261+09:00  INFO [requestId:] 36459 --- [sc-reference-app] [           main] [                                                 ] d.s.r.o.BrowserErrorsIntegrationTest     : The following 1 profile is active: "dev"
2026-10-09T01:12:44.372+09:00  INFO [requestId:] 36459 --- [sc-reference-app] [           main] [                                                 ] .s.d.r.c.RepositoryConfigurationDelegate : Bootstrapping Spring Data JPA repositories in DEFAULT mode.
2026-10-09T01:12:44.380+09:00  INFO [requestId:] 36459 --- [sc-reference-app] [           main] [                                                 ] .s.d.r.c.RepositoryConfigurationDelegate : Finished Spring Data repository scanning in 7 ms. Found 18 JPA repository interfaces.
2026-10-09T01:12:44.395+09:00  INFO [requestId:] 36459 --- [sc-reference-app] [           main] [                                                 ] o.s.cloud.context.scope.GenericScope     : BeanFactory id=a82ac9de-297b-3e45-a772-91927d461ffb
2026-10-09T01:12:44.425+09:00  INFO [requestId:] 36459 --- [sc-reference-app] [           main] [                                                 ] com.zaxxer.hikari.HikariDataSource       : HikariPool-4 - Starting...
2026-10-09T01:12:44.425+09:00  INFO [requestId:] 36459 --- [sc-reference-app] [           main] [                                                 ] com.zaxxer.hikari.pool.HikariPool        : HikariPool-4 - Added connection conn37: url=jdbc:h2:mem:ops-browser-sc-operational-test-9189672793663832527 user=SA
2026-10-09T01:12:44.425+09:00  INFO [requestId:] 36459 --- [sc-reference-app] [           main] [                                                 ] com.zaxxer.hikari.HikariDataSource       : HikariPool-4 - Start completed.
2026-10-09T01:12:44.426+09:00  INFO [requestId:] 36459 --- [sc-reference-app] [           main] [                                                 ] org.flywaydb.core.FlywayExecutor         : Database: jdbc:h2:mem:ops-browser-sc-operational-test-9189672793663832527 (H2 2.3)
2026-10-09T01:12:44.427+09:00  INFO [requestId:] 36459 --- [sc-reference-app] [           main] [                                                 ] o.f.c.i.s.JdbcTableSchemaHistory         : Schema history table "PUBLIC"."flyway_schema_history" does not exist yet
2026-10-09T01:12:44.427+09:00  INFO [requestId:] 36459 --- [sc-reference-app] [           main] [                                                 ] o.f.core.internal.command.DbValidate     : Successfully validated 7 migrations (execution time 00:00.000s)
2026-10-09T01:12:44.427+09:00  INFO [requestId:] 36459 --- [sc-reference-app] [           main] [                                                 ] o.f.c.i.s.JdbcTableSchemaHistory         : Creating Schema History table "PUBLIC"."flyway_schema_history" ...
2026-10-09T01:12:44.428+09:00  INFO [requestId:] 36459 --- [sc-reference-app] [           main] [                                                 ] o.f.core.internal.command.DbMigrate      : Current version of schema "PUBLIC": << Empty Schema >>
2026-10-09T01:12:44.429+09:00  INFO [requestId:] 36459 --- [sc-reference-app] [           main] [                                                 ] o.f.core.internal.command.DbMigrate      : Migrating schema "PUBLIC" to version "1 - example baseline"
2026-10-09T01:12:44.430+09:00  INFO [requestId:] 36459 --- [sc-reference-app] [           main] [                                                 ] o.f.core.internal.command.DbMigrate      : Migrating schema "PUBLIC" to version "2 - requirements baseline"
2026-10-09T01:12:44.432+09:00  INFO [requestId:] 36459 --- [sc-reference-app] [           main] [                                                 ] o.f.core.internal.command.DbMigrate      : Migrating schema "PUBLIC" to version "3 - security audit"
2026-10-09T01:12:44.433+09:00  INFO [requestId:] 36459 --- [sc-reference-app] [           main] [                                                 ] o.f.core.internal.command.DbMigrate      : Migrating schema "PUBLIC" to version "4 - media and files"
2026-10-09T01:12:44.435+09:00  INFO [requestId:] 36459 --- [sc-reference-app] [           main] [                                                 ] o.f.core.internal.command.DbMigrate      : Migrating schema "PUBLIC" to version "5 - kanban and documents"
2026-10-09T01:12:44.437+09:00  INFO [requestId:] 36459 --- [sc-reference-app] [           main] [                                                 ] o.f.core.internal.command.DbMigrate      : Migrating schema "PUBLIC" to version "6 - operations messages"
2026-10-09T01:12:44.444+09:00  INFO [requestId:] 36459 --- [sc-reference-app] [           main] [                                                 ] o.f.core.internal.command.DbMigrate      : Migrating schema "PUBLIC" to version "7 - operations scheduler browser"
2026-10-09T01:12:44.446+09:00  INFO [requestId:] 36459 --- [sc-reference-app] [           main] [                                                 ] o.f.core.internal.command.DbMigrate      : Successfully applied 7 migrations to schema "PUBLIC", now at version v7 (execution time 00:00.005s)
2026-10-09T01:12:44.452+09:00  INFO [requestId:] 36459 --- [sc-reference-app] [           main] [                                                 ] o.hibernate.jpa.internal.util.LogHelper  : HHH000204: Processing PersistenceUnitInfo [name: default]
2026-10-09T01:12:44.453+09:00  INFO [requestId:] 36459 --- [sc-reference-app] [           main] [                                                 ] o.h.c.internal.RegionFactoryInitiator    : HHH000026: Second-level cache disabled
2026-10-09T01:12:44.455+09:00  INFO [requestId:] 36459 --- [sc-reference-app] [           main] [                                                 ] o.s.o.j.p.SpringPersistenceUnitInfo      : No LoadTimeWeaver setup: ignoring JPA class transformer
2026-10-09T01:12:44.455+09:00  INFO [requestId:] 36459 --- [sc-reference-app] [           main] [                                                 ] org.hibernate.orm.connections.pooling    : HHH10001005: Database info:
	Database JDBC URL [Connecting through datasource 'HikariDataSource (HikariPool-4)']
	Database driver: undefined/unknown
	Database version: 2.3.232
	Autocommit mode: undefined/unknown
	Isolation level: undefined/unknown
	Minimum pool size: undefined/unknown
	Maximum pool size: undefined/unknown
2026-10-09T01:12:44.484+09:00  INFO [requestId:] 36459 --- [sc-reference-app] [           main] [                                                 ] o.h.e.t.j.p.i.JtaPlatformInitiator       : HHH000489: No JTA platform available (set 'hibernate.transaction.jta.platform' to enable JTA platform integration)
2026-10-09T01:12:44.485+09:00  INFO [requestId:] 36459 --- [sc-reference-app] [           main] [                                                 ] j.LocalContainerEntityManagerFactoryBean : Initialized JPA EntityManagerFactory for persistence unit 'default'
2026-10-09T01:12:44.588+09:00  INFO [requestId:] 36459 --- [sc-reference-app] [           main] [                                                 ] org.quartz.impl.StdSchedulerFactory      : Using default implementation for ThreadExecutor
2026-10-09T01:12:44.592+09:00  INFO [requestId:] 36459 --- [sc-reference-app] [           main] [                                                 ] org.quartz.core.SchedulerSignalerImpl    : Initialized Scheduler Signaller of type: class org.quartz.core.SchedulerSignalerImpl
2026-10-09T01:12:44.592+09:00  INFO [requestId:] 36459 --- [sc-reference-app] [           main] [                                                 ] org.quartz.core.QuartzScheduler          : Quartz Scheduler v2.5.2 created.
2026-10-09T01:12:44.592+09:00  INFO [requestId:] 36459 --- [sc-reference-app] [           main] [                                                 ] o.s.s.quartz.LocalDataSourceJobStore     : Using db table-based data access locking (synchronization).
2026-10-09T01:12:44.593+09:00  INFO [requestId:] 36459 --- [sc-reference-app] [           main] [                                                 ] o.s.s.quartz.LocalDataSourceJobStore     : JobStoreCMT initialized.
2026-10-09T01:12:44.593+09:00  INFO [requestId:] 36459 --- [sc-reference-app] [           main] [                                                 ] org.quartz.core.QuartzScheduler          : Scheduler meta-data: Quartz Scheduler (v2.5.2) 'sc-test-sc-operational-test-9189672793663832527' with instanceId 'NON_CLUSTERED'
  Scheduler class: 'org.quartz.core.QuartzScheduler' - running locally.
  NOT STARTED.
  Currently in standby mode.
  Number of jobs executed: 0
  Using thread pool 'org.quartz.simpl.SimpleThreadPool' - with 2 threads.
  Using job-store 'org.springframework.scheduling.quartz.LocalDataSourceJobStore' - which supports persistence. and is not clustered.

2026-10-09T01:12:44.593+09:00  INFO [requestId:] 36459 --- [sc-reference-app] [           main] [                                                 ] org.quartz.impl.StdSchedulerFactory      : Quartz scheduler 'sc-test-sc-operational-test-9189672793663832527' initialized from an externally provided properties instance.
2026-10-09T01:12:44.593+09:00  INFO [requestId:] 36459 --- [sc-reference-app] [           main] [                                                 ] org.quartz.impl.StdSchedulerFactory      : Quartz scheduler version: 2.5.2
2026-10-09T01:12:44.593+09:00  INFO [requestId:] 36459 --- [sc-reference-app] [           main] [                                                 ] org.quartz.core.QuartzScheduler          : JobFactory set to: dev.scframework.autoconfigure.ScSchedulerAutoConfiguration$$Lambda/0x00000078020ada30@1e497b0d
2026-10-09T01:12:44.613+09:00  INFO [requestId:] 36459 --- [sc-reference-app] [           main] [                                                 ] o.s.b.a.w.s.WelcomePageHandlerMapping    : Adding welcome page: class path resource [static/index.html]
2026-10-09T01:12:44.669+09:00  INFO [requestId:] 36459 --- [sc-reference-app] [           main] [                                                 ] r$InitializeUserDetailsManagerConfigurer : Global AuthenticationManager configured with UserDetailsService bean with name referenceUsers
2026-10-09T01:12:44.680+09:00  INFO [requestId:] 36459 --- [sc-reference-app] [           main] [                                                 ] o.s.b.a.e.web.EndpointLinksResolver      : Exposing 1 endpoint beneath base path '/actuator'
2026-10-09T01:12:44.715+09:00  INFO [requestId:] 36459 --- [sc-reference-app] [           main] [                                                 ] o.s.b.t.m.w.SpringBootMockServletContext : Initializing Spring TestDispatcherServlet ''
2026-10-09T01:12:44.715+09:00  INFO [requestId:] 36459 --- [sc-reference-app] [           main] [                                                 ] o.s.t.web.servlet.TestDispatcherServlet  : Initializing Servlet ''
2026-10-09T01:12:44.715+09:00  INFO [requestId:] 36459 --- [sc-reference-app] [           main] [                                                 ] o.s.t.web.servlet.TestDispatcherServlet  : Completed initialization in 0 ms
2026-10-09T01:12:44.729+09:00  INFO [requestId:] 36459 --- [sc-reference-app] [           main] [                                                 ] d.s.r.o.BrowserErrorsIntegrationTest     : Started BrowserErrorsIntegrationTest in 0.481 seconds (process running for 16.463)
[INFO] Tests run: 9, Failures: 0, Errors: 0, Skipped: 0, Time elapsed: 0.715 s -- in dev.scframework.reference.operations.BrowserErrorsIntegrationTest
[INFO] Running dev.scframework.reference.operations.OperationalSchedulerIntegrationTest
2026-10-09T01:12:44.958+09:00  INFO [requestId:] 36459 --- [sc-reference-app] [           main] [                                                 ] t.c.s.AnnotationConfigContextLoaderUtils : Could not detect default configuration classes for test class [dev.scframework.reference.operations.OperationalSchedulerIntegrationTest]: OperationalSchedulerIntegrationTest does not declare any static, non-private, non-final, nested classes annotated with @Configuration.
2026-10-09T01:12:44.959+09:00  INFO [requestId:] 36459 --- [sc-reference-app] [           main] [                                                 ] .b.t.c.SpringBootTestContextBootstrapper : Found @SpringBootConfiguration dev.scframework.reference.ReferenceApplication for test class dev.scframework.reference.operations.OperationalSchedulerIntegrationTest

  .   ____          _            __ _ _
 /\\ / ___'_ __ _ _(_)_ __  __ _ \ \ \ \
( ( )\___ | '_ | '_| | '_ \/ _` | \ \ \ \
 \\/  ___)| |_)| | | | | || (_| |  ) ) ) )
  '  |____| .__|_| |_|_| |_\__, | / / / /
 =========|_|==============|___/=/_/_/_/

 :: Spring Boot ::               (v3.5.16)

2026-10-09T01:12:44.970+09:00  INFO [requestId:] 36459 --- [sc-reference-app] [           main] [                                                 ] .r.o.OperationalSchedulerIntegrationTest : Starting OperationalSchedulerIntegrationTest using Java 21.0.11 with PID 36459 (started by dk in /Users/dk/Work/ScFramework/backend/reference-app)
2026-10-09T01:12:44.970+09:00  INFO [requestId:] 36459 --- [sc-reference-app] [           main] [                                                 ] .r.o.OperationalSchedulerIntegrationTest : The following 1 profile is active: "dev"
2026-10-09T01:12:45.057+09:00  INFO [requestId:] 36459 --- [sc-reference-app] [           main] [                                                 ] .s.d.r.c.RepositoryConfigurationDelegate : Bootstrapping Spring Data JPA repositories in DEFAULT mode.
2026-10-09T01:12:45.064+09:00  INFO [requestId:] 36459 --- [sc-reference-app] [           main] [                                                 ] .s.d.r.c.RepositoryConfigurationDelegate : Finished Spring Data repository scanning in 6 ms. Found 18 JPA repository interfaces.
2026-10-09T01:12:45.077+09:00  INFO [requestId:] 36459 --- [sc-reference-app] [           main] [                                                 ] o.s.cloud.context.scope.GenericScope     : BeanFactory id=a82ac9de-297b-3e45-a772-91927d461ffb
2026-10-09T01:12:45.093+09:00  INFO [requestId:] 36459 --- [sc-reference-app] [           main] [                                                 ] com.zaxxer.hikari.HikariDataSource       : HikariPool-5 - Starting...
2026-10-09T01:12:45.093+09:00  INFO [requestId:] 36459 --- [sc-reference-app] [           main] [                                                 ] com.zaxxer.hikari.pool.HikariPool        : HikariPool-5 - Added connection conn42: url=jdbc:h2:mem:ops-scheduler-sc-operational-test-9591787280728613607 user=SA
2026-10-09T01:12:45.093+09:00  INFO [requestId:] 36459 --- [sc-reference-app] [           main] [                                                 ] com.zaxxer.hikari.HikariDataSource       : HikariPool-5 - Start completed.
2026-10-09T01:12:45.094+09:00  INFO [requestId:] 36459 --- [sc-reference-app] [           main] [                                                 ] org.flywaydb.core.FlywayExecutor         : Database: jdbc:h2:mem:ops-scheduler-sc-operational-test-9591787280728613607 (H2 2.3)
2026-10-09T01:12:45.095+09:00  INFO [requestId:] 36459 --- [sc-reference-app] [           main] [                                                 ] o.f.c.i.s.JdbcTableSchemaHistory         : Schema history table "PUBLIC"."flyway_schema_history" does not exist yet
2026-10-09T01:12:45.095+09:00  INFO [requestId:] 36459 --- [sc-reference-app] [           main] [                                                 ] o.f.core.internal.command.DbValidate     : Successfully validated 7 migrations (execution time 00:00.000s)
2026-10-09T01:12:45.095+09:00  INFO [requestId:] 36459 --- [sc-reference-app] [           main] [                                                 ] o.f.c.i.s.JdbcTableSchemaHistory         : Creating Schema History table "PUBLIC"."flyway_schema_history" ...
2026-10-09T01:12:45.097+09:00  INFO [requestId:] 36459 --- [sc-reference-app] [           main] [                                                 ] o.f.core.internal.command.DbMigrate      : Current version of schema "PUBLIC": << Empty Schema >>
2026-10-09T01:12:45.097+09:00  INFO [requestId:] 36459 --- [sc-reference-app] [           main] [                                                 ] o.f.core.internal.command.DbMigrate      : Migrating schema "PUBLIC" to version "1 - example baseline"
2026-10-09T01:12:45.099+09:00  INFO [requestId:] 36459 --- [sc-reference-app] [           main] [                                                 ] o.f.core.internal.command.DbMigrate      : Migrating schema "PUBLIC" to version "2 - requirements baseline"
2026-10-09T01:12:45.101+09:00  INFO [requestId:] 36459 --- [sc-reference-app] [           main] [                                                 ] o.f.core.internal.command.DbMigrate      : Migrating schema "PUBLIC" to version "3 - security audit"
2026-10-09T01:12:45.102+09:00  INFO [requestId:] 36459 --- [sc-reference-app] [           main] [                                                 ] o.f.core.internal.command.DbMigrate      : Migrating schema "PUBLIC" to version "4 - media and files"
2026-10-09T01:12:45.105+09:00  INFO [requestId:] 36459 --- [sc-reference-app] [           main] [                                                 ] o.f.core.internal.command.DbMigrate      : Migrating schema "PUBLIC" to version "5 - kanban and documents"
2026-10-09T01:12:45.106+09:00  INFO [requestId:] 36459 --- [sc-reference-app] [           main] [                                                 ] o.f.core.internal.command.DbMigrate      : Migrating schema "PUBLIC" to version "6 - operations messages"
2026-10-09T01:12:45.108+09:00  INFO [requestId:] 36459 --- [sc-reference-app] [           main] [                                                 ] o.f.core.internal.command.DbMigrate      : Migrating schema "PUBLIC" to version "7 - operations scheduler browser"
2026-10-09T01:12:45.110+09:00  INFO [requestId:] 36459 --- [sc-reference-app] [           main] [                                                 ] o.f.core.internal.command.DbMigrate      : Successfully applied 7 migrations to schema "PUBLIC", now at version v7 (execution time 00:00.003s)
2026-10-09T01:12:45.116+09:00  INFO [requestId:] 36459 --- [sc-reference-app] [           main] [                                                 ] o.hibernate.jpa.internal.util.LogHelper  : HHH000204: Processing PersistenceUnitInfo [name: default]
2026-10-09T01:12:45.117+09:00  INFO [requestId:] 36459 --- [sc-reference-app] [           main] [                                                 ] o.h.c.internal.RegionFactoryInitiator    : HHH000026: Second-level cache disabled
2026-10-09T01:12:45.120+09:00  INFO [requestId:] 36459 --- [sc-reference-app] [           main] [                                                 ] o.s.o.j.p.SpringPersistenceUnitInfo      : No LoadTimeWeaver setup: ignoring JPA class transformer
2026-10-09T01:12:45.120+09:00  INFO [requestId:] 36459 --- [sc-reference-app] [           main] [                                                 ] org.hibernate.orm.connections.pooling    : HHH10001005: Database info:
	Database JDBC URL [Connecting through datasource 'HikariDataSource (HikariPool-5)']
	Database driver: undefined/unknown
	Database version: 2.3.232
	Autocommit mode: undefined/unknown
	Isolation level: undefined/unknown
	Minimum pool size: undefined/unknown
	Maximum pool size: undefined/unknown
2026-10-09T01:12:45.149+09:00  INFO [requestId:] 36459 --- [sc-reference-app] [           main] [                                                 ] o.h.e.t.j.p.i.JtaPlatformInitiator       : HHH000489: No JTA platform available (set 'hibernate.transaction.jta.platform' to enable JTA platform integration)
2026-10-09T01:12:45.150+09:00  INFO [requestId:] 36459 --- [sc-reference-app] [           main] [                                                 ] j.LocalContainerEntityManagerFactoryBean : Initialized JPA EntityManagerFactory for persistence unit 'default'
2026-10-09T01:12:45.220+09:00  INFO [requestId:] 36459 --- [sc-reference-app] [           main] [                                                 ] org.quartz.impl.StdSchedulerFactory      : Using default implementation for ThreadExecutor
2026-10-09T01:12:45.220+09:00  INFO [requestId:] 36459 --- [sc-reference-app] [           main] [                                                 ] org.quartz.core.SchedulerSignalerImpl    : Initialized Scheduler Signaller of type: class org.quartz.core.SchedulerSignalerImpl
2026-10-09T01:12:45.220+09:00  INFO [requestId:] 36459 --- [sc-reference-app] [           main] [                                                 ] org.quartz.core.QuartzScheduler          : Quartz Scheduler v2.5.2 created.
2026-10-09T01:12:45.220+09:00  INFO [requestId:] 36459 --- [sc-reference-app] [           main] [                                                 ] o.s.s.quartz.LocalDataSourceJobStore     : Using db table-based data access locking (synchronization).
2026-10-09T01:12:45.220+09:00  INFO [requestId:] 36459 --- [sc-reference-app] [           main] [                                                 ] o.s.s.quartz.LocalDataSourceJobStore     : JobStoreCMT initialized.
2026-10-09T01:12:45.220+09:00  INFO [requestId:] 36459 --- [sc-reference-app] [           main] [                                                 ] org.quartz.core.QuartzScheduler          : Scheduler meta-data: Quartz Scheduler (v2.5.2) 'sc-test-sc-operational-test-9591787280728613607' with instanceId 'NON_CLUSTERED'
  Scheduler class: 'org.quartz.core.QuartzScheduler' - running locally.
  NOT STARTED.
  Currently in standby mode.
  Number of jobs executed: 0
  Using thread pool 'org.quartz.simpl.SimpleThreadPool' - with 2 threads.
  Using job-store 'org.springframework.scheduling.quartz.LocalDataSourceJobStore' - which supports persistence. and is not clustered.

2026-10-09T01:12:45.220+09:00  INFO [requestId:] 36459 --- [sc-reference-app] [           main] [                                                 ] org.quartz.impl.StdSchedulerFactory      : Quartz scheduler 'sc-test-sc-operational-test-9591787280728613607' initialized from an externally provided properties instance.
2026-10-09T01:12:45.220+09:00  INFO [requestId:] 36459 --- [sc-reference-app] [           main] [                                                 ] org.quartz.impl.StdSchedulerFactory      : Quartz scheduler version: 2.5.2
2026-10-09T01:12:45.220+09:00  INFO [requestId:] 36459 --- [sc-reference-app] [           main] [                                                 ] org.quartz.core.QuartzScheduler          : JobFactory set to: dev.scframework.autoconfigure.ScSchedulerAutoConfiguration$$Lambda/0x00000078020ada30@780d8e4a
2026-10-09T01:12:45.233+09:00  INFO [requestId:] 36459 --- [sc-reference-app] [           main] [                                                 ] o.s.b.a.w.s.WelcomePageHandlerMapping    : Adding welcome page: class path resource [static/index.html]
2026-10-09T01:12:45.255+09:00  INFO [requestId:] 36459 --- [sc-reference-app] [           main] [                                                 ] r$InitializeUserDetailsManagerConfigurer : Global AuthenticationManager configured with UserDetailsService bean with name referenceUsers
2026-10-09T01:12:45.265+09:00  INFO [requestId:] 36459 --- [sc-reference-app] [           main] [                                                 ] o.s.b.a.e.web.EndpointLinksResolver      : Exposing 1 endpoint beneath base path '/actuator'
2026-10-09T01:12:45.285+09:00  INFO [requestId:] 36459 --- [sc-reference-app] [           main] [                                                 ] o.s.b.t.m.w.SpringBootMockServletContext : Initializing Spring TestDispatcherServlet ''
2026-10-09T01:12:45.285+09:00  INFO [requestId:] 36459 --- [sc-reference-app] [           main] [                                                 ] o.s.t.web.servlet.TestDispatcherServlet  : Initializing Servlet ''
2026-10-09T01:12:45.285+09:00  INFO [requestId:] 36459 --- [sc-reference-app] [           main] [                                                 ] o.s.t.web.servlet.TestDispatcherServlet  : Completed initialization in 0 ms
2026-10-09T01:12:45.296+09:00  INFO [requestId:] 36459 --- [sc-reference-app] [           main] [                                                 ] .r.o.OperationalSchedulerIntegrationTest : Started OperationalSchedulerIntegrationTest in 0.335 seconds (process running for 17.029)
2026-10-09T01:12:45.360+09:00  INFO [requestId:] 36459 --- [sc-reference-app] [           main] [                                                 ] org.quartz.core.QuartzScheduler          : Scheduler sc-test-sc-operational-test-9591787280728613607_$_NON_CLUSTERED paused.
2026-10-09T01:12:45.439+09:00  INFO [requestId:] 36459 --- [sc-reference-app] [           main] [                                                 ] o.s.s.quartz.LocalDataSourceJobStore     : Freed 0 triggers from 'acquired' / 'blocked' state.
2026-10-09T01:12:45.439+09:00  INFO [requestId:] 36459 --- [sc-reference-app] [           main] [                                                 ] o.s.s.quartz.LocalDataSourceJobStore     : Handling 1 trigger(s) that missed their scheduled fire-time.
2026-10-09T01:12:45.441+09:00  INFO [requestId:] 36459 --- [sc-reference-app] [           main] [                                                 ] o.s.s.quartz.LocalDataSourceJobStore     : Recovering 0 jobs that were in-progress at the time of the last shut-down.
2026-10-09T01:12:45.441+09:00  INFO [requestId:] 36459 --- [sc-reference-app] [           main] [                                                 ] o.s.s.quartz.LocalDataSourceJobStore     : Recovery complete.
2026-10-09T01:12:45.442+09:00  INFO [requestId:] 36459 --- [sc-reference-app] [           main] [                                                 ] o.s.s.quartz.LocalDataSourceJobStore     : Removed 1 'complete' triggers.
2026-10-09T01:12:45.442+09:00  INFO [requestId:] 36459 --- [sc-reference-app] [           main] [                                                 ] o.s.s.quartz.LocalDataSourceJobStore     : Removed 0 stale fired job entries.
2026-10-09T01:12:45.442+09:00  INFO [requestId:] 36459 --- [sc-reference-app] [           main] [                                                 ] org.quartz.core.QuartzScheduler          : Scheduler sc-test-sc-operational-test-9591787280728613607_$_NON_CLUSTERED started.
2026-10-09T01:12:45.442+09:00  INFO [requestId:] 36459 --- [sc-reference-app] [           main] [                                                 ] org.quartz.core.QuartzScheduler          : Scheduler sc-test-sc-operational-test-9591787280728613607_$_NON_CLUSTERED paused.
2026-10-09T01:12:45.443+09:00  INFO [requestId:] 36459 --- [sc-reference-app] [           main] [                                                 ] org.quartz.core.QuartzScheduler          : Scheduler sc-test-sc-operational-test-9591787280728613607_$_NON_CLUSTERED paused.
2026-10-09T01:12:45.445+09:00  INFO [requestId:] 36459 --- [sc-reference-app] [           main] [                                                 ] org.quartz.core.QuartzScheduler          : Scheduler sc-test-sc-operational-test-9591787280728613607_$_NON_CLUSTERED paused.
2026-10-09T01:12:45.460+09:00  INFO [requestId:] 36459 --- [sc-reference-app] [           main] [                                                 ] org.quartz.core.QuartzScheduler          : Scheduler sc-test-sc-operational-test-9591787280728613607_$_NON_CLUSTERED paused.
2026-10-09T01:12:45.462+09:00  INFO [requestId:] 36459 --- [sc-reference-app] [           main] [                                                 ] org.quartz.core.QuartzScheduler          : Scheduler sc-test-sc-operational-test-9591787280728613607_$_NON_CLUSTERED paused.
2026-10-09T01:12:45.472+09:00  INFO [requestId:] 36459 --- [sc-reference-app] [           main] [                                                 ] org.quartz.core.QuartzScheduler          : Scheduler sc-test-sc-operational-test-9591787280728613607_$_NON_CLUSTERED paused.
2026-10-09T01:12:45.474+09:00  INFO [requestId:] 36459 --- [sc-reference-app] [           main] [                                                 ] org.quartz.core.QuartzScheduler          : Scheduler sc-test-sc-operational-test-9591787280728613607_$_NON_CLUSTERED paused.
2026-10-09T01:12:45.479+09:00  INFO [requestId:] 36459 --- [sc-reference-app] [           main] [                                                 ] org.quartz.core.QuartzScheduler          : Scheduler sc-test-sc-operational-test-9591787280728613607_$_NON_CLUSTERED paused.
2026-10-09T01:12:45.482+09:00  INFO [requestId:] 36459 --- [sc-reference-app] [           main] [                                                 ] org.quartz.core.QuartzScheduler          : Scheduler sc-test-sc-operational-test-9591787280728613607_$_NON_CLUSTERED paused.
2026-10-09T01:12:45.485+09:00  INFO [requestId:] 36459 --- [sc-reference-app] [           main] [                                                 ] org.quartz.core.QuartzScheduler          : Scheduler sc-test-sc-operational-test-9591787280728613607_$_NON_CLUSTERED started.
2026-10-09T01:12:46.744+09:00  INFO [requestId:] 36459 --- [sc-reference-app] [_MisfireHandler] [                                                 ] o.s.s.quartz.LocalDataSourceJobStore     : Handling 1 trigger(s) that missed their scheduled fire-time.
2026-10-09T01:12:46.767+09:00  INFO [requestId:] 36459 --- [sc-reference-app] [           main] [                                                 ] org.quartz.core.QuartzScheduler          : Scheduler sc-test-sc-operational-test-9591787280728613607_$_NON_CLUSTERED paused.
2026-10-09T01:12:46.767+09:00  INFO [requestId:] 36459 --- [sc-reference-app] [           main] [                                                 ] org.quartz.core.QuartzScheduler          : Scheduler sc-test-sc-operational-test-9591787280728613607_$_NON_CLUSTERED paused.
2026-10-09T01:12:46.770+09:00  INFO [requestId:] 36459 --- [sc-reference-app] [           main] [                                                 ] org.quartz.core.QuartzScheduler          : Scheduler sc-test-sc-operational-test-9591787280728613607_$_NON_CLUSTERED paused.
2026-10-09T01:12:46.773+09:00  INFO [requestId:] 36459 --- [sc-reference-app] [           main] [                                                 ] org.quartz.core.QuartzScheduler          : Scheduler sc-test-sc-operational-test-9591787280728613607_$_NON_CLUSTERED paused.
2026-10-09T01:12:46.774+09:00  INFO [requestId:] 36459 --- [sc-reference-app] [           main] [                                                 ] org.quartz.core.QuartzScheduler          : Scheduler sc-test-sc-operational-test-9591787280728613607_$_NON_CLUSTERED paused.
2026-10-09T01:12:46.777+09:00  INFO [requestId:] 36459 --- [sc-reference-app] [           main] [                                                 ] org.quartz.core.QuartzScheduler          : Scheduler sc-test-sc-operational-test-9591787280728613607_$_NON_CLUSTERED paused.
2026-10-09T01:12:46.780+09:00  INFO [requestId:] 36459 --- [sc-reference-app] [           main] [                                                 ] org.quartz.core.QuartzScheduler          : Scheduler sc-test-sc-operational-test-9591787280728613607_$_NON_CLUSTERED paused.
2026-10-09T01:12:46.783+09:00  INFO [requestId:] 36459 --- [sc-reference-app] [           main] [                                                 ] org.quartz.core.QuartzScheduler          : Scheduler sc-test-sc-operational-test-9591787280728613607_$_NON_CLUSTERED started.
2026-10-09T01:12:46.847+09:00  INFO [requestId:] 36459 --- [sc-reference-app] [_MisfireHandler] [                                                 ] o.s.s.quartz.LocalDataSourceJobStore     : Handling 1 trigger(s) that missed their scheduled fire-time.
2026-10-09T01:12:46.920+09:00  INFO [requestId:] 36459 --- [sc-reference-app] [           main] [                                                 ] org.quartz.core.QuartzScheduler          : Scheduler sc-test-sc-operational-test-9591787280728613607_$_NON_CLUSTERED paused.
2026-10-09T01:12:46.921+09:00  INFO [requestId:] 36459 --- [sc-reference-app] [           main] [                                                 ] org.quartz.core.QuartzScheduler          : Scheduler sc-test-sc-operational-test-9591787280728613607_$_NON_CLUSTERED paused.
2026-10-09T01:12:46.924+09:00  INFO [requestId:] 36459 --- [sc-reference-app] [           main] [                                                 ] org.quartz.core.QuartzScheduler          : Scheduler sc-test-sc-operational-test-9591787280728613607_$_NON_CLUSTERED paused.
2026-10-09T01:12:46.939+09:00  INFO [requestId:] 36459 --- [sc-reference-app] [           main] [                                                 ] org.quartz.core.QuartzScheduler          : Scheduler sc-test-sc-operational-test-9591787280728613607_$_NON_CLUSTERED paused.
2026-10-09T01:12:46.942+09:00  INFO [requestId:] 36459 --- [sc-reference-app] [           main] [                                                 ] org.quartz.core.QuartzScheduler          : Scheduler sc-test-sc-operational-test-9591787280728613607_$_NON_CLUSTERED paused.
2026-10-09T01:12:46.947+09:00  INFO [requestId:] 36459 --- [sc-reference-app] [           main] [                                                 ] org.quartz.core.QuartzScheduler          : Scheduler sc-test-sc-operational-test-9591787280728613607_$_NON_CLUSTERED paused.
2026-10-09T01:12:46.950+09:00  INFO [requestId:] 36459 --- [sc-reference-app] [           main] [                                                 ] org.quartz.core.QuartzScheduler          : Scheduler sc-test-sc-operational-test-9591787280728613607_$_NON_CLUSTERED paused.
2026-10-09T01:12:46.977+09:00  INFO [requestId:] 36459 --- [sc-reference-app] [           main] [                                                 ] org.quartz.core.QuartzScheduler          : Scheduler sc-test-sc-operational-test-9591787280728613607_$_NON_CLUSTERED paused.
[INFO] Tests run: 11, Failures: 0, Errors: 0, Skipped: 0, Time elapsed: 2.020 s -- in dev.scframework.reference.operations.OperationalSchedulerIntegrationTest
[INFO] Running dev.scframework.reference.notices.NoticeIntegrationTest
2026-10-09T01:12:46.979+09:00  INFO [requestId:] 36459 --- [sc-reference-app] [           main] [                                                 ] t.c.s.AnnotationConfigContextLoaderUtils : Could not detect default configuration classes for test class [dev.scframework.reference.notices.NoticeIntegrationTest]: NoticeIntegrationTest does not declare any static, non-private, non-final, nested classes annotated with @Configuration.
2026-10-09T01:12:46.983+09:00  INFO [requestId:] 36459 --- [sc-reference-app] [           main] [                                                 ] .b.t.c.SpringBootTestContextBootstrapper : Found @SpringBootConfiguration dev.scframework.reference.ReferenceApplication for test class dev.scframework.reference.notices.NoticeIntegrationTest

  .   ____          _            __ _ _
 /\\ / ___'_ __ _ _(_)_ __  __ _ \ \ \ \
( ( )\___ | '_ | '_| | '_ \/ _` | \ \ \ \
 \\/  ___)| |_)| | | | | || (_| |  ) ) ) )
  '  |____| .__|_| |_|_| |_\__, | / / / /
 =========|_|==============|___/=/_/_/_/

 :: Spring Boot ::               (v3.5.16)

2026-10-09T01:12:46.993+09:00  INFO [requestId:] 36459 --- [sc-reference-app] [           main] [                                                 ] d.s.r.notices.NoticeIntegrationTest      : Starting NoticeIntegrationTest using Java 21.0.11 with PID 36459 (started by dk in /Users/dk/Work/ScFramework/backend/reference-app)
2026-10-09T01:12:46.994+09:00  INFO [requestId:] 36459 --- [sc-reference-app] [           main] [                                                 ] d.s.r.notices.NoticeIntegrationTest      : No active profile set, falling back to 1 default profile: "default"
2026-10-09T01:12:47.077+09:00  INFO [requestId:] 36459 --- [sc-reference-app] [           main] [                                                 ] .s.d.r.c.RepositoryConfigurationDelegate : Bootstrapping Spring Data JPA repositories in DEFAULT mode.
2026-10-09T01:12:47.085+09:00  INFO [requestId:] 36459 --- [sc-reference-app] [           main] [                                                 ] .s.d.r.c.RepositoryConfigurationDelegate : Finished Spring Data repository scanning in 7 ms. Found 18 JPA repository interfaces.
2026-10-09T01:12:47.099+09:00  INFO [requestId:] 36459 --- [sc-reference-app] [           main] [                                                 ] o.s.cloud.context.scope.GenericScope     : BeanFactory id=e9fb348b-1f30-3c72-a846-8349f9ab416e
2026-10-09T01:12:47.112+09:00  INFO [requestId:] 36459 --- [sc-reference-app] [           main] [                                                 ] com.zaxxer.hikari.HikariDataSource       : HikariPool-6 - Starting...
2026-10-09T01:12:47.113+09:00  INFO [requestId:] 36459 --- [sc-reference-app] [           main] [                                                 ] com.zaxxer.hikari.pool.HikariPool        : HikariPool-6 - Added connection conn47: url=jdbc:h2:mem:kanban-sc-kanban-010-242420209327069299 user=SA
2026-10-09T01:12:47.113+09:00  INFO [requestId:] 36459 --- [sc-reference-app] [           main] [                                                 ] com.zaxxer.hikari.HikariDataSource       : HikariPool-6 - Start completed.
2026-10-09T01:12:47.113+09:00  INFO [requestId:] 36459 --- [sc-reference-app] [           main] [                                                 ] org.flywaydb.core.FlywayExecutor         : Database: jdbc:h2:mem:kanban-sc-kanban-010-242420209327069299 (H2 2.3)
2026-10-09T01:12:47.114+09:00  INFO [requestId:] 36459 --- [sc-reference-app] [           main] [                                                 ] o.f.c.i.s.JdbcTableSchemaHistory         : Schema history table "PUBLIC"."flyway_schema_history" does not exist yet
2026-10-09T01:12:47.114+09:00  INFO [requestId:] 36459 --- [sc-reference-app] [           main] [                                                 ] o.f.core.internal.command.DbValidate     : Successfully validated 5 migrations (execution time 00:00.000s)
2026-10-09T01:12:47.114+09:00  INFO [requestId:] 36459 --- [sc-reference-app] [           main] [                                                 ] o.f.c.i.s.JdbcTableSchemaHistory         : Creating Schema History table "PUBLIC"."flyway_schema_history" ...
2026-10-09T01:12:47.115+09:00  INFO [requestId:] 36459 --- [sc-reference-app] [           main] [                                                 ] o.f.core.internal.command.DbMigrate      : Current version of schema "PUBLIC": << Empty Schema >>
2026-10-09T01:12:47.116+09:00  INFO [requestId:] 36459 --- [sc-reference-app] [           main] [                                                 ] o.f.core.internal.command.DbMigrate      : Migrating schema "PUBLIC" to version "1 - example baseline"
2026-10-09T01:12:47.117+09:00  INFO [requestId:] 36459 --- [sc-reference-app] [           main] [                                                 ] o.f.core.internal.command.DbMigrate      : Migrating schema "PUBLIC" to version "2 - requirements baseline"
2026-10-09T01:12:47.118+09:00  INFO [requestId:] 36459 --- [sc-reference-app] [           main] [                                                 ] o.f.core.internal.command.DbMigrate      : Migrating schema "PUBLIC" to version "3 - security audit"
2026-10-09T01:12:47.119+09:00  INFO [requestId:] 36459 --- [sc-reference-app] [           main] [                                                 ] o.f.core.internal.command.DbMigrate      : Migrating schema "PUBLIC" to version "4 - media and files"
2026-10-09T01:12:47.121+09:00  INFO [requestId:] 36459 --- [sc-reference-app] [           main] [                                                 ] o.f.core.internal.command.DbMigrate      : Migrating schema "PUBLIC" to version "5 - kanban and documents"
2026-10-09T01:12:47.121+09:00  INFO [requestId:] 36459 --- [sc-reference-app] [           main] [                                                 ] o.f.core.internal.command.DbMigrate      : Successfully applied 5 migrations to schema "PUBLIC", now at version v5 (execution time 00:00.000s)
2026-10-09T01:12:47.126+09:00  INFO [requestId:] 36459 --- [sc-reference-app] [           main] [                                                 ] o.hibernate.jpa.internal.util.LogHelper  : HHH000204: Processing PersistenceUnitInfo [name: default]
2026-10-09T01:12:47.127+09:00  INFO [requestId:] 36459 --- [sc-reference-app] [           main] [                                                 ] o.h.c.internal.RegionFactoryInitiator    : HHH000026: Second-level cache disabled
2026-10-09T01:12:47.129+09:00  INFO [requestId:] 36459 --- [sc-reference-app] [           main] [                                                 ] o.s.o.j.p.SpringPersistenceUnitInfo      : No LoadTimeWeaver setup: ignoring JPA class transformer
2026-10-09T01:12:47.130+09:00  INFO [requestId:] 36459 --- [sc-reference-app] [           main] [                                                 ] org.hibernate.orm.connections.pooling    : HHH10001005: Database info:
	Database JDBC URL [Connecting through datasource 'HikariDataSource (HikariPool-6)']
	Database driver: undefined/unknown
	Database version: 2.3.232
	Autocommit mode: undefined/unknown
	Isolation level: undefined/unknown
	Minimum pool size: undefined/unknown
	Maximum pool size: undefined/unknown
2026-10-09T01:12:47.154+09:00  INFO [requestId:] 36459 --- [sc-reference-app] [           main] [                                                 ] o.h.e.t.j.p.i.JtaPlatformInitiator       : HHH000489: No JTA platform available (set 'hibernate.transaction.jta.platform' to enable JTA platform integration)
2026-10-09T01:12:47.155+09:00  INFO [requestId:] 36459 --- [sc-reference-app] [           main] [                                                 ] j.LocalContainerEntityManagerFactoryBean : Initialized JPA EntityManagerFactory for persistence unit 'default'
2026-10-09T01:12:47.224+09:00  INFO [requestId:] 36459 --- [sc-reference-app] [           main] [                                                 ] o.s.b.a.w.s.WelcomePageHandlerMapping    : Adding welcome page: class path resource [static/index.html]
2026-10-09T01:12:47.256+09:00  INFO [requestId:] 36459 --- [sc-reference-app] [           main] [                                                 ] r$InitializeUserDetailsManagerConfigurer : Global AuthenticationManager configured with UserDetailsService bean with name referenceUsers
2026-10-09T01:12:47.266+09:00  INFO [requestId:] 36459 --- [sc-reference-app] [           main] [                                                 ] o.s.b.a.e.web.EndpointLinksResolver      : Exposing 1 endpoint beneath base path '/actuator'
2026-10-09T01:12:47.279+09:00  INFO [requestId:] 36459 --- [sc-reference-app] [           main] [                                                 ] o.s.b.t.m.w.SpringBootMockServletContext : Initializing Spring TestDispatcherServlet ''
2026-10-09T01:12:47.279+09:00  INFO [requestId:] 36459 --- [sc-reference-app] [           main] [                                                 ] o.s.t.web.servlet.TestDispatcherServlet  : Initializing Servlet ''
2026-10-09T01:12:47.279+09:00  INFO [requestId:] 36459 --- [sc-reference-app] [           main] [                                                 ] o.s.t.web.servlet.TestDispatcherServlet  : Completed initialization in 0 ms
2026-10-09T01:12:47.290+09:00  INFO [requestId:] 36459 --- [sc-reference-app] [           main] [                                                 ] d.s.r.notices.NoticeIntegrationTest      : Started NoticeIntegrationTest in 0.305 seconds (process running for 19.024)
[INFO] Tests run: 5, Failures: 0, Errors: 0, Skipped: 0, Time elapsed: 2.050 s -- in dev.scframework.reference.notices.NoticeIntegrationTest
[INFO] Running dev.scframework.reference.audit.AuditSinkFailureHttpTest
2026-10-09T01:12:49.032+09:00  INFO [requestId:] 36459 --- [sc-reference-app] [           main] [                                                 ] t.c.s.AnnotationConfigContextLoaderUtils : Could not detect default configuration classes for test class [dev.scframework.reference.audit.AuditSinkFailureHttpTest]: AuditSinkFailureHttpTest does not declare any static, non-private, non-final, nested classes annotated with @Configuration.
2026-10-09T01:12:49.038+09:00  INFO [requestId:] 36459 --- [sc-reference-app] [           main] [                                                 ] .b.t.c.SpringBootTestContextBootstrapper : Found @SpringBootConfiguration dev.scframework.reference.ReferenceApplication for test class dev.scframework.reference.audit.AuditSinkFailureHttpTest

  .   ____          _            __ _ _
 /\\ / ___'_ __ _ _(_)_ __  __ _ \ \ \ \
( ( )\___ | '_ | '_| | '_ \/ _` | \ \ \ \
 \\/  ___)| |_)| | | | | || (_| |  ) ) ) )
  '  |____| .__|_| |_|_| |_\__, | / / / /
 =========|_|==============|___/=/_/_/_/

 :: Spring Boot ::               (v3.5.16)

2026-10-09T01:12:49.050+09:00  INFO [requestId:] 36459 --- [sc-reference-app] [           main] [                                                 ] d.s.r.audit.AuditSinkFailureHttpTest     : Starting AuditSinkFailureHttpTest using Java 21.0.11 with PID 36459 (started by dk in /Users/dk/Work/ScFramework/backend/reference-app)
2026-10-09T01:12:49.050+09:00  INFO [requestId:] 36459 --- [sc-reference-app] [           main] [                                                 ] d.s.r.audit.AuditSinkFailureHttpTest     : No active profile set, falling back to 1 default profile: "default"
2026-10-09T01:12:49.132+09:00  INFO [requestId:] 36459 --- [sc-reference-app] [           main] [                                                 ] .s.d.r.c.RepositoryConfigurationDelegate : Bootstrapping Spring Data JPA repositories in DEFAULT mode.
2026-10-09T01:12:49.144+09:00  INFO [requestId:] 36459 --- [sc-reference-app] [           main] [                                                 ] .s.d.r.c.RepositoryConfigurationDelegate : Finished Spring Data repository scanning in 11 ms. Found 18 JPA repository interfaces.
2026-10-09T01:12:49.156+09:00  INFO [requestId:] 36459 --- [sc-reference-app] [           main] [                                                 ] o.s.cloud.context.scope.GenericScope     : BeanFactory id=3e743ba2-ddd6-34c9-a3a8-83543fd54d09
2026-10-09T01:12:49.380+09:00  INFO [requestId:] 36459 --- [sc-reference-app] [           main] [                                                 ] com.zaxxer.hikari.HikariDataSource       : HikariPool-7 - Starting...
2026-10-09T01:12:49.382+09:00  INFO [requestId:] 36459 --- [sc-reference-app] [           main] [                                                 ] com.zaxxer.hikari.pool.HikariPool        : HikariPool-7 - Added connection conn52: url=jdbc:h2:mem:audit-http-sc-audit-http-14146182215229562993 user=SA
2026-10-09T01:12:49.382+09:00  INFO [requestId:] 36459 --- [sc-reference-app] [           main] [                                                 ] com.zaxxer.hikari.HikariDataSource       : HikariPool-7 - Start completed.
2026-10-09T01:12:49.384+09:00  INFO [requestId:] 36459 --- [sc-reference-app] [           main] [                                                 ] org.flywaydb.core.FlywayExecutor         : Database: jdbc:h2:mem:audit-http-sc-audit-http-14146182215229562993 (H2 2.3)
2026-10-09T01:12:49.389+09:00  INFO [requestId:] 36459 --- [sc-reference-app] [           main] [                                                 ] o.f.c.i.s.JdbcTableSchemaHistory         : Schema history table "PUBLIC"."flyway_schema_history" does not exist yet
2026-10-09T01:12:49.389+09:00  INFO [requestId:] 36459 --- [sc-reference-app] [           main] [                                                 ] o.f.core.internal.command.DbValidate     : Successfully validated 5 migrations (execution time 00:00.003s)
2026-10-09T01:12:49.390+09:00  INFO [requestId:] 36459 --- [sc-reference-app] [           main] [                                                 ] o.f.c.i.s.JdbcTableSchemaHistory         : Creating Schema History table "PUBLIC"."flyway_schema_history" ...
2026-10-09T01:12:49.396+09:00  INFO [requestId:] 36459 --- [sc-reference-app] [           main] [                                                 ] o.f.core.internal.command.DbMigrate      : Current version of schema "PUBLIC": << Empty Schema >>
2026-10-09T01:12:49.398+09:00  INFO [requestId:] 36459 --- [sc-reference-app] [           main] [                                                 ] o.f.core.internal.command.DbMigrate      : Migrating schema "PUBLIC" to version "1 - example baseline"
2026-10-09T01:12:49.404+09:00  INFO [requestId:] 36459 --- [sc-reference-app] [           main] [                                                 ] o.f.core.internal.command.DbMigrate      : Migrating schema "PUBLIC" to version "2 - requirements baseline"
2026-10-09T01:12:49.415+09:00  INFO [requestId:] 36459 --- [sc-reference-app] [           main] [                                                 ] o.f.core.internal.command.DbMigrate      : Migrating schema "PUBLIC" to version "3 - security audit"
2026-10-09T01:12:49.422+09:00  INFO [requestId:] 36459 --- [sc-reference-app] [           main] [                                                 ] o.f.core.internal.command.DbMigrate      : Migrating schema "PUBLIC" to version "4 - media and files"
2026-10-09T01:12:49.434+09:00  INFO [requestId:] 36459 --- [sc-reference-app] [           main] [                                                 ] o.f.core.internal.command.DbMigrate      : Migrating schema "PUBLIC" to version "5 - kanban and documents"
2026-10-09T01:12:49.439+09:00  INFO [requestId:] 36459 --- [sc-reference-app] [           main] [                                                 ] o.f.core.internal.command.DbMigrate      : Successfully applied 5 migrations to schema "PUBLIC", now at version v5 (execution time 00:00.021s)
2026-10-09T01:12:49.461+09:00  INFO [requestId:] 36459 --- [sc-reference-app] [           main] [                                                 ] o.hibernate.jpa.internal.util.LogHelper  : HHH000204: Processing PersistenceUnitInfo [name: default]
2026-10-09T01:12:49.465+09:00  INFO [requestId:] 36459 --- [sc-reference-app] [           main] [                                                 ] o.h.c.internal.RegionFactoryInitiator    : HHH000026: Second-level cache disabled
2026-10-09T01:12:49.472+09:00  INFO [requestId:] 36459 --- [sc-reference-app] [           main] [                                                 ] o.s.o.j.p.SpringPersistenceUnitInfo      : No LoadTimeWeaver setup: ignoring JPA class transformer
2026-10-09T01:12:49.474+09:00  INFO [requestId:] 36459 --- [sc-reference-app] [           main] [                                                 ] org.hibernate.orm.connections.pooling    : HHH10001005: Database info:
	Database JDBC URL [Connecting through datasource 'HikariDataSource (HikariPool-7)']
	Database driver: undefined/unknown
	Database version: 2.3.232
	Autocommit mode: undefined/unknown
	Isolation level: undefined/unknown
	Minimum pool size: undefined/unknown
	Maximum pool size: undefined/unknown
2026-10-09T01:12:49.555+09:00  INFO [requestId:] 36459 --- [sc-reference-app] [           main] [                                                 ] o.h.e.t.j.p.i.JtaPlatformInitiator       : HHH000489: No JTA platform available (set 'hibernate.transaction.jta.platform' to enable JTA platform integration)
2026-10-09T01:12:49.557+09:00  INFO [requestId:] 36459 --- [sc-reference-app] [           main] [                                                 ] j.LocalContainerEntityManagerFactoryBean : Initialized JPA EntityManagerFactory for persistence unit 'default'
2026-10-09T01:12:49.850+09:00  INFO [requestId:] 36459 --- [sc-reference-app] [           main] [                                                 ] o.s.b.a.w.s.WelcomePageHandlerMapping    : Adding welcome page: class path resource [static/index.html]
2026-10-09T01:12:49.938+09:00  INFO [requestId:] 36459 --- [sc-reference-app] [           main] [                                                 ] r$InitializeUserDetailsManagerConfigurer : Global AuthenticationManager configured with UserDetailsService bean with name referenceUsers
2026-10-09T01:12:49.977+09:00  INFO [requestId:] 36459 --- [sc-reference-app] [           main] [                                                 ] o.s.b.a.e.web.EndpointLinksResolver      : Exposing 1 endpoint beneath base path '/actuator'
2026-10-09T01:12:50.030+09:00  INFO [requestId:] 36459 --- [sc-reference-app] [           main] [                                                 ] o.s.b.t.m.w.SpringBootMockServletContext : Initializing Spring TestDispatcherServlet ''
2026-10-09T01:12:50.030+09:00  INFO [requestId:] 36459 --- [sc-reference-app] [           main] [                                                 ] o.s.t.web.servlet.TestDispatcherServlet  : Initializing Servlet ''
2026-10-09T01:12:50.031+09:00  INFO [requestId:] 36459 --- [sc-reference-app] [           main] [                                                 ] o.s.t.web.servlet.TestDispatcherServlet  : Completed initialization in 1 ms
2026-10-09T01:12:50.076+09:00  INFO [requestId:] 36459 --- [sc-reference-app] [           main] [                                                 ] d.s.r.audit.AuditSinkFailureHttpTest     : Started AuditSinkFailureHttpTest in 1.037 seconds (process running for 21.809)
2026-10-09T01:12:50.246+09:00  WARN [requestId:e3b24085-358e-44b9-9780-dc0bbf3b5e4c] 36459 --- [sc-reference-app] [           main] [                                                 ] d.s.a.audit.AuditWriteDiagnostics        : Security audit write failed; reasonCode=AUDIT_SINK_FAILURE
[INFO] Tests run: 1, Failures: 0, Errors: 0, Skipped: 0, Time elapsed: 1.223 s -- in dev.scframework.reference.audit.AuditSinkFailureHttpTest
[INFO] Running dev.scframework.reference.audit.AuditControllerTest
2026-10-09T01:12:50.257+09:00  INFO [requestId:] 36459 --- [sc-reference-app] [           main] [                                                 ] t.c.s.AnnotationConfigContextLoaderUtils : Could not detect default configuration classes for test class [dev.scframework.reference.audit.AuditControllerTest]: AuditControllerTest does not declare any static, non-private, non-final, nested classes annotated with @Configuration.
2026-10-09T01:12:50.258+09:00  INFO [requestId:] 36459 --- [sc-reference-app] [           main] [                                                 ] .b.t.c.SpringBootTestContextBootstrapper : Found @SpringBootConfiguration dev.scframework.reference.ReferenceApplication for test class dev.scframework.reference.audit.AuditControllerTest

  .   ____          _            __ _ _
 /\\ / ___'_ __ _ _(_)_ __  __ _ \ \ \ \
( ( )\___ | '_ | '_| | '_ \/ _` | \ \ \ \
 \\/  ___)| |_)| | | | | || (_| |  ) ) ) )
  '  |____| .__|_| |_|_| |_\__, | / / / /
 =========|_|==============|___/=/_/_/_/

 :: Spring Boot ::               (v3.5.16)

2026-10-09T01:12:50.281+09:00  INFO [requestId:] 36459 --- [sc-reference-app] [           main] [                                                 ] d.s.reference.audit.AuditControllerTest  : Starting AuditControllerTest using Java 21.0.11 with PID 36459 (started by dk in /Users/dk/Work/ScFramework/backend/reference-app)
2026-10-09T01:12:50.282+09:00  INFO [requestId:] 36459 --- [sc-reference-app] [           main] [                                                 ] d.s.reference.audit.AuditControllerTest  : The following 1 profile is active: "dev"
2026-10-09T01:12:50.595+09:00  INFO [requestId:] 36459 --- [sc-reference-app] [           main] [                                                 ] .s.d.r.c.RepositoryConfigurationDelegate : Bootstrapping Spring Data JPA repositories in DEFAULT mode.
2026-10-09T01:12:50.613+09:00  INFO [requestId:] 36459 --- [sc-reference-app] [           main] [                                                 ] .s.d.r.c.RepositoryConfigurationDelegate : Finished Spring Data repository scanning in 16 ms. Found 18 JPA repository interfaces.
2026-10-09T01:12:50.656+09:00  INFO [requestId:] 36459 --- [sc-reference-app] [           main] [                                                 ] o.s.cloud.context.scope.GenericScope     : BeanFactory id=e34d93b3-39c6-3ddb-919d-f6f7f97b975b
2026-10-09T01:12:50.786+09:00  INFO [requestId:] 36459 --- [sc-reference-app] [           main] [                                                 ] com.zaxxer.hikari.HikariDataSource       : HikariPool-8 - Starting...
2026-10-09T01:12:50.788+09:00  INFO [requestId:] 36459 --- [sc-reference-app] [           main] [                                                 ] com.zaxxer.hikari.pool.HikariPool        : HikariPool-8 - Added connection conn57: url=jdbc:h2:mem:reference-audit-sc-reference-audit-1568402099055119817 user=SA
2026-10-09T01:12:50.788+09:00  INFO [requestId:] 36459 --- [sc-reference-app] [           main] [                                                 ] com.zaxxer.hikari.HikariDataSource       : HikariPool-8 - Start completed.
2026-10-09T01:12:50.789+09:00  INFO [requestId:] 36459 --- [sc-reference-app] [           main] [                                                 ] org.flywaydb.core.FlywayExecutor         : Database: jdbc:h2:mem:reference-audit-sc-reference-audit-1568402099055119817 (H2 2.3)
2026-10-09T01:12:50.792+09:00  INFO [requestId:] 36459 --- [sc-reference-app] [           main] [                                                 ] o.f.c.i.s.JdbcTableSchemaHistory         : Schema history table "PUBLIC"."flyway_schema_history" does not exist yet
2026-10-09T01:12:50.792+09:00  INFO [requestId:] 36459 --- [sc-reference-app] [           main] [                                                 ] o.f.core.internal.command.DbValidate     : Successfully validated 5 migrations (execution time 00:00.001s)
2026-10-09T01:12:50.792+09:00  INFO [requestId:] 36459 --- [sc-reference-app] [           main] [                                                 ] o.f.c.i.s.JdbcTableSchemaHistory         : Creating Schema History table "PUBLIC"."flyway_schema_history" ...
2026-10-09T01:12:50.799+09:00  INFO [requestId:] 36459 --- [sc-reference-app] [           main] [                                                 ] o.f.core.internal.command.DbMigrate      : Current version of schema "PUBLIC": << Empty Schema >>
2026-10-09T01:12:50.800+09:00  INFO [requestId:] 36459 --- [sc-reference-app] [           main] [                                                 ] o.f.core.internal.command.DbMigrate      : Migrating schema "PUBLIC" to version "1 - example baseline"
2026-10-09T01:12:50.808+09:00  INFO [requestId:] 36459 --- [sc-reference-app] [           main] [                                                 ] o.f.core.internal.command.DbMigrate      : Migrating schema "PUBLIC" to version "2 - requirements baseline"
2026-10-09T01:12:50.816+09:00  INFO [requestId:] 36459 --- [sc-reference-app] [           main] [                                                 ] o.f.core.internal.command.DbMigrate      : Migrating schema "PUBLIC" to version "3 - security audit"
2026-10-09T01:12:50.822+09:00  INFO [requestId:] 36459 --- [sc-reference-app] [           main] [                                                 ] o.f.core.internal.command.DbMigrate      : Migrating schema "PUBLIC" to version "4 - media and files"
2026-10-09T01:12:50.836+09:00  INFO [requestId:] 36459 --- [sc-reference-app] [           main] [                                                 ] o.f.core.internal.command.DbMigrate      : Migrating schema "PUBLIC" to version "5 - kanban and documents"
2026-10-09T01:12:50.840+09:00  INFO [requestId:] 36459 --- [sc-reference-app] [           main] [                                                 ] o.f.core.internal.command.DbMigrate      : Successfully applied 5 migrations to schema "PUBLIC", now at version v5 (execution time 00:00.021s)
2026-10-09T01:12:50.854+09:00  INFO [requestId:] 36459 --- [sc-reference-app] [           main] [                                                 ] o.hibernate.jpa.internal.util.LogHelper  : HHH000204: Processing PersistenceUnitInfo [name: default]
2026-10-09T01:12:50.856+09:00  INFO [requestId:] 36459 --- [sc-reference-app] [           main] [                                                 ] o.h.c.internal.RegionFactoryInitiator    : HHH000026: Second-level cache disabled
2026-10-09T01:12:50.860+09:00  INFO [requestId:] 36459 --- [sc-reference-app] [           main] [                                                 ] o.s.o.j.p.SpringPersistenceUnitInfo      : No LoadTimeWeaver setup: ignoring JPA class transformer
2026-10-09T01:12:50.861+09:00  INFO [requestId:] 36459 --- [sc-reference-app] [           main] [                                                 ] org.hibernate.orm.connections.pooling    : HHH10001005: Database info:
	Database JDBC URL [Connecting through datasource 'HikariDataSource (HikariPool-8)']
	Database driver: undefined/unknown
	Database version: 2.3.232
	Autocommit mode: undefined/unknown
	Isolation level: undefined/unknown
	Minimum pool size: undefined/unknown
	Maximum pool size: undefined/unknown
2026-10-09T01:12:50.939+09:00  INFO [requestId:] 36459 --- [sc-reference-app] [           main] [                                                 ] o.h.e.t.j.p.i.JtaPlatformInitiator       : HHH000489: No JTA platform available (set 'hibernate.transaction.jta.platform' to enable JTA platform integration)
2026-10-09T01:12:50.941+09:00  INFO [requestId:] 36459 --- [sc-reference-app] [           main] [                                                 ] j.LocalContainerEntityManagerFactoryBean : Initialized JPA EntityManagerFactory for persistence unit 'default'
2026-10-09T01:12:51.268+09:00  INFO [requestId:] 36459 --- [sc-reference-app] [           main] [                                                 ] o.s.b.a.w.s.WelcomePageHandlerMapping    : Adding welcome page: class path resource [static/index.html]
2026-10-09T01:12:51.340+09:00  INFO [requestId:] 36459 --- [sc-reference-app] [           main] [                                                 ] r$InitializeUserDetailsManagerConfigurer : Global AuthenticationManager configured with UserDetailsService bean with name referenceUsers
2026-10-09T01:12:51.384+09:00  INFO [requestId:] 36459 --- [sc-reference-app] [           main] [                                                 ] o.s.b.a.e.web.EndpointLinksResolver      : Exposing 1 endpoint beneath base path '/actuator'
2026-10-09T01:12:51.460+09:00  INFO [requestId:] 36459 --- [sc-reference-app] [           main] [                                                 ] o.s.b.t.m.w.SpringBootMockServletContext : Initializing Spring TestDispatcherServlet ''
2026-10-09T01:12:51.460+09:00  INFO [requestId:] 36459 --- [sc-reference-app] [           main] [                                                 ] o.s.t.web.servlet.TestDispatcherServlet  : Initializing Servlet ''
2026-10-09T01:12:51.461+09:00  INFO [requestId:] 36459 --- [sc-reference-app] [           main] [                                                 ] o.s.t.web.servlet.TestDispatcherServlet  : Completed initialization in 1 ms
2026-10-09T01:12:51.499+09:00  INFO [requestId:] 36459 --- [sc-reference-app] [           main] [                                                 ] d.s.reference.audit.AuditControllerTest  : Started AuditControllerTest in 1.239 seconds (process running for 23.233)
2026-10-09T01:12:52.340+09:00  INFO [requestId:401150ee-ee0f-4579-a366-d91352a80cd9] 36459 --- [sc-reference-app] [           main] [                                                 ] o.springdoc.api.AbstractOpenApiResource  : Init duration for springdoc-openapi is: 648 ms
[INFO] Tests run: 4, Failures: 0, Errors: 0, Skipped: 0, Time elapsed: 2.257 s -- in dev.scframework.reference.audit.AuditControllerTest
[INFO] Running dev.scframework.reference.kanban.KanbanIntegrationTest
2026-10-09T01:12:52.518+09:00  INFO [requestId:] 36459 --- [sc-reference-app] [           main] [                                                 ] t.c.s.AnnotationConfigContextLoaderUtils : Could not detect default configuration classes for test class [dev.scframework.reference.kanban.KanbanIntegrationTest]: KanbanIntegrationTest does not declare any static, non-private, non-final, nested classes annotated with @Configuration.
2026-10-09T01:12:52.532+09:00  INFO [requestId:] 36459 --- [sc-reference-app] [           main] [                                                 ] .b.t.c.SpringBootTestContextBootstrapper : Found @SpringBootConfiguration dev.scframework.reference.ReferenceApplication for test class dev.scframework.reference.kanban.KanbanIntegrationTest
2026-10-09T01:12:56.217+09:00  WARN [requestId:fbfa2142-e54b-41ba-83bc-ad876f098d49] 36459 --- [sc-reference-app] [           main] [                                                 ] o.h.engine.jdbc.spi.SqlExceptionHelper   : SQL Error: 23513, SQLState: 23513
2026-10-09T01:12:56.218+09:00 ERROR [requestId:fbfa2142-e54b-41ba-83bc-ad876f098d49] 36459 --- [sc-reference-app] [           main] [                                                 ] o.h.engine.jdbc.spi.SqlExceptionHelper   : Check constraint violation: "SYNTHETIC_REJECT: "; SQL statement:
insert into kanban_task (assignee_id,author_id,board_id,command_sequence,completed_at,created_at,description,due_date,position,priority,revision,status,tags_json,title,updated_at,id) values (?,?,?,?,?,?,?,?,?,?,?,?,?,?,?,default) [23513-232]
[INFO] Tests run: 13, Failures: 0, Errors: 0, Skipped: 0, Time elapsed: 4.619 s -- in dev.scframework.reference.kanban.KanbanIntegrationTest
[INFO] Running dev.scframework.reference.ReferenceIntegrationTest
2026-10-09T01:12:57.137+09:00  INFO [requestId:] 36459 --- [sc-reference-app] [           main] [                                                 ] t.c.s.AnnotationConfigContextLoaderUtils : Could not detect default configuration classes for test class [dev.scframework.reference.ReferenceIntegrationTest]: ReferenceIntegrationTest does not declare any static, non-private, non-final, nested classes annotated with @Configuration.
2026-10-09T01:12:57.142+09:00  INFO [requestId:] 36459 --- [sc-reference-app] [           main] [                                                 ] .b.t.c.SpringBootTestContextBootstrapper : Found @SpringBootConfiguration dev.scframework.reference.ReferenceApplication for test class dev.scframework.reference.ReferenceIntegrationTest

  .   ____          _            __ _ _
 /\\ / ___'_ __ _ _(_)_ __  __ _ \ \ \ \
( ( )\___ | '_ | '_| | '_ \/ _` | \ \ \ \
 \\/  ___)| |_)| | | | | || (_| |  ) ) ) )
  '  |____| .__|_| |_|_| |_\__, | / / / /
 =========|_|==============|___/=/_/_/_/

 :: Spring Boot ::               (v3.5.16)

2026-10-09T01:12:57.173+09:00  INFO [requestId:] 36459 --- [sc-reference-app] [           main] [                                                 ] d.s.reference.ReferenceIntegrationTest   : Starting ReferenceIntegrationTest using Java 21.0.11 with PID 36459 (started by dk in /Users/dk/Work/ScFramework/backend/reference-app)
2026-10-09T01:12:57.173+09:00  INFO [requestId:] 36459 --- [sc-reference-app] [           main] [                                                 ] d.s.reference.ReferenceIntegrationTest   : The following 1 profile is active: "dev"
2026-10-09T01:12:57.283+09:00  INFO [requestId:] 36459 --- [sc-reference-app] [           main] [                                                 ] .s.d.r.c.RepositoryConfigurationDelegate : Bootstrapping Spring Data JPA repositories in DEFAULT mode.
2026-10-09T01:12:57.293+09:00  INFO [requestId:] 36459 --- [sc-reference-app] [           main] [                                                 ] .s.d.r.c.RepositoryConfigurationDelegate : Finished Spring Data repository scanning in 8 ms. Found 18 JPA repository interfaces.
2026-10-09T01:12:57.309+09:00  INFO [requestId:] 36459 --- [sc-reference-app] [           main] [                                                 ] o.s.cloud.context.scope.GenericScope     : BeanFactory id=d21b9900-0f71-339d-93a2-4ae2cc2b38a4
2026-10-09T01:12:57.380+09:00  INFO [requestId:] 36459 --- [sc-reference-app] [           main] [                                                 ] o.s.b.w.embedded.tomcat.TomcatWebServer  : Tomcat initialized with port 0 (http)
2026-10-09T01:12:57.387+09:00  INFO [requestId:] 36459 --- [sc-reference-app] [           main] [                                                 ] o.apache.catalina.core.StandardService   : Starting service [Tomcat]
2026-10-09T01:12:57.387+09:00  INFO [requestId:] 36459 --- [sc-reference-app] [           main] [                                                 ] o.apache.catalina.core.StandardEngine    : Starting Servlet engine: [Apache Tomcat/10.1.55]
2026-10-09T01:12:57.414+09:00  INFO [requestId:] 36459 --- [sc-reference-app] [           main] [                                                 ] o.a.c.c.C.[Tomcat].[localhost].[/]       : Initializing Spring embedded WebApplicationContext
2026-10-09T01:12:57.414+09:00  INFO [requestId:] 36459 --- [sc-reference-app] [           main] [                                                 ] w.s.c.ServletWebServerApplicationContext : Root WebApplicationContext: initialization completed in 240 ms
2026-10-09T01:12:57.450+09:00  INFO [requestId:] 36459 --- [sc-reference-app] [           main] [                                                 ] com.zaxxer.hikari.HikariDataSource       : HikariPool-9 - Starting...
2026-10-09T01:12:57.451+09:00  INFO [requestId:] 36459 --- [sc-reference-app] [           main] [                                                 ] com.zaxxer.hikari.pool.HikariPool        : HikariPool-9 - Added connection conn62: url=jdbc:h2:mem:reference-d3ea1c0e-d276-4f7c-aacf-71d036d6d7d6 user=SA
2026-10-09T01:12:57.451+09:00  INFO [requestId:] 36459 --- [sc-reference-app] [           main] [                                                 ] com.zaxxer.hikari.HikariDataSource       : HikariPool-9 - Start completed.
2026-10-09T01:12:57.452+09:00  INFO [requestId:] 36459 --- [sc-reference-app] [           main] [                                                 ] org.flywaydb.core.FlywayExecutor         : Database: jdbc:h2:mem:reference-d3ea1c0e-d276-4f7c-aacf-71d036d6d7d6 (H2 2.3)
2026-10-09T01:12:57.454+09:00  INFO [requestId:] 36459 --- [sc-reference-app] [           main] [                                                 ] o.f.c.i.s.JdbcTableSchemaHistory         : Schema history table "PUBLIC"."flyway_schema_history" does not exist yet
2026-10-09T01:12:57.454+09:00  INFO [requestId:] 36459 --- [sc-reference-app] [           main] [                                                 ] o.f.core.internal.command.DbValidate     : Successfully validated 5 migrations (execution time 00:00.001s)
2026-10-09T01:12:57.454+09:00  INFO [requestId:] 36459 --- [sc-reference-app] [           main] [                                                 ] o.f.c.i.s.JdbcTableSchemaHistory         : Creating Schema History table "PUBLIC"."flyway_schema_history" ...
2026-10-09T01:12:57.457+09:00  INFO [requestId:] 36459 --- [sc-reference-app] [           main] [                                                 ] o.f.core.internal.command.DbMigrate      : Current version of schema "PUBLIC": << Empty Schema >>
2026-10-09T01:12:57.457+09:00  INFO [requestId:] 36459 --- [sc-reference-app] [           main] [                                                 ] o.f.core.internal.command.DbMigrate      : Migrating schema "PUBLIC" to version "1 - example baseline"
2026-10-09T01:12:57.459+09:00  INFO [requestId:] 36459 --- [sc-reference-app] [           main] [                                                 ] o.f.core.internal.command.DbMigrate      : Migrating schema "PUBLIC" to version "2 - requirements baseline"
2026-10-09T01:12:57.462+09:00  INFO [requestId:] 36459 --- [sc-reference-app] [           main] [                                                 ] o.f.core.internal.command.DbMigrate      : Migrating schema "PUBLIC" to version "3 - security audit"
2026-10-09T01:12:57.464+09:00  INFO [requestId:] 36459 --- [sc-reference-app] [           main] [                                                 ] o.f.core.internal.command.DbMigrate      : Migrating schema "PUBLIC" to version "4 - media and files"
2026-10-09T01:12:57.468+09:00  INFO [requestId:] 36459 --- [sc-reference-app] [           main] [                                                 ] o.f.core.internal.command.DbMigrate      : Migrating schema "PUBLIC" to version "5 - kanban and documents"
2026-10-09T01:12:57.471+09:00  INFO [requestId:] 36459 --- [sc-reference-app] [           main] [                                                 ] o.f.core.internal.command.DbMigrate      : Successfully applied 5 migrations to schema "PUBLIC", now at version v5 (execution time 00:00.006s)
2026-10-09T01:12:57.477+09:00  INFO [requestId:] 36459 --- [sc-reference-app] [           main] [                                                 ] o.hibernate.jpa.internal.util.LogHelper  : HHH000204: Processing PersistenceUnitInfo [name: default]
2026-10-09T01:12:57.477+09:00  INFO [requestId:] 36459 --- [sc-reference-app] [           main] [                                                 ] o.h.c.internal.RegionFactoryInitiator    : HHH000026: Second-level cache disabled
2026-10-09T01:12:57.480+09:00  INFO [requestId:] 36459 --- [sc-reference-app] [           main] [                                                 ] o.s.o.j.p.SpringPersistenceUnitInfo      : No LoadTimeWeaver setup: ignoring JPA class transformer
2026-10-09T01:12:57.481+09:00  INFO [requestId:] 36459 --- [sc-reference-app] [           main] [                                                 ] org.hibernate.orm.connections.pooling    : HHH10001005: Database info:
	Database JDBC URL [Connecting through datasource 'HikariDataSource (HikariPool-9)']
	Database driver: undefined/unknown
	Database version: 2.3.232
	Autocommit mode: undefined/unknown
	Isolation level: undefined/unknown
	Minimum pool size: undefined/unknown
	Maximum pool size: undefined/unknown
2026-10-09T01:12:57.520+09:00  INFO [requestId:] 36459 --- [sc-reference-app] [           main] [                                                 ] o.h.e.t.j.p.i.JtaPlatformInitiator       : HHH000489: No JTA platform available (set 'hibernate.transaction.jta.platform' to enable JTA platform integration)
2026-10-09T01:12:57.521+09:00  INFO [requestId:] 36459 --- [sc-reference-app] [           main] [                                                 ] j.LocalContainerEntityManagerFactoryBean : Initialized JPA EntityManagerFactory for persistence unit 'default'
2026-10-09T01:12:57.595+09:00  INFO [requestId:] 36459 --- [sc-reference-app] [           main] [                                                 ] o.s.b.a.w.s.WelcomePageHandlerMapping    : Adding welcome page: class path resource [static/index.html]
2026-10-09T01:12:57.616+09:00  INFO [requestId:] 36459 --- [sc-reference-app] [           main] [                                                 ] r$InitializeUserDetailsManagerConfigurer : Global AuthenticationManager configured with UserDetailsService bean with name referenceUsers
2026-10-09T01:12:57.624+09:00  INFO [requestId:] 36459 --- [sc-reference-app] [           main] [                                                 ] o.s.b.a.e.web.EndpointLinksResolver      : Exposing 1 endpoint beneath base path '/actuator'
2026-10-09T01:12:57.643+09:00  INFO [requestId:] 36459 --- [sc-reference-app] [           main] [                                                 ] o.a.c.c.C.[Tomcat].[localhost].[/]       : Initializing Spring TestDispatcherServlet ''
2026-10-09T01:12:57.643+09:00  INFO [requestId:] 36459 --- [sc-reference-app] [           main] [                                                 ] o.s.t.web.servlet.TestDispatcherServlet  : Initializing Servlet ''
2026-10-09T01:12:57.643+09:00  INFO [requestId:] 36459 --- [sc-reference-app] [           main] [                                                 ] o.s.t.web.servlet.TestDispatcherServlet  : Completed initialization in 0 ms
2026-10-09T01:12:57.723+09:00  INFO [requestId:] 36459 --- [sc-reference-app] [           main] [                                                 ] o.s.b.w.embedded.tomcat.TomcatWebServer  : Tomcat started on port 60496 (http) with context path '/'
2026-10-09T01:12:57.729+09:00  INFO [requestId:] 36459 --- [sc-reference-app] [           main] [                                                 ] d.s.reference.ReferenceIntegrationTest   : Started ReferenceIntegrationTest in 0.574 seconds (process running for 29.463)
2026-10-09T01:12:57.957+09:00  INFO [requestId:e9e01860-2a81-4b2e-afb0-d9c89d968609] 36459 --- [sc-reference-app] [           main] [                                                 ] o.springdoc.api.AbstractOpenApiResource  : Init duration for springdoc-openapi is: 157 ms
[INFO] Tests run: 10, Failures: 0, Errors: 0, Skipped: 0, Time elapsed: 2.748 s -- in dev.scframework.reference.ReferenceIntegrationTest
[INFO] Running dev.scframework.reference.documents.DocumentIntegrationTest
2026-10-09T01:12:59.885+09:00  INFO [requestId:] 36459 --- [sc-reference-app] [           main] [                                                 ] t.c.s.AnnotationConfigContextLoaderUtils : Could not detect default configuration classes for test class [dev.scframework.reference.documents.DocumentIntegrationTest]: DocumentIntegrationTest does not declare any static, non-private, non-final, nested classes annotated with @Configuration.
2026-10-09T01:12:59.888+09:00  INFO [requestId:] 36459 --- [sc-reference-app] [           main] [                                                 ] .b.t.c.SpringBootTestContextBootstrapper : Found @SpringBootConfiguration dev.scframework.reference.ReferenceApplication for test class dev.scframework.reference.documents.DocumentIntegrationTest
[INFO] Tests run: 5, Failures: 0, Errors: 0, Skipped: 0, Time elapsed: 1.494 s -- in dev.scframework.reference.documents.DocumentIntegrationTest
[INFO] Running dev.scframework.reference.documents.DocumentGrammarTest
[INFO] Tests run: 6, Failures: 0, Errors: 0, Skipped: 0, Time elapsed: 0.053 s -- in dev.scframework.reference.documents.DocumentGrammarTest
[INFO] Running dev.scframework.reference.reports.RequirementReportIntegrationTest
2026-10-09T01:13:01.439+09:00  INFO [requestId:] 36459 --- [sc-reference-app] [           main] [                                                 ] .b.t.c.SpringBootTestContextBootstrapper : Found @SpringBootConfiguration dev.scframework.reference.ReferenceApplication for test class dev.scframework.reference.reports.RequirementReportIntegrationTest

  .   ____          _            __ _ _
 /\\ / ___'_ __ _ _(_)_ __  __ _ \ \ \ \
( ( )\___ | '_ | '_| | '_ \/ _` | \ \ \ \
 \\/  ___)| |_)| | | | | || (_| |  ) ) ) )
  '  |____| .__|_| |_|_| |_\__, | / / / /
 =========|_|==============|___/=/_/_/_/

 :: Spring Boot ::               (v3.5.16)

2026-10-09T01:13:01.459+09:00  INFO [requestId:] 36459 --- [sc-reference-app] [           main] [                                                 ] d.s.r.r.RequirementReportIntegrationTest : Starting RequirementReportIntegrationTest using Java 21.0.11 with PID 36459 (started by dk in /Users/dk/Work/ScFramework/backend/reference-app)
2026-10-09T01:13:01.460+09:00  INFO [requestId:] 36459 --- [sc-reference-app] [           main] [                                                 ] d.s.r.r.RequirementReportIntegrationTest : The following 1 profile is active: "dev"
2026-10-09T01:13:01.537+09:00  INFO [requestId:] 36459 --- [sc-reference-app] [           main] [                                                 ] .s.d.r.c.RepositoryConfigurationDelegate : Bootstrapping Spring Data JPA repositories in DEFAULT mode.
2026-10-09T01:13:01.545+09:00  INFO [requestId:] 36459 --- [sc-reference-app] [           main] [                                                 ] .s.d.r.c.RepositoryConfigurationDelegate : Finished Spring Data repository scanning in 7 ms. Found 18 JPA repository interfaces.
2026-10-09T01:13:01.556+09:00  INFO [requestId:] 36459 --- [sc-reference-app] [           main] [                                                 ] o.s.cloud.context.scope.GenericScope     : BeanFactory id=6071cfcb-0522-3786-8c79-9e1761b7afac
2026-10-09T01:13:01.573+09:00  INFO [requestId:] 36459 --- [sc-reference-app] [           main] [                                                 ] com.zaxxer.hikari.HikariDataSource       : HikariPool-10 - Starting...
2026-10-09T01:13:01.573+09:00  INFO [requestId:] 36459 --- [sc-reference-app] [           main] [                                                 ] com.zaxxer.hikari.pool.HikariPool        : HikariPool-10 - Added connection conn67: url=jdbc:h2:mem:reports-sc-report-009-1970513500931683132 user=SA
2026-10-09T01:13:01.574+09:00  INFO [requestId:] 36459 --- [sc-reference-app] [           main] [                                                 ] com.zaxxer.hikari.HikariDataSource       : HikariPool-10 - Start completed.
2026-10-09T01:13:01.574+09:00  INFO [requestId:] 36459 --- [sc-reference-app] [           main] [                                                 ] org.flywaydb.core.FlywayExecutor         : Database: jdbc:h2:mem:reports-sc-report-009-1970513500931683132 (H2 2.3)
2026-10-09T01:13:01.575+09:00  INFO [requestId:] 36459 --- [sc-reference-app] [           main] [                                                 ] o.f.c.i.s.JdbcTableSchemaHistory         : Schema history table "PUBLIC"."flyway_schema_history" does not exist yet
2026-10-09T01:13:01.576+09:00  INFO [requestId:] 36459 --- [sc-reference-app] [           main] [                                                 ] o.f.core.internal.command.DbValidate     : Successfully validated 5 migrations (execution time 00:00.000s)
2026-10-09T01:13:01.576+09:00  INFO [requestId:] 36459 --- [sc-reference-app] [           main] [                                                 ] o.f.c.i.s.JdbcTableSchemaHistory         : Creating Schema History table "PUBLIC"."flyway_schema_history" ...
2026-10-09T01:13:01.577+09:00  INFO [requestId:] 36459 --- [sc-reference-app] [           main] [                                                 ] o.f.core.internal.command.DbMigrate      : Current version of schema "PUBLIC": << Empty Schema >>
2026-10-09T01:13:01.578+09:00  INFO [requestId:] 36459 --- [sc-reference-app] [           main] [                                                 ] o.f.core.internal.command.DbMigrate      : Migrating schema "PUBLIC" to version "1 - example baseline"
2026-10-09T01:13:01.579+09:00  INFO [requestId:] 36459 --- [sc-reference-app] [           main] [                                                 ] o.f.core.internal.command.DbMigrate      : Migrating schema "PUBLIC" to version "2 - requirements baseline"
2026-10-09T01:13:01.581+09:00  INFO [requestId:] 36459 --- [sc-reference-app] [           main] [                                                 ] o.f.core.internal.command.DbMigrate      : Migrating schema "PUBLIC" to version "3 - security audit"
2026-10-09T01:13:01.582+09:00  INFO [requestId:] 36459 --- [sc-reference-app] [           main] [                                                 ] o.f.core.internal.command.DbMigrate      : Migrating schema "PUBLIC" to version "4 - media and files"
2026-10-09T01:13:01.585+09:00  INFO [requestId:] 36459 --- [sc-reference-app] [           main] [                                                 ] o.f.core.internal.command.DbMigrate      : Migrating schema "PUBLIC" to version "5 - kanban and documents"
2026-10-09T01:13:01.586+09:00  INFO [requestId:] 36459 --- [sc-reference-app] [           main] [                                                 ] o.f.core.internal.command.DbMigrate      : Successfully applied 5 migrations to schema "PUBLIC", now at version v5 (execution time 00:00.003s)
2026-10-09T01:13:01.591+09:00  INFO [requestId:] 36459 --- [sc-reference-app] [           main] [                                                 ] o.hibernate.jpa.internal.util.LogHelper  : HHH000204: Processing PersistenceUnitInfo [name: default]
2026-10-09T01:13:01.592+09:00  INFO [requestId:] 36459 --- [sc-reference-app] [           main] [                                                 ] o.h.c.internal.RegionFactoryInitiator    : HHH000026: Second-level cache disabled
2026-10-09T01:13:01.595+09:00  INFO [requestId:] 36459 --- [sc-reference-app] [           main] [                                                 ] o.s.o.j.p.SpringPersistenceUnitInfo      : No LoadTimeWeaver setup: ignoring JPA class transformer
2026-10-09T01:13:01.595+09:00  INFO [requestId:] 36459 --- [sc-reference-app] [           main] [                                                 ] org.hibernate.orm.connections.pooling    : HHH10001005: Database info:
	Database JDBC URL [Connecting through datasource 'HikariDataSource (HikariPool-10)']
	Database driver: undefined/unknown
	Database version: 2.3.232
	Autocommit mode: undefined/unknown
	Isolation level: undefined/unknown
	Minimum pool size: undefined/unknown
	Maximum pool size: undefined/unknown
2026-10-09T01:13:01.619+09:00  INFO [requestId:] 36459 --- [sc-reference-app] [           main] [                                                 ] o.h.e.t.j.p.i.JtaPlatformInitiator       : HHH000489: No JTA platform available (set 'hibernate.transaction.jta.platform' to enable JTA platform integration)
2026-10-09T01:13:01.620+09:00  INFO [requestId:] 36459 --- [sc-reference-app] [           main] [                                                 ] j.LocalContainerEntityManagerFactoryBean : Initialized JPA EntityManagerFactory for persistence unit 'default'
2026-10-09T01:13:01.688+09:00  INFO [requestId:] 36459 --- [sc-reference-app] [           main] [                                                 ] o.s.b.a.w.s.WelcomePageHandlerMapping    : Adding welcome page: class path resource [static/index.html]
2026-10-09T01:13:01.706+09:00  INFO [requestId:] 36459 --- [sc-reference-app] [           main] [                                                 ] r$InitializeUserDetailsManagerConfigurer : Global AuthenticationManager configured with UserDetailsService bean with name referenceUsers
2026-10-09T01:13:01.718+09:00  INFO [requestId:] 36459 --- [sc-reference-app] [           main] [                                                 ] o.s.b.a.e.web.EndpointLinksResolver      : Exposing 1 endpoint beneath base path '/actuator'
2026-10-09T01:13:01.735+09:00  INFO [requestId:] 36459 --- [sc-reference-app] [           main] [                                                 ] o.s.b.t.m.w.SpringBootMockServletContext : Initializing Spring TestDispatcherServlet ''
2026-10-09T01:13:01.735+09:00  INFO [requestId:] 36459 --- [sc-reference-app] [           main] [                                                 ] o.s.t.web.servlet.TestDispatcherServlet  : Initializing Servlet ''
2026-10-09T01:13:01.735+09:00  INFO [requestId:] 36459 --- [sc-reference-app] [           main] [                                                 ] o.s.t.web.servlet.TestDispatcherServlet  : Completed initialization in 0 ms
2026-10-09T01:13:01.746+09:00  INFO [requestId:] 36459 --- [sc-reference-app] [           main] [                                                 ] d.s.r.r.RequirementReportIntegrationTest : Started RequirementReportIntegrationTest in 0.3 seconds (process running for 33.48)
2026-10-09T01:13:03.923+09:00  INFO [requestId:543e1a65-ba9f-4070-a65c-5a8ddb511edc] 36459 --- [sc-reference-app] [           main] [                                                 ] o.springdoc.api.AbstractOpenApiResource  : Init duration for springdoc-openapi is: 126 ms
2026-10-09T01:13:04.518+09:00  INFO [requestId:] 36459 --- [sc-reference-app] [           main] [                                                 ] j.LocalContainerEntityManagerFactoryBean : Closing JPA EntityManagerFactory for persistence unit 'default'
2026-10-09T01:13:04.519+09:00  INFO [requestId:] 36459 --- [sc-reference-app] [           main] [                                                 ] com.zaxxer.hikari.HikariDataSource       : HikariPool-10 - Shutdown initiated...
2026-10-09T01:13:04.519+09:00  INFO [requestId:] 36459 --- [sc-reference-app] [           main] [                                                 ] com.zaxxer.hikari.HikariDataSource       : HikariPool-10 - Shutdown completed.
[INFO] Tests run: 10, Failures: 0, Errors: 0, Skipped: 0, Time elapsed: 3.087 s -- in dev.scframework.reference.reports.RequirementReportIntegrationTest
[INFO] Running dev.scframework.reference.media.ImageOrientationTest
[INFO] Tests run: 2, Failures: 0, Errors: 0, Skipped: 0, Time elapsed: 0.002 s -- in dev.scframework.reference.media.ImageOrientationTest
[INFO] Running dev.scframework.reference.media.MediaIntegrationTest
2026-10-09T01:13:04.528+09:00  INFO [requestId:] 36459 --- [sc-reference-app] [           main] [                                                 ] .b.t.c.SpringBootTestContextBootstrapper : Found @SpringBootConfiguration dev.scframework.reference.ReferenceApplication for test class dev.scframework.reference.media.MediaIntegrationTest

  .   ____          _            __ _ _
 /\\ / ___'_ __ _ _(_)_ __  __ _ \ \ \ \
( ( )\___ | '_ | '_| | '_ \/ _` | \ \ \ \
 \\/  ___)| |_)| | | | | || (_| |  ) ) ) )
  '  |____| .__|_| |_|_| |_\__, | / / / /
 =========|_|==============|___/=/_/_/_/

 :: Spring Boot ::               (v3.5.16)

2026-10-09T01:13:04.539+09:00  INFO [requestId:] 36459 --- [sc-reference-app] [           main] [                                                 ] d.s.r.media.MediaIntegrationTest         : Starting MediaIntegrationTest using Java 21.0.11 with PID 36459 (started by dk in /Users/dk/Work/ScFramework/backend/reference-app)
2026-10-09T01:13:04.539+09:00  INFO [requestId:] 36459 --- [sc-reference-app] [           main] [                                                 ] d.s.r.media.MediaIntegrationTest         : The following 1 profile is active: "dev"
2026-10-09T01:13:04.610+09:00  INFO [requestId:] 36459 --- [sc-reference-app] [           main] [                                                 ] .s.d.r.c.RepositoryConfigurationDelegate : Bootstrapping Spring Data JPA repositories in DEFAULT mode.
2026-10-09T01:13:04.617+09:00  INFO [requestId:] 36459 --- [sc-reference-app] [           main] [                                                 ] .s.d.r.c.RepositoryConfigurationDelegate : Finished Spring Data repository scanning in 6 ms. Found 18 JPA repository interfaces.
2026-10-09T01:13:04.627+09:00  INFO [requestId:] 36459 --- [sc-reference-app] [           main] [                                                 ] o.s.cloud.context.scope.GenericScope     : BeanFactory id=623d6a41-4561-33eb-a825-9edb9855eaff
2026-10-09T01:13:04.640+09:00  INFO [requestId:] 36459 --- [sc-reference-app] [           main] [                                                 ] com.zaxxer.hikari.HikariDataSource       : HikariPool-11 - Starting...
2026-10-09T01:13:04.641+09:00  INFO [requestId:] 36459 --- [sc-reference-app] [           main] [                                                 ] com.zaxxer.hikari.pool.HikariPool        : HikariPool-11 - Added connection conn72: url=jdbc:h2:mem:media-sc-media-tests-16815377385889770400 user=SA
2026-10-09T01:13:04.641+09:00  INFO [requestId:] 36459 --- [sc-reference-app] [           main] [                                                 ] com.zaxxer.hikari.HikariDataSource       : HikariPool-11 - Start completed.
2026-10-09T01:13:04.641+09:00  INFO [requestId:] 36459 --- [sc-reference-app] [           main] [                                                 ] org.flywaydb.core.FlywayExecutor         : Database: jdbc:h2:mem:media-sc-media-tests-16815377385889770400 (H2 2.3)
2026-10-09T01:13:04.642+09:00  INFO [requestId:] 36459 --- [sc-reference-app] [           main] [                                                 ] o.f.c.i.s.JdbcTableSchemaHistory         : Schema history table "PUBLIC"."flyway_schema_history" does not exist yet
2026-10-09T01:13:04.642+09:00  INFO [requestId:] 36459 --- [sc-reference-app] [           main] [                                                 ] o.f.core.internal.command.DbValidate     : Successfully validated 5 migrations (execution time 00:00.000s)
2026-10-09T01:13:04.642+09:00  INFO [requestId:] 36459 --- [sc-reference-app] [           main] [                                                 ] o.f.c.i.s.JdbcTableSchemaHistory         : Creating Schema History table "PUBLIC"."flyway_schema_history" ...
2026-10-09T01:13:04.643+09:00  INFO [requestId:] 36459 --- [sc-reference-app] [           main] [                                                 ] o.f.core.internal.command.DbMigrate      : Current version of schema "PUBLIC": << Empty Schema >>
2026-10-09T01:13:04.644+09:00  INFO [requestId:] 36459 --- [sc-reference-app] [           main] [                                                 ] o.f.core.internal.command.DbMigrate      : Migrating schema "PUBLIC" to version "1 - example baseline"
2026-10-09T01:13:04.645+09:00  INFO [requestId:] 36459 --- [sc-reference-app] [           main] [                                                 ] o.f.core.internal.command.DbMigrate      : Migrating schema "PUBLIC" to version "2 - requirements baseline"
2026-10-09T01:13:04.647+09:00  INFO [requestId:] 36459 --- [sc-reference-app] [           main] [                                                 ] o.f.core.internal.command.DbMigrate      : Migrating schema "PUBLIC" to version "3 - security audit"
2026-10-09T01:13:04.648+09:00  INFO [requestId:] 36459 --- [sc-reference-app] [           main] [                                                 ] o.f.core.internal.command.DbMigrate      : Migrating schema "PUBLIC" to version "4 - media and files"
2026-10-09T01:13:04.650+09:00  INFO [requestId:] 36459 --- [sc-reference-app] [           main] [                                                 ] o.f.core.internal.command.DbMigrate      : Migrating schema "PUBLIC" to version "5 - kanban and documents"
2026-10-09T01:13:04.652+09:00  INFO [requestId:] 36459 --- [sc-reference-app] [           main] [                                                 ] o.f.core.internal.command.DbMigrate      : Successfully applied 5 migrations to schema "PUBLIC", now at version v5 (execution time 00:00.003s)
2026-10-09T01:13:04.656+09:00  INFO [requestId:] 36459 --- [sc-reference-app] [           main] [                                                 ] o.hibernate.jpa.internal.util.LogHelper  : HHH000204: Processing PersistenceUnitInfo [name: default]
2026-10-09T01:13:04.657+09:00  INFO [requestId:] 36459 --- [sc-reference-app] [           main] [                                                 ] o.h.c.internal.RegionFactoryInitiator    : HHH000026: Second-level cache disabled
2026-10-09T01:13:04.659+09:00  INFO [requestId:] 36459 --- [sc-reference-app] [           main] [                                                 ] o.s.o.j.p.SpringPersistenceUnitInfo      : No LoadTimeWeaver setup: ignoring JPA class transformer
2026-10-09T01:13:04.659+09:00  INFO [requestId:] 36459 --- [sc-reference-app] [           main] [                                                 ] org.hibernate.orm.connections.pooling    : HHH10001005: Database info:
	Database JDBC URL [Connecting through datasource 'HikariDataSource (HikariPool-11)']
	Database driver: undefined/unknown
	Database version: 2.3.232
	Autocommit mode: undefined/unknown
	Isolation level: undefined/unknown
	Minimum pool size: undefined/unknown
	Maximum pool size: undefined/unknown
2026-10-09T01:13:04.681+09:00  INFO [requestId:] 36459 --- [sc-reference-app] [           main] [                                                 ] o.h.e.t.j.p.i.JtaPlatformInitiator       : HHH000489: No JTA platform available (set 'hibernate.transaction.jta.platform' to enable JTA platform integration)
2026-10-09T01:13:04.684+09:00  INFO [requestId:] 36459 --- [sc-reference-app] [           main] [                                                 ] j.LocalContainerEntityManagerFactoryBean : Initialized JPA EntityManagerFactory for persistence unit 'default'
2026-10-09T01:13:04.747+09:00  INFO [requestId:] 36459 --- [sc-reference-app] [           main] [                                                 ] o.s.b.a.w.s.WelcomePageHandlerMapping    : Adding welcome page: class path resource [static/index.html]
2026-10-09T01:13:04.764+09:00  INFO [requestId:] 36459 --- [sc-reference-app] [           main] [                                                 ] r$InitializeUserDetailsManagerConfigurer : Global AuthenticationManager configured with UserDetailsService bean with name referenceUsers
2026-10-09T01:13:04.773+09:00  INFO [requestId:] 36459 --- [sc-reference-app] [           main] [                                                 ] o.s.b.a.e.web.EndpointLinksResolver      : Exposing 1 endpoint beneath base path '/actuator'
2026-10-09T01:13:04.789+09:00  INFO [requestId:] 36459 --- [sc-reference-app] [           main] [                                                 ] o.s.b.t.m.w.SpringBootMockServletContext : Initializing Spring TestDispatcherServlet ''
2026-10-09T01:13:04.789+09:00  INFO [requestId:] 36459 --- [sc-reference-app] [           main] [                                                 ] o.s.t.web.servlet.TestDispatcherServlet  : Initializing Servlet ''
2026-10-09T01:13:04.789+09:00  INFO [requestId:] 36459 --- [sc-reference-app] [           main] [                                                 ] o.s.t.web.servlet.TestDispatcherServlet  : Completed initialization in 0 ms
2026-10-09T01:13:04.800+09:00  INFO [requestId:] 36459 --- [sc-reference-app] [           main] [                                                 ] d.s.r.media.MediaIntegrationTest         : Started MediaIntegrationTest in 0.271 seconds (process running for 36.534)
2026-10-09T01:13:07.976+09:00  WARN [requestId:f8a5320d-cbb2-4797-b755-4a8d379a2f7f] 36459 --- [sc-reference-app] [           main] [                                                 ] d.s.a.storage.FileStorageTransactions    : File storage cleanup failed; operational counter incremented
2026-10-09T01:13:09.335+09:00  INFO [requestId:864aef4c-dd15-4005-9768-703fc7ed275b] 36459 --- [sc-reference-app] [           main] [                                                 ] o.springdoc.api.AbstractOpenApiResource  : Init duration for springdoc-openapi is: 117 ms
[INFO] Tests run: 10, Failures: 0, Errors: 0, Skipped: 0, Time elapsed: 4.817 s -- in dev.scframework.reference.media.MediaIntegrationTest
[INFO] Running dev.scframework.reference.media.MediaMigrationTest
2026-10-09T01:13:09.344+09:00  INFO [requestId:] 36459 --- [sc-reference-app] [           main] [                                                 ] org.flywaydb.core.FlywayExecutor         : Database: jdbc:h2:file:/var/folders/8k/rv4bxj0115g929lrxwybv_r80000gn/T/junit-9953131317391216143/upgrade (H2 2.3)
2026-10-09T01:13:09.345+09:00  INFO [requestId:] 36459 --- [sc-reference-app] [           main] [                                                 ] o.f.c.i.s.JdbcTableSchemaHistory         : Schema history table "PUBLIC"."flyway_schema_history" does not exist yet
2026-10-09T01:13:09.345+09:00  INFO [requestId:] 36459 --- [sc-reference-app] [           main] [                                                 ] o.f.core.internal.command.DbValidate     : Successfully validated 5 migrations (execution time 00:00.000s)
2026-10-09T01:13:09.345+09:00  INFO [requestId:] 36459 --- [sc-reference-app] [           main] [                                                 ] o.f.c.i.s.JdbcTableSchemaHistory         : Creating Schema History table "PUBLIC"."flyway_schema_history" ...
2026-10-09T01:13:09.346+09:00  INFO [requestId:] 36459 --- [sc-reference-app] [           main] [                                                 ] o.f.core.internal.command.DbMigrate      : Current version of schema "PUBLIC": << Empty Schema >>
2026-10-09T01:13:09.347+09:00  INFO [requestId:] 36459 --- [sc-reference-app] [           main] [                                                 ] o.f.core.internal.command.DbMigrate      : Migrating schema "PUBLIC" to version "1 - example baseline"
2026-10-09T01:13:09.348+09:00  INFO [requestId:] 36459 --- [sc-reference-app] [           main] [                                                 ] o.f.core.internal.command.DbMigrate      : Migrating schema "PUBLIC" to version "2 - requirements baseline"
2026-10-09T01:13:09.350+09:00  INFO [requestId:] 36459 --- [sc-reference-app] [           main] [                                                 ] o.f.core.internal.command.DbMigrate      : Migrating schema "PUBLIC" to version "3 - security audit"
2026-10-09T01:13:09.350+09:00  INFO [requestId:] 36459 --- [sc-reference-app] [           main] [                                                 ] o.f.core.internal.command.DbMigrate      : Successfully applied 3 migrations to schema "PUBLIC", now at version v3 (execution time 00:00.001s)
2026-10-09T01:13:09.377+09:00  INFO [requestId:] 36459 --- [sc-reference-app] [           main] [                                                 ] org.flywaydb.core.FlywayExecutor         : Database: jdbc:h2:file:/var/folders/8k/rv4bxj0115g929lrxwybv_r80000gn/T/junit-9953131317391216143/upgrade (H2 2.3)
2026-10-09T01:13:09.378+09:00  INFO [requestId:] 36459 --- [sc-reference-app] [           main] [                                                 ] o.f.core.internal.command.DbValidate     : Successfully validated 5 migrations (execution time 00:00.001s)
2026-10-09T01:13:09.379+09:00  INFO [requestId:] 36459 --- [sc-reference-app] [           main] [                                                 ] o.f.core.internal.command.DbMigrate      : Current version of schema "PUBLIC": 3
2026-10-09T01:13:09.379+09:00  INFO [requestId:] 36459 --- [sc-reference-app] [           main] [                                                 ] o.f.core.internal.command.DbMigrate      : Migrating schema "PUBLIC" to version "4 - media and files"
2026-10-09T01:13:09.381+09:00  INFO [requestId:] 36459 --- [sc-reference-app] [           main] [                                                 ] o.f.core.internal.command.DbMigrate      : Successfully applied 1 migration to schema "PUBLIC", now at version v4 (execution time 00:00.001s)
2026-10-09T01:13:09.415+09:00  INFO [requestId:] 36459 --- [sc-reference-app] [           main] [                                                 ] org.flywaydb.core.FlywayExecutor         : Database: jdbc:h2:file:/var/folders/8k/rv4bxj0115g929lrxwybv_r80000gn/T/junit-9953131317391216143/upgrade (H2 2.3)
2026-10-09T01:13:09.417+09:00  INFO [requestId:] 36459 --- [sc-reference-app] [           main] [                                                 ] o.f.core.internal.command.DbValidate     : Successfully validated 5 migrations (execution time 00:00.001s)
2026-10-09T01:13:09.417+09:00  INFO [requestId:] 36459 --- [sc-reference-app] [           main] [                                                 ] o.f.core.internal.command.DbMigrate      : Current version of schema "PUBLIC": 4
2026-10-09T01:13:09.417+09:00  INFO [requestId:] 36459 --- [sc-reference-app] [           main] [                                                 ] o.f.core.internal.command.DbMigrate      : Schema "PUBLIC" is up to date. No migration necessary.
2026-10-09T01:13:09.431+09:00  INFO [requestId:] 36459 --- [sc-reference-app] [           main] [                                                 ] org.flywaydb.core.FlywayExecutor         : Database: jdbc:h2:file:/var/folders/8k/rv4bxj0115g929lrxwybv_r80000gn/T/junit-9953131317391216143/upgrade (H2 2.3)
2026-10-09T01:13:09.432+09:00  INFO [requestId:] 36459 --- [sc-reference-app] [           main] [                                                 ] o.f.core.internal.command.DbValidate     : Successfully validated 5 migrations (execution time 00:00.001s)
2026-10-09T01:13:09.445+09:00  INFO [requestId:] 36459 --- [sc-reference-app] [           main] [                                                 ] org.flywaydb.core.FlywayExecutor         : Database: jdbc:h2:file:/var/folders/8k/rv4bxj0115g929lrxwybv_r80000gn/T/junit-14255549130341232351/fresh (H2 2.3)
2026-10-09T01:13:09.446+09:00  INFO [requestId:] 36459 --- [sc-reference-app] [           main] [                                                 ] o.f.c.i.s.JdbcTableSchemaHistory         : Schema history table "PUBLIC"."flyway_schema_history" does not exist yet
2026-10-09T01:13:09.446+09:00  INFO [requestId:] 36459 --- [sc-reference-app] [           main] [                                                 ] o.f.core.internal.command.DbValidate     : Successfully validated 5 migrations (execution time 00:00.000s)
2026-10-09T01:13:09.446+09:00  INFO [requestId:] 36459 --- [sc-reference-app] [           main] [                                                 ] o.f.c.i.s.JdbcTableSchemaHistory         : Creating Schema History table "PUBLIC"."flyway_schema_history" ...
2026-10-09T01:13:09.446+09:00  INFO [requestId:] 36459 --- [sc-reference-app] [           main] [                                                 ] o.f.core.internal.command.DbMigrate      : Current version of schema "PUBLIC": << Empty Schema >>
2026-10-09T01:13:09.447+09:00  INFO [requestId:] 36459 --- [sc-reference-app] [           main] [                                                 ] o.f.core.internal.command.DbMigrate      : Migrating schema "PUBLIC" to version "1 - example baseline"
2026-10-09T01:13:09.447+09:00  INFO [requestId:] 36459 --- [sc-reference-app] [           main] [                                                 ] o.f.core.internal.command.DbMigrate      : Migrating schema "PUBLIC" to version "2 - requirements baseline"
2026-10-09T01:13:09.448+09:00  INFO [requestId:] 36459 --- [sc-reference-app] [           main] [                                                 ] o.f.core.internal.command.DbMigrate      : Migrating schema "PUBLIC" to version "3 - security audit"
2026-10-09T01:13:09.450+09:00  INFO [requestId:] 36459 --- [sc-reference-app] [           main] [                                                 ] o.f.core.internal.command.DbMigrate      : Migrating schema "PUBLIC" to version "4 - media and files"
2026-10-09T01:13:09.451+09:00  INFO [requestId:] 36459 --- [sc-reference-app] [           main] [                                                 ] o.f.core.internal.command.DbMigrate      : Successfully applied 4 migrations to schema "PUBLIC", now at version v4 (execution time 00:00.001s)
2026-10-09T01:13:09.469+09:00  INFO [requestId:] 36459 --- [sc-reference-app] [           main] [                                                 ] org.flywaydb.core.FlywayExecutor         : Database: jdbc:h2:file:/var/folders/8k/rv4bxj0115g929lrxwybv_r80000gn/T/junit-14255549130341232351/fresh (H2 2.3)
2026-10-09T01:13:09.471+09:00  INFO [requestId:] 36459 --- [sc-reference-app] [           main] [                                                 ] o.f.core.internal.command.DbValidate     : Successfully validated 5 migrations (execution time 00:00.000s)
[INFO] Tests run: 2, Failures: 0, Errors: 0, Skipped: 0, Time elapsed: 0.142 s -- in dev.scframework.reference.media.MediaMigrationTest
[INFO] 
[INFO] Results:
[INFO] 
[INFO] Tests run: 125, Failures: 0, Errors: 0, Skipped: 0
[INFO] 
[INFO] 
[INFO] --- jar:3.4.2:jar (default-jar) @ sc-reference-app ---
[INFO] Building jar: /Users/dk/Work/ScFramework/backend/reference-app/target/sc-reference-app.jar
[INFO] 
[INFO] --- spring-boot:3.5.16:repackage (repackage) @ sc-reference-app ---
[INFO] Replacing main artifact /Users/dk/Work/ScFramework/backend/reference-app/target/sc-reference-app.jar with repackaged archive, adding nested dependencies in BOOT-INF/.
[INFO] The original artifact has been renamed to /Users/dk/Work/ScFramework/backend/reference-app/target/sc-reference-app.jar.original
[INFO] 
[INFO] -------------------< dev.scframework:sc-starter-app >-------------------
[INFO] Building ScFramework minimal consumer app 0.3.0-SNAPSHOT           [6/6]
[INFO]   from starter-app/pom.xml
[INFO] --------------------------------[ jar ]---------------------------------
[INFO] 
[INFO] --- clean:3.4.1:clean (default-clean) @ sc-starter-app ---
[INFO] Deleting /Users/dk/Work/ScFramework/backend/starter-app/target
[INFO] 
[INFO] --- resources:3.3.1:resources (default-resources) @ sc-starter-app ---
[INFO] Copying 8 resources from src/main/resources to target/classes
[INFO] Copying 8 resources from ../../frontend/apps/starter-app/dist to target/classes/static
[INFO] 
[INFO] --- compiler:3.14.1:compile (default-compile) @ sc-starter-app ---
[INFO] Recompiling the module because of changed dependency.
[INFO] Compiling 11 source files with javac [debug parameters release 21] to target/classes
[INFO] 
[INFO] --- resources:3.3.1:testResources (default-testResources) @ sc-starter-app ---
[INFO] skip non existing resourceDirectory /Users/dk/Work/ScFramework/backend/starter-app/src/test/resources
[INFO] 
[INFO] --- compiler:3.14.1:testCompile (default-testCompile) @ sc-starter-app ---
[INFO] Recompiling the module because of changed dependency.
[INFO] Compiling 4 source files with javac [debug parameters release 21] to target/test-classes
[INFO] 
[INFO] --- surefire:3.5.6:test (default-test) @ sc-starter-app ---
[INFO] Using auto detected provider org.apache.maven.surefire.junitplatform.JUnitPlatformProvider
[INFO] 
[INFO] -------------------------------------------------------
[INFO]  T E S T S
[INFO] -------------------------------------------------------
[INFO] Running dev.scframework.starter.StarterOperationsIntegrationTest
01:13:11.046 [main] INFO org.springframework.test.context.support.AnnotationConfigContextLoaderUtils -- Could not detect default configuration classes for test class [dev.scframework.starter.StarterOperationsIntegrationTest]: StarterOperationsIntegrationTest does not declare any static, non-private, non-final, nested classes annotated with @Configuration.
01:13:11.092 [main] INFO org.springframework.boot.test.context.SpringBootTestContextBootstrapper -- Found @SpringBootConfiguration dev.scframework.starter.StarterApplication for test class dev.scframework.starter.StarterOperationsIntegrationTest

  .   ____          _            __ _ _
 /\\ / ___'_ __ _ _(_)_ __  __ _ \ \ \ \
( ( )\___ | '_ | '_| | '_ \/ _` | \ \ \ \
 \\/  ___)| |_)| | | | | || (_| |  ) ) ) )
  '  |____| .__|_| |_|_| |_\__, | / / / /
 =========|_|==============|___/=/_/_/_/

 :: Spring Boot ::               (v3.5.16)

2026-10-09T01:13:11.339+09:00  INFO [requestId:] 36979 --- [sc-starter-app] [           main] [                                                 ] d.s.s.StarterOperationsIntegrationTest   : Starting StarterOperationsIntegrationTest using Java 21.0.11 with PID 36979 (started by dk in /Users/dk/Work/ScFramework/backend/starter-app)
2026-10-09T01:13:11.341+09:00  INFO [requestId:] 36979 --- [sc-starter-app] [           main] [                                                 ] d.s.s.StarterOperationsIntegrationTest   : The following 1 profile is active: "dev"
2026-10-09T01:13:11.768+09:00  INFO [requestId:] 36979 --- [sc-starter-app] [           main] [                                                 ] .s.d.r.c.RepositoryConfigurationDelegate : Bootstrapping Spring Data JPA repositories in DEFAULT mode.
2026-10-09T01:13:11.775+09:00  INFO [requestId:] 36979 --- [sc-starter-app] [           main] [                                                 ] .s.d.r.c.RepositoryConfigurationDelegate : Finished Spring Data repository scanning in 2 ms. Found 0 JPA repository interfaces.
2026-10-09T01:13:11.823+09:00  WARN [requestId:] 36979 --- [sc-starter-app] [           main] [                                                 ] o.m.s.mapper.ClassPathMapperScanner      : No MyBatis mapper was found in '[dev.scframework.starter]' package. Please check your configuration.
2026-10-09T01:13:11.826+09:00  INFO [requestId:] 36979 --- [sc-starter-app] [           main] [                                                 ] o.s.cloud.context.scope.GenericScope     : BeanFactory id=0f091ad8-cfed-3d81-a903-b9cfedaa6490
2026-10-09T01:13:11.990+09:00  INFO [requestId:] 36979 --- [sc-starter-app] [           main] [                                                 ] com.zaxxer.hikari.HikariDataSource       : HikariPool-1 - Starting...
2026-10-09T01:13:12.048+09:00  INFO [requestId:] 36979 --- [sc-starter-app] [           main] [                                                 ] com.zaxxer.hikari.pool.HikariPool        : HikariPool-1 - Added connection conn0: url=jdbc:h2:mem:starter-ops-sc-starter-operations-15734097617200794817 user=SA
2026-10-09T01:13:12.049+09:00  INFO [requestId:] 36979 --- [sc-starter-app] [           main] [                                                 ] com.zaxxer.hikari.HikariDataSource       : HikariPool-1 - Start completed.
2026-10-09T01:13:12.065+09:00  INFO [requestId:] 36979 --- [sc-starter-app] [           main] [                                                 ] org.flywaydb.core.FlywayExecutor         : Database: jdbc:h2:mem:starter-ops-sc-starter-operations-15734097617200794817 (H2 2.3)
2026-10-09T01:13:12.075+09:00  INFO [requestId:] 36979 --- [sc-starter-app] [           main] [                                                 ] o.f.c.i.s.JdbcTableSchemaHistory         : Schema history table "PUBLIC"."flyway_schema_history" does not exist yet
2026-10-09T01:13:12.076+09:00  INFO [requestId:] 36979 --- [sc-starter-app] [           main] [                                                 ] o.f.core.internal.command.DbValidate     : Successfully validated 3 migrations (execution time 00:00.004s)
2026-10-09T01:13:12.078+09:00  INFO [requestId:] 36979 --- [sc-starter-app] [           main] [                                                 ] o.f.c.i.s.JdbcTableSchemaHistory         : Creating Schema History table "PUBLIC"."flyway_schema_history" ...
2026-10-09T01:13:12.091+09:00  INFO [requestId:] 36979 --- [sc-starter-app] [           main] [                                                 ] o.f.core.internal.command.DbMigrate      : Current version of schema "PUBLIC": << Empty Schema >>
2026-10-09T01:13:12.094+09:00  INFO [requestId:] 36979 --- [sc-starter-app] [           main] [                                                 ] o.f.core.internal.command.DbMigrate      : Migrating schema "PUBLIC" to version "1 - security audit"
2026-10-09T01:13:12.108+09:00  INFO [requestId:] 36979 --- [sc-starter-app] [           main] [                                                 ] o.f.core.internal.command.DbMigrate      : Migrating schema "PUBLIC" to version "2 - operations messages"
2026-10-09T01:13:12.116+09:00  INFO [requestId:] 36979 --- [sc-starter-app] [           main] [                                                 ] o.f.core.internal.command.DbMigrate      : Migrating schema "PUBLIC" to version "3 - operations scheduler browser"
2026-10-09T01:13:12.133+09:00  INFO [requestId:] 36979 --- [sc-starter-app] [           main] [                                                 ] o.f.core.internal.command.DbMigrate      : Successfully applied 3 migrations to schema "PUBLIC", now at version v3 (execution time 00:00.021s)
2026-10-09T01:13:12.164+09:00  INFO [requestId:] 36979 --- [sc-starter-app] [           main] [                                                 ] o.hibernate.jpa.internal.util.LogHelper  : HHH000204: Processing PersistenceUnitInfo [name: default]
2026-10-09T01:13:12.182+09:00  INFO [requestId:] 36979 --- [sc-starter-app] [           main] [                                                 ] org.hibernate.Version                    : HHH000412: Hibernate ORM core version 6.6.53.Final
2026-10-09T01:13:12.194+09:00  INFO [requestId:] 36979 --- [sc-starter-app] [           main] [                                                 ] o.h.c.internal.RegionFactoryInitiator    : HHH000026: Second-level cache disabled
2026-10-09T01:13:12.280+09:00  INFO [requestId:] 36979 --- [sc-starter-app] [           main] [                                                 ] o.s.o.j.p.SpringPersistenceUnitInfo      : No LoadTimeWeaver setup: ignoring JPA class transformer
2026-10-09T01:13:12.302+09:00  INFO [requestId:] 36979 --- [sc-starter-app] [           main] [                                                 ] org.hibernate.orm.connections.pooling    : HHH10001005: Database info:
	Database JDBC URL [Connecting through datasource 'HikariDataSource (HikariPool-1)']
	Database driver: undefined/unknown
	Database version: 2.3.232
	Autocommit mode: undefined/unknown
	Isolation level: undefined/unknown
	Minimum pool size: undefined/unknown
	Maximum pool size: undefined/unknown
2026-10-09T01:13:12.418+09:00  INFO [requestId:] 36979 --- [sc-starter-app] [           main] [                                                 ] o.h.e.t.j.p.i.JtaPlatformInitiator       : HHH000489: No JTA platform available (set 'hibernate.transaction.jta.platform' to enable JTA platform integration)
2026-10-09T01:13:12.420+09:00  INFO [requestId:] 36979 --- [sc-starter-app] [           main] [                                                 ] j.LocalContainerEntityManagerFactoryBean : Initialized JPA EntityManagerFactory for persistence unit 'default'
2026-10-09T01:13:12.553+09:00  INFO [requestId:] 36979 --- [sc-starter-app] [           main] [                                                 ] org.quartz.impl.StdSchedulerFactory      : Using default implementation for ThreadExecutor
2026-10-09T01:13:12.557+09:00  INFO [requestId:] 36979 --- [sc-starter-app] [           main] [                                                 ] org.quartz.core.SchedulerSignalerImpl    : Initialized Scheduler Signaller of type: class org.quartz.core.SchedulerSignalerImpl
2026-10-09T01:13:12.557+09:00  INFO [requestId:] 36979 --- [sc-starter-app] [           main] [                                                 ] org.quartz.core.QuartzScheduler          : Quartz Scheduler v2.5.2 created.
2026-10-09T01:13:12.558+09:00  INFO [requestId:] 36979 --- [sc-starter-app] [           main] [                                                 ] o.s.s.quartz.LocalDataSourceJobStore     : Using db table-based data access locking (synchronization).
2026-10-09T01:13:12.559+09:00  INFO [requestId:] 36979 --- [sc-starter-app] [           main] [                                                 ] o.s.s.quartz.LocalDataSourceJobStore     : JobStoreCMT initialized.
2026-10-09T01:13:12.559+09:00  INFO [requestId:] 36979 --- [sc-starter-app] [           main] [                                                 ] org.quartz.core.QuartzScheduler          : Scheduler meta-data: Quartz Scheduler (v2.5.2) 'sc-starter-test-sc-starter-operations-15734097617200794817' with instanceId 'NON_CLUSTERED'
  Scheduler class: 'org.quartz.core.QuartzScheduler' - running locally.
  NOT STARTED.
  Currently in standby mode.
  Number of jobs executed: 0
  Using thread pool 'org.quartz.simpl.SimpleThreadPool' - with 2 threads.
  Using job-store 'org.springframework.scheduling.quartz.LocalDataSourceJobStore' - which supports persistence. and is not clustered.

2026-10-09T01:13:12.559+09:00  INFO [requestId:] 36979 --- [sc-starter-app] [           main] [                                                 ] org.quartz.impl.StdSchedulerFactory      : Quartz scheduler 'sc-starter-test-sc-starter-operations-15734097617200794817' initialized from an externally provided properties instance.
2026-10-09T01:13:12.559+09:00  INFO [requestId:] 36979 --- [sc-starter-app] [           main] [                                                 ] org.quartz.impl.StdSchedulerFactory      : Quartz scheduler version: 2.5.2
2026-10-09T01:13:12.559+09:00  INFO [requestId:] 36979 --- [sc-starter-app] [           main] [                                                 ] org.quartz.core.QuartzScheduler          : JobFactory set to: dev.scframework.autoconfigure.ScSchedulerAutoConfiguration$$Lambda/0x0000007801913790@7cddc50f
2026-10-09T01:13:12.658+09:00  INFO [requestId:] 36979 --- [sc-starter-app] [           main] [                                                 ] o.s.b.a.w.s.WelcomePageHandlerMapping    : Adding welcome page: class path resource [static/index.html]
2026-10-09T01:13:12.845+09:00  INFO [requestId:] 36979 --- [sc-starter-app] [           main] [                                                 ] r$InitializeUserDetailsManagerConfigurer : Global AuthenticationManager configured with UserDetailsService bean with name starterUsers
2026-10-09T01:13:12.905+09:00  INFO [requestId:] 36979 --- [sc-starter-app] [           main] [                                                 ] o.s.b.a.e.web.EndpointLinksResolver      : Exposing 1 endpoint beneath base path '/actuator'
2026-10-09T01:13:13.061+09:00  INFO [requestId:] 36979 --- [sc-starter-app] [           main] [                                                 ] o.s.b.t.m.w.SpringBootMockServletContext : Initializing Spring TestDispatcherServlet ''
2026-10-09T01:13:13.061+09:00  INFO [requestId:] 36979 --- [sc-starter-app] [           main] [                                                 ] o.s.t.web.servlet.TestDispatcherServlet  : Initializing Servlet ''
2026-10-09T01:13:13.062+09:00  INFO [requestId:] 36979 --- [sc-starter-app] [           main] [                                                 ] o.s.t.web.servlet.TestDispatcherServlet  : Completed initialization in 0 ms
2026-10-09T01:13:13.106+09:00  INFO [requestId:] 36979 --- [sc-starter-app] [           main] [                                                 ] d.s.s.StarterOperationsIntegrationTest   : Started StarterOperationsIntegrationTest in 1.918 seconds (process running for 2.338)
Mockito is currently self-attaching to enable the inline-mock-maker. This will no longer work in future releases of the JDK. Please add Mockito as an agent to your build as described in Mockito's documentation: https://javadoc.io/doc/org.mockito/mockito-core/latest/org.mockito/org/mockito/Mockito.html#0.3
WARNING: A Java agent has been loaded dynamically (/Users/dk/.m2/repository/net/bytebuddy/byte-buddy-agent/1.17.8/byte-buddy-agent-1.17.8.jar)
WARNING: If a serviceability tool is in use, please run with -XX:+EnableDynamicAgentLoading to hide this warning
WARNING: If a serviceability tool is not in use, please run with -Djdk.instrument.traceUsage for more information
WARNING: Dynamic loading of agents will be disallowed by default in a future release
OpenJDK 64-Bit Server VM warning: Sharing is only supported for boot loader classes because bootstrap classpath has been appended
2026-10-09T01:13:13.614+09:00  INFO [requestId:] 36979 --- [sc-starter-app] [           main] [                                                 ] org.quartz.core.QuartzScheduler          : Scheduler sc-starter-test-sc-starter-operations-15734097617200794817_$_NON_CLUSTERED paused.
2026-10-09T01:13:13.662+09:00  INFO [requestId:] 36979 --- [sc-starter-app] [           main] [                                                 ] org.quartz.core.QuartzScheduler          : Scheduler sc-starter-test-sc-starter-operations-15734097617200794817_$_NON_CLUSTERED paused.
2026-10-09T01:13:13.703+09:00  INFO [requestId:] 36979 --- [sc-starter-app] [           main] [                                                 ] org.quartz.core.QuartzScheduler          : Scheduler sc-starter-test-sc-starter-operations-15734097617200794817_$_NON_CLUSTERED paused.
2026-10-09T01:13:13.823+09:00  INFO [requestId:ba522428-9080-4706-88e7-0738b2ff5056] 36979 --- [sc-starter-app] [           main] [                                                 ] o.springdoc.api.AbstractOpenApiResource  : Init duration for springdoc-openapi is: 114 ms
2026-10-09T01:13:13.843+09:00  INFO [requestId:] 36979 --- [sc-starter-app] [           main] [                                                 ] org.quartz.core.QuartzScheduler          : Scheduler sc-starter-test-sc-starter-operations-15734097617200794817_$_NON_CLUSTERED paused.
2026-10-09T01:13:13.870+09:00  INFO [requestId:] 36979 --- [sc-starter-app] [           main] [                                                 ] org.quartz.core.QuartzScheduler          : Scheduler sc-starter-test-sc-starter-operations-15734097617200794817_$_NON_CLUSTERED paused.
[INFO] Tests run: 5, Failures: 0, Errors: 0, Skipped: 0, Time elapsed: 2.908 s -- in dev.scframework.starter.StarterOperationsIntegrationTest
[INFO] Running dev.scframework.starter.StarterAuditConsumerTest
2026-10-09T01:13:13.898+09:00  INFO [requestId:] 36979 --- [sc-starter-app] [           main] [                                                 ] .b.t.c.SpringBootTestContextBootstrapper : Found @SpringBootConfiguration dev.scframework.starter.StarterApplication for test class dev.scframework.starter.StarterAuditConsumerTest

  .   ____          _            __ _ _
 /\\ / ___'_ __ _ _(_)_ __  __ _ \ \ \ \
( ( )\___ | '_ | '_| | '_ \/ _` | \ \ \ \
 \\/  ___)| |_)| | | | | || (_| |  ) ) ) )
  '  |____| .__|_| |_|_| |_\__, | / / / /
 =========|_|==============|___/=/_/_/_/

 :: Spring Boot ::               (v3.5.16)

2026-10-09T01:13:13.914+09:00  INFO [requestId:] 36979 --- [sc-starter-app] [           main] [                                                 ] d.s.starter.StarterAuditConsumerTest     : Starting StarterAuditConsumerTest using Java 21.0.11 with PID 36979 (started by dk in /Users/dk/Work/ScFramework/backend/starter-app)
2026-10-09T01:13:13.915+09:00  INFO [requestId:] 36979 --- [sc-starter-app] [           main] [                                                 ] d.s.starter.StarterAuditConsumerTest     : The following 1 profile is active: "audit"
2026-10-09T01:13:14.014+09:00  INFO [requestId:] 36979 --- [sc-starter-app] [           main] [                                                 ] .s.d.r.c.RepositoryConfigurationDelegate : Bootstrapping Spring Data JPA repositories in DEFAULT mode.
2026-10-09T01:13:14.016+09:00  INFO [requestId:] 36979 --- [sc-starter-app] [           main] [                                                 ] .s.d.r.c.RepositoryConfigurationDelegate : Finished Spring Data repository scanning in 1 ms. Found 0 JPA repository interfaces.
2026-10-09T01:13:14.028+09:00  WARN [requestId:] 36979 --- [sc-starter-app] [           main] [                                                 ] o.m.s.mapper.ClassPathMapperScanner      : No MyBatis mapper was found in '[dev.scframework.starter]' package. Please check your configuration.
2026-10-09T01:13:14.029+09:00  INFO [requestId:] 36979 --- [sc-starter-app] [           main] [                                                 ] o.s.cloud.context.scope.GenericScope     : BeanFactory id=f0bf85a9-422a-3467-ae97-d86008d2fe92
2026-10-09T01:13:14.046+09:00  INFO [requestId:] 36979 --- [sc-starter-app] [           main] [                                                 ] com.zaxxer.hikari.HikariDataSource       : HikariPool-2 - Starting...
2026-10-09T01:13:14.047+09:00  INFO [requestId:] 36979 --- [sc-starter-app] [           main] [                                                 ] com.zaxxer.hikari.pool.HikariPool        : HikariPool-2 - Added connection conn10: url=jdbc:h2:mem:starter-audit-sc-starter-audit-18353516816022491868 user=SA
2026-10-09T01:13:14.047+09:00  INFO [requestId:] 36979 --- [sc-starter-app] [           main] [                                                 ] com.zaxxer.hikari.HikariDataSource       : HikariPool-2 - Start completed.
2026-10-09T01:13:14.049+09:00  INFO [requestId:] 36979 --- [sc-starter-app] [           main] [                                                 ] org.flywaydb.core.FlywayExecutor         : Database: jdbc:h2:mem:starter-audit-sc-starter-audit-18353516816022491868 (H2 2.3)
2026-10-09T01:13:14.050+09:00  INFO [requestId:] 36979 --- [sc-starter-app] [           main] [                                                 ] o.f.c.i.s.JdbcTableSchemaHistory         : Schema history table "PUBLIC"."flyway_schema_history" does not exist yet
2026-10-09T01:13:14.050+09:00  INFO [requestId:] 36979 --- [sc-starter-app] [           main] [                                                 ] o.f.core.internal.command.DbValidate     : Successfully validated 1 migration (execution time 00:00.000s)
2026-10-09T01:13:14.050+09:00  INFO [requestId:] 36979 --- [sc-starter-app] [           main] [                                                 ] o.f.c.i.s.JdbcTableSchemaHistory         : Creating Schema History table "PUBLIC"."flyway_schema_history" ...
2026-10-09T01:13:14.053+09:00  INFO [requestId:] 36979 --- [sc-starter-app] [           main] [                                                 ] o.f.core.internal.command.DbMigrate      : Current version of schema "PUBLIC": << Empty Schema >>
2026-10-09T01:13:14.053+09:00  INFO [requestId:] 36979 --- [sc-starter-app] [           main] [                                                 ] o.f.core.internal.command.DbMigrate      : Migrating schema "PUBLIC" to version "1 - security audit"
2026-10-09T01:13:14.057+09:00  INFO [requestId:] 36979 --- [sc-starter-app] [           main] [                                                 ] o.f.core.internal.command.DbMigrate      : Successfully applied 1 migration to schema "PUBLIC", now at version v1 (execution time 00:00.002s)
2026-10-09T01:13:14.061+09:00  INFO [requestId:] 36979 --- [sc-starter-app] [           main] [                                                 ] o.hibernate.jpa.internal.util.LogHelper  : HHH000204: Processing PersistenceUnitInfo [name: default]
2026-10-09T01:13:14.062+09:00  INFO [requestId:] 36979 --- [sc-starter-app] [           main] [                                                 ] o.h.c.internal.RegionFactoryInitiator    : HHH000026: Second-level cache disabled
2026-10-09T01:13:14.065+09:00  INFO [requestId:] 36979 --- [sc-starter-app] [           main] [                                                 ] o.s.o.j.p.SpringPersistenceUnitInfo      : No LoadTimeWeaver setup: ignoring JPA class transformer
2026-10-09T01:13:14.066+09:00  INFO [requestId:] 36979 --- [sc-starter-app] [           main] [                                                 ] org.hibernate.orm.connections.pooling    : HHH10001005: Database info:
	Database JDBC URL [Connecting through datasource 'HikariDataSource (HikariPool-2)']
	Database driver: undefined/unknown
	Database version: 2.3.232
	Autocommit mode: undefined/unknown
	Isolation level: undefined/unknown
	Minimum pool size: undefined/unknown
	Maximum pool size: undefined/unknown
2026-10-09T01:13:14.072+09:00  INFO [requestId:] 36979 --- [sc-starter-app] [           main] [                                                 ] o.h.e.t.j.p.i.JtaPlatformInitiator       : HHH000489: No JTA platform available (set 'hibernate.transaction.jta.platform' to enable JTA platform integration)
2026-10-09T01:13:14.073+09:00  INFO [requestId:] 36979 --- [sc-starter-app] [           main] [                                                 ] j.LocalContainerEntityManagerFactoryBean : Initialized JPA EntityManagerFactory for persistence unit 'default'
2026-10-09T01:13:14.144+09:00  INFO [requestId:] 36979 --- [sc-starter-app] [           main] [                                                 ] o.s.b.a.w.s.WelcomePageHandlerMapping    : Adding welcome page: class path resource [static/index.html]
2026-10-09T01:13:14.168+09:00  INFO [requestId:] 36979 --- [sc-starter-app] [           main] [                                                 ] r$InitializeUserDetailsManagerConfigurer : Global AuthenticationManager configured with UserDetailsService bean with name starterUsers
2026-10-09T01:13:14.180+09:00  INFO [requestId:] 36979 --- [sc-starter-app] [           main] [                                                 ] o.s.b.a.e.web.EndpointLinksResolver      : Exposing 1 endpoint beneath base path '/actuator'
2026-10-09T01:13:14.201+09:00  INFO [requestId:] 36979 --- [sc-starter-app] [           main] [                                                 ] o.s.b.t.m.w.SpringBootMockServletContext : Initializing Spring TestDispatcherServlet ''
2026-10-09T01:13:14.201+09:00  INFO [requestId:] 36979 --- [sc-starter-app] [           main] [                                                 ] o.s.t.web.servlet.TestDispatcherServlet  : Initializing Servlet ''
2026-10-09T01:13:14.202+09:00  INFO [requestId:] 36979 --- [sc-starter-app] [           main] [                                                 ] o.s.t.web.servlet.TestDispatcherServlet  : Completed initialization in 1 ms
2026-10-09T01:13:14.216+09:00  INFO [requestId:] 36979 --- [sc-starter-app] [           main] [                                                 ] d.s.starter.StarterAuditConsumerTest     : Started StarterAuditConsumerTest in 0.316 seconds (process running for 3.448)
[INFO] Tests run: 2, Failures: 0, Errors: 0, Skipped: 0, Time elapsed: 0.587 s -- in dev.scframework.starter.StarterAuditConsumerTest
[INFO] Running dev.scframework.starter.StarterConsumerTest
2026-10-09T01:13:14.484+09:00  INFO [requestId:] 36979 --- [sc-starter-app] [           main] [                                                 ] t.c.s.AnnotationConfigContextLoaderUtils : Could not detect default configuration classes for test class [dev.scframework.starter.StarterConsumerTest]: StarterConsumerTest does not declare any static, non-private, non-final, nested classes annotated with @Configuration.
2026-10-09T01:13:14.485+09:00  INFO [requestId:] 36979 --- [sc-starter-app] [           main] [                                                 ] .b.t.c.SpringBootTestContextBootstrapper : Found @SpringBootConfiguration dev.scframework.starter.StarterApplication for test class dev.scframework.starter.StarterConsumerTest

  .   ____          _            __ _ _
 /\\ / ___'_ __ _ _(_)_ __  __ _ \ \ \ \
( ( )\___ | '_ | '_| | '_ \/ _` | \ \ \ \
 \\/  ___)| |_)| | | | | || (_| |  ) ) ) )
  '  |____| .__|_| |_|_| |_\__, | / / / /
 =========|_|==============|___/=/_/_/_/

 :: Spring Boot ::               (v3.5.16)

2026-10-09T01:13:14.498+09:00  INFO [requestId:] 36979 --- [sc-starter-app] [           main] [                                                 ] d.s.starter.StarterConsumerTest          : Starting StarterConsumerTest using Java 21.0.11 with PID 36979 (started by dk in /Users/dk/Work/ScFramework/backend/starter-app)
2026-10-09T01:13:14.498+09:00  INFO [requestId:] 36979 --- [sc-starter-app] [           main] [                                                 ] d.s.starter.StarterConsumerTest          : No active profile set, falling back to 1 default profile: "default"
2026-10-09T01:13:14.567+09:00  INFO [requestId:] 36979 --- [sc-starter-app] [           main] [                                                 ] .s.d.r.c.RepositoryConfigurationDelegate : Bootstrapping Spring Data JPA repositories in DEFAULT mode.
2026-10-09T01:13:14.569+09:00  INFO [requestId:] 36979 --- [sc-starter-app] [           main] [                                                 ] .s.d.r.c.RepositoryConfigurationDelegate : Finished Spring Data repository scanning in 0 ms. Found 0 JPA repository interfaces.
2026-10-09T01:13:14.577+09:00  WARN [requestId:] 36979 --- [sc-starter-app] [           main] [                                                 ] o.m.s.mapper.ClassPathMapperScanner      : No MyBatis mapper was found in '[dev.scframework.starter]' package. Please check your configuration.
2026-10-09T01:13:14.579+09:00  INFO [requestId:] 36979 --- [sc-starter-app] [           main] [                                                 ] o.s.cloud.context.scope.GenericScope     : BeanFactory id=ffe28e95-57ae-3458-a5d8-5955cf8a280a
2026-10-09T01:13:14.591+09:00  INFO [requestId:] 36979 --- [sc-starter-app] [           main] [                                                 ] o.hibernate.jpa.internal.util.LogHelper  : HHH000204: Processing PersistenceUnitInfo [name: default]
2026-10-09T01:13:14.591+09:00  INFO [requestId:] 36979 --- [sc-starter-app] [           main] [                                                 ] o.h.c.internal.RegionFactoryInitiator    : HHH000026: Second-level cache disabled
2026-10-09T01:13:14.594+09:00  INFO [requestId:] 36979 --- [sc-starter-app] [           main] [                                                 ] o.s.o.j.p.SpringPersistenceUnitInfo      : No LoadTimeWeaver setup: ignoring JPA class transformer
2026-10-09T01:13:14.594+09:00  INFO [requestId:] 36979 --- [sc-starter-app] [           main] [                                                 ] com.zaxxer.hikari.HikariDataSource       : HikariPool-3 - Starting...
2026-10-09T01:13:14.595+09:00  INFO [requestId:] 36979 --- [sc-starter-app] [           main] [                                                 ] com.zaxxer.hikari.pool.HikariPool        : HikariPool-3 - Added connection conn19: url=jdbc:h2:mem:starter-4975a838-a4eb-4b63-87eb-87dd536ea452 user=SA
2026-10-09T01:13:14.595+09:00  INFO [requestId:] 36979 --- [sc-starter-app] [           main] [                                                 ] com.zaxxer.hikari.HikariDataSource       : HikariPool-3 - Start completed.
2026-10-09T01:13:14.596+09:00  INFO [requestId:] 36979 --- [sc-starter-app] [           main] [                                                 ] org.hibernate.orm.connections.pooling    : HHH10001005: Database info:
	Database JDBC URL [Connecting through datasource 'HikariDataSource (HikariPool-3)']
	Database driver: undefined/unknown
	Database version: 2.3.232
	Autocommit mode: undefined/unknown
	Isolation level: undefined/unknown
	Minimum pool size: undefined/unknown
	Maximum pool size: undefined/unknown
2026-10-09T01:13:14.601+09:00  INFO [requestId:] 36979 --- [sc-starter-app] [           main] [                                                 ] o.h.e.t.j.p.i.JtaPlatformInitiator       : HHH000489: No JTA platform available (set 'hibernate.transaction.jta.platform' to enable JTA platform integration)
2026-10-09T01:13:14.601+09:00  INFO [requestId:] 36979 --- [sc-starter-app] [           main] [                                                 ] j.LocalContainerEntityManagerFactoryBean : Initialized JPA EntityManagerFactory for persistence unit 'default'
2026-10-09T01:13:14.669+09:00  INFO [requestId:] 36979 --- [sc-starter-app] [           main] [                                                 ] o.s.b.a.w.s.WelcomePageHandlerMapping    : Adding welcome page: class path resource [static/index.html]
2026-10-09T01:13:14.688+09:00  INFO [requestId:] 36979 --- [sc-starter-app] [           main] [                                                 ] r$InitializeUserDetailsManagerConfigurer : Global AuthenticationManager configured with UserDetailsService bean with name starterUsers
2026-10-09T01:13:14.697+09:00  INFO [requestId:] 36979 --- [sc-starter-app] [           main] [                                                 ] o.s.b.a.e.web.EndpointLinksResolver      : Exposing 1 endpoint beneath base path '/actuator'
2026-10-09T01:13:14.716+09:00  INFO [requestId:] 36979 --- [sc-starter-app] [           main] [                                                 ] o.s.b.t.m.w.SpringBootMockServletContext : Initializing Spring TestDispatcherServlet ''
2026-10-09T01:13:14.716+09:00  INFO [requestId:] 36979 --- [sc-starter-app] [           main] [                                                 ] o.s.t.web.servlet.TestDispatcherServlet  : Initializing Servlet ''
2026-10-09T01:13:14.717+09:00  INFO [requestId:] 36979 --- [sc-starter-app] [           main] [                                                 ] o.s.t.web.servlet.TestDispatcherServlet  : Completed initialization in 1 ms
2026-10-09T01:13:14.728+09:00  INFO [requestId:] 36979 --- [sc-starter-app] [           main] [                                                 ] d.s.starter.StarterConsumerTest          : Started StarterConsumerTest in 0.241 seconds (process running for 3.96)
[INFO] Tests run: 4, Failures: 0, Errors: 0, Skipped: 0, Time elapsed: 0.507 s -- in dev.scframework.starter.StarterConsumerTest
[INFO] Running dev.scframework.starter.StarterFileStorageConsumerTest
2026-10-09T01:13:14.993+09:00  INFO [requestId:] 36979 --- [sc-starter-app] [           main] [                                                 ] .b.t.c.SpringBootTestContextBootstrapper : Found @SpringBootConfiguration dev.scframework.starter.StarterApplication for test class dev.scframework.starter.StarterFileStorageConsumerTest

  .   ____          _            __ _ _
 /\\ / ___'_ __ _ _(_)_ __  __ _ \ \ \ \
( ( )\___ | '_ | '_| | '_ \/ _` | \ \ \ \
 \\/  ___)| |_)| | | | | || (_| |  ) ) ) )
  '  |____| .__|_| |_|_| |_\__, | / / / /
 =========|_|==============|___/=/_/_/_/

 :: Spring Boot ::               (v3.5.16)

2026-10-09T01:13:15.006+09:00  INFO [requestId:] 36979 --- [sc-starter-app] [           main] [                                                 ] d.s.s.StarterFileStorageConsumerTest     : Starting StarterFileStorageConsumerTest using Java 21.0.11 with PID 36979 (started by dk in /Users/dk/Work/ScFramework/backend/starter-app)
2026-10-09T01:13:15.006+09:00  INFO [requestId:] 36979 --- [sc-starter-app] [           main] [                                                 ] d.s.s.StarterFileStorageConsumerTest     : The following 1 profile is active: "file-storage"
2026-10-09T01:13:15.072+09:00  INFO [requestId:] 36979 --- [sc-starter-app] [           main] [                                                 ] .s.d.r.c.RepositoryConfigurationDelegate : Bootstrapping Spring Data JPA repositories in DEFAULT mode.
2026-10-09T01:13:15.074+09:00  INFO [requestId:] 36979 --- [sc-starter-app] [           main] [                                                 ] .s.d.r.c.RepositoryConfigurationDelegate : Finished Spring Data repository scanning in 0 ms. Found 0 JPA repository interfaces.
2026-10-09T01:13:15.082+09:00  WARN [requestId:] 36979 --- [sc-starter-app] [           main] [                                                 ] o.m.s.mapper.ClassPathMapperScanner      : No MyBatis mapper was found in '[dev.scframework.starter]' package. Please check your configuration.
2026-10-09T01:13:15.083+09:00  INFO [requestId:] 36979 --- [sc-starter-app] [           main] [                                                 ] o.s.cloud.context.scope.GenericScope     : BeanFactory id=a935fcf7-b503-3b3a-aaea-63f90b641a20
2026-10-09T01:13:15.096+09:00  INFO [requestId:] 36979 --- [sc-starter-app] [           main] [                                                 ] o.hibernate.jpa.internal.util.LogHelper  : HHH000204: Processing PersistenceUnitInfo [name: default]
2026-10-09T01:13:15.097+09:00  INFO [requestId:] 36979 --- [sc-starter-app] [           main] [                                                 ] o.h.c.internal.RegionFactoryInitiator    : HHH000026: Second-level cache disabled
2026-10-09T01:13:15.099+09:00  INFO [requestId:] 36979 --- [sc-starter-app] [           main] [                                                 ] o.s.o.j.p.SpringPersistenceUnitInfo      : No LoadTimeWeaver setup: ignoring JPA class transformer
2026-10-09T01:13:15.099+09:00  INFO [requestId:] 36979 --- [sc-starter-app] [           main] [                                                 ] com.zaxxer.hikari.HikariDataSource       : HikariPool-4 - Starting...
2026-10-09T01:13:15.100+09:00  INFO [requestId:] 36979 --- [sc-starter-app] [           main] [                                                 ] com.zaxxer.hikari.pool.HikariPool        : HikariPool-4 - Added connection conn27: url=jdbc:h2:mem:starter-files-sc-starter-files-3015863968597767116 user=SA
2026-10-09T01:13:15.100+09:00  INFO [requestId:] 36979 --- [sc-starter-app] [           main] [                                                 ] com.zaxxer.hikari.HikariDataSource       : HikariPool-4 - Start completed.
2026-10-09T01:13:15.100+09:00  INFO [requestId:] 36979 --- [sc-starter-app] [           main] [                                                 ] org.hibernate.orm.connections.pooling    : HHH10001005: Database info:
	Database JDBC URL [Connecting through datasource 'HikariDataSource (HikariPool-4)']
	Database driver: undefined/unknown
	Database version: 2.3.232
	Autocommit mode: undefined/unknown
	Isolation level: undefined/unknown
	Minimum pool size: undefined/unknown
	Maximum pool size: undefined/unknown
2026-10-09T01:13:15.105+09:00  INFO [requestId:] 36979 --- [sc-starter-app] [           main] [                                                 ] o.h.e.t.j.p.i.JtaPlatformInitiator       : HHH000489: No JTA platform available (set 'hibernate.transaction.jta.platform' to enable JTA platform integration)
2026-10-09T01:13:15.105+09:00  INFO [requestId:] 36979 --- [sc-starter-app] [           main] [                                                 ] j.LocalContainerEntityManagerFactoryBean : Initialized JPA EntityManagerFactory for persistence unit 'default'
2026-10-09T01:13:15.235+09:00  INFO [requestId:] 36979 --- [sc-starter-app] [           main] [                                                 ] o.s.b.a.w.s.WelcomePageHandlerMapping    : Adding welcome page: class path resource [static/index.html]
2026-10-09T01:13:15.254+09:00  INFO [requestId:] 36979 --- [sc-starter-app] [           main] [                                                 ] eAuthenticationProviderManagerConfigurer : Global AuthenticationManager configured with AuthenticationProvider bean with name syntheticAuthenticationProvider
2026-10-09T01:13:15.255+09:00  WARN [requestId:] 36979 --- [sc-starter-app] [           main] [                                                 ] r$InitializeUserDetailsManagerConfigurer : Global AuthenticationManager configured with an AuthenticationProvider bean. UserDetailsService beans will not be used by Spring Security for automatically configuring username/password login. Consider removing the AuthenticationProvider bean. Alternatively, consider using the UserDetailsService in a manually instantiated DaoAuthenticationProvider. If the current configuration is intentional, to turn off this warning, increase the logging level of 'org.springframework.security.config.annotation.authentication.configuration.InitializeUserDetailsBeanManagerConfigurer' to ERROR
2026-10-09T01:13:15.263+09:00  INFO [requestId:] 36979 --- [sc-starter-app] [           main] [                                                 ] o.s.b.a.e.web.EndpointLinksResolver      : Exposing 1 endpoint beneath base path '/actuator'
2026-10-09T01:13:15.280+09:00  INFO [requestId:] 36979 --- [sc-starter-app] [           main] [                                                 ] o.s.b.t.m.w.SpringBootMockServletContext : Initializing Spring TestDispatcherServlet ''
2026-10-09T01:13:15.280+09:00  INFO [requestId:] 36979 --- [sc-starter-app] [           main] [                                                 ] o.s.t.web.servlet.TestDispatcherServlet  : Initializing Servlet ''
2026-10-09T01:13:15.280+09:00  INFO [requestId:] 36979 --- [sc-starter-app] [           main] [                                                 ] o.s.t.web.servlet.TestDispatcherServlet  : Completed initialization in 0 ms
2026-10-09T01:13:15.291+09:00  INFO [requestId:] 36979 --- [sc-starter-app] [           main] [                                                 ] d.s.s.StarterFileStorageConsumerTest     : Started StarterFileStorageConsumerTest in 0.297 seconds (process running for 4.523)
[INFO] Tests run: 2, Failures: 0, Errors: 0, Skipped: 0, Time elapsed: 0.567 s -- in dev.scframework.starter.StarterFileStorageConsumerTest
[INFO] 
[INFO] Results:
[INFO] 
[INFO] Tests run: 13, Failures: 0, Errors: 0, Skipped: 0
[INFO] 
[INFO] 
[INFO] --- jar:3.4.2:jar (default-jar) @ sc-starter-app ---
[INFO] Building jar: /Users/dk/Work/ScFramework/backend/starter-app/target/sc-starter-app.jar
[INFO] 
[INFO] --- spring-boot:3.5.16:repackage (repackage) @ sc-starter-app ---
[INFO] Replacing main artifact /Users/dk/Work/ScFramework/backend/starter-app/target/sc-starter-app.jar with repackaged archive, adding nested dependencies in BOOT-INF/.
[INFO] The original artifact has been renamed to /Users/dk/Work/ScFramework/backend/starter-app/target/sc-starter-app.jar.original
[INFO] ------------------------------------------------------------------------
[INFO] Reactor Summary for ScFramework backend 0.3.0-SNAPSHOT:
[INFO] 
[INFO] ScFramework backend ................................ SUCCESS [  0.045 s]
[INFO] ScFramework core contracts ......................... SUCCESS [  1.179 s]
[INFO] ScFramework auto configuration ..................... SUCCESS [  3.616 s]
[INFO] ScFramework Spring Boot Starter .................... SUCCESS [  0.077 s]
[INFO] ScFramework neutral reference app .................. SUCCESS [ 44.304 s]
[INFO] ScFramework minimal consumer app ................... SUCCESS [  5.572 s]
[INFO] ------------------------------------------------------------------------
[INFO] BUILD SUCCESS
[INFO] ------------------------------------------------------------------------
[INFO] Total time:  54.962 s
[INFO] Finished at: 2026-10-09T01:13:15+09:00
[INFO] ------------------------------------------------------------------------
통합 빌드 완료: reference-app과 starter-app의 실행 JAR를 생성했습니다.
