[INFO] Scanning for projects...
[INFO] ------------------------------------------------------------------------
[INFO] Reactor Build Order:
[INFO] 
[INFO] ScFramework backend                                                [pom]
[INFO] ScFramework core contracts                                         [jar]
[INFO] ScFramework auto configuration                                     [jar]
[INFO] ScFramework Spring Boot Starter                                    [jar]
[INFO] ScFramework neutral reference app                                  [jar]
[INFO] ScFramework minimal consumer app                                   [jar]
[INFO] 
[INFO] ----------------< dev.scframework:sc-framework-parent >-----------------
[INFO] Building ScFramework backend 0.1.0-SNAPSHOT                        [1/6]
[INFO]   from pom.xml
[INFO] --------------------------------[ pom ]---------------------------------
[INFO] 
[INFO] -------------------< dev.scframework:framework-core >-------------------
[INFO] Building ScFramework core contracts 0.1.0-SNAPSHOT                 [2/6]
[INFO]   from framework-core/pom.xml
[INFO] --------------------------------[ jar ]---------------------------------
[INFO] 
[INFO] --- resources:3.3.1:resources (default-resources) @ framework-core ---
[INFO] skip non existing resourceDirectory /Users/dk/Work/ScFramework/backend/framework-core/src/main/resources
[INFO] skip non existing resourceDirectory /Users/dk/Work/ScFramework/backend/framework-core/src/main/resources
[INFO] 
[INFO] --- compiler:3.14.1:compile (default-compile) @ framework-core ---
[INFO] Recompiling the module because of changed source code.
[INFO] Compiling 6 source files with javac [debug parameters release 21] to target/classes
[INFO] 
[INFO] --- resources:3.3.1:testResources (default-testResources) @ framework-core ---
[INFO] skip non existing resourceDirectory /Users/dk/Work/ScFramework/backend/framework-core/src/test/resources
[INFO] 
[INFO] --- compiler:3.14.1:testCompile (default-testCompile) @ framework-core ---
[INFO] Recompiling the module because of changed dependency.
[INFO] Compiling 2 source files with javac [debug parameters release 21] to target/test-classes
[INFO] 
[INFO] --- surefire:3.5.6:test (default-test) @ framework-core ---
[INFO] Using auto detected provider org.apache.maven.surefire.junitplatform.JUnitPlatformProvider
[INFO] 
[INFO] -------------------------------------------------------
[INFO]  T E S T S
[INFO] -------------------------------------------------------
[INFO] Running dev.scframework.core.ApiErrorTest
[INFO] Tests run: 1, Failures: 0, Errors: 0, Skipped: 0, Time elapsed: 0.016 s -- in dev.scframework.core.ApiErrorTest
[INFO] Running dev.scframework.core.audit.SecurityAuditEventTest
[INFO] Tests run: 2, Failures: 0, Errors: 0, Skipped: 0, Time elapsed: 0.005 s -- in dev.scframework.core.audit.SecurityAuditEventTest
[INFO] 
[INFO] Results:
[INFO] 
[INFO] Tests run: 3, Failures: 0, Errors: 0, Skipped: 0
[INFO] 
[INFO] 
[INFO] --- jar:3.4.2:jar (default-jar) @ framework-core ---
[INFO] Building jar: /Users/dk/Work/ScFramework/backend/framework-core/target/framework-core-0.1.0-SNAPSHOT.jar
[INFO] 
[INFO] --------------< dev.scframework:framework-autoconfigure >---------------
[INFO] Building ScFramework auto configuration 0.1.0-SNAPSHOT             [3/6]
[INFO]   from framework-autoconfigure/pom.xml
[INFO] --------------------------------[ jar ]---------------------------------
[INFO] 
[INFO] --- resources:3.3.1:resources (default-resources) @ framework-autoconfigure ---
[INFO] Copying 0 resource from src/main/resources to target/classes
[INFO] Copying 1 resource from src/main/resources to target/classes
[INFO] 
[INFO] --- compiler:3.14.1:compile (default-compile) @ framework-autoconfigure ---
[INFO] Recompiling the module because of changed dependency.
[INFO] Compiling 16 source files with javac [debug parameters release 21] to target/classes
[INFO] Annotation processing is enabled because one or more processors were found
  on the class path. A future release of javac may disable annotation processing
  unless at least one processor is specified by name (-processor), or a search
  path is specified (--processor-path, --processor-module-path), or annotation
  processing is enabled explicitly (-proc:only, -proc:full).
  Use -Xlint:-options to suppress this message.
  Use -proc:none to disable annotation processing.
[INFO] /Users/dk/Work/ScFramework/backend/framework-autoconfigure/src/main/java/dev/scframework/autoconfigure/ScOpenApiAutoConfiguration.java: /Users/dk/Work/ScFramework/backend/framework-autoconfigure/src/main/java/dev/scframework/autoconfigure/ScOpenApiAutoConfiguration.java uses unchecked or unsafe operations.
[INFO] /Users/dk/Work/ScFramework/backend/framework-autoconfigure/src/main/java/dev/scframework/autoconfigure/ScOpenApiAutoConfiguration.java: Recompile with -Xlint:unchecked for details.
[INFO] 
[INFO] --- resources:3.3.1:testResources (default-testResources) @ framework-autoconfigure ---
[INFO] skip non existing resourceDirectory /Users/dk/Work/ScFramework/backend/framework-autoconfigure/src/test/resources
[INFO] 
[INFO] --- compiler:3.14.1:testCompile (default-testCompile) @ framework-autoconfigure ---
[INFO] Recompiling the module because of changed dependency.
[INFO] Compiling 6 source files with javac [debug parameters release 21] to target/test-classes
[INFO] Annotation processing is enabled because one or more processors were found
  on the class path. A future release of javac may disable annotation processing
  unless at least one processor is specified by name (-processor), or a search
  path is specified (--processor-path, --processor-module-path), or annotation
  processing is enabled explicitly (-proc:only, -proc:full).
  Use -Xlint:-options to suppress this message.
  Use -proc:none to disable annotation processing.
[INFO] 
[INFO] --- surefire:3.5.6:test (default-test) @ framework-autoconfigure ---
[INFO] Using auto detected provider org.apache.maven.surefire.junitplatform.JUnitPlatformProvider
[INFO] 
[INFO] -------------------------------------------------------
[INFO]  T E S T S
[INFO] -------------------------------------------------------
[INFO] Running dev.scframework.autoconfigure.RequestIdFilterTest
[INFO] Tests run: 2, Failures: 0, Errors: 0, Skipped: 0, Time elapsed: 0.065 s -- in dev.scframework.autoconfigure.RequestIdFilterTest
[INFO] Running dev.scframework.autoconfigure.SecurityAuditTransactionTest
23:58:38.496 [main] WARN dev.scframework.autoconfigure.audit.AuditWriteDiagnostics -- Security audit write failed; reasonCode=AUDIT_SINK_FAILURE
[INFO] Tests run: 3, Failures: 0, Errors: 0, Skipped: 0, Time elapsed: 0.112 s -- in dev.scframework.autoconfigure.SecurityAuditTransactionTest
[INFO] Running dev.scframework.autoconfigure.SecurityOverrideTest
Mockito is currently self-attaching to enable the inline-mock-maker. This will no longer work in future releases of the JDK. Please add Mockito as an agent to your build as described in Mockito's documentation: https://javadoc.io/doc/org.mockito/mockito-core/latest/org.mockito/org/mockito/Mockito.html#0.3
OpenJDK 64-Bit Server VM warning: Sharing is only supported for boot loader classes because bootstrap classpath has been appended
WARNING: A Java agent has been loaded dynamically (/Users/dk/.m2/repository/net/bytebuddy/byte-buddy-agent/1.17.8/byte-buddy-agent-1.17.8.jar)
WARNING: If a serviceability tool is in use, please run with -XX:+EnableDynamicAgentLoading to hide this warning
WARNING: If a serviceability tool is not in use, please run with -Djdk.instrument.traceUsage for more information
WARNING: Dynamic loading of agents will be disallowed by default in a future release
23:58:39.176 [main] WARN org.springframework.boot.web.servlet.context.AnnotationConfigServletWebApplicationContext -- Exception encountered during context initialization - cancelling refresh attempt: org.springframework.beans.factory.BeanCreationException: Error creating bean with name 'scRequiredUserDetailsService' defined in dev.scframework.autoconfigure.ScSecurityAutoConfiguration: Failed to instantiate [org.springframework.security.core.userdetails.UserDetailsService]: Factory method 'scRequiredUserDetailsService' threw exception with message: Supply a UserDetailsService; generated/default passwords are disabled
[INFO] Tests run: 2, Failures: 0, Errors: 0, Skipped: 0, Time elapsed: 0.639 s -- in dev.scframework.autoconfigure.SecurityOverrideTest
[INFO] Running dev.scframework.autoconfigure.AuditAutoConfigurationTest
23:58:39.273 [main] WARN org.springframework.context.annotation.AnnotationConfigApplicationContext -- Exception encountered during context initialization - cancelling refresh attempt: org.springframework.beans.factory.UnsatisfiedDependencyException: Error creating bean with name 'scSecurityAuditPublisher' defined in dev.scframework.autoconfigure.ScAuditAutoConfiguration: Unsatisfied dependency expressed through method 'scSecurityAuditPublisher' parameter 0: No qualifying bean of type 'dev.scframework.core.audit.SecurityAuditSink' available: expected at least 1 bean which qualifies as autowire candidate. Dependency annotations: {}
[INFO] Tests run: 4, Failures: 0, Errors: 0, Skipped: 0, Time elapsed: 0.143 s -- in dev.scframework.autoconfigure.AuditAutoConfigurationTest
[INFO] Running dev.scframework.autoconfigure.HealthReadinessTest
[INFO] Tests run: 1, Failures: 0, Errors: 0, Skipped: 0, Time elapsed: 0.027 s -- in dev.scframework.autoconfigure.HealthReadinessTest
[INFO] Running dev.scframework.autoconfigure.SecretFileUsersTest
[INFO] Tests run: 2, Failures: 0, Errors: 0, Skipped: 0, Time elapsed: 0.134 s -- in dev.scframework.autoconfigure.SecretFileUsersTest
[INFO] 
[INFO] Results:
[INFO] 
[INFO] Tests run: 14, Failures: 0, Errors: 0, Skipped: 0
[INFO] 
[INFO] 
[INFO] --- jar:3.4.2:jar (default-jar) @ framework-autoconfigure ---
[INFO] Building jar: /Users/dk/Work/ScFramework/backend/framework-autoconfigure/target/framework-autoconfigure-0.1.0-SNAPSHOT.jar
[INFO] 
[INFO] -----------< dev.scframework:framework-spring-boot-starter >------------
[INFO] Building ScFramework Spring Boot Starter 0.1.0-SNAPSHOT            [4/6]
[INFO]   from framework-spring-boot-starter/pom.xml
[INFO] --------------------------------[ jar ]---------------------------------
[INFO] 
[INFO] --- resources:3.3.1:resources (default-resources) @ framework-spring-boot-starter ---
[INFO] skip non existing resourceDirectory /Users/dk/Work/ScFramework/backend/framework-spring-boot-starter/src/main/resources
[INFO] skip non existing resourceDirectory /Users/dk/Work/ScFramework/backend/framework-spring-boot-starter/src/main/resources
[INFO] 
[INFO] --- compiler:3.14.1:compile (default-compile) @ framework-spring-boot-starter ---
[INFO] No sources to compile
[INFO] 
[INFO] --- resources:3.3.1:testResources (default-testResources) @ framework-spring-boot-starter ---
[INFO] skip non existing resourceDirectory /Users/dk/Work/ScFramework/backend/framework-spring-boot-starter/src/test/resources
[INFO] 
[INFO] --- compiler:3.14.1:testCompile (default-testCompile) @ framework-spring-boot-starter ---
[INFO] No sources to compile
[INFO] 
[INFO] --- surefire:3.5.6:test (default-test) @ framework-spring-boot-starter ---
[INFO] No tests to run.
[INFO] 
[INFO] --- jar:3.4.2:jar (default-jar) @ framework-spring-boot-starter ---
[WARNING] JAR will be empty - no content was marked for inclusion!
[INFO] 
[INFO] ------------------< dev.scframework:sc-reference-app >------------------
[INFO] Building ScFramework neutral reference app 0.1.0-SNAPSHOT          [5/6]
[INFO]   from reference-app/pom.xml
[INFO] --------------------------------[ jar ]---------------------------------
[INFO] 
[INFO] --- resources:3.3.1:resources (default-resources) @ sc-reference-app ---
[INFO] Copying 5 resources from src/main/resources to target/classes
[INFO] Copying 6 resources from ../../frontend/apps/reference-app/dist to target/classes/static
[INFO] 
[INFO] --- compiler:3.14.1:compile (default-compile) @ sc-reference-app ---
[INFO] Recompiling the module because of changed dependency.
[INFO] Compiling 36 source files with javac [debug parameters release 21] to target/classes
[INFO] 
[INFO] --- resources:3.3.1:testResources (default-testResources) @ sc-reference-app ---
[INFO] skip non existing resourceDirectory /Users/dk/Work/ScFramework/backend/reference-app/src/test/resources
[INFO] 
[INFO] --- compiler:3.14.1:testCompile (default-testCompile) @ sc-reference-app ---
[INFO] Recompiling the module because of changed dependency.
[INFO] Compiling 6 source files with javac [debug parameters release 21] to target/test-classes
[INFO] 
[INFO] --- surefire:3.5.6:test (default-test) @ sc-reference-app ---
[INFO] Using auto detected provider org.apache.maven.surefire.junitplatform.JUnitPlatformProvider
[INFO] 
[INFO] -------------------------------------------------------
[INFO]  T E S T S
[INFO] -------------------------------------------------------
[INFO] Running dev.scframework.reference.H2PersistenceTest
23:58:40.462 [main] INFO org.flywaydb.core.FlywayExecutor -- Database: jdbc:h2:file:/var/folders/8k/rv4bxj0115g929lrxwybv_r80000gn/T/junit-16653861337635949143/isolated-reference (H2 2.3)
23:58:40.477 [main] INFO org.flywaydb.core.internal.schemahistory.JdbcTableSchemaHistory -- Schema history table "PUBLIC"."flyway_schema_history" does not exist yet
23:58:40.478 [main] INFO org.flywaydb.core.internal.command.DbValidate -- Successfully validated 3 migrations (execution time 00:00.005s)
23:58:40.480 [main] INFO org.flywaydb.core.internal.schemahistory.JdbcTableSchemaHistory -- Creating Schema History table "PUBLIC"."flyway_schema_history" ...
23:58:40.494 [main] INFO org.flywaydb.core.internal.command.DbMigrate -- Current version of schema "PUBLIC": << Empty Schema >>
23:58:40.497 [main] INFO org.flywaydb.core.internal.command.DbMigrate -- Migrating schema "PUBLIC" to version "1 - example baseline"
23:58:40.508 [main] INFO org.flywaydb.core.internal.command.DbMigrate -- Migrating schema "PUBLIC" to version "2 - requirements baseline"
23:58:40.519 [main] INFO org.flywaydb.core.internal.command.DbMigrate -- Migrating schema "PUBLIC" to version "3 - security audit"
23:58:40.526 [main] INFO org.flywaydb.core.internal.command.DbMigrate -- Successfully applied 3 migrations to schema "PUBLIC", now at version v3 (execution time 00:00.011s)
23:58:40.579 [main] INFO org.flywaydb.core.internal.command.DbValidate -- Successfully validated 3 migrations (execution time 00:00.001s)
23:58:40.580 [main] INFO org.flywaydb.core.internal.command.DbMigrate -- Current version of schema "PUBLIC": 3
23:58:40.580 [main] INFO org.flywaydb.core.internal.command.DbMigrate -- Schema "PUBLIC" is up to date. No migration necessary.
[INFO] Tests run: 1, Failures: 0, Errors: 0, Skipped: 0, Time elapsed: 0.389 s -- in dev.scframework.reference.H2PersistenceTest
[INFO] Running dev.scframework.reference.requirements.RequirementIntegrationTest
23:58:40.728 [main] INFO org.springframework.boot.test.context.SpringBootTestContextBootstrapper -- Found @SpringBootConfiguration dev.scframework.reference.ReferenceApplication for test class dev.scframework.reference.requirements.RequirementIntegrationTest

  .   ____          _            __ _ _
 /\\ / ___'_ __ _ _(_)_ __  __ _ \ \ \ \
( ( )\___ | '_ | '_| | '_ \/ _` | \ \ \ \
 \\/  ___)| |_)| | | | | || (_| |  ) ) ) )
  '  |____| .__|_| |_|_| |_\__, | / / / /
 =========|_|==============|___/=/_/_/_/

 :: Spring Boot ::               (v3.5.16)

2026-10-06T23:58:40.933+09:00  INFO [requestId:] 58737 --- [sc-reference-app] [           main] d.s.r.r.RequirementIntegrationTest       : Starting RequirementIntegrationTest using Java 21.0.11 with PID 58737 (started by dk in /Users/dk/Work/ScFramework/backend/reference-app)
2026-10-06T23:58:40.933+09:00  INFO [requestId:] 58737 --- [sc-reference-app] [           main] d.s.r.r.RequirementIntegrationTest       : No active profile set, falling back to 1 default profile: "default"
2026-10-06T23:58:41.258+09:00  INFO [requestId:] 58737 --- [sc-reference-app] [           main] .s.d.r.c.RepositoryConfigurationDelegate : Bootstrapping Spring Data JPA repositories in DEFAULT mode.
2026-10-06T23:58:41.278+09:00  INFO [requestId:] 58737 --- [sc-reference-app] [           main] .s.d.r.c.RepositoryConfigurationDelegate : Finished Spring Data repository scanning in 16 ms. Found 7 JPA repository interfaces.
2026-10-06T23:58:41.353+09:00  INFO [requestId:] 58737 --- [sc-reference-app] [           main] o.s.cloud.context.scope.GenericScope     : BeanFactory id=d56dcb7b-0903-3da6-a9d0-04cf4c9a9dda
2026-10-06T23:58:41.449+09:00  INFO [requestId:] 58737 --- [sc-reference-app] [           main] com.zaxxer.hikari.HikariDataSource       : HikariPool-1 - Starting...
2026-10-06T23:58:41.453+09:00  INFO [requestId:] 58737 --- [sc-reference-app] [           main] com.zaxxer.hikari.pool.HikariPool        : HikariPool-1 - Added connection conn6: url=jdbc:h2:mem:requirements-sc-requirements-007-6444913647013811364 user=SA
2026-10-06T23:58:41.453+09:00  INFO [requestId:] 58737 --- [sc-reference-app] [           main] com.zaxxer.hikari.HikariDataSource       : HikariPool-1 - Start completed.
2026-10-06T23:58:41.458+09:00  INFO [requestId:] 58737 --- [sc-reference-app] [           main] org.flywaydb.core.FlywayExecutor         : Database: jdbc:h2:mem:requirements-sc-requirements-007-6444913647013811364 (H2 2.3)
2026-10-06T23:58:41.460+09:00  INFO [requestId:] 58737 --- [sc-reference-app] [           main] o.f.c.i.s.JdbcTableSchemaHistory         : Schema history table "PUBLIC"."flyway_schema_history" does not exist yet
2026-10-06T23:58:41.460+09:00  INFO [requestId:] 58737 --- [sc-reference-app] [           main] o.f.core.internal.command.DbValidate     : Successfully validated 3 migrations (execution time 00:00.001s)
2026-10-06T23:58:41.460+09:00  INFO [requestId:] 58737 --- [sc-reference-app] [           main] o.f.c.i.s.JdbcTableSchemaHistory         : Creating Schema History table "PUBLIC"."flyway_schema_history" ...
2026-10-06T23:58:41.463+09:00  INFO [requestId:] 58737 --- [sc-reference-app] [           main] o.f.core.internal.command.DbMigrate      : Current version of schema "PUBLIC": << Empty Schema >>
2026-10-06T23:58:41.464+09:00  INFO [requestId:] 58737 --- [sc-reference-app] [           main] o.f.core.internal.command.DbMigrate      : Migrating schema "PUBLIC" to version "1 - example baseline"
2026-10-06T23:58:41.468+09:00  INFO [requestId:] 58737 --- [sc-reference-app] [           main] o.f.core.internal.command.DbMigrate      : Migrating schema "PUBLIC" to version "2 - requirements baseline"
2026-10-06T23:58:41.475+09:00  INFO [requestId:] 58737 --- [sc-reference-app] [           main] o.f.core.internal.command.DbMigrate      : Migrating schema "PUBLIC" to version "3 - security audit"
2026-10-06T23:58:41.478+09:00  INFO [requestId:] 58737 --- [sc-reference-app] [           main] o.f.core.internal.command.DbMigrate      : Successfully applied 3 migrations to schema "PUBLIC", now at version v3 (execution time 00:00.008s)
2026-10-06T23:58:41.513+09:00  INFO [requestId:] 58737 --- [sc-reference-app] [           main] o.hibernate.jpa.internal.util.LogHelper  : HHH000204: Processing PersistenceUnitInfo [name: default]
2026-10-06T23:58:41.529+09:00  INFO [requestId:] 58737 --- [sc-reference-app] [           main] org.hibernate.Version                    : HHH000412: Hibernate ORM core version 6.6.53.Final
2026-10-06T23:58:41.539+09:00  INFO [requestId:] 58737 --- [sc-reference-app] [           main] o.h.c.internal.RegionFactoryInitiator    : HHH000026: Second-level cache disabled
2026-10-06T23:58:41.622+09:00  INFO [requestId:] 58737 --- [sc-reference-app] [           main] o.s.o.j.p.SpringPersistenceUnitInfo      : No LoadTimeWeaver setup: ignoring JPA class transformer
2026-10-06T23:58:41.643+09:00  INFO [requestId:] 58737 --- [sc-reference-app] [           main] org.hibernate.orm.connections.pooling    : HHH10001005: Database info:
	Database JDBC URL [Connecting through datasource 'HikariDataSource (HikariPool-1)']
	Database driver: undefined/unknown
	Database version: 2.3.232
	Autocommit mode: undefined/unknown
	Isolation level: undefined/unknown
	Minimum pool size: undefined/unknown
	Maximum pool size: undefined/unknown
2026-10-06T23:58:41.923+09:00  INFO [requestId:] 58737 --- [sc-reference-app] [           main] o.h.e.t.j.p.i.JtaPlatformInitiator       : HHH000489: No JTA platform available (set 'hibernate.transaction.jta.platform' to enable JTA platform integration)
2026-10-06T23:58:41.930+09:00  INFO [requestId:] 58737 --- [sc-reference-app] [           main] j.LocalContainerEntityManagerFactoryBean : Initialized JPA EntityManagerFactory for persistence unit 'default'
2026-10-06T23:58:42.225+09:00  INFO [requestId:] 58737 --- [sc-reference-app] [           main] o.s.b.a.w.s.WelcomePageHandlerMapping    : Adding welcome page: class path resource [static/index.html]
2026-10-06T23:58:42.305+09:00  INFO [requestId:] 58737 --- [sc-reference-app] [           main] r$InitializeUserDetailsManagerConfigurer : Global AuthenticationManager configured with UserDetailsService bean with name referenceUsers
2026-10-06T23:58:42.357+09:00  INFO [requestId:] 58737 --- [sc-reference-app] [           main] o.s.b.a.e.web.EndpointLinksResolver      : Exposing 1 endpoint beneath base path '/actuator'
2026-10-06T23:58:42.425+09:00  INFO [requestId:] 58737 --- [sc-reference-app] [           main] o.s.b.t.m.w.SpringBootMockServletContext : Initializing Spring TestDispatcherServlet ''
2026-10-06T23:58:42.426+09:00  INFO [requestId:] 58737 --- [sc-reference-app] [           main] o.s.t.web.servlet.TestDispatcherServlet  : Initializing Servlet ''
2026-10-06T23:58:42.426+09:00  INFO [requestId:] 58737 --- [sc-reference-app] [           main] o.s.t.web.servlet.TestDispatcherServlet  : Completed initialization in 0 ms
2026-10-06T23:58:42.459+09:00  INFO [requestId:] 58737 --- [sc-reference-app] [           main] d.s.r.r.RequirementIntegrationTest       : Started RequirementIntegrationTest in 1.645 seconds (process running for 2.398)
Mockito is currently self-attaching to enable the inline-mock-maker. This will no longer work in future releases of the JDK. Please add Mockito as an agent to your build as described in Mockito's documentation: https://javadoc.io/doc/org.mockito/mockito-core/latest/org.mockito/org/mockito/Mockito.html#0.3
OpenJDK 64-Bit Server VM warning: Sharing is only supported for boot loader classes because bootstrap classpath has been appended
WARNING: A Java agent has been loaded dynamically (/Users/dk/.m2/repository/net/bytebuddy/byte-buddy-agent/1.17.8/byte-buddy-agent-1.17.8.jar)
WARNING: If a serviceability tool is in use, please run with -XX:+EnableDynamicAgentLoading to hide this warning
WARNING: If a serviceability tool is not in use, please run with -Djdk.instrument.traceUsage for more information
WARNING: Dynamic loading of agents will be disallowed by default in a future release
2026-10-06T23:58:43.526+09:00  WARN [requestId:ca94a119-3545-4cde-b6a9-f92078ae8ba0] 58737 --- [sc-reference-app] [           main] o.h.engine.jdbc.spi.SqlExceptionHelper   : SQL Error: 23513, SQLState: 23513
2026-10-06T23:58:43.526+09:00 ERROR [requestId:ca94a119-3545-4cde-b6a9-f92078ae8ba0] 58737 --- [sc-reference-app] [           main] o.h.engine.jdbc.spi.SqlExceptionHelper   : Check constraint violation: "SYNTHETIC_REVIEW_FAILURE: "; SQL statement:
insert into requirement_history (action,actor_id,after_json,before_json,created_at,requirement_id,id) values (?,?,?,?,?,?,default) [23513-232]
2026-10-06T23:58:44.011+09:00  WARN [requestId:600a409d-6e0e-41c5-85f9-de61100d054e] 58737 --- [sc-reference-app] [           main] o.h.engine.jdbc.spi.SqlExceptionHelper   : SQL Error: 23513, SQLState: 23513
2026-10-06T23:58:44.012+09:00 ERROR [requestId:600a409d-6e0e-41c5-85f9-de61100d054e] 58737 --- [sc-reference-app] [           main] o.h.engine.jdbc.spi.SqlExceptionHelper   : Check constraint violation: "SYNTHETIC_HISTORY_FAILURE: "; SQL statement:
insert into requirement_history (action,actor_id,after_json,before_json,created_at,requirement_id,id) values (?,?,?,?,?,?,default) [23513-232]
2026-10-06T23:58:45.894+09:00  WARN [requestId:42f944b7-d4a4-41b6-9eb9-988138346d57] 58737 --- [sc-reference-app] [           main] o.h.engine.jdbc.spi.SqlExceptionHelper   : SQL Error: 23505, SQLState: 23505
2026-10-06T23:58:45.894+09:00 ERROR [requestId:42f944b7-d4a4-41b6-9eb9-988138346d57] 58737 --- [sc-reference-app] [           main] o.h.engine.jdbc.spi.SqlExceptionHelper   : Unique index or primary key violation: "PUBLIC.CONSTRAINT_INDEX_E ON PUBLIC.REFERENCE_USER(USERNAME NULLS FIRST) VALUES ( /* 17 */ 'alice' )"; SQL statement:
insert into reference_user (created_at,display_name,password_hash,role,username,id) values (?,?,?,?,?,default) [23505-232]
[INFO] Tests run: 18, Failures: 0, Errors: 0, Skipped: 0, Time elapsed: 10.55 s -- in dev.scframework.reference.requirements.RequirementIntegrationTest
[INFO] Running dev.scframework.reference.requirements.RequirementPersistenceTest
2026-10-06T23:58:51.209+09:00  INFO [requestId:] 58737 --- [sc-reference-app] [           main] org.flywaydb.core.FlywayExecutor         : Database: jdbc:h2:file:/var/folders/8k/rv4bxj0115g929lrxwybv_r80000gn/T/junit-7408177812633247863/upgrade (H2 2.3)
2026-10-06T23:58:51.211+09:00  INFO [requestId:] 58737 --- [sc-reference-app] [           main] o.f.c.i.s.JdbcTableSchemaHistory         : Schema history table "PUBLIC"."flyway_schema_history" does not exist yet
2026-10-06T23:58:51.211+09:00  INFO [requestId:] 58737 --- [sc-reference-app] [           main] o.f.core.internal.command.DbValidate     : Successfully validated 3 migrations (execution time 00:00.000s)
2026-10-06T23:58:51.211+09:00  INFO [requestId:] 58737 --- [sc-reference-app] [           main] o.f.c.i.s.JdbcTableSchemaHistory         : Creating Schema History table "PUBLIC"."flyway_schema_history" ...
2026-10-06T23:58:51.212+09:00  INFO [requestId:] 58737 --- [sc-reference-app] [           main] o.f.core.internal.command.DbMigrate      : Current version of schema "PUBLIC": << Empty Schema >>
2026-10-06T23:58:51.213+09:00  INFO [requestId:] 58737 --- [sc-reference-app] [           main] o.f.core.internal.command.DbMigrate      : Migrating schema "PUBLIC" to version "1 - example baseline"
2026-10-06T23:58:51.214+09:00  INFO [requestId:] 58737 --- [sc-reference-app] [           main] o.f.core.internal.command.DbMigrate      : Successfully applied 1 migration to schema "PUBLIC", now at version v1 (execution time 00:00.000s)
2026-10-06T23:58:51.231+09:00  INFO [requestId:] 58737 --- [sc-reference-app] [           main] org.flywaydb.core.FlywayExecutor         : Database: jdbc:h2:file:/var/folders/8k/rv4bxj0115g929lrxwybv_r80000gn/T/junit-7408177812633247863/upgrade (H2 2.3)
2026-10-06T23:58:51.233+09:00  INFO [requestId:] 58737 --- [sc-reference-app] [           main] o.f.core.internal.command.DbValidate     : Successfully validated 3 migrations (execution time 00:00.000s)
2026-10-06T23:58:51.233+09:00  INFO [requestId:] 58737 --- [sc-reference-app] [           main] o.f.core.internal.command.DbMigrate      : Current version of schema "PUBLIC": 1
2026-10-06T23:58:51.234+09:00  INFO [requestId:] 58737 --- [sc-reference-app] [           main] o.f.core.internal.command.DbMigrate      : Migrating schema "PUBLIC" to version "2 - requirements baseline"
2026-10-06T23:58:51.237+09:00  INFO [requestId:] 58737 --- [sc-reference-app] [           main] o.f.core.internal.command.DbMigrate      : Migrating schema "PUBLIC" to version "3 - security audit"
2026-10-06T23:58:51.239+09:00  INFO [requestId:] 58737 --- [sc-reference-app] [           main] o.f.core.internal.command.DbMigrate      : Successfully applied 2 migrations to schema "PUBLIC", now at version v3 (execution time 00:00.002s)
2026-10-06T23:58:51.283+09:00  INFO [requestId:] 58737 --- [sc-reference-app] [           main] org.flywaydb.core.FlywayExecutor         : Database: jdbc:h2:file:/var/folders/8k/rv4bxj0115g929lrxwybv_r80000gn/T/junit-7408177812633247863/upgrade (H2 2.3)
2026-10-06T23:58:51.284+09:00  INFO [requestId:] 58737 --- [sc-reference-app] [           main] o.f.core.internal.command.DbValidate     : Successfully validated 3 migrations (execution time 00:00.000s)
2026-10-06T23:58:51.285+09:00  INFO [requestId:] 58737 --- [sc-reference-app] [           main] o.f.core.internal.command.DbMigrate      : Current version of schema "PUBLIC": 3
2026-10-06T23:58:51.285+09:00  INFO [requestId:] 58737 --- [sc-reference-app] [           main] o.f.core.internal.command.DbMigrate      : Schema "PUBLIC" is up to date. No migration necessary.
2026-10-06T23:58:51.347+09:00  INFO [requestId:] 58737 --- [sc-reference-app] [           main] org.flywaydb.core.FlywayExecutor         : Database: jdbc:h2:file:/var/folders/8k/rv4bxj0115g929lrxwybv_r80000gn/T/junit-15112397195565054173/constraints (H2 2.3)
2026-10-06T23:58:51.348+09:00  INFO [requestId:] 58737 --- [sc-reference-app] [           main] o.f.c.i.s.JdbcTableSchemaHistory         : Schema history table "PUBLIC"."flyway_schema_history" does not exist yet
2026-10-06T23:58:51.348+09:00  INFO [requestId:] 58737 --- [sc-reference-app] [           main] o.f.core.internal.command.DbValidate     : Successfully validated 3 migrations (execution time 00:00.000s)
2026-10-06T23:58:51.348+09:00  INFO [requestId:] 58737 --- [sc-reference-app] [           main] o.f.c.i.s.JdbcTableSchemaHistory         : Creating Schema History table "PUBLIC"."flyway_schema_history" ...
2026-10-06T23:58:51.350+09:00  INFO [requestId:] 58737 --- [sc-reference-app] [           main] o.f.core.internal.command.DbMigrate      : Current version of schema "PUBLIC": << Empty Schema >>
2026-10-06T23:58:51.350+09:00  INFO [requestId:] 58737 --- [sc-reference-app] [           main] o.f.core.internal.command.DbMigrate      : Migrating schema "PUBLIC" to version "1 - example baseline"
2026-10-06T23:58:51.352+09:00  INFO [requestId:] 58737 --- [sc-reference-app] [           main] o.f.core.internal.command.DbMigrate      : Migrating schema "PUBLIC" to version "2 - requirements baseline"
2026-10-06T23:58:51.353+09:00  INFO [requestId:] 58737 --- [sc-reference-app] [           main] o.f.core.internal.command.DbMigrate      : Migrating schema "PUBLIC" to version "3 - security audit"
2026-10-06T23:58:51.354+09:00  INFO [requestId:] 58737 --- [sc-reference-app] [           main] o.f.core.internal.command.DbMigrate      : Successfully applied 3 migrations to schema "PUBLIC", now at version v3 (execution time 00:00.001s)
[INFO] Tests run: 2, Failures: 0, Errors: 0, Skipped: 0, Time elapsed: 0.167 s -- in dev.scframework.reference.requirements.RequirementPersistenceTest
[INFO] Running dev.scframework.reference.audit.AuditSinkFailureHttpTest
2026-10-06T23:58:51.373+09:00  INFO [requestId:] 58737 --- [sc-reference-app] [           main] t.c.s.AnnotationConfigContextLoaderUtils : Could not detect default configuration classes for test class [dev.scframework.reference.audit.AuditSinkFailureHttpTest]: AuditSinkFailureHttpTest does not declare any static, non-private, non-final, nested classes annotated with @Configuration.
2026-10-06T23:58:51.377+09:00  INFO [requestId:] 58737 --- [sc-reference-app] [           main] .b.t.c.SpringBootTestContextBootstrapper : Found @SpringBootConfiguration dev.scframework.reference.ReferenceApplication for test class dev.scframework.reference.audit.AuditSinkFailureHttpTest

  .   ____          _            __ _ _
 /\\ / ___'_ __ _ _(_)_ __  __ _ \ \ \ \
( ( )\___ | '_ | '_| | '_ \/ _` | \ \ \ \
 \\/  ___)| |_)| | | | | || (_| |  ) ) ) )
  '  |____| .__|_| |_|_| |_\__, | / / / /
 =========|_|==============|___/=/_/_/_/

 :: Spring Boot ::               (v3.5.16)

2026-10-06T23:58:51.393+09:00  INFO [requestId:] 58737 --- [sc-reference-app] [           main] d.s.r.audit.AuditSinkFailureHttpTest     : Starting AuditSinkFailureHttpTest using Java 21.0.11 with PID 58737 (started by dk in /Users/dk/Work/ScFramework/backend/reference-app)
2026-10-06T23:58:51.393+09:00  INFO [requestId:] 58737 --- [sc-reference-app] [           main] d.s.r.audit.AuditSinkFailureHttpTest     : No active profile set, falling back to 1 default profile: "default"
2026-10-06T23:58:51.477+09:00  INFO [requestId:] 58737 --- [sc-reference-app] [           main] .s.d.r.c.RepositoryConfigurationDelegate : Bootstrapping Spring Data JPA repositories in DEFAULT mode.
2026-10-06T23:58:51.482+09:00  INFO [requestId:] 58737 --- [sc-reference-app] [           main] .s.d.r.c.RepositoryConfigurationDelegate : Finished Spring Data repository scanning in 3 ms. Found 7 JPA repository interfaces.
2026-10-06T23:58:51.495+09:00  INFO [requestId:] 58737 --- [sc-reference-app] [           main] o.s.cloud.context.scope.GenericScope     : BeanFactory id=416d77bd-6dee-3aeb-b127-705c6082cee3
2026-10-06T23:58:51.662+09:00  INFO [requestId:] 58737 --- [sc-reference-app] [           main] com.zaxxer.hikari.HikariDataSource       : HikariPool-2 - Starting...
2026-10-06T23:58:51.665+09:00  INFO [requestId:] 58737 --- [sc-reference-app] [           main] com.zaxxer.hikari.pool.HikariPool        : HikariPool-2 - Added connection conn23: url=jdbc:h2:mem:audit-http-sc-audit-http-16947120802711493777 user=SA
2026-10-06T23:58:51.665+09:00  INFO [requestId:] 58737 --- [sc-reference-app] [           main] com.zaxxer.hikari.HikariDataSource       : HikariPool-2 - Start completed.
2026-10-06T23:58:51.667+09:00  INFO [requestId:] 58737 --- [sc-reference-app] [           main] org.flywaydb.core.FlywayExecutor         : Database: jdbc:h2:mem:audit-http-sc-audit-http-16947120802711493777 (H2 2.3)
2026-10-06T23:58:51.673+09:00  INFO [requestId:] 58737 --- [sc-reference-app] [           main] o.f.c.i.s.JdbcTableSchemaHistory         : Schema history table "PUBLIC"."flyway_schema_history" does not exist yet
2026-10-06T23:58:51.674+09:00  INFO [requestId:] 58737 --- [sc-reference-app] [           main] o.f.core.internal.command.DbValidate     : Successfully validated 3 migrations (execution time 00:00.003s)
2026-10-06T23:58:51.675+09:00  INFO [requestId:] 58737 --- [sc-reference-app] [           main] o.f.c.i.s.JdbcTableSchemaHistory         : Creating Schema History table "PUBLIC"."flyway_schema_history" ...
2026-10-06T23:58:51.681+09:00  INFO [requestId:] 58737 --- [sc-reference-app] [           main] o.f.core.internal.command.DbMigrate      : Current version of schema "PUBLIC": << Empty Schema >>
2026-10-06T23:58:51.684+09:00  INFO [requestId:] 58737 --- [sc-reference-app] [           main] o.f.core.internal.command.DbMigrate      : Migrating schema "PUBLIC" to version "1 - example baseline"
2026-10-06T23:58:51.690+09:00  INFO [requestId:] 58737 --- [sc-reference-app] [           main] o.f.core.internal.command.DbMigrate      : Migrating schema "PUBLIC" to version "2 - requirements baseline"
2026-10-06T23:58:51.703+09:00  INFO [requestId:] 58737 --- [sc-reference-app] [           main] o.f.core.internal.command.DbMigrate      : Migrating schema "PUBLIC" to version "3 - security audit"
2026-10-06T23:58:51.708+09:00  INFO [requestId:] 58737 --- [sc-reference-app] [           main] o.f.core.internal.command.DbMigrate      : Successfully applied 3 migrations to schema "PUBLIC", now at version v3 (execution time 00:00.013s)
2026-10-06T23:58:51.725+09:00  INFO [requestId:] 58737 --- [sc-reference-app] [           main] o.hibernate.jpa.internal.util.LogHelper  : HHH000204: Processing PersistenceUnitInfo [name: default]
2026-10-06T23:58:51.726+09:00  INFO [requestId:] 58737 --- [sc-reference-app] [           main] o.h.c.internal.RegionFactoryInitiator    : HHH000026: Second-level cache disabled
2026-10-06T23:58:51.733+09:00  INFO [requestId:] 58737 --- [sc-reference-app] [           main] o.s.o.j.p.SpringPersistenceUnitInfo      : No LoadTimeWeaver setup: ignoring JPA class transformer
2026-10-06T23:58:51.734+09:00  INFO [requestId:] 58737 --- [sc-reference-app] [           main] org.hibernate.orm.connections.pooling    : HHH10001005: Database info:
	Database JDBC URL [Connecting through datasource 'HikariDataSource (HikariPool-2)']
	Database driver: undefined/unknown
	Database version: 2.3.232
	Autocommit mode: undefined/unknown
	Isolation level: undefined/unknown
	Minimum pool size: undefined/unknown
	Maximum pool size: undefined/unknown
2026-10-06T23:58:51.802+09:00  INFO [requestId:] 58737 --- [sc-reference-app] [           main] o.h.e.t.j.p.i.JtaPlatformInitiator       : HHH000489: No JTA platform available (set 'hibernate.transaction.jta.platform' to enable JTA platform integration)
2026-10-06T23:58:51.804+09:00  INFO [requestId:] 58737 --- [sc-reference-app] [           main] j.LocalContainerEntityManagerFactoryBean : Initialized JPA EntityManagerFactory for persistence unit 'default'
2026-10-06T23:58:51.918+09:00  INFO [requestId:] 58737 --- [sc-reference-app] [           main] o.s.b.a.w.s.WelcomePageHandlerMapping    : Adding welcome page: class path resource [static/index.html]
2026-10-06T23:58:51.945+09:00  INFO [requestId:] 58737 --- [sc-reference-app] [           main] r$InitializeUserDetailsManagerConfigurer : Global AuthenticationManager configured with UserDetailsService bean with name referenceUsers
2026-10-06T23:58:51.960+09:00  INFO [requestId:] 58737 --- [sc-reference-app] [           main] o.s.b.a.e.web.EndpointLinksResolver      : Exposing 1 endpoint beneath base path '/actuator'
2026-10-06T23:58:51.982+09:00  INFO [requestId:] 58737 --- [sc-reference-app] [           main] o.s.b.t.m.w.SpringBootMockServletContext : Initializing Spring TestDispatcherServlet ''
2026-10-06T23:58:51.982+09:00  INFO [requestId:] 58737 --- [sc-reference-app] [           main] o.s.t.web.servlet.TestDispatcherServlet  : Initializing Servlet ''
2026-10-06T23:58:51.983+09:00  INFO [requestId:] 58737 --- [sc-reference-app] [           main] o.s.t.web.servlet.TestDispatcherServlet  : Completed initialization in 1 ms
2026-10-06T23:58:52.003+09:00  INFO [requestId:] 58737 --- [sc-reference-app] [           main] d.s.r.audit.AuditSinkFailureHttpTest     : Started AuditSinkFailureHttpTest in 0.623 seconds (process running for 11.942)
2026-10-06T23:58:52.161+09:00  WARN [requestId:793da661-7c25-4b0e-ab5c-06005e0a92b2] 58737 --- [sc-reference-app] [           main] d.s.a.audit.AuditWriteDiagnostics        : Security audit write failed; reasonCode=AUDIT_SINK_FAILURE
[INFO] Tests run: 1, Failures: 0, Errors: 0, Skipped: 0, Time elapsed: 0.796 s -- in dev.scframework.reference.audit.AuditSinkFailureHttpTest
[INFO] Running dev.scframework.reference.audit.AuditControllerTest
2026-10-06T23:58:52.173+09:00  INFO [requestId:] 58737 --- [sc-reference-app] [           main] t.c.s.AnnotationConfigContextLoaderUtils : Could not detect default configuration classes for test class [dev.scframework.reference.audit.AuditControllerTest]: AuditControllerTest does not declare any static, non-private, non-final, nested classes annotated with @Configuration.
2026-10-06T23:58:52.174+09:00  INFO [requestId:] 58737 --- [sc-reference-app] [           main] .b.t.c.SpringBootTestContextBootstrapper : Found @SpringBootConfiguration dev.scframework.reference.ReferenceApplication for test class dev.scframework.reference.audit.AuditControllerTest

  .   ____          _            __ _ _
 /\\ / ___'_ __ _ _(_)_ __  __ _ \ \ \ \
( ( )\___ | '_ | '_| | '_ \/ _` | \ \ \ \
 \\/  ___)| |_)| | | | | || (_| |  ) ) ) )
  '  |____| .__|_| |_|_| |_\__, | / / / /
 =========|_|==============|___/=/_/_/_/

 :: Spring Boot ::               (v3.5.16)

2026-10-06T23:58:52.197+09:00  INFO [requestId:] 58737 --- [sc-reference-app] [           main] d.s.reference.audit.AuditControllerTest  : Starting AuditControllerTest using Java 21.0.11 with PID 58737 (started by dk in /Users/dk/Work/ScFramework/backend/reference-app)
2026-10-06T23:58:52.197+09:00  INFO [requestId:] 58737 --- [sc-reference-app] [           main] d.s.reference.audit.AuditControllerTest  : No active profile set, falling back to 1 default profile: "default"
2026-10-06T23:58:52.313+09:00  INFO [requestId:] 58737 --- [sc-reference-app] [           main] .s.d.r.c.RepositoryConfigurationDelegate : Bootstrapping Spring Data JPA repositories in DEFAULT mode.
2026-10-06T23:58:52.318+09:00  INFO [requestId:] 58737 --- [sc-reference-app] [           main] .s.d.r.c.RepositoryConfigurationDelegate : Finished Spring Data repository scanning in 4 ms. Found 7 JPA repository interfaces.
2026-10-06T23:58:52.330+09:00  INFO [requestId:] 58737 --- [sc-reference-app] [           main] o.s.cloud.context.scope.GenericScope     : BeanFactory id=416d77bd-6dee-3aeb-b127-705c6082cee3
2026-10-06T23:58:52.349+09:00  INFO [requestId:] 58737 --- [sc-reference-app] [           main] com.zaxxer.hikari.HikariDataSource       : HikariPool-3 - Starting...
2026-10-06T23:58:52.350+09:00  INFO [requestId:] 58737 --- [sc-reference-app] [           main] com.zaxxer.hikari.pool.HikariPool        : HikariPool-3 - Added connection conn28: url=jdbc:h2:mem:reference-audit-sc-reference-audit-540604787773475354 user=SA
2026-10-06T23:58:52.351+09:00  INFO [requestId:] 58737 --- [sc-reference-app] [           main] com.zaxxer.hikari.HikariDataSource       : HikariPool-3 - Start completed.
2026-10-06T23:58:52.351+09:00  INFO [requestId:] 58737 --- [sc-reference-app] [           main] org.flywaydb.core.FlywayExecutor         : Database: jdbc:h2:mem:reference-audit-sc-reference-audit-540604787773475354 (H2 2.3)
2026-10-06T23:58:52.353+09:00  INFO [requestId:] 58737 --- [sc-reference-app] [           main] o.f.c.i.s.JdbcTableSchemaHistory         : Schema history table "PUBLIC"."flyway_schema_history" does not exist yet
2026-10-06T23:58:52.353+09:00  INFO [requestId:] 58737 --- [sc-reference-app] [           main] o.f.core.internal.command.DbValidate     : Successfully validated 3 migrations (execution time 00:00.000s)
2026-10-06T23:58:52.354+09:00  INFO [requestId:] 58737 --- [sc-reference-app] [           main] o.f.c.i.s.JdbcTableSchemaHistory         : Creating Schema History table "PUBLIC"."flyway_schema_history" ...
2026-10-06T23:58:52.356+09:00  INFO [requestId:] 58737 --- [sc-reference-app] [           main] o.f.core.internal.command.DbMigrate      : Current version of schema "PUBLIC": << Empty Schema >>
2026-10-06T23:58:52.357+09:00  INFO [requestId:] 58737 --- [sc-reference-app] [           main] o.f.core.internal.command.DbMigrate      : Migrating schema "PUBLIC" to version "1 - example baseline"
2026-10-06T23:58:52.360+09:00  INFO [requestId:] 58737 --- [sc-reference-app] [           main] o.f.core.internal.command.DbMigrate      : Migrating schema "PUBLIC" to version "2 - requirements baseline"
2026-10-06T23:58:52.366+09:00  INFO [requestId:] 58737 --- [sc-reference-app] [           main] o.f.core.internal.command.DbMigrate      : Migrating schema "PUBLIC" to version "3 - security audit"
2026-10-06T23:58:52.369+09:00  INFO [requestId:] 58737 --- [sc-reference-app] [           main] o.f.core.internal.command.DbMigrate      : Successfully applied 3 migrations to schema "PUBLIC", now at version v3 (execution time 00:00.006s)
2026-10-06T23:58:52.373+09:00  INFO [requestId:] 58737 --- [sc-reference-app] [           main] o.hibernate.jpa.internal.util.LogHelper  : HHH000204: Processing PersistenceUnitInfo [name: default]
2026-10-06T23:58:52.373+09:00  INFO [requestId:] 58737 --- [sc-reference-app] [           main] o.h.c.internal.RegionFactoryInitiator    : HHH000026: Second-level cache disabled
2026-10-06T23:58:52.376+09:00  INFO [requestId:] 58737 --- [sc-reference-app] [           main] o.s.o.j.p.SpringPersistenceUnitInfo      : No LoadTimeWeaver setup: ignoring JPA class transformer
2026-10-06T23:58:52.376+09:00  INFO [requestId:] 58737 --- [sc-reference-app] [           main] org.hibernate.orm.connections.pooling    : HHH10001005: Database info:
	Database JDBC URL [Connecting through datasource 'HikariDataSource (HikariPool-3)']
	Database driver: undefined/unknown
	Database version: 2.3.232
	Autocommit mode: undefined/unknown
	Isolation level: undefined/unknown
	Minimum pool size: undefined/unknown
	Maximum pool size: undefined/unknown
2026-10-06T23:58:52.403+09:00  INFO [requestId:] 58737 --- [sc-reference-app] [           main] o.h.e.t.j.p.i.JtaPlatformInitiator       : HHH000489: No JTA platform available (set 'hibernate.transaction.jta.platform' to enable JTA platform integration)
2026-10-06T23:58:52.405+09:00  INFO [requestId:] 58737 --- [sc-reference-app] [           main] j.LocalContainerEntityManagerFactoryBean : Initialized JPA EntityManagerFactory for persistence unit 'default'
2026-10-06T23:58:52.478+09:00  INFO [requestId:] 58737 --- [sc-reference-app] [           main] o.s.b.a.w.s.WelcomePageHandlerMapping    : Adding welcome page: class path resource [static/index.html]
2026-10-06T23:58:52.494+09:00  INFO [requestId:] 58737 --- [sc-reference-app] [           main] r$InitializeUserDetailsManagerConfigurer : Global AuthenticationManager configured with UserDetailsService bean with name referenceUsers
2026-10-06T23:58:52.506+09:00  INFO [requestId:] 58737 --- [sc-reference-app] [           main] o.s.b.a.e.web.EndpointLinksResolver      : Exposing 1 endpoint beneath base path '/actuator'
2026-10-06T23:58:52.519+09:00  INFO [requestId:] 58737 --- [sc-reference-app] [           main] o.s.b.t.m.w.SpringBootMockServletContext : Initializing Spring TestDispatcherServlet ''
2026-10-06T23:58:52.519+09:00  INFO [requestId:] 58737 --- [sc-reference-app] [           main] o.s.t.web.servlet.TestDispatcherServlet  : Initializing Servlet ''
2026-10-06T23:58:52.519+09:00  INFO [requestId:] 58737 --- [sc-reference-app] [           main] o.s.t.web.servlet.TestDispatcherServlet  : Completed initialization in 0 ms
2026-10-06T23:58:52.531+09:00  INFO [requestId:] 58737 --- [sc-reference-app] [           main] d.s.reference.audit.AuditControllerTest  : Started AuditControllerTest in 0.355 seconds (process running for 12.47)
[INFO] Tests run: 3, Failures: 0, Errors: 0, Skipped: 0, Time elapsed: 0.559 s -- in dev.scframework.reference.audit.AuditControllerTest
[INFO] Running dev.scframework.reference.ReferenceIntegrationTest
2026-10-06T23:58:52.731+09:00  INFO [requestId:] 58737 --- [sc-reference-app] [           main] t.c.s.AnnotationConfigContextLoaderUtils : Could not detect default configuration classes for test class [dev.scframework.reference.ReferenceIntegrationTest]: ReferenceIntegrationTest does not declare any static, non-private, non-final, nested classes annotated with @Configuration.
2026-10-06T23:58:52.733+09:00  INFO [requestId:] 58737 --- [sc-reference-app] [           main] .b.t.c.SpringBootTestContextBootstrapper : Found @SpringBootConfiguration dev.scframework.reference.ReferenceApplication for test class dev.scframework.reference.ReferenceIntegrationTest

  .   ____          _            __ _ _
 /\\ / ___'_ __ _ _(_)_ __  __ _ \ \ \ \
( ( )\___ | '_ | '_| | '_ \/ _` | \ \ \ \
 \\/  ___)| |_)| | | | | || (_| |  ) ) ) )
  '  |____| .__|_| |_|_| |_\__, | / / / /
 =========|_|==============|___/=/_/_/_/

 :: Spring Boot ::               (v3.5.16)

2026-10-06T23:58:52.767+09:00  INFO [requestId:] 58737 --- [sc-reference-app] [           main] d.s.reference.ReferenceIntegrationTest   : Starting ReferenceIntegrationTest using Java 21.0.11 with PID 58737 (started by dk in /Users/dk/Work/ScFramework/backend/reference-app)
2026-10-06T23:58:52.767+09:00  INFO [requestId:] 58737 --- [sc-reference-app] [           main] d.s.reference.ReferenceIntegrationTest   : The following 1 profile is active: "dev"
2026-10-06T23:58:52.866+09:00  INFO [requestId:] 58737 --- [sc-reference-app] [           main] .s.d.r.c.RepositoryConfigurationDelegate : Bootstrapping Spring Data JPA repositories in DEFAULT mode.
2026-10-06T23:58:52.870+09:00  INFO [requestId:] 58737 --- [sc-reference-app] [           main] .s.d.r.c.RepositoryConfigurationDelegate : Finished Spring Data repository scanning in 3 ms. Found 7 JPA repository interfaces.
2026-10-06T23:58:52.882+09:00  INFO [requestId:] 58737 --- [sc-reference-app] [           main] o.s.cloud.context.scope.GenericScope     : BeanFactory id=7bdcacfd-ffb0-343c-82ae-1fa27773d1a7
2026-10-06T23:58:52.945+09:00  INFO [requestId:] 58737 --- [sc-reference-app] [           main] o.s.b.w.embedded.tomcat.TomcatWebServer  : Tomcat initialized with port 0 (http)
2026-10-06T23:58:52.952+09:00  INFO [requestId:] 58737 --- [sc-reference-app] [           main] o.apache.catalina.core.StandardService   : Starting service [Tomcat]
2026-10-06T23:58:52.952+09:00  INFO [requestId:] 58737 --- [sc-reference-app] [           main] o.apache.catalina.core.StandardEngine    : Starting Servlet engine: [Apache Tomcat/10.1.55]
2026-10-06T23:58:52.976+09:00  INFO [requestId:] 58737 --- [sc-reference-app] [           main] o.a.c.c.C.[Tomcat].[localhost].[/]       : Initializing Spring embedded WebApplicationContext
2026-10-06T23:58:52.976+09:00  INFO [requestId:] 58737 --- [sc-reference-app] [           main] w.s.c.ServletWebServerApplicationContext : Root WebApplicationContext: initialization completed in 209 ms
2026-10-06T23:58:53.004+09:00  INFO [requestId:] 58737 --- [sc-reference-app] [           main] com.zaxxer.hikari.HikariDataSource       : HikariPool-4 - Starting...
2026-10-06T23:58:53.005+09:00  INFO [requestId:] 58737 --- [sc-reference-app] [           main] com.zaxxer.hikari.pool.HikariPool        : HikariPool-4 - Added connection conn33: url=jdbc:h2:mem:reference-e3b2afb4-5c33-4c41-90f3-5c930ee68758 user=SA
2026-10-06T23:58:53.005+09:00  INFO [requestId:] 58737 --- [sc-reference-app] [           main] com.zaxxer.hikari.HikariDataSource       : HikariPool-4 - Start completed.
2026-10-06T23:58:53.005+09:00  INFO [requestId:] 58737 --- [sc-reference-app] [           main] org.flywaydb.core.FlywayExecutor         : Database: jdbc:h2:mem:reference-e3b2afb4-5c33-4c41-90f3-5c930ee68758 (H2 2.3)
2026-10-06T23:58:53.007+09:00  INFO [requestId:] 58737 --- [sc-reference-app] [           main] o.f.c.i.s.JdbcTableSchemaHistory         : Schema history table "PUBLIC"."flyway_schema_history" does not exist yet
2026-10-06T23:58:53.007+09:00  INFO [requestId:] 58737 --- [sc-reference-app] [           main] o.f.core.internal.command.DbValidate     : Successfully validated 3 migrations (execution time 00:00.000s)
2026-10-06T23:58:53.008+09:00  INFO [requestId:] 58737 --- [sc-reference-app] [           main] o.f.c.i.s.JdbcTableSchemaHistory         : Creating Schema History table "PUBLIC"."flyway_schema_history" ...
2026-10-06T23:58:53.009+09:00  INFO [requestId:] 58737 --- [sc-reference-app] [           main] o.f.core.internal.command.DbMigrate      : Current version of schema "PUBLIC": << Empty Schema >>
2026-10-06T23:58:53.010+09:00  INFO [requestId:] 58737 --- [sc-reference-app] [           main] o.f.core.internal.command.DbMigrate      : Migrating schema "PUBLIC" to version "1 - example baseline"
2026-10-06T23:58:53.012+09:00  INFO [requestId:] 58737 --- [sc-reference-app] [           main] o.f.core.internal.command.DbMigrate      : Migrating schema "PUBLIC" to version "2 - requirements baseline"
2026-10-06T23:58:53.016+09:00  INFO [requestId:] 58737 --- [sc-reference-app] [           main] o.f.core.internal.command.DbMigrate      : Migrating schema "PUBLIC" to version "3 - security audit"
2026-10-06T23:58:53.017+09:00  INFO [requestId:] 58737 --- [sc-reference-app] [           main] o.f.core.internal.command.DbMigrate      : Successfully applied 3 migrations to schema "PUBLIC", now at version v3 (execution time 00:00.003s)
2026-10-06T23:58:53.022+09:00  INFO [requestId:] 58737 --- [sc-reference-app] [           main] o.hibernate.jpa.internal.util.LogHelper  : HHH000204: Processing PersistenceUnitInfo [name: default]
2026-10-06T23:58:53.022+09:00  INFO [requestId:] 58737 --- [sc-reference-app] [           main] o.h.c.internal.RegionFactoryInitiator    : HHH000026: Second-level cache disabled
2026-10-06T23:58:53.026+09:00  INFO [requestId:] 58737 --- [sc-reference-app] [           main] o.s.o.j.p.SpringPersistenceUnitInfo      : No LoadTimeWeaver setup: ignoring JPA class transformer
2026-10-06T23:58:53.028+09:00  INFO [requestId:] 58737 --- [sc-reference-app] [           main] org.hibernate.orm.connections.pooling    : HHH10001005: Database info:
	Database JDBC URL [Connecting through datasource 'HikariDataSource (HikariPool-4)']
	Database driver: undefined/unknown
	Database version: 2.3.232
	Autocommit mode: undefined/unknown
	Isolation level: undefined/unknown
	Minimum pool size: undefined/unknown
	Maximum pool size: undefined/unknown
2026-10-06T23:58:53.050+09:00  INFO [requestId:] 58737 --- [sc-reference-app] [           main] o.h.e.t.j.p.i.JtaPlatformInitiator       : HHH000489: No JTA platform available (set 'hibernate.transaction.jta.platform' to enable JTA platform integration)
2026-10-06T23:58:53.052+09:00  INFO [requestId:] 58737 --- [sc-reference-app] [           main] j.LocalContainerEntityManagerFactoryBean : Initialized JPA EntityManagerFactory for persistence unit 'default'
2026-10-06T23:58:53.111+09:00  INFO [requestId:] 58737 --- [sc-reference-app] [           main] o.s.b.a.w.s.WelcomePageHandlerMapping    : Adding welcome page: class path resource [static/index.html]
2026-10-06T23:58:53.163+09:00  INFO [requestId:] 58737 --- [sc-reference-app] [           main] r$InitializeUserDetailsManagerConfigurer : Global AuthenticationManager configured with UserDetailsService bean with name referenceUsers
2026-10-06T23:58:53.172+09:00  INFO [requestId:] 58737 --- [sc-reference-app] [           main] o.s.b.a.e.web.EndpointLinksResolver      : Exposing 1 endpoint beneath base path '/actuator'
2026-10-06T23:58:53.205+09:00  INFO [requestId:] 58737 --- [sc-reference-app] [           main] o.a.c.c.C.[Tomcat].[localhost].[/]       : Initializing Spring TestDispatcherServlet ''
2026-10-06T23:58:53.205+09:00  INFO [requestId:] 58737 --- [sc-reference-app] [           main] o.s.t.web.servlet.TestDispatcherServlet  : Initializing Servlet ''
2026-10-06T23:58:53.206+09:00  INFO [requestId:] 58737 --- [sc-reference-app] [           main] o.s.t.web.servlet.TestDispatcherServlet  : Completed initialization in 1 ms
2026-10-06T23:58:53.283+09:00  INFO [requestId:] 58737 --- [sc-reference-app] [           main] o.s.b.w.embedded.tomcat.TomcatWebServer  : Tomcat started on port 64029 (http) with context path '/'
2026-10-06T23:58:53.292+09:00  INFO [requestId:] 58737 --- [sc-reference-app] [           main] d.s.reference.ReferenceIntegrationTest   : Started ReferenceIntegrationTest in 0.545 seconds (process running for 13.232)
2026-10-06T23:58:53.509+09:00  INFO [requestId:1877d7cf-5ca9-46aa-b907-a9889aba6461] 58737 --- [sc-reference-app] [           main] o.springdoc.api.AbstractOpenApiResource  : Init duration for springdoc-openapi is: 147 ms
[INFO] Tests run: 5, Failures: 0, Errors: 0, Skipped: 0, Time elapsed: 1.204 s -- in dev.scframework.reference.ReferenceIntegrationTest
[INFO] 
[INFO] Results:
[INFO] 
[INFO] Tests run: 30, Failures: 0, Errors: 0, Skipped: 0
[INFO] 
[INFO] 
[INFO] --- jar:3.4.2:jar (default-jar) @ sc-reference-app ---
[INFO] Building jar: /Users/dk/Work/ScFramework/backend/reference-app/target/sc-reference-app.jar
[INFO] 
[INFO] --- spring-boot:3.5.16:repackage (repackage) @ sc-reference-app ---
[INFO] Replacing main artifact /Users/dk/Work/ScFramework/backend/reference-app/target/sc-reference-app.jar with repackaged archive, adding nested dependencies in BOOT-INF/.
[INFO] The original artifact has been renamed to /Users/dk/Work/ScFramework/backend/reference-app/target/sc-reference-app.jar.original
[INFO] 
[INFO] -------------------< dev.scframework:sc-starter-app >-------------------
[INFO] Building ScFramework minimal consumer app 0.1.0-SNAPSHOT           [6/6]
[INFO]   from starter-app/pom.xml
[INFO] --------------------------------[ jar ]---------------------------------
[INFO] 
[INFO] --- resources:3.3.1:resources (default-resources) @ sc-starter-app ---
[INFO] Copying 4 resources from src/main/resources to target/classes
[INFO] Copying 6 resources from ../../frontend/apps/starter-app/dist to target/classes/static
[INFO] 
[INFO] --- compiler:3.14.1:compile (default-compile) @ sc-starter-app ---
[INFO] Recompiling the module because of changed dependency.
[INFO] Compiling 3 source files with javac [debug parameters release 21] to target/classes
[INFO] 
[INFO] --- resources:3.3.1:testResources (default-testResources) @ sc-starter-app ---
[INFO] skip non existing resourceDirectory /Users/dk/Work/ScFramework/backend/starter-app/src/test/resources
[INFO] 
[INFO] --- compiler:3.14.1:testCompile (default-testCompile) @ sc-starter-app ---
[INFO] Recompiling the module because of changed dependency.
[INFO] Compiling 2 source files with javac [debug parameters release 21] to target/test-classes
[INFO] 
[INFO] --- surefire:3.5.6:test (default-test) @ sc-starter-app ---
[INFO] Using auto detected provider org.apache.maven.surefire.junitplatform.JUnitPlatformProvider
[INFO] 
[INFO] -------------------------------------------------------
[INFO]  T E S T S
[INFO] -------------------------------------------------------
[INFO] Running dev.scframework.starter.StarterAuditConsumerTest
23:58:57.056 [main] INFO org.springframework.boot.test.context.SpringBootTestContextBootstrapper -- Found @SpringBootConfiguration dev.scframework.starter.StarterApplication for test class dev.scframework.starter.StarterAuditConsumerTest

  .   ____          _            __ _ _
 /\\ / ___'_ __ _ _(_)_ __  __ _ \ \ \ \
( ( )\___ | '_ | '_| | '_ \/ _` | \ \ \ \
 \\/  ___)| |_)| | | | | || (_| |  ) ) ) )
  '  |____| .__|_| |_|_| |_\__, | / / / /
 =========|_|==============|___/=/_/_/_/

 :: Spring Boot ::               (v3.5.16)

2026-10-06T23:58:57.284+09:00  INFO [requestId:] 58785 --- [sc-starter-app] [           main] d.s.starter.StarterAuditConsumerTest     : Starting StarterAuditConsumerTest using Java 21.0.11 with PID 58785 (started by dk in /Users/dk/Work/ScFramework/backend/starter-app)
2026-10-06T23:58:57.285+09:00  INFO [requestId:] 58785 --- [sc-starter-app] [           main] d.s.starter.StarterAuditConsumerTest     : The following 1 profile is active: "audit"
2026-10-06T23:58:57.602+09:00  INFO [requestId:] 58785 --- [sc-starter-app] [           main] .s.d.r.c.RepositoryConfigurationDelegate : Bootstrapping Spring Data JPA repositories in DEFAULT mode.
2026-10-06T23:58:57.608+09:00  INFO [requestId:] 58785 --- [sc-starter-app] [           main] .s.d.r.c.RepositoryConfigurationDelegate : Finished Spring Data repository scanning in 1 ms. Found 0 JPA repository interfaces.
2026-10-06T23:58:57.650+09:00  WARN [requestId:] 58785 --- [sc-starter-app] [           main] o.m.s.mapper.ClassPathMapperScanner      : No MyBatis mapper was found in '[dev.scframework.starter]' package. Please check your configuration.
2026-10-06T23:58:57.654+09:00  INFO [requestId:] 58785 --- [sc-starter-app] [           main] o.s.cloud.context.scope.GenericScope     : BeanFactory id=f13e800c-132c-3215-8ccf-c5cbd619eba9
2026-10-06T23:58:57.793+09:00  INFO [requestId:] 58785 --- [sc-starter-app] [           main] com.zaxxer.hikari.HikariDataSource       : HikariPool-1 - Starting...
2026-10-06T23:58:57.846+09:00  INFO [requestId:] 58785 --- [sc-starter-app] [           main] com.zaxxer.hikari.pool.HikariPool        : HikariPool-1 - Added connection conn0: url=jdbc:h2:mem:starter-audit-sc-starter-audit-4570473829522026649 user=SA
2026-10-06T23:58:57.847+09:00  INFO [requestId:] 58785 --- [sc-starter-app] [           main] com.zaxxer.hikari.HikariDataSource       : HikariPool-1 - Start completed.
2026-10-06T23:58:57.862+09:00  INFO [requestId:] 58785 --- [sc-starter-app] [           main] org.flywaydb.core.FlywayExecutor         : Database: jdbc:h2:mem:starter-audit-sc-starter-audit-4570473829522026649 (H2 2.3)
2026-10-06T23:58:57.871+09:00  INFO [requestId:] 58785 --- [sc-starter-app] [           main] o.f.c.i.s.JdbcTableSchemaHistory         : Schema history table "PUBLIC"."flyway_schema_history" does not exist yet
2026-10-06T23:58:57.872+09:00  INFO [requestId:] 58785 --- [sc-starter-app] [           main] o.f.core.internal.command.DbValidate     : Successfully validated 1 migration (execution time 00:00.004s)
2026-10-06T23:58:57.874+09:00  INFO [requestId:] 58785 --- [sc-starter-app] [           main] o.f.c.i.s.JdbcTableSchemaHistory         : Creating Schema History table "PUBLIC"."flyway_schema_history" ...
2026-10-06T23:58:57.885+09:00  INFO [requestId:] 58785 --- [sc-starter-app] [           main] o.f.core.internal.command.DbMigrate      : Current version of schema "PUBLIC": << Empty Schema >>
2026-10-06T23:58:57.888+09:00  INFO [requestId:] 58785 --- [sc-starter-app] [           main] o.f.core.internal.command.DbMigrate      : Migrating schema "PUBLIC" to version "1 - security audit"
2026-10-06T23:58:57.896+09:00  INFO [requestId:] 58785 --- [sc-starter-app] [           main] o.f.core.internal.command.DbMigrate      : Successfully applied 1 migration to schema "PUBLIC", now at version v1 (execution time 00:00.004s)
2026-10-06T23:58:57.925+09:00  INFO [requestId:] 58785 --- [sc-starter-app] [           main] o.hibernate.jpa.internal.util.LogHelper  : HHH000204: Processing PersistenceUnitInfo [name: default]
2026-10-06T23:58:57.941+09:00  INFO [requestId:] 58785 --- [sc-starter-app] [           main] org.hibernate.Version                    : HHH000412: Hibernate ORM core version 6.6.53.Final
2026-10-06T23:58:57.951+09:00  INFO [requestId:] 58785 --- [sc-starter-app] [           main] o.h.c.internal.RegionFactoryInitiator    : HHH000026: Second-level cache disabled
2026-10-06T23:58:58.035+09:00  INFO [requestId:] 58785 --- [sc-starter-app] [           main] o.s.o.j.p.SpringPersistenceUnitInfo      : No LoadTimeWeaver setup: ignoring JPA class transformer
2026-10-06T23:58:58.055+09:00  INFO [requestId:] 58785 --- [sc-starter-app] [           main] org.hibernate.orm.connections.pooling    : HHH10001005: Database info:
	Database JDBC URL [Connecting through datasource 'HikariDataSource (HikariPool-1)']
	Database driver: undefined/unknown
	Database version: 2.3.232
	Autocommit mode: undefined/unknown
	Isolation level: undefined/unknown
	Minimum pool size: undefined/unknown
	Maximum pool size: undefined/unknown
2026-10-06T23:58:58.145+09:00  INFO [requestId:] 58785 --- [sc-starter-app] [           main] o.h.e.t.j.p.i.JtaPlatformInitiator       : HHH000489: No JTA platform available (set 'hibernate.transaction.jta.platform' to enable JTA platform integration)
2026-10-06T23:58:58.147+09:00  INFO [requestId:] 58785 --- [sc-starter-app] [           main] j.LocalContainerEntityManagerFactoryBean : Initialized JPA EntityManagerFactory for persistence unit 'default'
2026-10-06T23:58:58.273+09:00  INFO [requestId:] 58785 --- [sc-starter-app] [           main] o.s.b.a.w.s.WelcomePageHandlerMapping    : Adding welcome page: class path resource [static/index.html]
2026-10-06T23:58:58.385+09:00  INFO [requestId:] 58785 --- [sc-starter-app] [           main] r$InitializeUserDetailsManagerConfigurer : Global AuthenticationManager configured with UserDetailsService bean with name starterUsers
2026-10-06T23:58:58.438+09:00  INFO [requestId:] 58785 --- [sc-starter-app] [           main] o.s.b.a.e.web.EndpointLinksResolver      : Exposing 1 endpoint beneath base path '/actuator'
2026-10-06T23:58:58.557+09:00  INFO [requestId:] 58785 --- [sc-starter-app] [           main] o.s.b.t.m.w.SpringBootMockServletContext : Initializing Spring TestDispatcherServlet ''
2026-10-06T23:58:58.557+09:00  INFO [requestId:] 58785 --- [sc-starter-app] [           main] o.s.t.web.servlet.TestDispatcherServlet  : Initializing Servlet ''
2026-10-06T23:58:58.557+09:00  INFO [requestId:] 58785 --- [sc-starter-app] [           main] o.s.t.web.servlet.TestDispatcherServlet  : Completed initialization in 0 ms
2026-10-06T23:58:58.603+09:00  INFO [requestId:] 58785 --- [sc-starter-app] [           main] d.s.starter.StarterAuditConsumerTest     : Started StarterAuditConsumerTest in 1.455 seconds (process running for 1.814)
2026-10-06T23:58:58.633+09:00  WARN [requestId:] 58785 --- [sc-starter-app] [           main] o.s.test.context.TestContextManager      : Caught exception while allowing TestExecutionListener [org.springframework.test.context.support.DependencyInjectionTestExecutionListener] to prepare test instance [dev.scframework.starter.StarterAuditConsumerTest@529b8e41]

org.springframework.beans.factory.UnsatisfiedDependencyException: Error creating bean with name 'dev.scframework.starter.StarterAuditConsumerTest': Unsatisfied dependency expressed through field 'mappings': No qualifying bean of type 'org.springframework.web.servlet.mvc.method.annotation.RequestMappingHandlerMapping' available: expected single matching bean but found 2: requestMappingHandlerMapping,controllerEndpointHandlerMapping
	at org.springframework.beans.factory.annotation.AutowiredAnnotationBeanPostProcessor$AutowiredFieldElement.resolveFieldValue(AutowiredAnnotationBeanPostProcessor.java:787) ~[spring-beans-6.2.19.jar:6.2.19]
	at org.springframework.beans.factory.annotation.AutowiredAnnotationBeanPostProcessor$AutowiredFieldElement.inject(AutowiredAnnotationBeanPostProcessor.java:767) ~[spring-beans-6.2.19.jar:6.2.19]
	at org.springframework.beans.factory.annotation.InjectionMetadata.inject(InjectionMetadata.java:146) ~[spring-beans-6.2.19.jar:6.2.19]
	at org.springframework.beans.factory.annotation.AutowiredAnnotationBeanPostProcessor.postProcessProperties(AutowiredAnnotationBeanPostProcessor.java:509) ~[spring-beans-6.2.19.jar:6.2.19]
	at org.springframework.beans.factory.support.AbstractAutowireCapableBeanFactory.populateBean(AbstractAutowireCapableBeanFactory.java:1457) ~[spring-beans-6.2.19.jar:6.2.19]
	at org.springframework.beans.factory.support.AbstractAutowireCapableBeanFactory.autowireBeanProperties(AbstractAutowireCapableBeanFactory.java:405) ~[spring-beans-6.2.19.jar:6.2.19]
	at org.springframework.test.context.support.DependencyInjectionTestExecutionListener.injectDependencies(DependencyInjectionTestExecutionListener.java:156) ~[spring-test-6.2.19.jar:6.2.19]
	at org.springframework.test.context.support.DependencyInjectionTestExecutionListener.prepareTestInstance(DependencyInjectionTestExecutionListener.java:111) ~[spring-test-6.2.19.jar:6.2.19]
	at org.springframework.test.context.TestContextManager.prepareTestInstance(TestContextManager.java:260) ~[spring-test-6.2.19.jar:6.2.19]
	at org.springframework.test.context.junit.jupiter.SpringExtension.postProcessTestInstance(SpringExtension.java:159) ~[spring-test-6.2.19.jar:6.2.19]
	at org.junit.jupiter.engine.descriptor.ClassBasedTestDescriptor.lambda$invokeTestInstancePostProcessors$10(ClassBasedTestDescriptor.java:383) ~[junit-jupiter-engine-5.12.2.jar:5.12.2]
	at org.junit.jupiter.engine.descriptor.ClassBasedTestDescriptor.executeAndMaskThrowable(ClassBasedTestDescriptor.java:388) ~[junit-jupiter-engine-5.12.2.jar:5.12.2]
	at org.junit.jupiter.engine.descriptor.ClassBasedTestDescriptor.lambda$invokeTestInstancePostProcessors$11(ClassBasedTestDescriptor.java:382) ~[junit-jupiter-engine-5.12.2.jar:5.12.2]
	at java.base/java.util.stream.ForEachOps$ForEachOp$OfRef.accept(ForEachOps.java:184) ~[na:na]
	at java.base/java.util.stream.ReferencePipeline$3$1.accept(ReferencePipeline.java:197) ~[na:na]
	at java.base/java.util.stream.ReferencePipeline$2$1.accept(ReferencePipeline.java:179) ~[na:na]
	at java.base/java.util.stream.ReferencePipeline$3$1.accept(ReferencePipeline.java:197) ~[na:na]
	at java.base/java.util.ArrayList$ArrayListSpliterator.forEachRemaining(ArrayList.java:1708) ~[na:na]
	at java.base/java.util.stream.AbstractPipeline.copyInto(AbstractPipeline.java:509) ~[na:na]
	at java.base/java.util.stream.AbstractPipeline.wrapAndCopyInto(AbstractPipeline.java:499) ~[na:na]
	at java.base/java.util.stream.ForEachOps$ForEachOp.evaluateSequential(ForEachOps.java:151) ~[na:na]
	at java.base/java.util.stream.ForEachOps$ForEachOp$OfRef.evaluateSequential(ForEachOps.java:174) ~[na:na]
	at java.base/java.util.stream.AbstractPipeline.evaluate(AbstractPipeline.java:234) ~[na:na]
	at java.base/java.util.stream.ReferencePipeline.forEach(ReferencePipeline.java:596) ~[na:na]
	at org.junit.jupiter.engine.descriptor.ClassBasedTestDescriptor.invokeTestInstancePostProcessors(ClassBasedTestDescriptor.java:382) ~[junit-jupiter-engine-5.12.2.jar:5.12.2]
	at org.junit.jupiter.engine.descriptor.ClassBasedTestDescriptor.lambda$instantiateAndPostProcessTestInstance$6(ClassBasedTestDescriptor.java:293) ~[junit-jupiter-engine-5.12.2.jar:5.12.2]
	at org.junit.platform.engine.support.hierarchical.ThrowableCollector.execute(ThrowableCollector.java:73) ~[junit-platform-engine-1.12.2.jar:1.12.2]
	at org.junit.jupiter.engine.descriptor.ClassBasedTestDescriptor.instantiateAndPostProcessTestInstance(ClassBasedTestDescriptor.java:292) ~[junit-jupiter-engine-5.12.2.jar:5.12.2]
	at org.junit.jupiter.engine.descriptor.ClassBasedTestDescriptor.lambda$testInstancesProvider$4(ClassBasedTestDescriptor.java:281) ~[junit-jupiter-engine-5.12.2.jar:5.12.2]
	at java.base/java.util.Optional.orElseGet(Optional.java:364) ~[na:na]
	at org.junit.jupiter.engine.descriptor.ClassBasedTestDescriptor.lambda$testInstancesProvider$5(ClassBasedTestDescriptor.java:280) ~[junit-jupiter-engine-5.12.2.jar:5.12.2]
	at org.junit.jupiter.engine.execution.TestInstancesProvider.getTestInstances(TestInstancesProvider.java:27) ~[junit-jupiter-engine-5.12.2.jar:5.12.2]
	at org.junit.jupiter.engine.descriptor.TestMethodTestDescriptor.lambda$prepare$0(TestMethodTestDescriptor.java:112) ~[junit-jupiter-engine-5.12.2.jar:5.12.2]
	at org.junit.platform.engine.support.hierarchical.ThrowableCollector.execute(ThrowableCollector.java:73) ~[junit-platform-engine-1.12.2.jar:1.12.2]
	at org.junit.jupiter.engine.descriptor.TestMethodTestDescriptor.prepare(TestMethodTestDescriptor.java:111) ~[junit-jupiter-engine-5.12.2.jar:5.12.2]
	at org.junit.jupiter.engine.descriptor.TestMethodTestDescriptor.prepare(TestMethodTestDescriptor.java:69) ~[junit-jupiter-engine-5.12.2.jar:5.12.2]
	at org.junit.platform.engine.support.hierarchical.NodeTestTask.lambda$prepare$2(NodeTestTask.java:128) ~[junit-platform-engine-1.12.2.jar:1.12.2]
	at org.junit.platform.engine.support.hierarchical.ThrowableCollector.execute(ThrowableCollector.java:73) ~[junit-platform-engine-1.12.2.jar:1.12.2]
	at org.junit.platform.engine.support.hierarchical.NodeTestTask.prepare(NodeTestTask.java:128) ~[junit-platform-engine-1.12.2.jar:1.12.2]
	at org.junit.platform.engine.support.hierarchical.NodeTestTask.execute(NodeTestTask.java:95) ~[junit-platform-engine-1.12.2.jar:1.12.2]
	at java.base/java.util.ArrayList.forEach(ArrayList.java:1596) ~[na:na]
	at org.junit.platform.engine.support.hierarchical.SameThreadHierarchicalTestExecutorService.invokeAll(SameThreadHierarchicalTestExecutorService.java:41) ~[junit-platform-engine-1.12.2.jar:1.12.2]
	at org.junit.platform.engine.support.hierarchical.NodeTestTask.lambda$executeRecursively$6(NodeTestTask.java:160) ~[junit-platform-engine-1.12.2.jar:1.12.2]
	at org.junit.platform.engine.support.hierarchical.ThrowableCollector.execute(ThrowableCollector.java:73) ~[junit-platform-engine-1.12.2.jar:1.12.2]
	at org.junit.platform.engine.support.hierarchical.NodeTestTask.lambda$executeRecursively$8(NodeTestTask.java:146) ~[junit-platform-engine-1.12.2.jar:1.12.2]
	at org.junit.platform.engine.support.hierarchical.Node.around(Node.java:137) ~[junit-platform-engine-1.12.2.jar:1.12.2]
	at org.junit.platform.engine.support.hierarchical.NodeTestTask.lambda$executeRecursively$9(NodeTestTask.java:144) ~[junit-platform-engine-1.12.2.jar:1.12.2]
	at org.junit.platform.engine.support.hierarchical.ThrowableCollector.execute(ThrowableCollector.java:73) ~[junit-platform-engine-1.12.2.jar:1.12.2]
	at org.junit.platform.engine.support.hierarchical.NodeTestTask.executeRecursively(NodeTestTask.java:143) ~[junit-platform-engine-1.12.2.jar:1.12.2]
	at org.junit.platform.engine.support.hierarchical.NodeTestTask.execute(NodeTestTask.java:100) ~[junit-platform-engine-1.12.2.jar:1.12.2]
	at java.base/java.util.ArrayList.forEach(ArrayList.java:1596) ~[na:na]
	at org.junit.platform.engine.support.hierarchical.SameThreadHierarchicalTestExecutorService.invokeAll(SameThreadHierarchicalTestExecutorService.java:41) ~[junit-platform-engine-1.12.2.jar:1.12.2]
	at org.junit.platform.engine.support.hierarchical.NodeTestTask.lambda$executeRecursively$6(NodeTestTask.java:160) ~[junit-platform-engine-1.12.2.jar:1.12.2]
	at org.junit.platform.engine.support.hierarchical.ThrowableCollector.execute(ThrowableCollector.java:73) ~[junit-platform-engine-1.12.2.jar:1.12.2]
	at org.junit.platform.engine.support.hierarchical.NodeTestTask.lambda$executeRecursively$8(NodeTestTask.java:146) ~[junit-platform-engine-1.12.2.jar:1.12.2]
	at org.junit.platform.engine.support.hierarchical.Node.around(Node.java:137) ~[junit-platform-engine-1.12.2.jar:1.12.2]
	at org.junit.platform.engine.support.hierarchical.NodeTestTask.lambda$executeRecursively$9(NodeTestTask.java:144) ~[junit-platform-engine-1.12.2.jar:1.12.2]
	at org.junit.platform.engine.support.hierarchical.ThrowableCollector.execute(ThrowableCollector.java:73) ~[junit-platform-engine-1.12.2.jar:1.12.2]
	at org.junit.platform.engine.support.hierarchical.NodeTestTask.executeRecursively(NodeTestTask.java:143) ~[junit-platform-engine-1.12.2.jar:1.12.2]
	at org.junit.platform.engine.support.hierarchical.NodeTestTask.execute(NodeTestTask.java:100) ~[junit-platform-engine-1.12.2.jar:1.12.2]
	at org.junit.platform.engine.support.hierarchical.SameThreadHierarchicalTestExecutorService.submit(SameThreadHierarchicalTestExecutorService.java:35) ~[junit-platform-engine-1.12.2.jar:1.12.2]
	at org.junit.platform.engine.support.hierarchical.HierarchicalTestExecutor.execute(HierarchicalTestExecutor.java:57) ~[junit-platform-engine-1.12.2.jar:1.12.2]
	at org.junit.platform.engine.support.hierarchical.HierarchicalTestEngine.execute(HierarchicalTestEngine.java:54) ~[junit-platform-engine-1.12.2.jar:1.12.2]
	at org.junit.platform.launcher.core.EngineExecutionOrchestrator.execute(EngineExecutionOrchestrator.java:201) ~[junit-platform-launcher-1.12.2.jar:1.12.2]
	at org.junit.platform.launcher.core.EngineExecutionOrchestrator.execute(EngineExecutionOrchestrator.java:170) ~[junit-platform-launcher-1.12.2.jar:1.12.2]
	at org.junit.platform.launcher.core.EngineExecutionOrchestrator.execute(EngineExecutionOrchestrator.java:94) ~[junit-platform-launcher-1.12.2.jar:1.12.2]
	at org.junit.platform.launcher.core.EngineExecutionOrchestrator.lambda$execute$0(EngineExecutionOrchestrator.java:59) ~[junit-platform-launcher-1.12.2.jar:1.12.2]
	at org.junit.platform.launcher.core.EngineExecutionOrchestrator.withInterceptedStreams(EngineExecutionOrchestrator.java:142) ~[junit-platform-launcher-1.12.2.jar:1.12.2]
	at org.junit.platform.launcher.core.EngineExecutionOrchestrator.execute(EngineExecutionOrchestrator.java:58) ~[junit-platform-launcher-1.12.2.jar:1.12.2]
	at org.junit.platform.launcher.core.DefaultLauncher.execute(DefaultLauncher.java:103) ~[junit-platform-launcher-1.12.2.jar:1.12.2]
	at org.junit.platform.launcher.core.DefaultLauncher.execute(DefaultLauncher.java:85) ~[junit-platform-launcher-1.12.2.jar:1.12.2]
	at org.junit.platform.launcher.core.DelegatingLauncher.execute(DelegatingLauncher.java:47) ~[junit-platform-launcher-1.12.2.jar:1.12.2]
	at org.junit.platform.launcher.core.InterceptingLauncher.lambda$execute$1(InterceptingLauncher.java:39) ~[junit-platform-launcher-1.12.2.jar:1.12.2]
	at org.junit.platform.launcher.core.ClasspathAlignmentCheckingLauncherInterceptor.intercept(ClasspathAlignmentCheckingLauncherInterceptor.java:25) ~[junit-platform-launcher-1.12.2.jar:1.12.2]
	at org.junit.platform.launcher.core.InterceptingLauncher.execute(InterceptingLauncher.java:38) ~[junit-platform-launcher-1.12.2.jar:1.12.2]
	at org.junit.platform.launcher.core.DelegatingLauncher.execute(DelegatingLauncher.java:47) ~[junit-platform-launcher-1.12.2.jar:1.12.2]
	at org.apache.maven.surefire.junitplatform.LauncherAdapter.executeWithoutCancellationToken(LauncherAdapter.java:60) ~[surefire-junit-platform-3.5.6.jar:3.5.6]
	at org.apache.maven.surefire.junitplatform.LauncherAdapter.execute(LauncherAdapter.java:52) ~[surefire-junit-platform-3.5.6.jar:3.5.6]
	at org.apache.maven.surefire.junitplatform.JUnitPlatformProvider.execute(JUnitPlatformProvider.java:203) ~[surefire-junit-platform-3.5.6.jar:3.5.6]
	at org.apache.maven.surefire.junitplatform.JUnitPlatformProvider.invokeAllTests(JUnitPlatformProvider.java:168) ~[surefire-junit-platform-3.5.6.jar:3.5.6]
	at org.apache.maven.surefire.junitplatform.JUnitPlatformProvider.invoke(JUnitPlatformProvider.java:136) ~[surefire-junit-platform-3.5.6.jar:3.5.6]
	at org.apache.maven.surefire.booter.ForkedBooter.runSuitesInProcess(ForkedBooter.java:385) ~[surefire-booter-3.5.6.jar:3.5.6]
	at org.apache.maven.surefire.booter.ForkedBooter.execute(ForkedBooter.java:162) ~[surefire-booter-3.5.6.jar:3.5.6]
	at org.apache.maven.surefire.booter.ForkedBooter.run(ForkedBooter.java:507) ~[surefire-booter-3.5.6.jar:3.5.6]
	at org.apache.maven.surefire.booter.ForkedBooter.main(ForkedBooter.java:495) ~[surefire-booter-3.5.6.jar:3.5.6]
Caused by: org.springframework.beans.factory.NoUniqueBeanDefinitionException: No qualifying bean of type 'org.springframework.web.servlet.mvc.method.annotation.RequestMappingHandlerMapping' available: expected single matching bean but found 2: requestMappingHandlerMapping,controllerEndpointHandlerMapping
	at org.springframework.beans.factory.config.DependencyDescriptor.resolveNotUnique(DependencyDescriptor.java:218) ~[spring-beans-6.2.19.jar:6.2.19]
	at org.springframework.beans.factory.support.DefaultListableBeanFactory.doResolveDependency(DefaultListableBeanFactory.java:1754) ~[spring-beans-6.2.19.jar:6.2.19]
	at org.springframework.beans.factory.support.DefaultListableBeanFactory.resolveDependency(DefaultListableBeanFactory.java:1660) ~[spring-beans-6.2.19.jar:6.2.19]
	at org.springframework.beans.factory.annotation.AutowiredAnnotationBeanPostProcessor$AutowiredFieldElement.resolveFieldValue(AutowiredAnnotationBeanPostProcessor.java:784) ~[spring-beans-6.2.19.jar:6.2.19]
	... 84 common frames omitted

2026-10-06T23:58:58.645+09:00  WARN [requestId:] 58785 --- [sc-starter-app] [           main] o.s.test.context.TestContextManager      : Caught exception while allowing TestExecutionListener [org.springframework.test.context.support.DependencyInjectionTestExecutionListener] to prepare test instance [dev.scframework.starter.StarterAuditConsumerTest@70a81b4e]

org.springframework.beans.factory.UnsatisfiedDependencyException: Error creating bean with name 'dev.scframework.starter.StarterAuditConsumerTest': Unsatisfied dependency expressed through field 'mappings': No qualifying bean of type 'org.springframework.web.servlet.mvc.method.annotation.RequestMappingHandlerMapping' available: expected single matching bean but found 2: requestMappingHandlerMapping,controllerEndpointHandlerMapping
	at org.springframework.beans.factory.annotation.AutowiredAnnotationBeanPostProcessor$AutowiredFieldElement.resolveFieldValue(AutowiredAnnotationBeanPostProcessor.java:787) ~[spring-beans-6.2.19.jar:6.2.19]
	at org.springframework.beans.factory.annotation.AutowiredAnnotationBeanPostProcessor$AutowiredFieldElement.inject(AutowiredAnnotationBeanPostProcessor.java:767) ~[spring-beans-6.2.19.jar:6.2.19]
	at org.springframework.beans.factory.annotation.InjectionMetadata.inject(InjectionMetadata.java:146) ~[spring-beans-6.2.19.jar:6.2.19]
	at org.springframework.beans.factory.annotation.AutowiredAnnotationBeanPostProcessor.postProcessProperties(AutowiredAnnotationBeanPostProcessor.java:509) ~[spring-beans-6.2.19.jar:6.2.19]
	at org.springframework.beans.factory.support.AbstractAutowireCapableBeanFactory.populateBean(AbstractAutowireCapableBeanFactory.java:1457) ~[spring-beans-6.2.19.jar:6.2.19]
	at org.springframework.beans.factory.support.AbstractAutowireCapableBeanFactory.autowireBeanProperties(AbstractAutowireCapableBeanFactory.java:405) ~[spring-beans-6.2.19.jar:6.2.19]
	at org.springframework.test.context.support.DependencyInjectionTestExecutionListener.injectDependencies(DependencyInjectionTestExecutionListener.java:156) ~[spring-test-6.2.19.jar:6.2.19]
	at org.springframework.test.context.support.DependencyInjectionTestExecutionListener.prepareTestInstance(DependencyInjectionTestExecutionListener.java:111) ~[spring-test-6.2.19.jar:6.2.19]
	at org.springframework.test.context.TestContextManager.prepareTestInstance(TestContextManager.java:260) ~[spring-test-6.2.19.jar:6.2.19]
	at org.springframework.test.context.junit.jupiter.SpringExtension.postProcessTestInstance(SpringExtension.java:159) ~[spring-test-6.2.19.jar:6.2.19]
	at org.junit.jupiter.engine.descriptor.ClassBasedTestDescriptor.lambda$invokeTestInstancePostProcessors$10(ClassBasedTestDescriptor.java:383) ~[junit-jupiter-engine-5.12.2.jar:5.12.2]
	at org.junit.jupiter.engine.descriptor.ClassBasedTestDescriptor.executeAndMaskThrowable(ClassBasedTestDescriptor.java:388) ~[junit-jupiter-engine-5.12.2.jar:5.12.2]
	at org.junit.jupiter.engine.descriptor.ClassBasedTestDescriptor.lambda$invokeTestInstancePostProcessors$11(ClassBasedTestDescriptor.java:382) ~[junit-jupiter-engine-5.12.2.jar:5.12.2]
	at java.base/java.util.stream.ForEachOps$ForEachOp$OfRef.accept(ForEachOps.java:184) ~[na:na]
	at java.base/java.util.stream.ReferencePipeline$3$1.accept(ReferencePipeline.java:197) ~[na:na]
	at java.base/java.util.stream.ReferencePipeline$2$1.accept(ReferencePipeline.java:179) ~[na:na]
	at java.base/java.util.stream.ReferencePipeline$3$1.accept(ReferencePipeline.java:197) ~[na:na]
	at java.base/java.util.ArrayList$ArrayListSpliterator.forEachRemaining(ArrayList.java:1708) ~[na:na]
	at java.base/java.util.stream.AbstractPipeline.copyInto(AbstractPipeline.java:509) ~[na:na]
	at java.base/java.util.stream.AbstractPipeline.wrapAndCopyInto(AbstractPipeline.java:499) ~[na:na]
	at java.base/java.util.stream.ForEachOps$ForEachOp.evaluateSequential(ForEachOps.java:151) ~[na:na]
	at java.base/java.util.stream.ForEachOps$ForEachOp$OfRef.evaluateSequential(ForEachOps.java:174) ~[na:na]
	at java.base/java.util.stream.AbstractPipeline.evaluate(AbstractPipeline.java:234) ~[na:na]
	at java.base/java.util.stream.ReferencePipeline.forEach(ReferencePipeline.java:596) ~[na:na]
	at org.junit.jupiter.engine.descriptor.ClassBasedTestDescriptor.invokeTestInstancePostProcessors(ClassBasedTestDescriptor.java:382) ~[junit-jupiter-engine-5.12.2.jar:5.12.2]
	at org.junit.jupiter.engine.descriptor.ClassBasedTestDescriptor.lambda$instantiateAndPostProcessTestInstance$6(ClassBasedTestDescriptor.java:293) ~[junit-jupiter-engine-5.12.2.jar:5.12.2]
	at org.junit.platform.engine.support.hierarchical.ThrowableCollector.execute(ThrowableCollector.java:73) ~[junit-platform-engine-1.12.2.jar:1.12.2]
	at org.junit.jupiter.engine.descriptor.ClassBasedTestDescriptor.instantiateAndPostProcessTestInstance(ClassBasedTestDescriptor.java:292) ~[junit-jupiter-engine-5.12.2.jar:5.12.2]
	at org.junit.jupiter.engine.descriptor.ClassBasedTestDescriptor.lambda$testInstancesProvider$4(ClassBasedTestDescriptor.java:281) ~[junit-jupiter-engine-5.12.2.jar:5.12.2]
	at java.base/java.util.Optional.orElseGet(Optional.java:364) ~[na:na]
	at org.junit.jupiter.engine.descriptor.ClassBasedTestDescriptor.lambda$testInstancesProvider$5(ClassBasedTestDescriptor.java:280) ~[junit-jupiter-engine-5.12.2.jar:5.12.2]
	at org.junit.jupiter.engine.execution.TestInstancesProvider.getTestInstances(TestInstancesProvider.java:27) ~[junit-jupiter-engine-5.12.2.jar:5.12.2]
	at org.junit.jupiter.engine.descriptor.TestMethodTestDescriptor.lambda$prepare$0(TestMethodTestDescriptor.java:112) ~[junit-jupiter-engine-5.12.2.jar:5.12.2]
	at org.junit.platform.engine.support.hierarchical.ThrowableCollector.execute(ThrowableCollector.java:73) ~[junit-platform-engine-1.12.2.jar:1.12.2]
	at org.junit.jupiter.engine.descriptor.TestMethodTestDescriptor.prepare(TestMethodTestDescriptor.java:111) ~[junit-jupiter-engine-5.12.2.jar:5.12.2]
	at org.junit.jupiter.engine.descriptor.TestMethodTestDescriptor.prepare(TestMethodTestDescriptor.java:69) ~[junit-jupiter-engine-5.12.2.jar:5.12.2]
	at org.junit.platform.engine.support.hierarchical.NodeTestTask.lambda$prepare$2(NodeTestTask.java:128) ~[junit-platform-engine-1.12.2.jar:1.12.2]
	at org.junit.platform.engine.support.hierarchical.ThrowableCollector.execute(ThrowableCollector.java:73) ~[junit-platform-engine-1.12.2.jar:1.12.2]
	at org.junit.platform.engine.support.hierarchical.NodeTestTask.prepare(NodeTestTask.java:128) ~[junit-platform-engine-1.12.2.jar:1.12.2]
	at org.junit.platform.engine.support.hierarchical.NodeTestTask.execute(NodeTestTask.java:95) ~[junit-platform-engine-1.12.2.jar:1.12.2]
	at java.base/java.util.ArrayList.forEach(ArrayList.java:1596) ~[na:na]
	at org.junit.platform.engine.support.hierarchical.SameThreadHierarchicalTestExecutorService.invokeAll(SameThreadHierarchicalTestExecutorService.java:41) ~[junit-platform-engine-1.12.2.jar:1.12.2]
	at org.junit.platform.engine.support.hierarchical.NodeTestTask.lambda$executeRecursively$6(NodeTestTask.java:160) ~[junit-platform-engine-1.12.2.jar:1.12.2]
	at org.junit.platform.engine.support.hierarchical.ThrowableCollector.execute(ThrowableCollector.java:73) ~[junit-platform-engine-1.12.2.jar:1.12.2]
	at org.junit.platform.engine.support.hierarchical.NodeTestTask.lambda$executeRecursively$8(NodeTestTask.java:146) ~[junit-platform-engine-1.12.2.jar:1.12.2]
	at org.junit.platform.engine.support.hierarchical.Node.around(Node.java:137) ~[junit-platform-engine-1.12.2.jar:1.12.2]
	at org.junit.platform.engine.support.hierarchical.NodeTestTask.lambda$executeRecursively$9(NodeTestTask.java:144) ~[junit-platform-engine-1.12.2.jar:1.12.2]
	at org.junit.platform.engine.support.hierarchical.ThrowableCollector.execute(ThrowableCollector.java:73) ~[junit-platform-engine-1.12.2.jar:1.12.2]
	at org.junit.platform.engine.support.hierarchical.NodeTestTask.executeRecursively(NodeTestTask.java:143) ~[junit-platform-engine-1.12.2.jar:1.12.2]
	at org.junit.platform.engine.support.hierarchical.NodeTestTask.execute(NodeTestTask.java:100) ~[junit-platform-engine-1.12.2.jar:1.12.2]
	at java.base/java.util.ArrayList.forEach(ArrayList.java:1596) ~[na:na]
	at org.junit.platform.engine.support.hierarchical.SameThreadHierarchicalTestExecutorService.invokeAll(SameThreadHierarchicalTestExecutorService.java:41) ~[junit-platform-engine-1.12.2.jar:1.12.2]
	at org.junit.platform.engine.support.hierarchical.NodeTestTask.lambda$executeRecursively$6(NodeTestTask.java:160) ~[junit-platform-engine-1.12.2.jar:1.12.2]
	at org.junit.platform.engine.support.hierarchical.ThrowableCollector.execute(ThrowableCollector.java:73) ~[junit-platform-engine-1.12.2.jar:1.12.2]
	at org.junit.platform.engine.support.hierarchical.NodeTestTask.lambda$executeRecursively$8(NodeTestTask.java:146) ~[junit-platform-engine-1.12.2.jar:1.12.2]
	at org.junit.platform.engine.support.hierarchical.Node.around(Node.java:137) ~[junit-platform-engine-1.12.2.jar:1.12.2]
	at org.junit.platform.engine.support.hierarchical.NodeTestTask.lambda$executeRecursively$9(NodeTestTask.java:144) ~[junit-platform-engine-1.12.2.jar:1.12.2]
	at org.junit.platform.engine.support.hierarchical.ThrowableCollector.execute(ThrowableCollector.java:73) ~[junit-platform-engine-1.12.2.jar:1.12.2]
	at org.junit.platform.engine.support.hierarchical.NodeTestTask.executeRecursively(NodeTestTask.java:143) ~[junit-platform-engine-1.12.2.jar:1.12.2]
	at org.junit.platform.engine.support.hierarchical.NodeTestTask.execute(NodeTestTask.java:100) ~[junit-platform-engine-1.12.2.jar:1.12.2]
	at org.junit.platform.engine.support.hierarchical.SameThreadHierarchicalTestExecutorService.submit(SameThreadHierarchicalTestExecutorService.java:35) ~[junit-platform-engine-1.12.2.jar:1.12.2]
	at org.junit.platform.engine.support.hierarchical.HierarchicalTestExecutor.execute(HierarchicalTestExecutor.java:57) ~[junit-platform-engine-1.12.2.jar:1.12.2]
	at org.junit.platform.engine.support.hierarchical.HierarchicalTestEngine.execute(HierarchicalTestEngine.java:54) ~[junit-platform-engine-1.12.2.jar:1.12.2]
	at org.junit.platform.launcher.core.EngineExecutionOrchestrator.execute(EngineExecutionOrchestrator.java:201) ~[junit-platform-launcher-1.12.2.jar:1.12.2]
	at org.junit.platform.launcher.core.EngineExecutionOrchestrator.execute(EngineExecutionOrchestrator.java:170) ~[junit-platform-launcher-1.12.2.jar:1.12.2]
	at org.junit.platform.launcher.core.EngineExecutionOrchestrator.execute(EngineExecutionOrchestrator.java:94) ~[junit-platform-launcher-1.12.2.jar:1.12.2]
	at org.junit.platform.launcher.core.EngineExecutionOrchestrator.lambda$execute$0(EngineExecutionOrchestrator.java:59) ~[junit-platform-launcher-1.12.2.jar:1.12.2]
	at org.junit.platform.launcher.core.EngineExecutionOrchestrator.withInterceptedStreams(EngineExecutionOrchestrator.java:142) ~[junit-platform-launcher-1.12.2.jar:1.12.2]
	at org.junit.platform.launcher.core.EngineExecutionOrchestrator.execute(EngineExecutionOrchestrator.java:58) ~[junit-platform-launcher-1.12.2.jar:1.12.2]
	at org.junit.platform.launcher.core.DefaultLauncher.execute(DefaultLauncher.java:103) ~[junit-platform-launcher-1.12.2.jar:1.12.2]
	at org.junit.platform.launcher.core.DefaultLauncher.execute(DefaultLauncher.java:85) ~[junit-platform-launcher-1.12.2.jar:1.12.2]
	at org.junit.platform.launcher.core.DelegatingLauncher.execute(DelegatingLauncher.java:47) ~[junit-platform-launcher-1.12.2.jar:1.12.2]
	at org.junit.platform.launcher.core.InterceptingLauncher.lambda$execute$1(InterceptingLauncher.java:39) ~[junit-platform-launcher-1.12.2.jar:1.12.2]
	at org.junit.platform.launcher.core.ClasspathAlignmentCheckingLauncherInterceptor.intercept(ClasspathAlignmentCheckingLauncherInterceptor.java:25) ~[junit-platform-launcher-1.12.2.jar:1.12.2]
	at org.junit.platform.launcher.core.InterceptingLauncher.execute(InterceptingLauncher.java:38) ~[junit-platform-launcher-1.12.2.jar:1.12.2]
	at org.junit.platform.launcher.core.DelegatingLauncher.execute(DelegatingLauncher.java:47) ~[junit-platform-launcher-1.12.2.jar:1.12.2]
	at org.apache.maven.surefire.junitplatform.LauncherAdapter.executeWithoutCancellationToken(LauncherAdapter.java:60) ~[surefire-junit-platform-3.5.6.jar:3.5.6]
	at org.apache.maven.surefire.junitplatform.LauncherAdapter.execute(LauncherAdapter.java:52) ~[surefire-junit-platform-3.5.6.jar:3.5.6]
	at org.apache.maven.surefire.junitplatform.JUnitPlatformProvider.execute(JUnitPlatformProvider.java:203) ~[surefire-junit-platform-3.5.6.jar:3.5.6]
	at org.apache.maven.surefire.junitplatform.JUnitPlatformProvider.invokeAllTests(JUnitPlatformProvider.java:168) ~[surefire-junit-platform-3.5.6.jar:3.5.6]
	at org.apache.maven.surefire.junitplatform.JUnitPlatformProvider.invoke(JUnitPlatformProvider.java:136) ~[surefire-junit-platform-3.5.6.jar:3.5.6]
	at org.apache.maven.surefire.booter.ForkedBooter.runSuitesInProcess(ForkedBooter.java:385) ~[surefire-booter-3.5.6.jar:3.5.6]
	at org.apache.maven.surefire.booter.ForkedBooter.execute(ForkedBooter.java:162) ~[surefire-booter-3.5.6.jar:3.5.6]
	at org.apache.maven.surefire.booter.ForkedBooter.run(ForkedBooter.java:507) ~[surefire-booter-3.5.6.jar:3.5.6]
	at org.apache.maven.surefire.booter.ForkedBooter.main(ForkedBooter.java:495) ~[surefire-booter-3.5.6.jar:3.5.6]
Caused by: org.springframework.beans.factory.NoUniqueBeanDefinitionException: No qualifying bean of type 'org.springframework.web.servlet.mvc.method.annotation.RequestMappingHandlerMapping' available: expected single matching bean but found 2: requestMappingHandlerMapping,controllerEndpointHandlerMapping
	at org.springframework.beans.factory.config.DependencyDescriptor.resolveNotUnique(DependencyDescriptor.java:218) ~[spring-beans-6.2.19.jar:6.2.19]
	at org.springframework.beans.factory.support.DefaultListableBeanFactory.doResolveDependency(DefaultListableBeanFactory.java:1754) ~[spring-beans-6.2.19.jar:6.2.19]
	at org.springframework.beans.factory.support.DefaultListableBeanFactory.resolveDependency(DefaultListableBeanFactory.java:1660) ~[spring-beans-6.2.19.jar:6.2.19]
	at org.springframework.beans.factory.annotation.AutowiredAnnotationBeanPostProcessor$AutowiredFieldElement.resolveFieldValue(AutowiredAnnotationBeanPostProcessor.java:784) ~[spring-beans-6.2.19.jar:6.2.19]
	... 84 common frames omitted

[ERROR] Tests run: 2, Failures: 0, Errors: 2, Skipped: 0, Time elapsed: 1.682 s <<< FAILURE! -- in dev.scframework.starter.StarterAuditConsumerTest
[ERROR] dev.scframework.starter.StarterAuditConsumerTest.filterEventsAndDefaultMeUseTheActualOptionalH2Migration -- Time elapsed: 0.006 s <<< ERROR!
org.springframework.beans.factory.UnsatisfiedDependencyException: Error creating bean with name 'dev.scframework.starter.StarterAuditConsumerTest': Unsatisfied dependency expressed through field 'mappings': No qualifying bean of type 'org.springframework.web.servlet.mvc.method.annotation.RequestMappingHandlerMapping' available: expected single matching bean but found 2: requestMappingHandlerMapping,controllerEndpointHandlerMapping
	at org.springframework.beans.factory.annotation.AutowiredAnnotationBeanPostProcessor$AutowiredFieldElement.resolveFieldValue(AutowiredAnnotationBeanPostProcessor.java:787)
	at org.springframework.beans.factory.annotation.AutowiredAnnotationBeanPostProcessor$AutowiredFieldElement.inject(AutowiredAnnotationBeanPostProcessor.java:767)
	at org.springframework.beans.factory.annotation.InjectionMetadata.inject(InjectionMetadata.java:146)
	at org.springframework.beans.factory.annotation.AutowiredAnnotationBeanPostProcessor.postProcessProperties(AutowiredAnnotationBeanPostProcessor.java:509)
	at org.springframework.beans.factory.support.AbstractAutowireCapableBeanFactory.populateBean(AbstractAutowireCapableBeanFactory.java:1457)
	at org.springframework.beans.factory.support.AbstractAutowireCapableBeanFactory.autowireBeanProperties(AbstractAutowireCapableBeanFactory.java:405)
	at org.springframework.test.context.support.DependencyInjectionTestExecutionListener.injectDependencies(DependencyInjectionTestExecutionListener.java:156)
	at org.springframework.test.context.support.DependencyInjectionTestExecutionListener.prepareTestInstance(DependencyInjectionTestExecutionListener.java:111)
	at org.springframework.test.context.TestContextManager.prepareTestInstance(TestContextManager.java:260)
	at org.springframework.test.context.junit.jupiter.SpringExtension.postProcessTestInstance(SpringExtension.java:159)
	at java.base/java.util.stream.ForEachOps$ForEachOp$OfRef.accept(ForEachOps.java:184)
	at java.base/java.util.stream.ReferencePipeline$3$1.accept(ReferencePipeline.java:197)
	at java.base/java.util.stream.ReferencePipeline$2$1.accept(ReferencePipeline.java:179)
	at java.base/java.util.stream.ReferencePipeline$3$1.accept(ReferencePipeline.java:197)
	at java.base/java.util.ArrayList$ArrayListSpliterator.forEachRemaining(ArrayList.java:1708)
	at java.base/java.util.stream.AbstractPipeline.copyInto(AbstractPipeline.java:509)
	at java.base/java.util.stream.AbstractPipeline.wrapAndCopyInto(AbstractPipeline.java:499)
	at java.base/java.util.stream.ForEachOps$ForEachOp.evaluateSequential(ForEachOps.java:151)
	at java.base/java.util.stream.ForEachOps$ForEachOp$OfRef.evaluateSequential(ForEachOps.java:174)
	at java.base/java.util.stream.AbstractPipeline.evaluate(AbstractPipeline.java:234)
	at java.base/java.util.stream.ReferencePipeline.forEach(ReferencePipeline.java:596)
	at java.base/java.util.Optional.orElseGet(Optional.java:364)
	at java.base/java.util.ArrayList.forEach(ArrayList.java:1596)
	at java.base/java.util.ArrayList.forEach(ArrayList.java:1596)
Caused by: org.springframework.beans.factory.NoUniqueBeanDefinitionException: No qualifying bean of type 'org.springframework.web.servlet.mvc.method.annotation.RequestMappingHandlerMapping' available: expected single matching bean but found 2: requestMappingHandlerMapping,controllerEndpointHandlerMapping
	at org.springframework.beans.factory.config.DependencyDescriptor.resolveNotUnique(DependencyDescriptor.java:218)
	at org.springframework.beans.factory.support.DefaultListableBeanFactory.doResolveDependency(DefaultListableBeanFactory.java:1754)
	at org.springframework.beans.factory.support.DefaultListableBeanFactory.resolveDependency(DefaultListableBeanFactory.java:1660)
	at org.springframework.beans.factory.annotation.AutowiredAnnotationBeanPostProcessor$AutowiredFieldElement.resolveFieldValue(AutowiredAnnotationBeanPostProcessor.java:784)
	... 23 more

[ERROR] dev.scframework.starter.StarterAuditConsumerTest.optimisticDataAndInternalFailuresPreserveSafeJsonAndAuditOnce -- Time elapsed: 0.001 s <<< ERROR!
org.springframework.beans.factory.UnsatisfiedDependencyException: Error creating bean with name 'dev.scframework.starter.StarterAuditConsumerTest': Unsatisfied dependency expressed through field 'mappings': No qualifying bean of type 'org.springframework.web.servlet.mvc.method.annotation.RequestMappingHandlerMapping' available: expected single matching bean but found 2: requestMappingHandlerMapping,controllerEndpointHandlerMapping
	at org.springframework.beans.factory.annotation.AutowiredAnnotationBeanPostProcessor$AutowiredFieldElement.resolveFieldValue(AutowiredAnnotationBeanPostProcessor.java:787)
	at org.springframework.beans.factory.annotation.AutowiredAnnotationBeanPostProcessor$AutowiredFieldElement.inject(AutowiredAnnotationBeanPostProcessor.java:767)
	at org.springframework.beans.factory.annotation.InjectionMetadata.inject(InjectionMetadata.java:146)
	at org.springframework.beans.factory.annotation.AutowiredAnnotationBeanPostProcessor.postProcessProperties(AutowiredAnnotationBeanPostProcessor.java:509)
	at org.springframework.beans.factory.support.AbstractAutowireCapableBeanFactory.populateBean(AbstractAutowireCapableBeanFactory.java:1457)
	at org.springframework.beans.factory.support.AbstractAutowireCapableBeanFactory.autowireBeanProperties(AbstractAutowireCapableBeanFactory.java:405)
	at org.springframework.test.context.support.DependencyInjectionTestExecutionListener.injectDependencies(DependencyInjectionTestExecutionListener.java:156)
	at org.springframework.test.context.support.DependencyInjectionTestExecutionListener.prepareTestInstance(DependencyInjectionTestExecutionListener.java:111)
	at org.springframework.test.context.TestContextManager.prepareTestInstance(TestContextManager.java:260)
	at org.springframework.test.context.junit.jupiter.SpringExtension.postProcessTestInstance(SpringExtension.java:159)
	at java.base/java.util.stream.ForEachOps$ForEachOp$OfRef.accept(ForEachOps.java:184)
	at java.base/java.util.stream.ReferencePipeline$3$1.accept(ReferencePipeline.java:197)
	at java.base/java.util.stream.ReferencePipeline$2$1.accept(ReferencePipeline.java:179)
	at java.base/java.util.stream.ReferencePipeline$3$1.accept(ReferencePipeline.java:197)
	at java.base/java.util.ArrayList$ArrayListSpliterator.forEachRemaining(ArrayList.java:1708)
	at java.base/java.util.stream.AbstractPipeline.copyInto(AbstractPipeline.java:509)
	at java.base/java.util.stream.AbstractPipeline.wrapAndCopyInto(AbstractPipeline.java:499)
	at java.base/java.util.stream.ForEachOps$ForEachOp.evaluateSequential(ForEachOps.java:151)
	at java.base/java.util.stream.ForEachOps$ForEachOp$OfRef.evaluateSequential(ForEachOps.java:174)
	at java.base/java.util.stream.AbstractPipeline.evaluate(AbstractPipeline.java:234)
	at java.base/java.util.stream.ReferencePipeline.forEach(ReferencePipeline.java:596)
	at java.base/java.util.Optional.orElseGet(Optional.java:364)
	at java.base/java.util.ArrayList.forEach(ArrayList.java:1596)
	at java.base/java.util.ArrayList.forEach(ArrayList.java:1596)
Caused by: org.springframework.beans.factory.NoUniqueBeanDefinitionException: No qualifying bean of type 'org.springframework.web.servlet.mvc.method.annotation.RequestMappingHandlerMapping' available: expected single matching bean but found 2: requestMappingHandlerMapping,controllerEndpointHandlerMapping
	at org.springframework.beans.factory.config.DependencyDescriptor.resolveNotUnique(DependencyDescriptor.java:218)
	at org.springframework.beans.factory.support.DefaultListableBeanFactory.doResolveDependency(DefaultListableBeanFactory.java:1754)
	at org.springframework.beans.factory.support.DefaultListableBeanFactory.resolveDependency(DefaultListableBeanFactory.java:1660)
	at org.springframework.beans.factory.annotation.AutowiredAnnotationBeanPostProcessor$AutowiredFieldElement.resolveFieldValue(AutowiredAnnotationBeanPostProcessor.java:784)
	... 23 more

[INFO] Running dev.scframework.starter.StarterConsumerTest
2026-10-06T23:58:58.653+09:00  INFO [requestId:] 58785 --- [sc-starter-app] [           main] t.c.s.AnnotationConfigContextLoaderUtils : Could not detect default configuration classes for test class [dev.scframework.starter.StarterConsumerTest]: StarterConsumerTest does not declare any static, non-private, non-final, nested classes annotated with @Configuration.
2026-10-06T23:58:58.654+09:00  INFO [requestId:] 58785 --- [sc-starter-app] [           main] .b.t.c.SpringBootTestContextBootstrapper : Found @SpringBootConfiguration dev.scframework.starter.StarterApplication for test class dev.scframework.starter.StarterConsumerTest

  .   ____          _            __ _ _
 /\\ / ___'_ __ _ _(_)_ __  __ _ \ \ \ \
( ( )\___ | '_ | '_| | '_ \/ _` | \ \ \ \
 \\/  ___)| |_)| | | | | || (_| |  ) ) ) )
  '  |____| .__|_| |_|_| |_\__, | / / / /
 =========|_|==============|___/=/_/_/_/

 :: Spring Boot ::               (v3.5.16)

2026-10-06T23:58:58.672+09:00  INFO [requestId:] 58785 --- [sc-starter-app] [           main] d.s.starter.StarterConsumerTest          : Starting StarterConsumerTest using Java 21.0.11 with PID 58785 (started by dk in /Users/dk/Work/ScFramework/backend/starter-app)
2026-10-06T23:58:58.672+09:00  INFO [requestId:] 58785 --- [sc-starter-app] [           main] d.s.starter.StarterConsumerTest          : No active profile set, falling back to 1 default profile: "default"
2026-10-06T23:58:58.754+09:00  INFO [requestId:] 58785 --- [sc-starter-app] [           main] .s.d.r.c.RepositoryConfigurationDelegate : Bootstrapping Spring Data JPA repositories in DEFAULT mode.
2026-10-06T23:58:58.755+09:00  INFO [requestId:] 58785 --- [sc-starter-app] [           main] .s.d.r.c.RepositoryConfigurationDelegate : Finished Spring Data repository scanning in 0 ms. Found 0 JPA repository interfaces.
2026-10-06T23:58:58.767+09:00  WARN [requestId:] 58785 --- [sc-starter-app] [           main] o.m.s.mapper.ClassPathMapperScanner      : No MyBatis mapper was found in '[dev.scframework.starter]' package. Please check your configuration.
2026-10-06T23:58:58.768+09:00  INFO [requestId:] 58785 --- [sc-starter-app] [           main] o.s.cloud.context.scope.GenericScope     : BeanFactory id=6b672bf1-6a94-32b2-8809-13e70ab5a30a
2026-10-06T23:58:58.784+09:00  INFO [requestId:] 58785 --- [sc-starter-app] [           main] o.hibernate.jpa.internal.util.LogHelper  : HHH000204: Processing PersistenceUnitInfo [name: default]
2026-10-06T23:58:58.785+09:00  INFO [requestId:] 58785 --- [sc-starter-app] [           main] o.h.c.internal.RegionFactoryInitiator    : HHH000026: Second-level cache disabled
2026-10-06T23:58:58.792+09:00  INFO [requestId:] 58785 --- [sc-starter-app] [           main] o.s.o.j.p.SpringPersistenceUnitInfo      : No LoadTimeWeaver setup: ignoring JPA class transformer
2026-10-06T23:58:58.792+09:00  INFO [requestId:] 58785 --- [sc-starter-app] [           main] com.zaxxer.hikari.HikariDataSource       : HikariPool-2 - Starting...
2026-10-06T23:58:58.794+09:00  INFO [requestId:] 58785 --- [sc-starter-app] [           main] com.zaxxer.hikari.pool.HikariPool        : HikariPool-2 - Added connection conn10: url=jdbc:h2:mem:starter-b405f9b3-46b1-48a2-910d-0c2c0e3f1ce0 user=SA
2026-10-06T23:58:58.794+09:00  INFO [requestId:] 58785 --- [sc-starter-app] [           main] com.zaxxer.hikari.HikariDataSource       : HikariPool-2 - Start completed.
2026-10-06T23:58:58.794+09:00  INFO [requestId:] 58785 --- [sc-starter-app] [           main] org.hibernate.orm.connections.pooling    : HHH10001005: Database info:
	Database JDBC URL [Connecting through datasource 'HikariDataSource (HikariPool-2)']
	Database driver: undefined/unknown
	Database version: 2.3.232
	Autocommit mode: undefined/unknown
	Isolation level: undefined/unknown
	Minimum pool size: undefined/unknown
	Maximum pool size: undefined/unknown
2026-10-06T23:58:58.801+09:00  INFO [requestId:] 58785 --- [sc-starter-app] [           main] o.h.e.t.j.p.i.JtaPlatformInitiator       : HHH000489: No JTA platform available (set 'hibernate.transaction.jta.platform' to enable JTA platform integration)
2026-10-06T23:58:58.801+09:00  INFO [requestId:] 58785 --- [sc-starter-app] [           main] j.LocalContainerEntityManagerFactoryBean : Initialized JPA EntityManagerFactory for persistence unit 'default'
2026-10-06T23:58:58.870+09:00  INFO [requestId:] 58785 --- [sc-starter-app] [           main] o.s.b.a.w.s.WelcomePageHandlerMapping    : Adding welcome page: class path resource [static/index.html]
2026-10-06T23:58:58.890+09:00  INFO [requestId:] 58785 --- [sc-starter-app] [           main] r$InitializeUserDetailsManagerConfigurer : Global AuthenticationManager configured with UserDetailsService bean with name starterUsers
2026-10-06T23:58:58.902+09:00  INFO [requestId:] 58785 --- [sc-starter-app] [           main] o.s.b.a.e.web.EndpointLinksResolver      : Exposing 1 endpoint beneath base path '/actuator'
2026-10-06T23:58:58.922+09:00  INFO [requestId:] 58785 --- [sc-starter-app] [           main] o.s.b.t.m.w.SpringBootMockServletContext : Initializing Spring TestDispatcherServlet ''
2026-10-06T23:58:58.923+09:00  INFO [requestId:] 58785 --- [sc-starter-app] [           main] o.s.t.web.servlet.TestDispatcherServlet  : Initializing Servlet ''
2026-10-06T23:58:58.923+09:00  INFO [requestId:] 58785 --- [sc-starter-app] [           main] o.s.t.web.servlet.TestDispatcherServlet  : Completed initialization in 0 ms
2026-10-06T23:58:58.935+09:00  INFO [requestId:] 58785 --- [sc-starter-app] [           main] d.s.starter.StarterConsumerTest          : Started StarterConsumerTest in 0.278 seconds (process running for 2.146)
Mockito is currently self-attaching to enable the inline-mock-maker. This will no longer work in future releases of the JDK. Please add Mockito as an agent to your build as described in Mockito's documentation: https://javadoc.io/doc/org.mockito/mockito-core/latest/org.mockito/org/mockito/Mockito.html#0.3
WARNING: A Java agent has been loaded dynamically (/Users/dk/.m2/repository/net/bytebuddy/byte-buddy-agent/1.17.8/byte-buddy-agent-1.17.8.jar)
WARNING: If a serviceability tool is in use, please run with -XX:+EnableDynamicAgentLoading to hide this warning
WARNING: If a serviceability tool is not in use, please run with -Djdk.instrument.traceUsage for more information
WARNING: Dynamic loading of agents will be disallowed by default in a future release
OpenJDK 64-Bit Server VM warning: Sharing is only supported for boot loader classes because bootstrap classpath has been appended
[INFO] Tests run: 2, Failures: 0, Errors: 0, Skipped: 0, Time elapsed: 0.805 s -- in dev.scframework.starter.StarterConsumerTest
[INFO] 
[INFO] Results:
[INFO] 
[ERROR] Errors: 
[ERROR]   StarterAuditConsumerTest.filterEventsAndDefaultMeUseTheActualOptionalH2Migration » UnsatisfiedDependency Error creating bean with name 'dev.scframework.starter.StarterAuditConsumerTest': Unsatisfied dependency expressed through field 'mappings': No qualifying bean of type 'org.springframework.web.servlet.mvc.method.annotation.RequestMappingHandlerMapping' available: expected single matching bean but found 2: requestMappingHandlerMapping,controllerEndpointHandlerMapping
[ERROR]   StarterAuditConsumerTest.optimisticDataAndInternalFailuresPreserveSafeJsonAndAuditOnce » UnsatisfiedDependency Error creating bean with name 'dev.scframework.starter.StarterAuditConsumerTest': Unsatisfied dependency expressed through field 'mappings': No qualifying bean of type 'org.springframework.web.servlet.mvc.method.annotation.RequestMappingHandlerMapping' available: expected single matching bean but found 2: requestMappingHandlerMapping,controllerEndpointHandlerMapping
[INFO] 
[ERROR] Tests run: 4, Failures: 0, Errors: 2, Skipped: 0
[INFO] 
[INFO] ------------------------------------------------------------------------
[INFO] Reactor Summary for ScFramework backend 0.1.0-SNAPSHOT:
[INFO] 
[INFO] ScFramework backend ................................ SUCCESS [  0.001 s]
[INFO] ScFramework core contracts ......................... SUCCESS [  0.775 s]
[INFO] ScFramework auto configuration ..................... SUCCESS [  1.916 s]
[INFO] ScFramework Spring Boot Starter .................... SUCCESS [  0.042 s]
[INFO] ScFramework neutral reference app .................. SUCCESS [ 17.043 s]
[INFO] ScFramework minimal consumer app ................... FAILURE [  2.926 s]
[INFO] ------------------------------------------------------------------------
[INFO] BUILD FAILURE
[INFO] ------------------------------------------------------------------------
[INFO] Total time:  22.834 s
[INFO] Finished at: 2026-10-06T23:58:59+09:00
[INFO] ------------------------------------------------------------------------
[ERROR] Failed to execute goal org.apache.maven.plugins:maven-surefire-plugin:3.5.6:test (default-test) on project sc-starter-app: 
[ERROR] 
[ERROR] See /Users/dk/Work/ScFramework/backend/starter-app/target/surefire-reports for the individual test results.
[ERROR] See dump files (if any exist) [date].dump, [date]-jvmRun[N].dump and [date].dumpstream.
[ERROR] -> [Help 1]
[ERROR] 
[ERROR] To see the full stack trace of the errors, re-run Maven with the -e switch.
[ERROR] Re-run Maven using the -X switch to enable full debug logging.
[ERROR] 
[ERROR] For more information about the errors and possible solutions, please read the following articles:
[ERROR] [Help 1] http://cwiki.apache.org/confluence/display/MAVEN/MojoFailureException
[ERROR] 
[ERROR] After correcting the problems, you can resume the build with the command
[ERROR]   mvn <args> -rf :sc-starter-app
